filename,audio_path,transcript,region
sentence_01.wav,dataset/chunks/barishal/bar_cate_01/sentence_01.wav,আপনি কোথা থেকে এসেছেন?,barishal
sentence_02.wav,dataset/chunks/barishal/bar_cate_01/sentence_02.wav,আপনার নাম কী?,barishal
sentence_03.wav,dataset/chunks/barishal/bar_cate_01/sentence_03.wav,আমার নাম জন।,barishal
sentence_04.wav,dataset/chunks/barishal/bar_cate_01/sentence_04.wav,আপনার সাথে পরিচিত হয়ে ভালো লাগলো।,barishal
sentence_05.wav,dataset/chunks/barishal/bar_cate_01/sentence_05.wav,আমি এই এলাকায় নতুন।,barishal
sentence_06.wav,dataset/chunks/barishal/bar_cate_01/sentence_06.wav,আপনি কি এখানে থাকেন?,barishal
sentence_07.wav,dataset/chunks/barishal/bar_cate_01/sentence_07.wav,আপনি কি প্রথমবার এখানে এসেছেন?,barishal
sentence_08.wav,dataset/chunks/barishal/bar_cate_01/sentence_08.wav,আমি বাংলাদেশে ভ্রমণে এসেছি।,barishal
sentence_09.wav,dataset/chunks/barishal/bar_cate_01/sentence_09.wav,আপনি কী করেন?,barishal
sentence_10.wav,dataset/chunks/barishal/bar_cate_01/sentence_10.wav,আমি একজন ছাত্র।,barishal
sentence_11.wav,dataset/chunks/barishal/bar_cate_01/sentence_11.wav,আপনার বাড়ি কোথায়?,barishal
sentence_12.wav,dataset/chunks/barishal/bar_cate_01/sentence_12.wav,আপনি কেমন আছেন?,barishal
sentence_13.wav,dataset/chunks/barishal/bar_cate_01/sentence_13.wav,আমি ভালো আছি।,barishal
sentence_14.wav,dataset/chunks/barishal/bar_cate_01/sentence_14.wav,অনেক দিন পর দেখা হলো।,barishal
sentence_15.wav,dataset/chunks/barishal/bar_cate_01/sentence_15.wav,আপনাকে আবার দেখে ভালো লাগছে।,barishal
sentence_16.wav,dataset/chunks/barishal/bar_cate_01/sentence_16.wav,আপনি কি আমাকে সাহায্য করতে পারবেন?,barishal
sentence_17.wav,dataset/chunks/barishal/bar_cate_01/sentence_17.wav,আপনার সাথে কথা বলে ভালো লাগছে।,barishal
sentence_18.wav,dataset/chunks/barishal/bar_cate_01/sentence_18.wav,আমি এখানে কাজের জন্য এসেছি।,barishal
sentence_19.wav,dataset/chunks/barishal/bar_cate_01/sentence_19.wav,আপনি কোন দেশ থেকে এসেছেন?,barishal
sentence_20.wav,dataset/chunks/barishal/bar_cate_01/sentence_20.wav,আমি ইংরেজি বলতে পারি।,barishal
sentence_21.wav,dataset/chunks/barishal/bar_cate_01/sentence_21.wav,আপনি কি বাংলা বলতে পারেন?,barishal
sentence_22.wav,dataset/chunks/barishal/bar_cate_01/sentence_22.wav,আমি বাংলা শিখছি।,barishal
sentence_23.wav,dataset/chunks/barishal/bar_cate_01/sentence_23.wav,ধন্যবাদ আপনাকে।,barishal
sentence_24.wav,dataset/chunks/barishal/bar_cate_01/sentence_24.wav,আপনাকে স্বাগতম।,barishal
sentence_25.wav,dataset/chunks/barishal/bar_cate_01/sentence_25.wav,আপনার বয়স কত?,barishal
sentence_26.wav,dataset/chunks/barishal/bar_cate_01/sentence_26.wav,আমি এখানে পড়াশোনা করছি।,barishal
sentence_27.wav,dataset/chunks/barishal/bar_cate_01/sentence_27.wav,আমি এই শহরটি পছন্দ করি।,barishal
sentence_28.wav,dataset/chunks/barishal/bar_cate_01/sentence_28.wav,আপনার পরিবার কেমন আছে?,barishal
sentence_29.wav,dataset/chunks/barishal/bar_cate_01/sentence_29.wav,আপনার সাথে দেখা করতে পেরে আনন্দিত।,barishal
sentence_30.wav,dataset/chunks/barishal/bar_cate_01/sentence_30.wav,আপনি কি এখানে দীর্ঘদিন থাকবেন?,barishal
sentence_31.wav,dataset/chunks/barishal/bar_cate_01/sentence_31.wav,আমি কয়েকদিনের জন্য এসেছি।,barishal
sentence_32.wav,dataset/chunks/barishal/bar_cate_01/sentence_32.wav,আপনার সাথে যোগাযোগ রাখতে চাই।,barishal
sentence_33.wav,dataset/chunks/barishal/bar_cate_01/sentence_33.wav,এটা আমার প্রথম সফর।,barishal
sentence_34.wav,dataset/chunks/barishal/bar_cate_01/sentence_34.wav,আমি আপনার দেশ সম্পর্কে জানতে চাই।,barishal
sentence_35.wav,dataset/chunks/barishal/bar_cate_01/sentence_35.wav,আপনি কোথায় কাজ করেন?,barishal
sentence_36.wav,dataset/chunks/barishal/bar_cate_01/sentence_36.wav,আপনার ফোন নম্বর দিতে পারেন?,barishal
sentence_37.wav,dataset/chunks/barishal/bar_cate_01/sentence_37.wav,আমি আপনার সাথে পরে কথা বলবো।,barishal
sentence_38.wav,dataset/chunks/barishal/bar_cate_01/sentence_38.wav,আপনাকে দেখে ভালো লাগলো।,barishal
sentence_39.wav,dataset/chunks/barishal/bar_cate_01/sentence_39.wav,আপনি কি এখানে একা এসেছেন?,barishal
sentence_40.wav,dataset/chunks/barishal/bar_cate_01/sentence_40.wav,আমি আমার বন্ধুর সাথে এসেছি।,barishal
sentence_41.wav,dataset/chunks/barishal/bar_cate_01/sentence_41.wav,আপনার পেশা কী?,barishal
sentence_42.wav,dataset/chunks/barishal/bar_cate_01/sentence_42.wav,আমি একজন শিক্ষক।,barishal
sentence_43.wav,dataset/chunks/barishal/bar_cate_01/sentence_43.wav,আপনার সাথে কাজ করতে চাই।,barishal
sentence_44.wav,dataset/chunks/barishal/bar_cate_01/sentence_44.wav,আজকে আবহাওয়া সুন্দর।,barishal
sentence_45.wav,dataset/chunks/barishal/bar_cate_01/sentence_45.wav,আপনি কি এখানে থাকেন নাকি ভ্রমণে এসেছেন?,barishal
sentence_46.wav,dataset/chunks/barishal/bar_cate_01/sentence_46.wav,আমি এই জায়গাটি প্রথমবার দেখছি।,barishal
sentence_47.wav,dataset/chunks/barishal/bar_cate_01/sentence_47.wav,আপনার সাথে পরিচয় হওয়া আমার জন্য সম্মানের।,barishal
sentence_48.wav,dataset/chunks/barishal/bar_cate_01/sentence_48.wav,আপনি কোন ভাষায় কথা বলেন?,barishal
sentence_49.wav,dataset/chunks/barishal/bar_cate_01/sentence_49.wav,আমি আপনার কাছ থেকে শিখতে চাই।,barishal
sentence_50.wav,dataset/chunks/barishal/bar_cate_01/sentence_50.wav,আমি খুব আনন্দিত।,barishal
sentence_51.wav,dataset/chunks/barishal/bar_cate_01/sentence_51.wav,আপনার দিনটি কেমন কাটছে?,barishal
sentence_52.wav,dataset/chunks/barishal/bar_cate_01/sentence_52.wav,আমি একটু দেরি করেছি।,barishal
sentence_53.wav,dataset/chunks/barishal/bar_cate_01/sentence_53.wav,আপনাকে অপেক্ষা করানোর জন্য দুঃখিত।,barishal
sentence_54.wav,dataset/chunks/barishal/bar_cate_01/sentence_54.wav,আপনার সাথে আবার দেখা হবে আশা করি।,barishal
sentence_55.wav,dataset/chunks/barishal/bar_cate_01/sentence_55.wav,আপনি কি কাছাকাছি থাকেন?,barishal
sentence_56.wav,dataset/chunks/barishal/bar_cate_01/sentence_56.wav,আমি আপনার সাহায্যের জন্য কৃতজ্ঞ।,barishal
sentence_57.wav,dataset/chunks/barishal/bar_cate_01/sentence_57.wav,আপনাকে শুভেচ্ছা জানাই।,barishal
sentence_58.wav,dataset/chunks/barishal/bar_cate_01/sentence_58.wav,আপনার দিনটি শুভ হোক।,barishal
sentence_59.wav,dataset/chunks/barishal/bar_cate_01/sentence_59.wav,আপনার সাথে কথা বলা আনন্দের ছিল।,barishal
sentence_60.wav,dataset/chunks/barishal/bar_cate_01/sentence_60.wav,আমি আপনাকে সম্মান করি।,barishal
sentence_61.wav,dataset/chunks/barishal/bar_cate_01/sentence_61.wav,আমি এখানে কাজ শুরু করেছি।,barishal
sentence_62.wav,dataset/chunks/barishal/bar_cate_01/sentence_62.wav,আপনি কখন এসেছেন?,barishal
sentence_63.wav,dataset/chunks/barishal/bar_cate_01/sentence_63.wav,আমি গতকাল এসেছি।,barishal
sentence_64.wav,dataset/chunks/barishal/bar_cate_01/sentence_64.wav,আপনি কতদিন থাকবেন?,barishal
sentence_65.wav,dataset/chunks/barishal/bar_cate_01/sentence_65.wav,আমি এক সপ্তাহ থাকবো।,barishal
sentence_66.wav,dataset/chunks/barishal/bar_cate_01/sentence_66.wav,আপনার সাথে বন্ধুত্ব করতে চাই।,barishal
sentence_67.wav,dataset/chunks/barishal/bar_cate_01/sentence_67.wav,আপনি খুব ভদ্র মানুষ।,barishal
sentence_68.wav,dataset/chunks/barishal/bar_cate_01/sentence_68.wav,আমি আপনাকে ধন্যবাদ জানাই।,barishal
sentence_69.wav,dataset/chunks/barishal/bar_cate_01/sentence_69.wav,আপনার সাথে দেখা হওয়া সৌভাগ্যের।,barishal
sentence_70.wav,dataset/chunks/barishal/bar_cate_01/sentence_70.wav,আমি আপনার সাথে আবার যোগাযোগ করবো।,barishal
sentence_01.wav,dataset/chunks/barishal/bar_cate_02/sentence_01.wav,বাস স্ট্যান্ড কোথায়?,barishal
sentence_02.wav,dataset/chunks/barishal/bar_cate_02/sentence_02.wav,এই রাস্তাটি কোথায় যায়?,barishal
sentence_03.wav,dataset/chunks/barishal/bar_cate_02/sentence_03.wav,রেলওয়ে স্টেশন কত দূরে?,barishal
sentence_04.wav,dataset/chunks/barishal/bar_cate_02/sentence_04.wav,বিমানবন্দর যাওয়ার রাস্তা কোনটি?,barishal
sentence_05.wav,dataset/chunks/barishal/bar_cate_02/sentence_05.wav,বাজারে যেতে কোন বাসে উঠবো?,barishal
sentence_06.wav,dataset/chunks/barishal/bar_cate_02/sentence_06.wav,এই বাস কি ঢাকায় যাবে?,barishal
sentence_07.wav,dataset/chunks/barishal/bar_cate_02/sentence_07.wav,ভাড়া কত?,barishal
sentence_08.wav,dataset/chunks/barishal/bar_cate_02/sentence_08.wav,রিকশার ভাড়া কত নেবেন?,barishal
sentence_09.wav,dataset/chunks/barishal/bar_cate_02/sentence_09.wav,আমাকে হাসপাতালে নিয়ে চলুন।,barishal
sentence_10.wav,dataset/chunks/barishal/bar_cate_02/sentence_10.wav,এই ট্রেন কখন ছাড়বে?,barishal
sentence_11.wav,dataset/chunks/barishal/bar_cate_02/sentence_11.wav,ট্রেন কত নম্বর প্ল্যাটফর্মে আসবে?,barishal
sentence_12.wav,dataset/chunks/barishal/bar_cate_02/sentence_12.wav,এখানে কি টিকিট কাউন্টার আছে?,barishal
sentence_13.wav,dataset/chunks/barishal/bar_cate_02/sentence_13.wav,"এক টিকিট দিন, চট্টগ্রামের জন্য।",barishal
sentence_14.wav,dataset/chunks/barishal/bar_cate_02/sentence_14.wav,বাস কখন ছাড়বে?,barishal
sentence_15.wav,dataset/chunks/barishal/bar_cate_02/sentence_15.wav,এই রাস্তায় কি যানজট হয়?,barishal
sentence_16.wav,dataset/chunks/barishal/bar_cate_02/sentence_16.wav,সোজা গেলে কি ব্যাংক পাবো?,barishal
sentence_17.wav,dataset/chunks/barishal/bar_cate_02/sentence_17.wav,ডানদিকে গেলে কি হাসপাতাল?,barishal
sentence_18.wav,dataset/chunks/barishal/bar_cate_02/sentence_18.wav,বামদিকে মোড় নিন।,barishal
sentence_19.wav,dataset/chunks/barishal/bar_cate_02/sentence_19.wav,সোজা এগিয়ে যান।,barishal
sentence_20.wav,dataset/chunks/barishal/bar_cate_02/sentence_20.wav,এই জায়গাটা কত দূরে?,barishal
sentence_21.wav,dataset/chunks/barishal/bar_cate_02/sentence_21.wav,হাঁটলে কত সময় লাগবে?,barishal
sentence_22.wav,dataset/chunks/barishal/bar_cate_02/sentence_22.wav,গাড়ি পাওয়া যাবে কোথায়?,barishal
sentence_23.wav,dataset/chunks/barishal/bar_cate_02/sentence_23.wav,এখানে কি উবার পাওয়া যায়?,barishal
sentence_24.wav,dataset/chunks/barishal/bar_cate_02/sentence_24.wav,আপনি কি আমাকে পথ দেখাতে পারবেন?,barishal
sentence_25.wav,dataset/chunks/barishal/bar_cate_02/sentence_25.wav,এই রাস্তা কি নিরাপদ?,barishal
sentence_26.wav,dataset/chunks/barishal/bar_cate_02/sentence_26.wav,এখানে কি পার্কিং আছে?,barishal
sentence_27.wav,dataset/chunks/barishal/bar_cate_02/sentence_27.wav,গাড়ি রাখার জায়গা কোথায়?,barishal
sentence_28.wav,dataset/chunks/barishal/bar_cate_02/sentence_28.wav,এই ট্রেন কি সময়মতো আসবে?,barishal
sentence_29.wav,dataset/chunks/barishal/bar_cate_02/sentence_29.wav,বাসে কি সিট খালি আছে?,barishal
sentence_30.wav,dataset/chunks/barishal/bar_cate_02/sentence_30.wav,এই বাস কি সরাসরি যাবে?,barishal
sentence_31.wav,dataset/chunks/barishal/bar_cate_02/sentence_31.wav,মাঝপথে কি নামতে পারবো?,barishal
sentence_32.wav,dataset/chunks/barishal/bar_cate_02/sentence_32.wav,আমাকে পরের স্টপে নামিয়ে দিন।,barishal
sentence_33.wav,dataset/chunks/barishal/bar_cate_02/sentence_33.wav,এই রাস্তা কি শর্টকাট?,barishal
sentence_34.wav,dataset/chunks/barishal/bar_cate_02/sentence_34.wav,এখানে কি ট্যাক্সি স্ট্যান্ড আছে?,barishal
sentence_35.wav,dataset/chunks/barishal/bar_cate_02/sentence_35.wav,গন্তব্যে পৌঁছাতে কত সময় লাগবে?,barishal
sentence_36.wav,dataset/chunks/barishal/bar_cate_02/sentence_36.wav,রিকশা কি পাওয়া যাবে?,barishal
sentence_37.wav,dataset/chunks/barishal/bar_cate_02/sentence_37.wav,ট্রেন কি দেরি করছে?,barishal
sentence_38.wav,dataset/chunks/barishal/bar_cate_02/sentence_38.wav,এই বাস কোথায় থামে?,barishal
sentence_39.wav,dataset/chunks/barishal/bar_cate_02/sentence_39.wav,আপনারা কি রাতের বাস চালান?,barishal
sentence_40.wav,dataset/chunks/barishal/bar_cate_02/sentence_40.wav,শেষ বাস কখন?,barishal
sentence_41.wav,dataset/chunks/barishal/bar_cate_02/sentence_41.wav,এই রাস্তা কি বন্ধ?,barishal
sentence_42.wav,dataset/chunks/barishal/bar_cate_02/sentence_42.wav,বিকল্প রাস্তা কোনটি?,barishal
sentence_43.wav,dataset/chunks/barishal/bar_cate_02/sentence_43.wav,এখানে কি সিগন্যাল আছে?,barishal
sentence_44.wav,dataset/chunks/barishal/bar_cate_02/sentence_44.wav,রাস্তা কি মেরামত হচ্ছে?,barishal
sentence_45.wav,dataset/chunks/barishal/bar_cate_02/sentence_45.wav,আমাকে বিশ্ববিদ্যালয়ে যেতে হবে।,barishal
sentence_46.wav,dataset/chunks/barishal/bar_cate_02/sentence_46.wav,বিশ্ববিদ্যালয়ের বাস কোথা থেকে ছাড়ে?,barishal
sentence_47.wav,dataset/chunks/barishal/bar_cate_02/sentence_47.wav,টিকিটের দাম কত?,barishal
sentence_48.wav,dataset/chunks/barishal/bar_cate_02/sentence_48.wav,এখানে কি মেট্রো স্টেশন আছে?,barishal
sentence_49.wav,dataset/chunks/barishal/bar_cate_02/sentence_49.wav,মেট্রো কখন ছাড়ে?,barishal
sentence_50.wav,dataset/chunks/barishal/bar_cate_02/sentence_50.wav,এই রাস্তা কি প্রধান সড়ক?,barishal
sentence_51.wav,dataset/chunks/barishal/bar_cate_02/sentence_51.wav,আমাকে থানায় যেতে হবে।,barishal
sentence_52.wav,dataset/chunks/barishal/bar_cate_02/sentence_52.wav,পুলিশ স্টেশন কোথায়?,barishal
sentence_53.wav,dataset/chunks/barishal/bar_cate_02/sentence_53.wav,এই এলাকায় কি বাস চলে?,barishal
sentence_54.wav,dataset/chunks/barishal/bar_cate_02/sentence_54.wav,এখানে কি সিএনজি পাওয়া যায়?,barishal
sentence_55.wav,dataset/chunks/barishal/bar_cate_02/sentence_55.wav,আমাকে দ্রুত পৌঁছাতে হবে।,barishal
sentence_56.wav,dataset/chunks/barishal/bar_cate_02/sentence_56.wav,এখানে কি ফেরি ঘাট আছে?,barishal
sentence_57.wav,dataset/chunks/barishal/bar_cate_02/sentence_57.wav,ফেরি কখন ছাড়বে?,barishal
sentence_58.wav,dataset/chunks/barishal/bar_cate_02/sentence_58.wav,নদী পার হতে কত সময় লাগবে?,barishal
sentence_59.wav,dataset/chunks/barishal/bar_cate_02/sentence_59.wav,এই ট্রেন কি এক্সপ্রেস?,barishal
sentence_60.wav,dataset/chunks/barishal/bar_cate_02/sentence_60.wav,এখানে কি বাস বদলাতে হবে?,barishal
sentence_61.wav,dataset/chunks/barishal/bar_cate_02/sentence_61.wav,এই বাস কি এয়ারকন্ডিশন্ড?,barishal
sentence_62.wav,dataset/chunks/barishal/bar_cate_02/sentence_62.wav,রাস্তায় কি টোল দিতে হয়?,barishal
sentence_63.wav,dataset/chunks/barishal/bar_cate_02/sentence_63.wav,টোল কত?,barishal
sentence_64.wav,dataset/chunks/barishal/bar_cate_02/sentence_64.wav,এখানে কি রাস্তা নিরাপদ রাতে?,barishal
sentence_65.wav,dataset/chunks/barishal/bar_cate_02/sentence_65.wav,আমি পথ হারিয়ে ফেলেছি।,barishal
sentence_66.wav,dataset/chunks/barishal/bar_cate_02/sentence_66.wav,আমাকে মানচিত্র দেখাতে পারবেন?,barishal
sentence_67.wav,dataset/chunks/barishal/bar_cate_02/sentence_67.wav,কাছাকাছি কোন হোটেল আছে?,barishal
sentence_68.wav,dataset/chunks/barishal/bar_cate_02/sentence_68.wav,এই এলাকা কি শহরের ভেতরে?,barishal
sentence_69.wav,dataset/chunks/barishal/bar_cate_02/sentence_69.wav,এখানে কি ট্রাফিক বেশি?,barishal
sentence_70.wav,dataset/chunks/barishal/bar_cate_02/sentence_70.wav,আমাকে সঠিক দিকটি বলুন।,barishal
sentence_01.wav,dataset/chunks/barishal/bar_cate_03/sentence_01.wav,এই জিনিসটির দাম কত?,barishal
sentence_02.wav,dataset/chunks/barishal/bar_cate_03/sentence_02.wav,দাম একটু কম হবে?,barishal
sentence_03.wav,dataset/chunks/barishal/bar_cate_03/sentence_03.wav,এক কেজি চাল দিন।,barishal
sentence_04.wav,dataset/chunks/barishal/bar_cate_03/sentence_04.wav,আধা কেজি চিনি দিন।,barishal
sentence_05.wav,dataset/chunks/barishal/bar_cate_03/sentence_05.wav,এটা কি দেশি পণ্য?,barishal
sentence_06.wav,dataset/chunks/barishal/bar_cate_03/sentence_06.wav,এটা কি বিদেশি পণ্য?,barishal
sentence_07.wav,dataset/chunks/barishal/bar_cate_03/sentence_07.wav,একটু ভালো মানের দেখান।,barishal
sentence_08.wav,dataset/chunks/barishal/bar_cate_03/sentence_08.wav,এর থেকে সস্তা কিছু আছে?,barishal
sentence_09.wav,dataset/chunks/barishal/bar_cate_03/sentence_09.wav,এটা খুব দামী।,barishal
sentence_10.wav,dataset/chunks/barishal/bar_cate_03/sentence_10.wav,আমি এটা কিনতে চাই।,barishal
sentence_11.wav,dataset/chunks/barishal/bar_cate_03/sentence_11.wav,আপনার কাছে কি তাজা সবজি আছে?,barishal
sentence_12.wav,dataset/chunks/barishal/bar_cate_03/sentence_12.wav,এই ফলগুলো কি আজকের?,barishal
sentence_13.wav,dataset/chunks/barishal/bar_cate_03/sentence_13.wav,এক ডজন ডিম দিন।,barishal
sentence_14.wav,dataset/chunks/barishal/bar_cate_03/sentence_14.wav,কত টাকা হলো?,barishal
sentence_15.wav,dataset/chunks/barishal/bar_cate_03/sentence_15.wav,আমি নগদ পরিশোধ করবো।,barishal
sentence_16.wav,dataset/chunks/barishal/bar_cate_03/sentence_16.wav,মোবাইল ব্যাংকিং নেওয়া হয়?,barishal
sentence_17.wav,dataset/chunks/barishal/bar_cate_03/sentence_17.wav,বিকাশে টাকা দিতে পারি?,barishal
sentence_18.wav,dataset/chunks/barishal/bar_cate_03/sentence_18.wav,একটি ব্যাগ দেবেন?,barishal
sentence_19.wav,dataset/chunks/barishal/bar_cate_03/sentence_19.wav,এই কাপড়ের রং কি উঠবে?,barishal
sentence_20.wav,dataset/chunks/barishal/bar_cate_03/sentence_20.wav,এই শার্টের অন্য সাইজ আছে?,barishal
sentence_21.wav,dataset/chunks/barishal/bar_cate_03/sentence_21.wav,ছোট সাইজ দেখান।,barishal
sentence_22.wav,dataset/chunks/barishal/bar_cate_03/sentence_22.wav,বড় সাইজ আছে?,barishal
sentence_23.wav,dataset/chunks/barishal/bar_cate_03/sentence_23.wav,আমি নীল রঙেরটি চাই।,barishal
sentence_24.wav,dataset/chunks/barishal/bar_cate_03/sentence_24.wav,অন্য রং আছে?,barishal
sentence_25.wav,dataset/chunks/barishal/bar_cate_03/sentence_25.wav,এটা কি আসল পণ্য?,barishal
sentence_26.wav,dataset/chunks/barishal/bar_cate_03/sentence_26.wav,গ্যারান্টি আছে?,barishal
sentence_27.wav,dataset/chunks/barishal/bar_cate_03/sentence_27.wav,রসিদ দিন।,barishal
sentence_28.wav,dataset/chunks/barishal/bar_cate_03/sentence_28.wav,আমি পরে এসে নেব।,barishal
sentence_29.wav,dataset/chunks/barishal/bar_cate_03/sentence_29.wav,এটা কি ছাড়ে দেওয়া যাবে?,barishal
sentence_30.wav,dataset/chunks/barishal/bar_cate_03/sentence_30.wav,আজ কি কোনো অফার আছে?,barishal
sentence_31.wav,dataset/chunks/barishal/bar_cate_03/sentence_31.wav,আমি পাইকারি কিনতে চাই।,barishal
sentence_32.wav,dataset/chunks/barishal/bar_cate_03/sentence_32.wav,পাইকারি দাম কত?,barishal
sentence_33.wav,dataset/chunks/barishal/bar_cate_03/sentence_33.wav,এই পণ্যটি নতুন এসেছে?,barishal
sentence_34.wav,dataset/chunks/barishal/bar_cate_03/sentence_34.wav,এর মেয়াদ কতদিন?,barishal
sentence_35.wav,dataset/chunks/barishal/bar_cate_03/sentence_35.wav,এই ওষুধের মেয়াদ শেষ হয়েছে?,barishal
sentence_36.wav,dataset/chunks/barishal/bar_cate_03/sentence_36.wav,আমাকে ভালো মানের চাল দিন।,barishal
sentence_37.wav,dataset/chunks/barishal/bar_cate_03/sentence_37.wav,এই মাছটি কি তাজা?,barishal
sentence_38.wav,dataset/chunks/barishal/bar_cate_03/sentence_38.wav,এই মাংস কত কেজি?,barishal
sentence_39.wav,dataset/chunks/barishal/bar_cate_03/sentence_39.wav,এক কেজির কম হবে না।,barishal
sentence_40.wav,dataset/chunks/barishal/bar_cate_03/sentence_40.wav,একটু কম করে দিন।,barishal
sentence_41.wav,dataset/chunks/barishal/bar_cate_03/sentence_41.wav,আমি দরদাম করতে চাই।,barishal
sentence_42.wav,dataset/chunks/barishal/bar_cate_03/sentence_42.wav,চূড়ান্ত দাম কত?,barishal
sentence_43.wav,dataset/chunks/barishal/bar_cate_03/sentence_43.wav,এই জুতাটি কি টেকসই?,barishal
sentence_44.wav,dataset/chunks/barishal/bar_cate_03/sentence_44.wav,এই মোবাইলের দাম কত?,barishal
sentence_45.wav,dataset/chunks/barishal/bar_cate_03/sentence_45.wav,এই ফোনে কি গ্যারান্টি আছে?,barishal
sentence_46.wav,dataset/chunks/barishal/bar_cate_03/sentence_46.wav,চার্জারটি আলাদা কিনতে হবে?,barishal
sentence_47.wav,dataset/chunks/barishal/bar_cate_03/sentence_47.wav,এটি কি ক্যাশ অন ডেলিভারি?,barishal
sentence_48.wav,dataset/chunks/barishal/bar_cate_03/sentence_48.wav,আমি অর্ডার দিতে চাই।,barishal
sentence_49.wav,dataset/chunks/barishal/bar_cate_03/sentence_49.wav,পণ্যটি কখন ডেলিভারি হবে?,barishal
sentence_50.wav,dataset/chunks/barishal/bar_cate_03/sentence_50.wav,এই দোকান কখন বন্ধ হয়?,barishal
sentence_51.wav,dataset/chunks/barishal/bar_cate_03/sentence_51.wav,আমি একটা উপহার কিনতে চাই।,barishal
sentence_52.wav,dataset/chunks/barishal/bar_cate_03/sentence_52.wav,উপহার মোড়ানো হবে?,barishal
sentence_53.wav,dataset/chunks/barishal/bar_cate_03/sentence_53.wav,এটি কি ফেরত দেওয়া যাবে?,barishal
sentence_54.wav,dataset/chunks/barishal/bar_cate_03/sentence_54.wav,রিটার্ন পলিসি কী?,barishal
sentence_55.wav,dataset/chunks/barishal/bar_cate_03/sentence_55.wav,এই কাপড়টি খুব সুন্দর।,barishal
sentence_56.wav,dataset/chunks/barishal/bar_cate_03/sentence_56.wav,এটি কি কটন?,barishal
sentence_57.wav,dataset/chunks/barishal/bar_cate_03/sentence_57.wav,এই পণ্যটি কোথায় তৈরি?,barishal
sentence_58.wav,dataset/chunks/barishal/bar_cate_03/sentence_58.wav,এটি কি ছাড়ে বিক্রি হচ্ছে?,barishal
sentence_59.wav,dataset/chunks/barishal/bar_cate_03/sentence_59.wav,আমি আরও কিছু দেখতে চাই।,barishal
sentence_60.wav,dataset/chunks/barishal/bar_cate_03/sentence_60.wav,আপনার দোকানে কি কার্ড নেওয়া হয়?,barishal
sentence_61.wav,dataset/chunks/barishal/bar_cate_03/sentence_61.wav,মোট বিল কত হলো?,barishal
sentence_62.wav,dataset/chunks/barishal/bar_cate_03/sentence_62.wav,আমি টাকা ভাঙাতে চাই।,barishal
sentence_63.wav,dataset/chunks/barishal/bar_cate_03/sentence_63.wav,ছোট নোট আছে?,barishal
sentence_64.wav,dataset/chunks/barishal/bar_cate_03/sentence_64.wav,এই ফলগুলো ওজন করে দিন।,barishal
sentence_65.wav,dataset/chunks/barishal/bar_cate_03/sentence_65.wav,এক কেজির একটু কম দিন।,barishal
sentence_66.wav,dataset/chunks/barishal/bar_cate_03/sentence_66.wav,আজকে বাজারে ভিড় বেশি।,barishal
sentence_67.wav,dataset/chunks/barishal/bar_cate_03/sentence_67.wav,দাম কেন এত বেশি?,barishal
sentence_68.wav,dataset/chunks/barishal/bar_cate_03/sentence_68.wav,কাল কি দাম কম হবে?,barishal
sentence_69.wav,dataset/chunks/barishal/bar_cate_03/sentence_69.wav,আমি নিয়মিত ক্রেতা।,barishal
sentence_70.wav,dataset/chunks/barishal/bar_cate_03/sentence_70.wav,আবার আসবো।,barishal
sentence_01.wav,dataset/chunks/barishal/bar_cate_04/sentence_01.wav,আমি একটি টেবিল বুক করতে চাই।,barishal
sentence_02.wav,dataset/chunks/barishal/bar_cate_04/sentence_02.wav,দুই জনের জন্য একটি টেবিল দিন।,barishal
sentence_03.wav,dataset/chunks/barishal/bar_cate_04/sentence_03.wav,মেনু কার্ডটি দিন।,barishal
sentence_04.wav,dataset/chunks/barishal/bar_cate_04/sentence_04.wav,আজকের বিশেষ খাবার কী?,barishal
sentence_05.wav,dataset/chunks/barishal/bar_cate_04/sentence_05.wav,আমি ভাত ও মুরগির মাংস চাই।,barishal
sentence_06.wav,dataset/chunks/barishal/bar_cate_04/sentence_06.wav,এই খাবারটি ঝাল কি?,barishal
sentence_07.wav,dataset/chunks/barishal/bar_cate_04/sentence_07.wav,কম ঝাল করে দিন।,barishal
sentence_08.wav,dataset/chunks/barishal/bar_cate_04/sentence_08.wav,আমি নিরামিষ খাবার চাই।,barishal
sentence_09.wav,dataset/chunks/barishal/bar_cate_04/sentence_09.wav,এখানে কি হালাল খাবার পাওয়া যায়?,barishal
sentence_10.wav,dataset/chunks/barishal/bar_cate_04/sentence_10.wav,পানি দিন।,barishal
sentence_11.wav,dataset/chunks/barishal/bar_cate_04/sentence_11.wav,ঠান্ডা পানি আছে?,barishal
sentence_12.wav,dataset/chunks/barishal/bar_cate_04/sentence_12.wav,একটি কোমল পানীয় দিন।,barishal
sentence_13.wav,dataset/chunks/barishal/bar_cate_04/sentence_13.wav,এই খাবারটি খুব সুস্বাদু।,barishal
sentence_14.wav,dataset/chunks/barishal/bar_cate_04/sentence_14.wav,খাবারটি খুব লবণাক্ত।,barishal
sentence_15.wav,dataset/chunks/barishal/bar_cate_04/sentence_15.wav,বিল দিন।,barishal
sentence_16.wav,dataset/chunks/barishal/bar_cate_04/sentence_16.wav,আমি নগদে পরিশোধ করবো।,barishal
sentence_17.wav,dataset/chunks/barishal/bar_cate_04/sentence_17.wav,কার্ডে পরিশোধ করা যাবে?,barishal
sentence_18.wav,dataset/chunks/barishal/bar_cate_04/sentence_18.wav,খাবারটি কতক্ষণে আসবে?,barishal
sentence_19.wav,dataset/chunks/barishal/bar_cate_04/sentence_19.wav,আরেকটি প্লেট দিন।,barishal
sentence_20.wav,dataset/chunks/barishal/bar_cate_04/sentence_20.wav,চামচ ও কাঁটা দিন।,barishal
sentence_21.wav,dataset/chunks/barishal/bar_cate_04/sentence_21.wav,এখানে কি ওয়াইফাই আছে?,barishal
sentence_22.wav,dataset/chunks/barishal/bar_cate_04/sentence_22.wav,ওয়াইফাই পাসওয়ার্ড কী?,barishal
sentence_23.wav,dataset/chunks/barishal/bar_cate_04/sentence_23.wav,খাবারটি প্যাকেট করে দিন।,barishal
sentence_24.wav,dataset/chunks/barishal/bar_cate_04/sentence_24.wav,আমি বাসায় নিয়ে যাব।,barishal
sentence_25.wav,dataset/chunks/barishal/bar_cate_04/sentence_25.wav,একটি কফি দিন।,barishal
sentence_26.wav,dataset/chunks/barishal/bar_cate_04/sentence_26.wav,চা আছে?,barishal
sentence_27.wav,dataset/chunks/barishal/bar_cate_04/sentence_27.wav,দুধ চা দিন।,barishal
sentence_28.wav,dataset/chunks/barishal/bar_cate_04/sentence_28.wav,চিনি ছাড়া চা দিন।,barishal
sentence_29.wav,dataset/chunks/barishal/bar_cate_04/sentence_29.wav,এখানে কি ব্রেকফাস্ট পাওয়া যায়?,barishal
sentence_30.wav,dataset/chunks/barishal/bar_cate_04/sentence_30.wav,দুপুরের খাবার কখন শুরু হয়?,barishal
sentence_31.wav,dataset/chunks/barishal/bar_cate_04/sentence_31.wav,রাতের খাবার কখন পরিবেশন করা হয়?,barishal
sentence_32.wav,dataset/chunks/barishal/bar_cate_04/sentence_32.wav,আমি মাছের তরকারি চাই।,barishal
sentence_33.wav,dataset/chunks/barishal/bar_cate_04/sentence_33.wav,গরুর মাংস আছে?,barishal
sentence_34.wav,dataset/chunks/barishal/bar_cate_04/sentence_34.wav,এই স্যুপটি গরম কি?,barishal
sentence_35.wav,dataset/chunks/barishal/bar_cate_04/sentence_35.wav,একটু লেবু দিন।,barishal
sentence_36.wav,dataset/chunks/barishal/bar_cate_04/sentence_36.wav,এই রেস্টুরেন্ট খুব পরিষ্কার।,barishal
sentence_37.wav,dataset/chunks/barishal/bar_cate_04/sentence_37.wav,পরিবেশটি খুব সুন্দর।,barishal
sentence_38.wav,dataset/chunks/barishal/bar_cate_04/sentence_38.wav,খাবার পরিবেশন দ্রুত হয়েছে।,barishal
sentence_39.wav,dataset/chunks/barishal/bar_cate_04/sentence_39.wav,খাবার পরিবেশন দেরিতে হয়েছে।,barishal
sentence_40.wav,dataset/chunks/barishal/bar_cate_04/sentence_40.wav,আর কিছু লাগবে?,barishal
sentence_41.wav,dataset/chunks/barishal/bar_cate_04/sentence_41.wav,আমি আরও ভাত চাই।,barishal
sentence_42.wav,dataset/chunks/barishal/bar_cate_04/sentence_42.wav,একটু ঝোল দিন।,barishal
sentence_43.wav,dataset/chunks/barishal/bar_cate_04/sentence_43.wav,এটি কি তাজা রান্না?,barishal
sentence_44.wav,dataset/chunks/barishal/bar_cate_04/sentence_44.wav,এখানে কি পরিবার নিয়ে বসা যায়?,barishal
sentence_45.wav,dataset/chunks/barishal/bar_cate_04/sentence_45.wav,শিশুদের জন্য আলাদা চেয়ার আছে?,barishal
sentence_46.wav,dataset/chunks/barishal/bar_cate_04/sentence_46.wav,খাবারটি খুব গরম।,barishal
sentence_47.wav,dataset/chunks/barishal/bar_cate_04/sentence_47.wav,এটি খুব ঠান্ডা।,barishal
sentence_48.wav,dataset/chunks/barishal/bar_cate_04/sentence_48.wav,এখানে কি অনলাইনে অর্ডার করা যায়?,barishal
sentence_49.wav,dataset/chunks/barishal/bar_cate_04/sentence_49.wav,ডেলিভারি কত সময় লাগে?,barishal
sentence_50.wav,dataset/chunks/barishal/bar_cate_04/sentence_50.wav,এই খাবারটির দাম কত?,barishal
sentence_51.wav,dataset/chunks/barishal/bar_cate_04/sentence_51.wav,আমি অল্প পরিমাণ চাই।,barishal
sentence_52.wav,dataset/chunks/barishal/bar_cate_04/sentence_52.wav,বড় পরিমাণ দিন।,barishal
sentence_53.wav,dataset/chunks/barishal/bar_cate_04/sentence_53.wav,এই খাবারটি খুব মিষ্টি।,barishal
sentence_54.wav,dataset/chunks/barishal/bar_cate_04/sentence_54.wav,এটি কি ঝাল কম করা যাবে?,barishal
sentence_55.wav,dataset/chunks/barishal/bar_cate_04/sentence_55.wav,আরেক গ্লাস পানি দিন।,barishal
sentence_56.wav,dataset/chunks/barishal/bar_cate_04/sentence_56.wav,আমি ধন্যবাদ জানাই।,barishal
sentence_57.wav,dataset/chunks/barishal/bar_cate_04/sentence_57.wav,পরিষেবা খুব ভালো ছিল।,barishal
sentence_58.wav,dataset/chunks/barishal/bar_cate_04/sentence_58.wav,পরিষেবা উন্নত করা দরকার।,barishal
sentence_59.wav,dataset/chunks/barishal/bar_cate_04/sentence_59.wav,আমি এই রেস্টুরেন্টটি পছন্দ করি।,barishal
sentence_60.wav,dataset/chunks/barishal/bar_cate_04/sentence_60.wav,এটি কি এয়ার কন্ডিশনড?,barishal
sentence_61.wav,dataset/chunks/barishal/bar_cate_04/sentence_61.wav,বাইরে বসার ব্যবস্থা আছে?,barishal
sentence_62.wav,dataset/chunks/barishal/bar_cate_04/sentence_62.wav,খাবারে অ্যালার্জির উপাদান আছে?,barishal
sentence_63.wav,dataset/chunks/barishal/bar_cate_04/sentence_63.wav,আমি বাদাম খেতে পারি না।,barishal
sentence_64.wav,dataset/chunks/barishal/bar_cate_04/sentence_64.wav,এটি কি গ্লুটেন মুক্ত?,barishal
sentence_65.wav,dataset/chunks/barishal/bar_cate_04/sentence_65.wav,আমাকে একটি ন্যাপকিন দিন।,barishal
sentence_66.wav,dataset/chunks/barishal/bar_cate_04/sentence_66.wav,খাবার খুব ভালো লেগেছে।,barishal
sentence_67.wav,dataset/chunks/barishal/bar_cate_04/sentence_67.wav,আবার আসবো।,barishal
sentence_68.wav,dataset/chunks/barishal/bar_cate_04/sentence_68.wav,এখানে কি বুফে আছে?,barishal
sentence_69.wav,dataset/chunks/barishal/bar_cate_04/sentence_69.wav,বুফের দাম কত?,barishal
sentence_70.wav,dataset/chunks/barishal/bar_cate_04/sentence_70.wav,"ধন্যবাদ, বিদায়।",barishal
sentence_01.wav,dataset/chunks/barishal/bar_cate_05/sentence_01.wav,আমি বাংলাদেশের কিছু দর্শনীয় স্থান দেখতে চাই।,barishal
sentence_02.wav,dataset/chunks/barishal/bar_cate_05/sentence_02.wav,এই জায়গাটি কখন খোলা থাকে?,barishal
sentence_03.wav,dataset/chunks/barishal/bar_cate_05/sentence_03.wav,টিকিটের দাম কত?,barishal
sentence_04.wav,dataset/chunks/barishal/bar_cate_05/sentence_04.wav,আমাকে একটি গাইড দরকার।,barishal
sentence_05.wav,dataset/chunks/barishal/bar_cate_05/sentence_05.wav,আমরা গ্রুপে ঘুরতে এসেছি।,barishal
sentence_06.wav,dataset/chunks/barishal/bar_cate_05/sentence_06.wav,ছবি তোলা যাবে কি?,barishal
sentence_07.wav,dataset/chunks/barishal/bar_cate_05/sentence_07.wav,এই দর্শনীয় স্থানটি খুব সুন্দর।,barishal
sentence_08.wav,dataset/chunks/barishal/bar_cate_05/sentence_08.wav,আমাকে মানচিত্র দেখান।,barishal
sentence_09.wav,dataset/chunks/barishal/bar_cate_05/sentence_09.wav,আমি সকাল ১০টায় পৌঁছেছি।,barishal
sentence_10.wav,dataset/chunks/barishal/bar_cate_05/sentence_10.wav,পর্যটকরা এখানে খুব বেশি।,barishal
sentence_11.wav,dataset/chunks/barishal/bar_cate_05/sentence_11.wav,আমাকে হোটেলের ঠিকানা দিন।,barishal
sentence_12.wav,dataset/chunks/barishal/bar_cate_05/sentence_12.wav,এই জায়গায় কি খাবার পাওয়া যায়?,barishal
sentence_13.wav,dataset/chunks/barishal/bar_cate_05/sentence_13.wav,আমরা তিন ঘণ্টা থাকবো।,barishal
sentence_14.wav,dataset/chunks/barishal/bar_cate_05/sentence_14.wav,জলের পাশে ছবি তুলুন।,barishal
sentence_15.wav,dataset/chunks/barishal/bar_cate_05/sentence_15.wav,সুন্দর দিকটি দেখুন।,barishal
sentence_16.wav,dataset/chunks/barishal/bar_cate_05/sentence_16.wav,আমাদের গাইড কি বাংলায় কথা বলতে পারে?,barishal
sentence_17.wav,dataset/chunks/barishal/bar_cate_05/sentence_17.wav,পার্কিং এর জায়গা কোথায়?,barishal
sentence_18.wav,dataset/chunks/barishal/bar_cate_05/sentence_18.wav,এখানে কি নৌকা ভাড়া পাওয়া যায়?,barishal
sentence_19.wav,dataset/chunks/barishal/bar_cate_05/sentence_19.wav,আমি নদীর উপর ভ্রমণ করতে চাই।,barishal
sentence_20.wav,dataset/chunks/barishal/bar_cate_05/sentence_20.wav,আমাদের আরও তথ্য দরকার।,barishal
sentence_21.wav,dataset/chunks/barishal/bar_cate_05/sentence_21.wav,এই জায়গাটি ইতিহাসে গুরুত্বপূর্ণ।,barishal
sentence_22.wav,dataset/chunks/barishal/bar_cate_05/sentence_22.wav,আপনি কি গাইড সার্ভিস করেন?,barishal
sentence_23.wav,dataset/chunks/barishal/bar_cate_05/sentence_23.wav,আমি সকালবেলা আবার আসব।,barishal
sentence_24.wav,dataset/chunks/barishal/bar_cate_05/sentence_24.wav,আমাকে দুইজনের জন্য টিকিট দিন।,barishal
sentence_25.wav,dataset/chunks/barishal/bar_cate_05/sentence_25.wav,এখানে কি কোনো ছাড় আছে?,barishal
sentence_26.wav,dataset/chunks/barishal/bar_cate_05/sentence_26.wav,আমাদের ছবি তুলতে সাহায্য করুন।,barishal
sentence_27.wav,dataset/chunks/barishal/bar_cate_05/sentence_27.wav,এই দিক দিয়ে হাঁটুন।,barishal
sentence_28.wav,dataset/chunks/barishal/bar_cate_05/sentence_28.wav,দর্শকরা এখানে অনেক ছবি তুলছে।,barishal
sentence_29.wav,dataset/chunks/barishal/bar_cate_05/sentence_29.wav,আমি মিউজিয়াম ঘুরতে চাই।,barishal
sentence_30.wav,dataset/chunks/barishal/bar_cate_05/sentence_30.wav,রেস্টুরেন্টটি খুব কাছে।,barishal
sentence_31.wav,dataset/chunks/barishal/bar_cate_05/sentence_31.wav,আমরা পিকনিক করতে এসেছি।,barishal
sentence_32.wav,dataset/chunks/barishal/bar_cate_05/sentence_32.wav,এই জায়গার ইতিহাস জানতে চাই।,barishal
sentence_33.wav,dataset/chunks/barishal/bar_cate_05/sentence_33.wav,বিকেলের দিকে ছবি তুলুন।,barishal
sentence_34.wav,dataset/chunks/barishal/bar_cate_05/sentence_34.wav,আমার বন্ধু মানচিত্র পড়তে পারছে না।,barishal
sentence_35.wav,dataset/chunks/barishal/bar_cate_05/sentence_35.wav,এখানে কি গাইড পাওয়া যাবে?,barishal
sentence_36.wav,dataset/chunks/barishal/bar_cate_05/sentence_36.wav,আমরা পাহাড় দেখতে চাই।,barishal
sentence_37.wav,dataset/chunks/barishal/bar_cate_05/sentence_37.wav,সৈকত খুব সুন্দর।,barishal
sentence_38.wav,dataset/chunks/barishal/bar_cate_05/sentence_38.wav,জলস্রোতের ছবি তোলা উচিত।,barishal
sentence_39.wav,dataset/chunks/barishal/bar_cate_05/sentence_39.wav,গাইড কি আমাদের পথে নিয়ে যাবে?,barishal
sentence_40.wav,dataset/chunks/barishal/bar_cate_05/sentence_40.wav,আমরা সকাল ৮টায় বের হব।,barishal
sentence_41.wav,dataset/chunks/barishal/bar_cate_05/sentence_41.wav,এখানে কি টিকেট ছাড়া প্রবেশ সম্ভব?,barishal
sentence_42.wav,dataset/chunks/barishal/bar_cate_05/sentence_42.wav,ভ্রমণকারীরা খুব আনন্দ করছে।,barishal
sentence_43.wav,dataset/chunks/barishal/bar_cate_05/sentence_43.wav,আমি এখানে শপিং করতে চাই।,barishal
sentence_44.wav,dataset/chunks/barishal/bar_cate_05/sentence_44.wav,এই দিকটি খুব রোমাঞ্চকর।,barishal
sentence_45.wav,dataset/chunks/barishal/bar_cate_05/sentence_45.wav,আমাদের গাইড রাতের দিকে ফেরার সময় বলে।,barishal
sentence_46.wav,dataset/chunks/barishal/bar_cate_05/sentence_46.wav,ছবি তোলার জন্য আলো ঠিক আছে।,barishal
sentence_47.wav,dataset/chunks/barishal/bar_cate_05/sentence_47.wav,আমাদের গাইড নদের উপর নৌকা ভাড়া দেখিয়েছে।,barishal
sentence_48.wav,dataset/chunks/barishal/bar_cate_05/sentence_48.wav,এখানে কি কোনো মিউজিয়াম আছে?,barishal
sentence_49.wav,dataset/chunks/barishal/bar_cate_05/sentence_49.wav,আমরা পাহাড়ে ট্রেক করতে চাই।,barishal
sentence_50.wav,dataset/chunks/barishal/bar_cate_05/sentence_50.wav,এই স্থানের ইতিহাস অনেক পুরনো।,barishal
sentence_51.wav,dataset/chunks/barishal/bar_cate_05/sentence_51.wav,আমাদের ছবি তুলতে সময় লাগছে।,barishal
sentence_52.wav,dataset/chunks/barishal/bar_cate_05/sentence_52.wav,আমি সুভর্ণভূমি দেখতে চাই।,barishal
sentence_53.wav,dataset/chunks/barishal/bar_cate_05/sentence_53.wav,ট্রিপটি খুব মজার।,barishal
sentence_54.wav,dataset/chunks/barishal/bar_cate_05/sentence_54.wav,আমাদের হোটেল থেকে খুব দূরে নয়।,barishal
sentence_55.wav,dataset/chunks/barishal/bar_cate_05/sentence_55.wav,আমরা সকালে যাওয়ার পরিকল্পনা করেছি।,barishal
sentence_56.wav,dataset/chunks/barishal/bar_cate_05/sentence_56.wav,দিক নির্দেশনা অনুসরণ করুন।,barishal
sentence_57.wav,dataset/chunks/barishal/bar_cate_05/sentence_57.wav,দর্শনার্থীরা গাইডের কথা শুনছে।,barishal
sentence_58.wav,dataset/chunks/barishal/bar_cate_05/sentence_58.wav,আমি পোর্ট্রেট ছবি তুলতে চাই।,barishal
sentence_59.wav,dataset/chunks/barishal/bar_cate_05/sentence_59.wav,এখানে পর্যটন তথ্য কেন্দ্র আছে।,barishal
sentence_60.wav,dataset/chunks/barishal/bar_cate_05/sentence_60.wav,আমরা গ্রুপ ছবি তুলব।,barishal
sentence_61.wav,dataset/chunks/barishal/bar_cate_05/sentence_61.wav,আমাদের আরও কিছু সময় দরকার।,barishal
sentence_62.wav,dataset/chunks/barishal/bar_cate_05/sentence_62.wav,নদীর পাশে হাঁটতে চাই।,barishal
sentence_63.wav,dataset/chunks/barishal/bar_cate_05/sentence_63.wav,গাইড আমাদের নৌকায় নিয়ে যাবে।,barishal
sentence_64.wav,dataset/chunks/barishal/bar_cate_05/sentence_64.wav,এখানে ঝর্ণার ছবি তোলা যেতে পারে।,barishal
sentence_65.wav,dataset/chunks/barishal/bar_cate_05/sentence_65.wav,আমরা সব দর্শনীয় স্থান ঘুরে দেখব।,barishal
sentence_66.wav,dataset/chunks/barishal/bar_cate_05/sentence_66.wav,এই জায়গাটি খুব শান্ত।,barishal
sentence_67.wav,dataset/chunks/barishal/bar_cate_05/sentence_67.wav,আমি রাতের ভ্রমণ পছন্দ করি।,barishal
sentence_68.wav,dataset/chunks/barishal/bar_cate_05/sentence_68.wav,আমাদের হোটেল থেকে বাসস্ট্যান্ড দূরে নয়।,barishal
sentence_69.wav,dataset/chunks/barishal/bar_cate_05/sentence_69.wav,আমরা সকালের দিকে ছবি তুলব।,barishal
sentence_70.wav,dataset/chunks/barishal/bar_cate_05/sentence_70.wav,এই জায়গা সত্যিই স্মরণীয়।,barishal
sentence_01.wav,dataset/chunks/barishal/bar_cate_06/sentence_01.wav,আমার মাথা ব্যথা করছে।,barishal
sentence_02.wav,dataset/chunks/barishal/bar_cate_06/sentence_02.wav,কাছাকাছি হাসপাতাল কোথায়?,barishal
sentence_03.wav,dataset/chunks/barishal/bar_cate_06/sentence_03.wav,ডাক্তারের জন্য কীভাবে অ্যাপয়েন্টমেন্ট নেব?,barishal
sentence_04.wav,dataset/chunks/barishal/bar_cate_06/sentence_04.wav,আমাকে একটি ওষুধের দোকান দেখান।,barishal
sentence_05.wav,dataset/chunks/barishal/bar_cate_06/sentence_05.wav,আমি জ্বর অনুভব করছি।,barishal
sentence_06.wav,dataset/chunks/barishal/bar_cate_06/sentence_06.wav,আমি দুর্ঘটনার শিকার হয়েছি।,barishal
sentence_07.wav,dataset/chunks/barishal/bar_cate_06/sentence_07.wav,হাসপাতালে কত সময় লাগবে পৌঁছাতে?,barishal
sentence_08.wav,dataset/chunks/barishal/bar_cate_06/sentence_08.wav,আমার পায়ে চোট লেগেছে।,barishal
sentence_09.wav,dataset/chunks/barishal/bar_cate_06/sentence_09.wav,আমাকে হাসপাতালে নিয়ে যান।,barishal
sentence_10.wav,dataset/chunks/barishal/bar_cate_06/sentence_10.wav,আমি শ্বাসকষ্ট অনুভব করছি।,barishal
sentence_11.wav,dataset/chunks/barishal/bar_cate_06/sentence_11.wav,আমাকে দ্রুত সাহায্য করুন।,barishal
sentence_12.wav,dataset/chunks/barishal/bar_cate_06/sentence_12.wav,ডাক্তার কখন উপস্থিত থাকবেন?,barishal
sentence_13.wav,dataset/chunks/barishal/bar_cate_06/sentence_13.wav,আমার শিশু অসুস্থ।,barishal
sentence_14.wav,dataset/chunks/barishal/bar_cate_06/sentence_14.wav,আমার পেটে ব্যথা করছে।,barishal
sentence_15.wav,dataset/chunks/barishal/bar_cate_06/sentence_15.wav,ওষুধের নাম কী?,barishal
sentence_16.wav,dataset/chunks/barishal/bar_cate_06/sentence_16.wav,আমি ধমনীতে ব্যথা অনুভব করছি।,barishal
sentence_17.wav,dataset/chunks/barishal/bar_cate_06/sentence_17.wav,এটি কি জরুরি অবস্থা?,barishal
sentence_18.wav,dataset/chunks/barishal/bar_cate_06/sentence_18.wav,আমি অলস লাগছে।,barishal
sentence_19.wav,dataset/chunks/barishal/bar_cate_06/sentence_19.wav,আমার চোখে সমস্যা হচ্ছে।,barishal
sentence_20.wav,dataset/chunks/barishal/bar_cate_06/sentence_20.wav,ডাক্তার কি বাংলা বলতে পারেন?,barishal
sentence_21.wav,dataset/chunks/barishal/bar_cate_06/sentence_21.wav,আমি অ্যালার্জি আক্রান্ত।,barishal
sentence_22.wav,dataset/chunks/barishal/bar_cate_06/sentence_22.wav,আমার সর্দি কাশি আছে।,barishal
sentence_23.wav,dataset/chunks/barishal/bar_cate_06/sentence_23.wav,হাসপাতালে কি ভিড় বেশি?,barishal
sentence_24.wav,dataset/chunks/barishal/bar_cate_06/sentence_24.wav,আমাকে একটি ব্যান্ডেজ দিন।,barishal
sentence_25.wav,dataset/chunks/barishal/bar_cate_06/sentence_25.wav,আমার দাঁতে ব্যথা করছে।,barishal
sentence_26.wav,dataset/chunks/barishal/bar_cate_06/sentence_26.wav,এখানে কি জরুরি ওষুধ পাওয়া যায়?,barishal
sentence_27.wav,dataset/chunks/barishal/bar_cate_06/sentence_27.wav,"আমি অসুস্থ, আমার বিশ্রাম প্রয়োজন।",barishal
sentence_28.wav,dataset/chunks/barishal/bar_cate_06/sentence_28.wav,আপনার ওষুধের পরিমাণ কত?,barishal
sentence_29.wav,dataset/chunks/barishal/bar_cate_06/sentence_29.wav,আমার পায়ে জ্বালা অনুভব হচ্ছে।,barishal
sentence_30.wav,dataset/chunks/barishal/bar_cate_06/sentence_30.wav,হাসপাতালে কি ডাক্তার সারাদিন থাকে?,barishal
sentence_31.wav,dataset/chunks/barishal/bar_cate_06/sentence_31.wav,আমাকে দ্রুত ট্যাক্সি দিন।,barishal
sentence_32.wav,dataset/chunks/barishal/bar_cate_06/sentence_32.wav,আমি গলা ব্যথা অনুভব করছি।,barishal
sentence_33.wav,dataset/chunks/barishal/bar_cate_06/sentence_33.wav,আমার হাতে কাটা গেছে।,barishal
sentence_34.wav,dataset/chunks/barishal/bar_cate_06/sentence_34.wav,এখানে কি স্বাস্থ্য পরীক্ষা করা যায়?,barishal
sentence_35.wav,dataset/chunks/barishal/bar_cate_06/sentence_35.wav,আমার পেট খারাপ লাগছে।,barishal
sentence_36.wav,dataset/chunks/barishal/bar_cate_06/sentence_36.wav,আমার চুল পড়ছে।,barishal
sentence_37.wav,dataset/chunks/barishal/bar_cate_06/sentence_37.wav,কি ওষুধ খাবো?,barishal
sentence_38.wav,dataset/chunks/barishal/bar_cate_06/sentence_38.wav,আমার শ্বাসনালি ব্যথা করছে।,barishal
sentence_39.wav,dataset/chunks/barishal/bar_cate_06/sentence_39.wav,আমার ডায়াবেটিস আছে।,barishal
sentence_40.wav,dataset/chunks/barishal/bar_cate_06/sentence_40.wav,আমাকে ইনজেকশন দেওয়া দরকার।,barishal
sentence_41.wav,dataset/chunks/barishal/bar_cate_06/sentence_41.wav,আমাকে ব্যথা উপশমের জন্য কিছু দিন।,barishal
sentence_42.wav,dataset/chunks/barishal/bar_cate_06/sentence_42.wav,আমি দুর্বল লাগছি।,barishal
sentence_43.wav,dataset/chunks/barishal/bar_cate_06/sentence_43.wav,আমার নাক দিয়ে রক্ত পড়ছে।,barishal
sentence_44.wav,dataset/chunks/barishal/bar_cate_06/sentence_44.wav,ডাক্তার কি এখন ফ্রি আছেন?,barishal
sentence_45.wav,dataset/chunks/barishal/bar_cate_06/sentence_45.wav,আমার বুক ব্যথা করছে।,barishal
sentence_46.wav,dataset/chunks/barishal/bar_cate_06/sentence_46.wav,আমার চোখ লাল হয়ে গেছে।,barishal
sentence_47.wav,dataset/chunks/barishal/bar_cate_06/sentence_47.wav,কি টেস্ট করাতে হবে?,barishal
sentence_48.wav,dataset/chunks/barishal/bar_cate_06/sentence_48.wav,আমি বুকধড় ধড় করছি।,barishal
sentence_49.wav,dataset/chunks/barishal/bar_cate_06/sentence_49.wav,হাসপাতালে কি অ্যাম্বুল্যান্স আছে?,barishal
sentence_50.wav,dataset/chunks/barishal/bar_cate_06/sentence_50.wav,আমার চামড়ায় চুলকানি হচ্ছে।,barishal
sentence_51.wav,dataset/chunks/barishal/bar_cate_06/sentence_51.wav,ওষুধটি কখন খাবো?,barishal
sentence_52.wav,dataset/chunks/barishal/bar_cate_06/sentence_52.wav,আমার কানে ব্যথা করছে।,barishal
sentence_53.wav,dataset/chunks/barishal/bar_cate_06/sentence_53.wav,আমাকে রক্ত পরীক্ষা করাতে হবে।,barishal
sentence_54.wav,dataset/chunks/barishal/bar_cate_06/sentence_54.wav,আমি গরমে অসুস্থ।,barishal
sentence_55.wav,dataset/chunks/barishal/bar_cate_06/sentence_55.wav,আমার দাঁতের ইনফেকশন হয়েছে।,barishal
sentence_56.wav,dataset/chunks/barishal/bar_cate_06/sentence_56.wav,এখানে কি স্যালাইন দেওয়া হয়?,barishal
sentence_57.wav,dataset/chunks/barishal/bar_cate_06/sentence_57.wav,আমার পায়ের আঙুল ফোলা গেছে।,barishal
sentence_58.wav,dataset/chunks/barishal/bar_cate_06/sentence_58.wav,আমাকে ব্যথানাশক দিন।,barishal
sentence_59.wav,dataset/chunks/barishal/bar_cate_06/sentence_59.wav,কি খেলে সুস্থতা হবে?,barishal
sentence_60.wav,dataset/chunks/barishal/bar_cate_06/sentence_60.wav,আমি মাথা ঘোরাতে লাগছে।,barishal
sentence_61.wav,dataset/chunks/barishal/bar_cate_06/sentence_61.wav,হাসপাতালে কি ডাক্তার রাতেও থাকেন?,barishal
sentence_62.wav,dataset/chunks/barishal/bar_cate_06/sentence_62.wav,আমার গলার প্রদাহ আছে।,barishal
sentence_63.wav,dataset/chunks/barishal/bar_cate_06/sentence_63.wav,আমার শরীরে জ্বালা অনুভূত হচ্ছে।,barishal
sentence_64.wav,dataset/chunks/barishal/bar_cate_06/sentence_64.wav,আমাকে ওষুধের রিসিপি দিন।,barishal
sentence_65.wav,dataset/chunks/barishal/bar_cate_06/sentence_65.wav,কি ওষুধ বেশি কার্যকর?,barishal
sentence_66.wav,dataset/chunks/barishal/bar_cate_06/sentence_66.wav,আমার গায়ে র‍্যাশ হয়েছে।,barishal
sentence_67.wav,dataset/chunks/barishal/bar_cate_06/sentence_67.wav,আমি পায়ে ব্যথা অনুভব করছি।,barishal
sentence_68.wav,dataset/chunks/barishal/bar_cate_06/sentence_68.wav,হাসপাতালে কি অ্যাপয়েন্টমেন্ট লাগবে?,barishal
sentence_69.wav,dataset/chunks/barishal/bar_cate_06/sentence_69.wav,আমাকে দ্রুত দেখুন।,barishal
sentence_70.wav,dataset/chunks/barishal/bar_cate_06/sentence_70.wav,আমার পেট খুব ব্যথা করছে।,barishal
sentence_01.wav,dataset/chunks/barishal/bar_cate_07/sentence_01.wav,আপনার পরিবারে কয়জন সদস্য আছে?,barishal
sentence_02.wav,dataset/chunks/barishal/bar_cate_07/sentence_02.wav,আমার বাবা একজন শিক্ষক।,barishal
sentence_03.wav,dataset/chunks/barishal/bar_cate_07/sentence_03.wav,আপনি কোথায় বড় হয়েছেন?,barishal
sentence_04.wav,dataset/chunks/barishal/bar_cate_07/sentence_04.wav,আমার মা ঘরে থাকেন।,barishal
sentence_05.wav,dataset/chunks/barishal/bar_cate_07/sentence_05.wav,আপনার ভাইবোন আছে কি?,barishal
sentence_06.wav,dataset/chunks/barishal/bar_cate_07/sentence_06.wav,আমার এক ভাই ও দুই বোন আছে।,barishal
sentence_07.wav,dataset/chunks/barishal/bar_cate_07/sentence_07.wav,আমরা একসাথে ভ্রমণ করতে ভালোবাসি।,barishal
sentence_08.wav,dataset/chunks/barishal/bar_cate_07/sentence_08.wav,আপনার পছন্দের খাবার কী?,barishal
sentence_09.wav,dataset/chunks/barishal/bar_cate_07/sentence_09.wav,আমার ছোট বোন স্কুলে পড়ে।,barishal
sentence_10.wav,dataset/chunks/barishal/bar_cate_07/sentence_10.wav,আপনার বাবা কোথায় কাজ করেন?,barishal
sentence_11.wav,dataset/chunks/barishal/bar_cate_07/sentence_11.wav,আমার পরিবার সব সময় একসাথে খেতে বসে।,barishal
sentence_12.wav,dataset/chunks/barishal/bar_cate_07/sentence_12.wav,আপনার মা কি রান্না করতে ভালোবাসেন?,barishal
sentence_13.wav,dataset/chunks/barishal/bar_cate_07/sentence_13.wav,আমরা প্রতি বছর ঈদে মিলিত হই।,barishal
sentence_14.wav,dataset/chunks/barishal/bar_cate_07/sentence_14.wav,আপনার পছন্দের ছুটি কী?,barishal
sentence_15.wav,dataset/chunks/barishal/bar_cate_07/sentence_15.wav,আমার বাবা সকালবেলা হাঁটতে যান।,barishal
sentence_16.wav,dataset/chunks/barishal/bar_cate_07/sentence_16.wav,আপনার পরিবারে কারা রয়েছেন?,barishal
sentence_17.wav,dataset/chunks/barishal/bar_cate_07/sentence_17.wav,আমার দাদা আমাদের সঙ্গে থাকে।,barishal
sentence_18.wav,dataset/chunks/barishal/bar_cate_07/sentence_18.wav,আপনি কি বিবাহিত?,barishal
sentence_19.wav,dataset/chunks/barishal/bar_cate_07/sentence_19.wav,আমি বিবাহিত এবং আমার দুই সন্তান আছে।,barishal
sentence_20.wav,dataset/chunks/barishal/bar_cate_07/sentence_20.wav,আপনার বোন কি বিশ্ববিদ্যালয়ে পড়ে?,barishal
sentence_21.wav,dataset/chunks/barishal/bar_cate_07/sentence_21.wav,আমরা রোববার একসাথে সিনেমা দেখি।,barishal
sentence_22.wav,dataset/chunks/barishal/bar_cate_07/sentence_22.wav,আপনার পছন্দের পরিবারের অনুষ্ঠান কোনটি?,barishal
sentence_23.wav,dataset/chunks/barishal/bar_cate_07/sentence_23.wav,আমার বাবা মা আমাদের জন্য খুব যত্নশীল।,barishal
sentence_24.wav,dataset/chunks/barishal/bar_cate_07/sentence_24.wav,আপনার শিশুরা স্কুলে ভালো করছে কি?,barishal
sentence_25.wav,dataset/chunks/barishal/bar_cate_07/sentence_25.wav,আমার পরিবারের সবাই স্বাস্থ্যকর জীবনযাপন করে।,barishal
sentence_26.wav,dataset/chunks/barishal/bar_cate_07/sentence_26.wav,আপনি কোথায় বেড়ে উঠেছেন?,barishal
sentence_27.wav,dataset/chunks/barishal/bar_cate_07/sentence_27.wav,আমার পরিবার গ্রামে থাকে।,barishal
sentence_28.wav,dataset/chunks/barishal/bar_cate_07/sentence_28.wav,আপনার বাবা কি বিদেশে কাজ করেন?,barishal
sentence_29.wav,dataset/chunks/barishal/bar_cate_07/sentence_29.wav,আমি আমার পরিবারের সঙ্গে ছুটিতে যাই।,barishal
sentence_30.wav,dataset/chunks/barishal/bar_cate_07/sentence_30.wav,আপনার পরিবারে ছোট ছোট ভাইবোন আছে কি?,barishal
sentence_31.wav,dataset/chunks/barishal/bar_cate_07/sentence_31.wav,আমার ভাই ফুটবল খেলে।,barishal
sentence_32.wav,dataset/chunks/barishal/bar_cate_07/sentence_32.wav,আপনার মা কি কাজ করেন?,barishal
sentence_33.wav,dataset/chunks/barishal/bar_cate_07/sentence_33.wav,আমরা প্রতি সপ্তাহে একসাথে খাবার করি।,barishal
sentence_34.wav,dataset/chunks/barishal/bar_cate_07/sentence_34.wav,আপনার বাবা কি বাসায় থাকেন?,barishal
sentence_35.wav,dataset/chunks/barishal/bar_cate_07/sentence_35.wav,আমার পরিবারে সবাই একে অপরকে সাহায্য করে।,barishal
sentence_36.wav,dataset/chunks/barishal/bar_cate_07/sentence_36.wav,আপনি কত বছর ধরে বিবাহিত?,barishal
sentence_37.wav,dataset/chunks/barishal/bar_cate_07/sentence_37.wav,আমার বোন চিকিৎসা পড়াশোনা করছে।,barishal
sentence_38.wav,dataset/chunks/barishal/bar_cate_07/sentence_38.wav,আপনার বাবা মা কি এখনও কাজ করেন?,barishal
sentence_39.wav,dataset/chunks/barishal/bar_cate_07/sentence_39.wav,আমরা সবাই একসাথে হোলিডে যাই।,barishal
sentence_40.wav,dataset/chunks/barishal/bar_cate_07/sentence_40.wav,আপনার সন্তানদের নাম কী?,barishal
sentence_41.wav,dataset/chunks/barishal/bar_cate_07/sentence_41.wav,আমার ছেলে ফুটবল খেলতে ভালোবাসে।,barishal
sentence_42.wav,dataset/chunks/barishal/bar_cate_07/sentence_42.wav,আপনার পরিবারের বয়সী সদস্যরা কি সক্রিয়?,barishal
sentence_43.wav,dataset/chunks/barishal/bar_cate_07/sentence_43.wav,আমি আমার পরিবারের সঙ্গে সিনেমা দেখতে যাই।,barishal
sentence_44.wav,dataset/chunks/barishal/bar_cate_07/sentence_44.wav,আপনার মা কি রান্না ভালো করেন?,barishal
sentence_45.wav,dataset/chunks/barishal/bar_cate_07/sentence_45.wav,আমার বাবা সকালবেলা সংবাদ পড়েন।,barishal
sentence_46.wav,dataset/chunks/barishal/bar_cate_07/sentence_46.wav,আপনার বোনের পছন্দের কাজ কী?,barishal
sentence_47.wav,dataset/chunks/barishal/bar_cate_07/sentence_47.wav,আমরা বড়দিন একসাথে উদযাপন করি।,barishal
sentence_48.wav,dataset/chunks/barishal/bar_cate_07/sentence_48.wav,আমার পরিবারে কেউ বিদেশে থাকে।,barishal
sentence_49.wav,dataset/chunks/barishal/bar_cate_07/sentence_49.wav,আপনার পরিবারের সদস্যরা কি সুস্থ আছে?,barishal
sentence_50.wav,dataset/chunks/barishal/bar_cate_07/sentence_50.wav,আমি পরিবারকে খুব ভালোবাসি।,barishal
sentence_51.wav,dataset/chunks/barishal/bar_cate_07/sentence_51.wav,আপনার ভাইবোন কি আপনার সাথে থাকে?,barishal
sentence_52.wav,dataset/chunks/barishal/bar_cate_07/sentence_52.wav,আমার বাবা মা গ্রামের বাড়িতে থাকেন।,barishal
sentence_53.wav,dataset/chunks/barishal/bar_cate_07/sentence_53.wav,আমরা একসাথে খেলা করি।,barishal
sentence_54.wav,dataset/chunks/barishal/bar_cate_07/sentence_54.wav,আপনার পরিবারে কেউ চাকরিতে আছেন কি?,barishal
sentence_55.wav,dataset/chunks/barishal/bar_cate_07/sentence_55.wav,আমি আমার পরিবারের জন্য সব করি।,barishal
sentence_56.wav,dataset/chunks/barishal/bar_cate_07/sentence_56.wav,আপনার বাবা মা কি অবসরপ্রাপ্ত?,barishal
sentence_57.wav,dataset/chunks/barishal/bar_cate_07/sentence_57.wav,আমরা হোলিডেতে গ্রামের বাড়িতে যাই।,barishal
sentence_58.wav,dataset/chunks/barishal/bar_cate_07/sentence_58.wav,আমার ছোট ভাই স্কুলে ভালো করছে।,barishal
sentence_59.wav,dataset/chunks/barishal/bar_cate_07/sentence_59.wav,আপনার পরিবার কত ঘনিষ্ঠ?,barishal
sentence_60.wav,dataset/chunks/barishal/bar_cate_07/sentence_60.wav,আমরা প্রতি মাসে একসাথে বেড়াতে যাই।,barishal
sentence_61.wav,dataset/chunks/barishal/bar_cate_07/sentence_61.wav,আমার মা গল্প শুনাতে ভালোবাসেন।,barishal
sentence_62.wav,dataset/chunks/barishal/bar_cate_07/sentence_62.wav,আপনার বাবা কি কখনও ভ্রমণে যান?,barishal
sentence_63.wav,dataset/chunks/barishal/bar_cate_07/sentence_63.wav,আমি আমার পরিবারকে সব সময় সাহায্য করি।,barishal
sentence_64.wav,dataset/chunks/barishal/bar_cate_07/sentence_64.wav,আপনার ভাইবোন কি একে অপরকে সাহায্য করে?,barishal
sentence_65.wav,dataset/chunks/barishal/bar_cate_07/sentence_65.wav,আমরা পরিবারে জন্মদিন উদযাপন করি।,barishal
sentence_66.wav,dataset/chunks/barishal/bar_cate_07/sentence_66.wav,আমার পরিবারের সঙ্গে সময় কাটানো ভালো লাগে।,barishal
sentence_67.wav,dataset/chunks/barishal/bar_cate_07/sentence_67.wav,আপনার মা বাবা কি একসাথে আছেন?,barishal
sentence_68.wav,dataset/chunks/barishal/bar_cate_07/sentence_68.wav,আমার বাবা খুব কঠোর কিন্তু ভালো মানুষ।,barishal
sentence_69.wav,dataset/chunks/barishal/bar_cate_07/sentence_69.wav,আমরা পারিবারিক ছবি তুলি।,barishal
sentence_70.wav,dataset/chunks/barishal/bar_cate_07/sentence_70.wav,আমি আমার পরিবারের সুখের জন্য কাজ করি।,barishal
sentence_01.wav,dataset/chunks/barishal/bar_cate_08/sentence_01.wav,এই বছর ধানের ফলন কেমন হবে?,barishal
sentence_02.wav,dataset/chunks/barishal/bar_cate_08/sentence_02.wav,আমি মাছ চাষ শুরু করতে চাই।,barishal
sentence_03.wav,dataset/chunks/barishal/bar_cate_08/sentence_03.wav,বৃষ্টিপাত ঠিক আছে কি?,barishal
sentence_04.wav,dataset/chunks/barishal/bar_cate_08/sentence_04.wav,জমি প্রস্তুত করা হয়েছে।,barishal
sentence_05.wav,dataset/chunks/barishal/bar_cate_08/sentence_05.wav,ধানের বীজ কত লাগবে?,barishal
sentence_06.wav,dataset/chunks/barishal/bar_cate_08/sentence_06.wav,কীটনাশক প্রয়োগ করতে হবে।,barishal
sentence_07.wav,dataset/chunks/barishal/bar_cate_08/sentence_07.wav,আমি সবজি চাষ করি।,barishal
sentence_08.wav,dataset/chunks/barishal/bar_cate_08/sentence_08.wav,মাছের পুকুর কত বড়?,barishal
sentence_09.wav,dataset/chunks/barishal/bar_cate_08/sentence_09.wav,আমার ধান ভালোভাবে ফলন করছে।,barishal
sentence_10.wav,dataset/chunks/barishal/bar_cate_08/sentence_10.wav,সার দেওয়া হয়েছে।,barishal
sentence_11.wav,dataset/chunks/barishal/bar_cate_08/sentence_11.wav,কৃষকের জন্য কি সহায়তা আছে?,barishal
sentence_12.wav,dataset/chunks/barishal/bar_cate_08/sentence_12.wav,গবাদি পশুদের খাওয়ানো হয়েছে।,barishal
sentence_13.wav,dataset/chunks/barishal/bar_cate_08/sentence_13.wav,আবহাওয়া কেমন থাকবে?,barishal
sentence_14.wav,dataset/chunks/barishal/bar_cate_08/sentence_14.wav,বৃষ্টির অভাব ধানের জন্য ক্ষতিকর।,barishal
sentence_15.wav,dataset/chunks/barishal/bar_cate_08/sentence_15.wav,পুকুরে পানি পরীক্ষা করা হয়েছে।,barishal
sentence_16.wav,dataset/chunks/barishal/bar_cate_08/sentence_16.wav,আমি নতুন সার প্রয়োগ করব।,barishal
sentence_17.wav,dataset/chunks/barishal/bar_cate_08/sentence_17.wav,কীটপতঙ্গ ধ্বংস করতে হবে।,barishal
sentence_18.wav,dataset/chunks/barishal/bar_cate_08/sentence_18.wav,ধানের বীজ ভালো মানের কিনুন।,barishal
sentence_19.wav,dataset/chunks/barishal/bar_cate_08/sentence_19.wav,সবজি খুব দ্রুত বড় হচ্ছে।,barishal
sentence_20.wav,dataset/chunks/barishal/bar_cate_08/sentence_20.wav,মাছের পুকুরে খাবার দিন।,barishal
sentence_21.wav,dataset/chunks/barishal/bar_cate_08/sentence_21.wav,জমিতে আগাছা কাটা হয়েছে।,barishal
sentence_22.wav,dataset/chunks/barishal/bar_cate_08/sentence_22.wav,আমি নতুন পুকুর খনন করেছি।,barishal
sentence_23.wav,dataset/chunks/barishal/bar_cate_08/sentence_23.wav,এই ফসলের জন্য কত সার লাগবে?,barishal
sentence_24.wav,dataset/chunks/barishal/bar_cate_08/sentence_24.wav,গরু খুব ভালো অবস্থায় আছে।,barishal
sentence_25.wav,dataset/chunks/barishal/bar_cate_08/sentence_25.wav,ধান কেটে সংগ্রহ করা হয়েছে।,barishal
sentence_26.wav,dataset/chunks/barishal/bar_cate_08/sentence_26.wav,আমরা সবজি বাজারে বিক্রি করি।,barishal
sentence_27.wav,dataset/chunks/barishal/bar_cate_08/sentence_27.wav,মাটি পরীক্ষা করা হয়েছে।,barishal
sentence_28.wav,dataset/chunks/barishal/bar_cate_08/sentence_28.wav,পোকামাকড়ের আক্রমণ হয়েছে।,barishal
sentence_29.wav,dataset/chunks/barishal/bar_cate_08/sentence_29.wav,মাছের পুকুর পরিষ্কার করুন।,barishal
sentence_30.wav,dataset/chunks/barishal/bar_cate_08/sentence_30.wav,আমরা সার ও বীজ কিনব।,barishal
sentence_31.wav,dataset/chunks/barishal/bar_cate_08/sentence_31.wav,গবাদি পশুদের স্বাস্থ্য পরীক্ষা করা হয়েছে।,barishal
sentence_32.wav,dataset/chunks/barishal/bar_cate_08/sentence_32.wav,ধানের ফলন ভাল হয়েছে।,barishal
sentence_33.wav,dataset/chunks/barishal/bar_cate_08/sentence_33.wav,আমি নতুন চারা রোপণ করব।,barishal
sentence_34.wav,dataset/chunks/barishal/bar_cate_08/sentence_34.wav,আবহাওয়া পরিবর্তনশীল।,barishal
sentence_35.wav,dataset/chunks/barishal/bar_cate_08/sentence_35.wav,পুকুরে পানি কমে গেছে।,barishal
sentence_36.wav,dataset/chunks/barishal/bar_cate_08/sentence_36.wav,আমরা নতুন সার পরীক্ষা করব।,barishal
sentence_37.wav,dataset/chunks/barishal/bar_cate_08/sentence_37.wav,কি মাছের প্রজাতি ভালো ফলন দিচ্ছে?,barishal
sentence_38.wav,dataset/chunks/barishal/bar_cate_08/sentence_38.wav,জমি উর্বর।,barishal
sentence_39.wav,dataset/chunks/barishal/bar_cate_08/sentence_39.wav,ফসল রক্ষা করতে কী ব্যবস্থা নেওয়া হয়েছে?,barishal
sentence_40.wav,dataset/chunks/barishal/bar_cate_08/sentence_40.wav,আমরা গবাদি পশু বিক্রি করব।,barishal
sentence_41.wav,dataset/chunks/barishal/bar_cate_08/sentence_41.wav,ধানের ফসল শুকিয়ে গেছে।,barishal
sentence_42.wav,dataset/chunks/barishal/bar_cate_08/sentence_42.wav,পুকুরে নতুন মাছ ছাড়া হয়েছে।,barishal
sentence_43.wav,dataset/chunks/barishal/bar_cate_08/sentence_43.wav,আবহাওয়া খুব খারাপ।,barishal
sentence_44.wav,dataset/chunks/barishal/bar_cate_08/sentence_44.wav,আমরা সবজি রোপণ শুরু করেছি।,barishal
sentence_45.wav,dataset/chunks/barishal/bar_cate_08/sentence_45.wav,মাটির আর্দ্রতা ঠিক আছে কি?,barishal
sentence_46.wav,dataset/chunks/barishal/bar_cate_08/sentence_46.wav,সার দেওয়ার পর পানি দিন।,barishal
sentence_47.wav,dataset/chunks/barishal/bar_cate_08/sentence_47.wav,কীটনাশক কত দিন পর প্রয়োগ করতে হবে?,barishal
sentence_48.wav,dataset/chunks/barishal/bar_cate_08/sentence_48.wav,আমার ধান এখনও সবুজ।,barishal
sentence_49.wav,dataset/chunks/barishal/bar_cate_08/sentence_49.wav,গবাদি পশুদের জন্য খোরাক প্রস্তুত।,barishal
sentence_50.wav,dataset/chunks/barishal/bar_cate_08/sentence_50.wav,পুকুরের পানি পরীক্ষা করুন।,barishal
sentence_51.wav,dataset/chunks/barishal/bar_cate_08/sentence_51.wav,বৃষ্টি হলে ফসলের জন্য ভালো হবে।,barishal
sentence_52.wav,dataset/chunks/barishal/bar_cate_08/sentence_52.wav,আমরা নতুন সার প্রয়োগ করব।,barishal
sentence_53.wav,dataset/chunks/barishal/bar_cate_08/sentence_53.wav,কি সময়ে ধান কাটা উচিত?,barishal
sentence_54.wav,dataset/chunks/barishal/bar_cate_08/sentence_54.wav,পোকামাকড় ধ্বংস করা হয়েছে।,barishal
sentence_55.wav,dataset/chunks/barishal/bar_cate_08/sentence_55.wav,আমরা ফসল বিক্রি করব।,barishal
sentence_56.wav,dataset/chunks/barishal/bar_cate_08/sentence_56.wav,গবাদি পশুদের জন্য চিকিৎসা প্রয়োজন।,barishal
sentence_57.wav,dataset/chunks/barishal/bar_cate_08/sentence_57.wav,মাছের পুকুরে বেশি পানি ঢালুন।,barishal
sentence_58.wav,dataset/chunks/barishal/bar_cate_08/sentence_58.wav,আমরা কৃষি প্রদর্শনীতে যাব।,barishal
sentence_59.wav,dataset/chunks/barishal/bar_cate_08/sentence_59.wav,ধানের চারা ভালোভাবে জন্ম নিয়েছে।,barishal
sentence_60.wav,dataset/chunks/barishal/bar_cate_08/sentence_60.wav,ফসলের জন্য পানি দেওয়া হচ্ছে।,barishal
sentence_61.wav,dataset/chunks/barishal/bar_cate_08/sentence_61.wav,পোকামাকড়ের আক্রমণ কমে গেছে।,barishal
sentence_62.wav,dataset/chunks/barishal/bar_cate_08/sentence_62.wav,আমরা নতুন চারা কিনব।,barishal
sentence_63.wav,dataset/chunks/barishal/bar_cate_08/sentence_63.wav,কি মাছের খাদ্য ভালো ফলন দিচ্ছে?,barishal
sentence_64.wav,dataset/chunks/barishal/bar_cate_08/sentence_64.wav,জমি খুব উর্বর।,barishal
sentence_65.wav,dataset/chunks/barishal/bar_cate_08/sentence_65.wav,পুকুরের পানি পরিষ্কার রাখা হয়েছে।,barishal
sentence_66.wav,dataset/chunks/barishal/bar_cate_08/sentence_66.wav,আমি ধানের ক্ষেতে যাচ্ছি।,barishal
sentence_67.wav,dataset/chunks/barishal/bar_cate_08/sentence_67.wav,ফসল রক্ষা করতে কৃষক সতর্ক।,barishal
sentence_68.wav,dataset/chunks/barishal/bar_cate_08/sentence_68.wav,আমরা গবাদি পশু বিক্রির পরিকল্পনা করেছি।,barishal
sentence_69.wav,dataset/chunks/barishal/bar_cate_08/sentence_69.wav,ধানের ক্ষেতে জৈব সার প্রয়োগ করা হয়েছে।,barishal
sentence_70.wav,dataset/chunks/barishal/bar_cate_08/sentence_70.wav,আমাদের পুকুরে নতুন মাছ এসেছে।,barishal
sentence_01.wav,dataset/chunks/barishal/bar_cate_09/sentence_01.wav,আজ খুব গরম।,barishal
sentence_02.wav,dataset/chunks/barishal/bar_cate_09/sentence_02.wav,কাল বৃষ্টি হবে কি?,barishal
sentence_03.wav,dataset/chunks/barishal/bar_cate_09/sentence_03.wav,বাতাস কেমন চলছে?,barishal
sentence_04.wav,dataset/chunks/barishal/bar_cate_09/sentence_04.wav,আজ সূর্য ভালোভাবে উঠেছে।,barishal
sentence_05.wav,dataset/chunks/barishal/bar_cate_09/sentence_05.wav,তাপমাত্রা কত?,barishal
sentence_06.wav,dataset/chunks/barishal/bar_cate_09/sentence_06.wav,আজ মেঘলা দিন।,barishal
sentence_07.wav,dataset/chunks/barishal/bar_cate_09/sentence_07.wav,বাতাস খুব ঠান্ডা।,barishal
sentence_08.wav,dataset/chunks/barishal/bar_cate_09/sentence_08.wav,আজ দিনের আলো সুন্দর।,barishal
sentence_09.wav,dataset/chunks/barishal/bar_cate_09/sentence_09.wav,ঝড় আসছে কি?,barishal
sentence_10.wav,dataset/chunks/barishal/bar_cate_09/sentence_10.wav,আজ রাত খুব ঠান্ডা।,barishal
sentence_11.wav,dataset/chunks/barishal/bar_cate_09/sentence_11.wav,আকাশ পরিষ্কার।,barishal
sentence_12.wav,dataset/chunks/barishal/bar_cate_09/sentence_12.wav,বৃষ্টি শুরু হয়েছে।,barishal
sentence_13.wav,dataset/chunks/barishal/bar_cate_09/sentence_13.wav,তাপমাত্রা বেশি হলে গরম লাগবে।,barishal
sentence_14.wav,dataset/chunks/barishal/bar_cate_09/sentence_14.wav,ধুলোবালি কেটে গেছে।,barishal
sentence_15.wav,dataset/chunks/barishal/bar_cate_09/sentence_15.wav,জলবায়ু পরিবর্তন হচ্ছে।,barishal
sentence_16.wav,dataset/chunks/barishal/bar_cate_09/sentence_16.wav,আজ সূর্য ঝলমল করছে।,barishal
sentence_17.wav,dataset/chunks/barishal/bar_cate_09/sentence_17.wav,বাতাস কি বেশি তীব্র?,barishal
sentence_18.wav,dataset/chunks/barishal/bar_cate_09/sentence_18.wav,আজ দিনের তাপমাত্রা ৩৫°সেলসিয়াস।,barishal
sentence_19.wav,dataset/chunks/barishal/bar_cate_09/sentence_19.wav,আকাশে সবুজ মেঘ।,barishal
sentence_20.wav,dataset/chunks/barishal/bar_cate_09/sentence_20.wav,বৃষ্টির পর মাটি ভিজে গেছে।,barishal
sentence_21.wav,dataset/chunks/barishal/bar_cate_09/sentence_21.wav,আজ খুব আর্দ্রতা আছে।,barishal
sentence_22.wav,dataset/chunks/barishal/bar_cate_09/sentence_22.wav,কি ধরনের আবহাওয়া আপনার পছন্দ?,barishal
sentence_23.wav,dataset/chunks/barishal/bar_cate_09/sentence_23.wav,সূর্যাস্ত খুব সুন্দর হয়েছে।,barishal
sentence_24.wav,dataset/chunks/barishal/bar_cate_09/sentence_24.wav,আগামীকাল খুব ঠান্ডা হবে।,barishal
sentence_25.wav,dataset/chunks/barishal/bar_cate_09/sentence_25.wav,ঝড়ের পূর্বাভাস আছে।,barishal
sentence_26.wav,dataset/chunks/barishal/bar_cate_09/sentence_26.wav,বাতাসের দিক পরিবর্তিত হয়েছে।,barishal
sentence_27.wav,dataset/chunks/barishal/bar_cate_09/sentence_27.wav,আকাশে সূর্যোদয় দেখা যাচ্ছে।,barishal
sentence_28.wav,dataset/chunks/barishal/bar_cate_09/sentence_28.wav,আজ রাতের আকাশে তারা দেখা যাচ্ছে।,barishal
sentence_29.wav,dataset/chunks/barishal/bar_cate_09/sentence_29.wav,বাতাসে তীব্রতা আছে কি?,barishal
sentence_30.wav,dataset/chunks/barishal/bar_cate_09/sentence_30.wav,গ্রীষ্মকাল খুব গরম।,barishal
sentence_31.wav,dataset/chunks/barishal/bar_cate_09/sentence_31.wav,শীতকাল খুব ঠান্ডা।,barishal
sentence_32.wav,dataset/chunks/barishal/bar_cate_09/sentence_32.wav,আজকের আর্দ্রতা কেমন?,barishal
sentence_33.wav,dataset/chunks/barishal/bar_cate_09/sentence_33.wav,মেঘ কেটে গেছে।,barishal
sentence_34.wav,dataset/chunks/barishal/bar_cate_09/sentence_34.wav,ঝড়ের সময় বাইরে যাবেন না।,barishal
sentence_35.wav,dataset/chunks/barishal/bar_cate_09/sentence_35.wav,আজকের আকাশ নীল।,barishal
sentence_36.wav,dataset/chunks/barishal/bar_cate_09/sentence_36.wav,বাতাসে ধুলো আছে।,barishal
sentence_37.wav,dataset/chunks/barishal/bar_cate_09/sentence_37.wav,বৃষ্টির পর সবুজ গাছ আরও সুন্দর।,barishal
sentence_38.wav,dataset/chunks/barishal/bar_cate_09/sentence_38.wav,আজ খুব ধোঁয়া আছে।,barishal
sentence_39.wav,dataset/chunks/barishal/bar_cate_09/sentence_39.wav,আগামীকাল বৃষ্টি হবে কি?,barishal
sentence_40.wav,dataset/chunks/barishal/bar_cate_09/sentence_40.wav,আজ দুপুরে তাপমাত্রা কম।,barishal
sentence_41.wav,dataset/chunks/barishal/bar_cate_09/sentence_41.wav,সূর্য আকাশে উজ্জ্বল।,barishal
sentence_42.wav,dataset/chunks/barishal/bar_cate_09/sentence_42.wav,আজ বাতাস একটু ঠান্ডা।,barishal
sentence_43.wav,dataset/chunks/barishal/bar_cate_09/sentence_43.wav,ঝড়ের সময় কি precautions নিতে হবে?,barishal
sentence_44.wav,dataset/chunks/barishal/bar_cate_09/sentence_44.wav,আজকের আবহাওয়া স্বাভাবিক।,barishal
sentence_45.wav,dataset/chunks/barishal/bar_cate_09/sentence_45.wav,বৃষ্টি হলে রাস্তা ভিজে যাবে।,barishal
sentence_46.wav,dataset/chunks/barishal/bar_cate_09/sentence_46.wav,হাওয়া খুব নরম।,barishal
sentence_47.wav,dataset/chunks/barishal/bar_cate_09/sentence_47.wav,আজ সূর্য উঠার সময় দেরি হয়েছে।,barishal
sentence_48.wav,dataset/chunks/barishal/bar_cate_09/sentence_48.wav,আবহাওয়া রিপোর্ট কি হয়েছে?,barishal
sentence_49.wav,dataset/chunks/barishal/bar_cate_09/sentence_49.wav,আজকের তাপমাত্রা বেশী।,barishal
sentence_50.wav,dataset/chunks/barishal/bar_cate_09/sentence_50.wav,রাতে খুব ঠান্ডা হবে।,barishal
sentence_51.wav,dataset/chunks/barishal/bar_cate_09/sentence_51.wav,গ্রীষ্মের দিন দীর্ঘ।,barishal
sentence_52.wav,dataset/chunks/barishal/bar_cate_09/sentence_52.wav,শীতের রাত ছোট।,barishal
sentence_53.wav,dataset/chunks/barishal/bar_cate_09/sentence_53.wav,ঝড়ের কারণে বিদ্যুৎ চলে গেছে।,barishal
sentence_54.wav,dataset/chunks/barishal/bar_cate_09/sentence_54.wav,মেঘলা দিনে ছবি তোলা ভালো।,barishal
sentence_55.wav,dataset/chunks/barishal/bar_cate_09/sentence_55.wav,বাতাসে আর্দ্রতা বেশি।,barishal
sentence_56.wav,dataset/chunks/barishal/bar_cate_09/sentence_56.wav,কি ধরনের বাতাস চলছে?,barishal
sentence_57.wav,dataset/chunks/barishal/bar_cate_09/sentence_57.wav,আজ রাতের আকাশ পরিষ্কার।,barishal
sentence_58.wav,dataset/chunks/barishal/bar_cate_09/sentence_58.wav,বৃষ্টিপাত কম।,barishal
sentence_59.wav,dataset/chunks/barishal/bar_cate_09/sentence_59.wav,আগামীকাল তাপমাত্রা বাড়বে।,barishal
sentence_60.wav,dataset/chunks/barishal/bar_cate_09/sentence_60.wav,ঝড়ের সময় সড়ক নিরাপদ নয়।,barishal
sentence_61.wav,dataset/chunks/barishal/bar_cate_09/sentence_61.wav,আজ হালকা বৃষ্টি হচ্ছে।,barishal
sentence_62.wav,dataset/chunks/barishal/bar_cate_09/sentence_62.wav,বাতাসের তীব্রতা কমেছে।,barishal
sentence_63.wav,dataset/chunks/barishal/bar_cate_09/sentence_63.wav,আজকের সূর্যাস্ত সুন্দর।,barishal
sentence_64.wav,dataset/chunks/barishal/bar_cate_09/sentence_64.wav,কি সময়ে বৃষ্টি হবে?,barishal
sentence_65.wav,dataset/chunks/barishal/bar_cate_09/sentence_65.wav,আকাশে মেঘ অনেক।,barishal
sentence_66.wav,dataset/chunks/barishal/bar_cate_09/sentence_66.wav,আজ খুব শীতল দিন।,barishal
sentence_67.wav,dataset/chunks/barishal/bar_cate_09/sentence_67.wav,বাতাসের দিক পূর্ব।,barishal
sentence_68.wav,dataset/chunks/barishal/bar_cate_09/sentence_68.wav,হঠাৎ ঝড় এসেছে।,barishal
sentence_69.wav,dataset/chunks/barishal/bar_cate_09/sentence_69.wav,আজ খুব রৌদ্রজ্জ্বল।,barishal
sentence_70.wav,dataset/chunks/barishal/bar_cate_09/sentence_70.wav,আগামীকাল হালকা বাতাস থাকবে।,barishal
sentence_01.wav,dataset/chunks/barishal/bar_cate_10/sentence_01.wav,আপনি কিভাবে পহেলা বৈশাখ উদযাপন করেন?,barishal
sentence_02.wav,dataset/chunks/barishal/bar_cate_10/sentence_02.wav,আমি পহেলা বৈশাখে নতুন জামা পরি।,barishal
sentence_03.wav,dataset/chunks/barishal/bar_cate_10/sentence_03.wav,আমাদের গ্রামে ঈদ খুব বড় উৎসব।,barishal
sentence_04.wav,dataset/chunks/barishal/bar_cate_10/sentence_04.wav,আপনি পূজা কিভাবে পালন করেন?,barishal
sentence_05.wav,dataset/chunks/barishal/bar_cate_10/sentence_05.wav,আমরা দুর্গাপূজা দেখতে যাই।,barishal
sentence_06.wav,dataset/chunks/barishal/bar_cate_10/sentence_06.wav,আমার পরিবার নববর্ষ উদযাপন করে।,barishal
sentence_07.wav,dataset/chunks/barishal/bar_cate_10/sentence_07.wav,কি ধরনের খাবার উৎসবে থাকে?,barishal
sentence_08.wav,dataset/chunks/barishal/bar_cate_10/sentence_08.wav,আমরা ঈদের দিনে গিয়ে কার্ড দিই।,barishal
sentence_09.wav,dataset/chunks/barishal/bar_cate_10/sentence_09.wav,পহেলা বৈশাখে আমরা বাজারে যাই।,barishal
sentence_10.wav,dataset/chunks/barishal/bar_cate_10/sentence_10.wav,আমরা পহেলা বৈশাখে রঙিন পোশাক পরি।,barishal
sentence_11.wav,dataset/chunks/barishal/bar_cate_10/sentence_11.wav,হোলি আমাদের বন্ধুদের সঙ্গে খেলা হয়।,barishal
sentence_12.wav,dataset/chunks/barishal/bar_cate_10/sentence_12.wav,উৎসবে কি ধরনের গান বাজে?,barishal
sentence_13.wav,dataset/chunks/barishal/bar_cate_10/sentence_13.wav,আমরা লালবসন্ত উৎসব পালন করি।,barishal
sentence_14.wav,dataset/chunks/barishal/bar_cate_10/sentence_14.wav,আমাদের গ্রামে বর্ষবরণ খুব উৎসবমুখর।,barishal
sentence_15.wav,dataset/chunks/barishal/bar_cate_10/sentence_15.wav,পহেলা বৈশাখে নতুন বছরের জন্য শুভেচ্ছা বিনিময় করি।,barishal
sentence_16.wav,dataset/chunks/barishal/bar_cate_10/sentence_16.wav,আমরা ঈদে পরিবারের সঙ্গে ভ্রমণ করি।,barishal
sentence_17.wav,dataset/chunks/barishal/bar_cate_10/sentence_17.wav,দুর্গাপূজায় মন্দিরে ফুল সাজানো হয়।,barishal
sentence_18.wav,dataset/chunks/barishal/bar_cate_10/sentence_18.wav,কি ধরনের পোশাক উৎসবে পরা হয়?,barishal
sentence_19.wav,dataset/chunks/barishal/bar_cate_10/sentence_19.wav,নববর্ষে আমরা মিষ্টি খাই।,barishal
sentence_20.wav,dataset/chunks/barishal/bar_cate_10/sentence_20.wav,আমরা ঈদের সকালে নতুন জামা পরি।,barishal
sentence_21.wav,dataset/chunks/barishal/bar_cate_10/sentence_21.wav,পূজার সময় মন্দিরে ভিড় থাকে।,barishal
sentence_22.wav,dataset/chunks/barishal/bar_cate_10/sentence_22.wav,পহেলা বৈশাখে আমরা পার্কে যাই।,barishal
sentence_23.wav,dataset/chunks/barishal/bar_cate_10/sentence_23.wav,হোলিতে রঙ ব্যবহার করা হয়।,barishal
sentence_24.wav,dataset/chunks/barishal/bar_cate_10/sentence_24.wav,আমরা ভোরে পূজার অর্ঘ্য দিই।,barishal
sentence_25.wav,dataset/chunks/barishal/bar_cate_10/sentence_25.wav,ঈদে আমরা একে অপরকে শুভেচ্ছা জানাই।,barishal
sentence_26.wav,dataset/chunks/barishal/bar_cate_10/sentence_26.wav,উৎসবের জন্য নতুন সাজসজ্জা করা হয়েছে।,barishal
sentence_27.wav,dataset/chunks/barishal/bar_cate_10/sentence_27.wav,আমরা নববর্ষে গান গাই।,barishal
sentence_28.wav,dataset/chunks/barishal/bar_cate_10/sentence_28.wav,দুর্গাপূজায় কুমারী পূজা হয়।,barishal
sentence_29.wav,dataset/chunks/barishal/bar_cate_10/sentence_29.wav,কি ধরনের খেলাধুলা উৎসবে হয়?,barishal
sentence_30.wav,dataset/chunks/barishal/bar_cate_10/sentence_30.wav,আমরা হোলিতে একে অপরকে রঙ দিই।,barishal
sentence_31.wav,dataset/chunks/barishal/bar_cate_10/sentence_31.wav,উৎসবে আমরা নাচ গান করি।,barishal
sentence_32.wav,dataset/chunks/barishal/bar_cate_10/sentence_32.wav,ঈদের দিনে বাজারে ভিড় হয়।,barishal
sentence_33.wav,dataset/chunks/barishal/bar_cate_10/sentence_33.wav,পহেলা বৈশাখে আমরা মেলা দেখতে যাই।,barishal
sentence_34.wav,dataset/chunks/barishal/bar_cate_10/sentence_34.wav,নববর্ষে আমরা নতুন পরিকল্পনা করি।,barishal
sentence_35.wav,dataset/chunks/barishal/bar_cate_10/sentence_35.wav,দুর্গাপূজায় মন্দিরে আলোকসজ্জা করা হয়।,barishal
sentence_36.wav,dataset/chunks/barishal/bar_cate_10/sentence_36.wav,হোলিতে আমরা বন্ধুদের সঙ্গে মজা করি।,barishal
sentence_37.wav,dataset/chunks/barishal/bar_cate_10/sentence_37.wav,কি ধরনের খাবার পূজায় পরিবেশিত হয়?,barishal
sentence_38.wav,dataset/chunks/barishal/bar_cate_10/sentence_38.wav,আমরা নববর্ষে পরিবারকে উপহার দেই।,barishal
sentence_39.wav,dataset/chunks/barishal/bar_cate_10/sentence_39.wav,ঈদের সকালে আমরা মসজিদে যাই।,barishal
sentence_40.wav,dataset/chunks/barishal/bar_cate_10/sentence_40.wav,উৎসবে আমরা traditional পোশাক পরি।,barishal
sentence_41.wav,dataset/chunks/barishal/bar_cate_10/sentence_41.wav,পহেলা বৈশাখে আমরা রঙিন মিছিল করি।,barishal
sentence_42.wav,dataset/chunks/barishal/bar_cate_10/sentence_42.wav,হোলিতে আমরা বিভিন্ন রঙের জল ব্যবহার করি।,barishal
sentence_43.wav,dataset/chunks/barishal/bar_cate_10/sentence_43.wav,নববর্ষের অনুষ্ঠানে গান বাজানো হয়।,barishal
sentence_44.wav,dataset/chunks/barishal/bar_cate_10/sentence_44.wav,আমরা ঈদের দিনে প্রিয়জনের সঙ্গে খাবার খাই।,barishal
sentence_45.wav,dataset/chunks/barishal/bar_cate_10/sentence_45.wav,দুর্গাপূজায় প্রতিমা সাজানো হয়।,barishal
sentence_46.wav,dataset/chunks/barishal/bar_cate_10/sentence_46.wav,উৎসবে আমরা সবাই একসাথে আনন্দ করি।,barishal
sentence_47.wav,dataset/chunks/barishal/bar_cate_10/sentence_47.wav,পহেলা বৈশাখে নতুন বছরের শুরু হয়।,barishal
sentence_48.wav,dataset/chunks/barishal/bar_cate_10/sentence_48.wav,নববর্ষে আমরা খোলা আকাশের নিচে অনুষ্ঠান করি।,barishal
sentence_49.wav,dataset/chunks/barishal/bar_cate_10/sentence_49.wav,ঈদে আমরা একে অপরকে উপহার দেই।,barishal
sentence_50.wav,dataset/chunks/barishal/bar_cate_10/sentence_50.wav,হোলিতে শিশুদের আনন্দ বেশি।,barishal
sentence_51.wav,dataset/chunks/barishal/bar_cate_10/sentence_51.wav,আমরা পহেলা বৈশাখে রঙিন পুতুল তৈরি করি।,barishal
sentence_52.wav,dataset/chunks/barishal/bar_cate_10/sentence_52.wav,দুর্গাপূজায় মন্দিরে ভক্তদের ভিড় থাকে।,barishal
sentence_53.wav,dataset/chunks/barishal/bar_cate_10/sentence_53.wav,নববর্ষের দিনে আমরা traditional খাবার খাই।,barishal
sentence_54.wav,dataset/chunks/barishal/bar_cate_10/sentence_54.wav,হোলিতে আমরা গান বাজাই।,barishal
sentence_55.wav,dataset/chunks/barishal/bar_cate_10/sentence_55.wav,ঈদে আমরা পরিবারের সঙ্গে আনন্দ করি।,barishal
sentence_56.wav,dataset/chunks/barishal/bar_cate_10/sentence_56.wav,পহেলা বৈশাখে আমরা বাজার থেকে খাবার কিনি।,barishal
sentence_57.wav,dataset/chunks/barishal/bar_cate_10/sentence_57.wav,নববর্ষে আমরা cultural অনুষ্ঠানে অংশ নিই।,barishal
sentence_58.wav,dataset/chunks/barishal/bar_cate_10/sentence_58.wav,দুর্গাপূজায় আমরা মেলা দেখি।,barishal
sentence_59.wav,dataset/chunks/barishal/bar_cate_10/sentence_59.wav,হোলিতে আমরা একে অপরকে মিষ্টি দিই।,barishal
sentence_60.wav,dataset/chunks/barishal/bar_cate_10/sentence_60.wav,আমরা পহেলা বৈশাখে traditional নাচ করি।,barishal
sentence_61.wav,dataset/chunks/barishal/bar_cate_10/sentence_61.wav,নববর্ষে আমরা নতুন বছরের জন্য প্রার্থনা করি।,barishal
sentence_62.wav,dataset/chunks/barishal/bar_cate_10/sentence_62.wav,ঈদের সকালে আমরা মসজিদে যাওয়া শুরু করি।,barishal
sentence_63.wav,dataset/chunks/barishal/bar_cate_10/sentence_63.wav,হোলিতে আমরা বন্ধুদের সঙ্গে আনন্দ করি।,barishal
sentence_64.wav,dataset/chunks/barishal/bar_cate_10/sentence_64.wav,পহেলা বৈশাখে আমাদের গ্রামে মেলা হয়।,barishal
sentence_65.wav,dataset/chunks/barishal/bar_cate_10/sentence_65.wav,নববর্ষের অনুষ্ঠান সকাল থেকে শুরু হয়।,barishal
sentence_66.wav,dataset/chunks/barishal/bar_cate_10/sentence_66.wav,দুর্গাপূজায় শিশুদের জন্য খেলা হয়।,barishal
sentence_67.wav,dataset/chunks/barishal/bar_cate_10/sentence_67.wav,হোলিতে আমরা রঙিন পাউডার ব্যবহার করি।,barishal
sentence_68.wav,dataset/chunks/barishal/bar_cate_10/sentence_68.wav,ঈদে আমরা গ্রামের বাড়িতে যাই।,barishal
sentence_69.wav,dataset/chunks/barishal/bar_cate_10/sentence_69.wav,পহেলা বৈশাখে আমরা নতুন বছরের জন্য সুইট খাই।,barishal
sentence_70.wav,dataset/chunks/barishal/bar_cate_10/sentence_70.wav,নববর্ষে আমরা সকলের সঙ্গে আনন্দ ভাগ করি।,barishal
sentence_01.wav,dataset/chunks/barishal/bar_cate_11/sentence_01.wav,আপনার পরীক্ষা কবে?,barishal
sentence_02.wav,dataset/chunks/barishal/bar_cate_11/sentence_02.wav,আমি সকাল ৯টায় স্কুলে যাই।,barishal
sentence_03.wav,dataset/chunks/barishal/bar_cate_11/sentence_03.wav,আজ কোন বিষয়ের ক্লাস আছে?,barishal
sentence_04.wav,dataset/chunks/barishal/bar_cate_11/sentence_04.wav,আমি গণিত পড়াশোনা করছি।,barishal
sentence_05.wav,dataset/chunks/barishal/bar_cate_11/sentence_05.wav,আপনার শিক্ষক কে?,barishal
sentence_06.wav,dataset/chunks/barishal/bar_cate_11/sentence_06.wav,আমার ক্লাস খুব ছোট।,barishal
sentence_07.wav,dataset/chunks/barishal/bar_cate_11/sentence_07.wav,পরীক্ষা কঠিন হবে কি?,barishal
sentence_08.wav,dataset/chunks/barishal/bar_cate_11/sentence_08.wav,আমি আজ বাংলা পরীক্ষা দিচ্ছি।,barishal
sentence_09.wav,dataset/chunks/barishal/bar_cate_11/sentence_09.wav,আপনি কোন কলেজে পড়েন?,barishal
sentence_10.wav,dataset/chunks/barishal/bar_cate_11/sentence_10.wav,আমার বন্ধু বিজ্ঞান পড়ে।,barishal
sentence_11.wav,dataset/chunks/barishal/bar_cate_11/sentence_11.wav,আমরা স্কুলে প্রতিদিন ৬ ঘণ্টা পড়ি।,barishal
sentence_12.wav,dataset/chunks/barishal/bar_cate_11/sentence_12.wav,আপনার হোমওয়ার্ক শেষ হয়েছে কি?,barishal
sentence_13.wav,dataset/chunks/barishal/bar_cate_11/sentence_13.wav,আমি ইতিহাস পড়তে ভালোবাসি।,barishal
sentence_14.wav,dataset/chunks/barishal/bar_cate_11/sentence_14.wav,আপনার শিক্ষক ক্লাসে কঠোর কি?,barishal
sentence_15.wav,dataset/chunks/barishal/bar_cate_11/sentence_15.wav,আমরা লাইব্রেরিতে বই পড়ি।,barishal
sentence_16.wav,dataset/chunks/barishal/bar_cate_11/sentence_16.wav,পরীক্ষা কত নম্বরের?,barishal
sentence_17.wav,dataset/chunks/barishal/bar_cate_11/sentence_17.wav,আমার সহপাঠী খুব স্মার্ট।,barishal
sentence_18.wav,dataset/chunks/barishal/bar_cate_11/sentence_18.wav,আপনি কোন বিষয়ে দুর্বল?,barishal
sentence_19.wav,dataset/chunks/barishal/bar_cate_11/sentence_19.wav,আমি প্রতিদিন ইংরেজি অনুশীলন করি।,barishal
sentence_20.wav,dataset/chunks/barishal/bar_cate_11/sentence_20.wav,শিক্ষক আজ নতুন পাঠ শেখালেন।,barishal
sentence_21.wav,dataset/chunks/barishal/bar_cate_11/sentence_21.wav,আপনার ক্লাসের সময়সূচি কি?,barishal
sentence_22.wav,dataset/chunks/barishal/bar_cate_11/sentence_22.wav,আমি পরীক্ষার জন্য প্রস্তুতি নিচ্ছি।,barishal
sentence_23.wav,dataset/chunks/barishal/bar_cate_11/sentence_23.wav,আমরা বিজ্ঞান ল্যাবে পরীক্ষা করি।,barishal
sentence_24.wav,dataset/chunks/barishal/bar_cate_11/sentence_24.wav,আপনার স্কুলের নাম কি?,barishal
sentence_25.wav,dataset/chunks/barishal/bar_cate_11/sentence_25.wav,আমার প্রিয় শিক্ষক খুব সহায়ক।,barishal
sentence_26.wav,dataset/chunks/barishal/bar_cate_11/sentence_26.wav,আমরা গ্রুপ স্টাডি করি।,barishal
sentence_27.wav,dataset/chunks/barishal/bar_cate_11/sentence_27.wav,আপনি কোন বিষয়ে ভালো?,barishal
sentence_28.wav,dataset/chunks/barishal/bar_cate_11/sentence_28.wav,আমি নতুন বিষয় শিখতে ভালোবাসি।,barishal
sentence_29.wav,dataset/chunks/barishal/bar_cate_11/sentence_29.wav,পরীক্ষা শেষ হলে আমরা ছুটি পাই।,barishal
sentence_30.wav,dataset/chunks/barishal/bar_cate_11/sentence_30.wav,আমার স্কুলে বড় লাইব্রেরি আছে।,barishal
sentence_31.wav,dataset/chunks/barishal/bar_cate_11/sentence_31.wav,আপনার ক্লাসের সংখ্যা কত?,barishal
sentence_32.wav,dataset/chunks/barishal/bar_cate_11/sentence_32.wav,আমি প্রতিদিন সকালে পড়াশোনা করি।,barishal
sentence_33.wav,dataset/chunks/barishal/bar_cate_11/sentence_33.wav,শিক্ষক আজ গণিতের সমস্যা দেখালেন।,barishal
sentence_34.wav,dataset/chunks/barishal/bar_cate_11/sentence_34.wav,আপনার সহপাঠী কি সাহায্য করছে?,barishal
sentence_35.wav,dataset/chunks/barishal/bar_cate_11/sentence_35.wav,আমি পরীক্ষার জন্য নোট তৈরি করছি।,barishal
sentence_36.wav,dataset/chunks/barishal/bar_cate_11/sentence_36.wav,আমরা স্কুলে বিভিন্ন কার্যক্রম করি।,barishal
sentence_37.wav,dataset/chunks/barishal/bar_cate_11/sentence_37.wav,আপনার শিক্ষক কি ভালো ব্যাখ্যা করেন?,barishal
sentence_38.wav,dataset/chunks/barishal/bar_cate_11/sentence_38.wav,আমি ইংরেজি বলার অনুশীলন করি।,barishal
sentence_39.wav,dataset/chunks/barishal/bar_cate_11/sentence_39.wav,আজ ক্লাসে প্র্যাকটিক্যাল হয়েছে।,barishal
sentence_40.wav,dataset/chunks/barishal/bar_cate_11/sentence_40.wav,আপনার হোমওয়ার্ক কত পৃষ্ঠা?,barishal
sentence_41.wav,dataset/chunks/barishal/bar_cate_11/sentence_41.wav,আমি পরীক্ষার জন্য প্রশ্ন সমাধান করছি।,barishal
sentence_42.wav,dataset/chunks/barishal/bar_cate_11/sentence_42.wav,আমরা স্কুলে বার্ষিক ক্রীড়া প্রতিযোগিতা করি।,barishal
sentence_43.wav,dataset/chunks/barishal/bar_cate_11/sentence_43.wav,আপনার শিক্ষক কি কখনও দেরি করেন?,barishal
sentence_44.wav,dataset/chunks/barishal/bar_cate_11/sentence_44.wav,আমি নতুন বই কিনেছি।,barishal
sentence_45.wav,dataset/chunks/barishal/bar_cate_11/sentence_45.wav,ক্লাসে সবাই খুব মনোযোগী।,barishal
sentence_46.wav,dataset/chunks/barishal/bar_cate_11/sentence_46.wav,আপনার স্কুলের সময়সূচি কি?,barishal
sentence_47.wav,dataset/chunks/barishal/bar_cate_11/sentence_47.wav,আমরা পরীক্ষার জন্য গ্রুপ স্টাডি করি।,barishal
sentence_48.wav,dataset/chunks/barishal/bar_cate_11/sentence_48.wav,শিক্ষক আজ বিজ্ঞান পাঠ করলেন।,barishal
sentence_49.wav,dataset/chunks/barishal/bar_cate_11/sentence_49.wav,আপনার প্রিয় বিষয় কোনটি?,barishal
sentence_50.wav,dataset/chunks/barishal/bar_cate_11/sentence_50.wav,আমি প্রতিদিন রাতে পড়াশোনা করি।,barishal
sentence_51.wav,dataset/chunks/barishal/bar_cate_11/sentence_51.wav,আমরা লাইব্রেরিতে নতুন বই দেখেছি।,barishal
sentence_52.wav,dataset/chunks/barishal/bar_cate_11/sentence_52.wav,শিক্ষক আজ পরীক্ষা নেওয়ার পরিকল্পনা করেছেন।,barishal
sentence_53.wav,dataset/chunks/barishal/bar_cate_11/sentence_53.wav,আপনার স্কুলের ছুটি কখন?,barishal
sentence_54.wav,dataset/chunks/barishal/bar_cate_11/sentence_54.wav,আমি পরীক্ষার জন্য নোটগুলি পুনরায় পড়ছি।,barishal
sentence_55.wav,dataset/chunks/barishal/bar_cate_11/sentence_55.wav,আমরা ক্লাসে project কাজ করছি।,barishal
sentence_56.wav,dataset/chunks/barishal/bar_cate_11/sentence_56.wav,আপনার সহপাঠী কি সক্রিয়?,barishal
sentence_57.wav,dataset/chunks/barishal/bar_cate_11/sentence_57.wav,আমি আজ শিক্ষকের সঙ্গে কথা বলেছি।,barishal
sentence_58.wav,dataset/chunks/barishal/bar_cate_11/sentence_58.wav,স্কুলে আমরা বিভিন্ন cultural অনুষ্ঠান করি।,barishal
sentence_59.wav,dataset/chunks/barishal/bar_cate_11/sentence_59.wav,আপনার ক্লাসে কত শিক্ষক আছেন?,barishal
sentence_60.wav,dataset/chunks/barishal/bar_cate_11/sentence_60.wav,আমি প্রতিদিন নতুন শব্দ শিখি।,barishal
sentence_61.wav,dataset/chunks/barishal/bar_cate_11/sentence_61.wav,পরীক্ষা শেষ হলে আমরা আনন্দ করি।,barishal
sentence_62.wav,dataset/chunks/barishal/bar_cate_11/sentence_62.wav,শিক্ষক আজ হোমওয়ার্ক দেখেছেন।,barishal
sentence_63.wav,dataset/chunks/barishal/bar_cate_11/sentence_63.wav,আপনার স্কুলে কত লাইব্রেরি আছে?,barishal
sentence_64.wav,dataset/chunks/barishal/bar_cate_11/sentence_64.wav,আমরা প্রতিদিন ক্লাসে active থাকি।,barishal
sentence_65.wav,dataset/chunks/barishal/bar_cate_11/sentence_65.wav,আমি পরীক্ষার জন্য extra practice করি।,barishal
sentence_66.wav,dataset/chunks/barishal/bar_cate_11/sentence_66.wav,শিক্ষক নতুন প্রশ্ন দেখিয়েছেন।,barishal
sentence_67.wav,dataset/chunks/barishal/bar_cate_11/sentence_67.wav,আপনার স্কুলের বার্ষিক পরীক্ষা কখন?,barishal
sentence_68.wav,dataset/chunks/barishal/bar_cate_11/sentence_68.wav,আমি শিক্ষকের পরামর্শ অনুসরণ করি।,barishal
sentence_69.wav,dataset/chunks/barishal/bar_cate_11/sentence_69.wav,আমরা প্রতিদিন assignment করি।,barishal
sentence_70.wav,dataset/chunks/barishal/bar_cate_11/sentence_70.wav,আপনার প্রিয় শিক্ষক কে?,barishal
sentence_01.wav,dataset/chunks/barishal/bar_cate_12/sentence_01.wav,আজকের মিটিং কবে?,barishal
sentence_02.wav,dataset/chunks/barishal/bar_cate_12/sentence_02.wav,আমি আমার রিপোর্ট প্রস্তুত করেছি।,barishal
sentence_03.wav,dataset/chunks/barishal/bar_cate_12/sentence_03.wav,অফিসে সময়মতো পৌঁছানো উচিত।,barishal
sentence_04.wav,dataset/chunks/barishal/bar_cate_12/sentence_04.wav,আপনার সহকর্মী কি সাহায্য করছে?,barishal
sentence_05.wav,dataset/chunks/barishal/bar_cate_12/sentence_05.wav,আমরা নতুন প্রকল্প শুরু করছি।,barishal
sentence_06.wav,dataset/chunks/barishal/bar_cate_12/sentence_06.wav,আজ অফিসে কি কাজ আছে?,barishal
sentence_07.wav,dataset/chunks/barishal/bar_cate_12/sentence_07.wav,আমার কম্পিউটারে সমস্যা হয়েছে।,barishal
sentence_08.wav,dataset/chunks/barishal/bar_cate_12/sentence_08.wav,মিটিংটি কত সময়ের জন্য?,barishal
sentence_09.wav,dataset/chunks/barishal/bar_cate_12/sentence_09.wav,আমি প্রেজেন্টেশন প্রস্তুত করছি।,barishal
sentence_10.wav,dataset/chunks/barishal/bar_cate_12/sentence_10.wav,আপনি কোন দপ্তরে কাজ করেন?,barishal
sentence_11.wav,dataset/chunks/barishal/bar_cate_12/sentence_11.wav,অফিসের সময়সূচি কি?,barishal
sentence_12.wav,dataset/chunks/barishal/bar_cate_12/sentence_12.wav,আমি নতুন কর্মচারী প্রশিক্ষণ দিচ্ছি।,barishal
sentence_13.wav,dataset/chunks/barishal/bar_cate_12/sentence_13.wav,আজ অফিসে তদারকি করা হয়েছে।,barishal
sentence_14.wav,dataset/chunks/barishal/bar_cate_12/sentence_14.wav,আমরা ক্লায়েন্টের সঙ্গে মিটিং করেছি।,barishal
sentence_15.wav,dataset/chunks/barishal/bar_cate_12/sentence_15.wav,আমার ল্যাপটপ কাজ করছে না।,barishal
sentence_16.wav,dataset/chunks/barishal/bar_cate_12/sentence_16.wav,অফিসের কাজ শেষ হয়েছে।,barishal
sentence_17.wav,dataset/chunks/barishal/bar_cate_12/sentence_17.wav,কি ধরনের রিপোর্ট আজ জমা দিতে হবে?,barishal
sentence_18.wav,dataset/chunks/barishal/bar_cate_12/sentence_18.wav,আমি ইমেইল পাঠাচ্ছি।,barishal
sentence_19.wav,dataset/chunks/barishal/bar_cate_12/sentence_19.wav,অফিসে নতুন নীতি প্রয়োগ করা হয়েছে।,barishal
sentence_20.wav,dataset/chunks/barishal/bar_cate_12/sentence_20.wav,আপনার সহকর্মী punctual কি?,barishal
sentence_21.wav,dataset/chunks/barishal/bar_cate_12/sentence_21.wav,আমরা অফিসে কাজ ভাগ করেছি।,barishal
sentence_22.wav,dataset/chunks/barishal/bar_cate_12/sentence_22.wav,আজ অফিসে কি মিটিং আছে?,barishal
sentence_23.wav,dataset/chunks/barishal/bar_cate_12/sentence_23.wav,আমি ক্লায়েন্টের জন্য ডকুমেন্ট তৈরি করছি।,barishal
sentence_24.wav,dataset/chunks/barishal/bar_cate_12/sentence_24.wav,অফিসের বাতাস ভালো নেই।,barishal
sentence_25.wav,dataset/chunks/barishal/bar_cate_12/sentence_25.wav,আমরা নতুন সফটওয়্যার ব্যবহার করছি।,barishal
sentence_26.wav,dataset/chunks/barishal/bar_cate_12/sentence_26.wav,কি কাজ দ্রুত শেষ করতে হবে?,barishal
sentence_27.wav,dataset/chunks/barishal/bar_cate_12/sentence_27.wav,আমার ডেস্কে অনেক নথি আছে।,barishal
sentence_28.wav,dataset/chunks/barishal/bar_cate_12/sentence_28.wav,অফিসে আজ নতুন অতিথি এসেছেন।,barishal
sentence_29.wav,dataset/chunks/barishal/bar_cate_12/sentence_29.wav,আমরা টিম মিটিং করছি।,barishal
sentence_30.wav,dataset/chunks/barishal/bar_cate_12/sentence_30.wav,আপনার কাজের অগ্রগতি কেমন?,barishal
sentence_31.wav,dataset/chunks/barishal/bar_cate_12/sentence_31.wav,আমি নতুন প্রকল্পের পরিকল্পনা করছি।,barishal
sentence_32.wav,dataset/chunks/barishal/bar_cate_12/sentence_32.wav,আজ অফিসে অনেক কাজ হয়েছে।,barishal
sentence_33.wav,dataset/chunks/barishal/bar_cate_12/sentence_33.wav,আমি ইমেইল চেক করছি।,barishal
sentence_34.wav,dataset/chunks/barishal/bar_cate_12/sentence_34.wav,অফিসের কম্পিউটার আপডেট হয়েছে।,barishal
sentence_35.wav,dataset/chunks/barishal/bar_cate_12/sentence_35.wav,আপনি আজ কোন দপ্তরে কাজ করছেন?,barishal
sentence_36.wav,dataset/chunks/barishal/bar_cate_12/sentence_36.wav,আমরা নতুন টিম মিটিং শুরু করেছি।,barishal
sentence_37.wav,dataset/chunks/barishal/bar_cate_12/sentence_37.wav,কি ধরনের রিপোর্ট শেষ হয়েছে?,barishal
sentence_38.wav,dataset/chunks/barishal/bar_cate_12/sentence_38.wav,আমি অফিসের জন্য প্রেজেন্টেশন তৈরি করেছি।,barishal
sentence_39.wav,dataset/chunks/barishal/bar_cate_12/sentence_39.wav,আমাদের টিমে নতুন সদস্য যোগ হয়েছে।,barishal
sentence_40.wav,dataset/chunks/barishal/bar_cate_12/sentence_40.wav,অফিসের কাজের মান খুব ভালো।,barishal
sentence_41.wav,dataset/chunks/barishal/bar_cate_12/sentence_41.wav,আজ অফিসে কি মিটিং শিডিউল আছে?,barishal
sentence_42.wav,dataset/chunks/barishal/bar_cate_12/sentence_42.wav,আমি অফিসের ডকুমেন্ট স্ক্যান করছি।,barishal
sentence_43.wav,dataset/chunks/barishal/bar_cate_12/sentence_43.wav,আপনার সহকর্মী কি ব্যস্ত?,barishal
sentence_44.wav,dataset/chunks/barishal/bar_cate_12/sentence_44.wav,আমরা অফিসে নথি আপডেট করেছি।,barishal
sentence_45.wav,dataset/chunks/barishal/bar_cate_12/sentence_45.wav,আজ টিমের সঙ্গে আলোচনা হয়েছে।,barishal
sentence_46.wav,dataset/chunks/barishal/bar_cate_12/sentence_46.wav,আমি নতুন কর্মচারীর প্রশিক্ষণ দিচ্ছি।,barishal
sentence_47.wav,dataset/chunks/barishal/bar_cate_12/sentence_47.wav,অফিসে নতুন নীতি প্রয়োগ করা হয়েছে।,barishal
sentence_48.wav,dataset/chunks/barishal/bar_cate_12/sentence_48.wav,আমার কম্পিউটার হ্যাং করেছে।,barishal
sentence_49.wav,dataset/chunks/barishal/bar_cate_12/sentence_49.wav,আমরা ক্লায়েন্টের কাছে প্রজেক্ট প্রেজেন্ট করেছি।,barishal
sentence_50.wav,dataset/chunks/barishal/bar_cate_12/sentence_50.wav,আপনার অফিসের সময়সূচি কি?,barishal
sentence_51.wav,dataset/chunks/barishal/bar_cate_12/sentence_51.wav,আমি আজ নতুন কাজ শিখছি।,barishal
sentence_52.wav,dataset/chunks/barishal/bar_cate_12/sentence_52.wav,অফিসে নিরাপত্তা ব্যবস্থা ভালো।,barishal
sentence_53.wav,dataset/chunks/barishal/bar_cate_12/sentence_53.wav,আমরা অফিসে নতুন টুল ব্যবহার করছি।,barishal
sentence_54.wav,dataset/chunks/barishal/bar_cate_12/sentence_54.wav,আপনার টিম কি প্রস্তুত?,barishal
sentence_55.wav,dataset/chunks/barishal/bar_cate_12/sentence_55.wav,আমি অফিসে অনেক নথি সাজাচ্ছি।,barishal
sentence_56.wav,dataset/chunks/barishal/bar_cate_12/sentence_56.wav,আজ অফিসে নতুন প্রকল্পের আলোচনা হয়েছে।,barishal
sentence_57.wav,dataset/chunks/barishal/bar_cate_12/sentence_57.wav,আমি আজ টিম মিটিং নিয়ে ব্যস্ত।,barishal
sentence_58.wav,dataset/chunks/barishal/bar_cate_12/sentence_58.wav,অফিসে নতুন সফটওয়্যার ইনস্টল করা হয়েছে।,barishal
sentence_59.wav,dataset/chunks/barishal/bar_cate_12/sentence_59.wav,কি ধরনের অফিস কাজ শেষ করতে হবে?,barishal
sentence_60.wav,dataset/chunks/barishal/bar_cate_12/sentence_60.wav,আমি ক্লায়েন্টের জন্য ডকুমেন্ট প্রস্তুত করছি।,barishal
sentence_61.wav,dataset/chunks/barishal/bar_cate_12/sentence_61.wav,অফিসে আজ অনেক ইমেইল এসেছে।,barishal
sentence_62.wav,dataset/chunks/barishal/bar_cate_12/sentence_62.wav,আমাদের টিমের সদস্য সক্রিয়।,barishal
sentence_63.wav,dataset/chunks/barishal/bar_cate_12/sentence_63.wav,আমি অফিসে নতুন প্রকল্প পরিকল্পনা করছি।,barishal
sentence_64.wav,dataset/chunks/barishal/bar_cate_12/sentence_64.wav,আজ অফিসে অনেক visitors এসেছে।,barishal
sentence_65.wav,dataset/chunks/barishal/bar_cate_12/sentence_65.wav,অফিসে meeting room প্রস্তুত।,barishal
sentence_66.wav,dataset/chunks/barishal/bar_cate_12/sentence_66.wav,আমি অফিসের জন্য রিপোর্ট তৈরি করেছি।,barishal
sentence_67.wav,dataset/chunks/barishal/bar_cate_12/sentence_67.wav,আমরা নতুন guidelines মেনে চলছি।,barishal
sentence_68.wav,dataset/chunks/barishal/bar_cate_12/sentence_68.wav,অফিসে কাজের চাপ বেশি।,barishal
sentence_69.wav,dataset/chunks/barishal/bar_cate_12/sentence_69.wav,আমি ক্লায়েন্টের সাথে discussion করেছি।,barishal
sentence_70.wav,dataset/chunks/barishal/bar_cate_12/sentence_70.wav,আমাদের অফিসের পরিবেশ খুব ভালো।,barishal
sentence_01.wav,dataset/chunks/barishal/bar_cate_13/sentence_01.wav,এই ফোনের দাম কত?,barishal
sentence_02.wav,dataset/chunks/barishal/bar_cate_13/sentence_02.wav,আমি নতুন ল্যাপটপ কিনতে চাই।,barishal
sentence_03.wav,dataset/chunks/barishal/bar_cate_13/sentence_03.wav,এই চার্জার কি original?,barishal
sentence_04.wav,dataset/chunks/barishal/bar_cate_13/sentence_04.wav,SIM কার্ড কীভাবে নিতে হবে?,barishal
sentence_05.wav,dataset/chunks/barishal/bar_cate_13/sentence_05.wav,এই ফোনের warranty কত দিন?,barishal
sentence_06.wav,dataset/chunks/barishal/bar_cate_13/sentence_06.wav,আমি একটা হেডফোন চাই।,barishal
sentence_07.wav,dataset/chunks/barishal/bar_cate_13/sentence_07.wav,এই ফোনে camera ভালো কি?,barishal
sentence_08.wav,dataset/chunks/barishal/bar_cate_13/sentence_08.wav,আপনার দোকানে laptop আছে কি?,barishal
sentence_09.wav,dataset/chunks/barishal/bar_cate_13/sentence_09.wav,এই চার্জার কত voltage?,barishal
sentence_10.wav,dataset/chunks/barishal/bar_cate_13/sentence_10.wav,আমি ফোন comparison করতে চাই।,barishal
sentence_11.wav,dataset/chunks/barishal/bar_cate_13/sentence_11.wav,এই ফোনের color কোনটি আছে?,barishal
sentence_12.wav,dataset/chunks/barishal/bar_cate_13/sentence_12.wav,SIM card activate করতে কত সময় লাগে?,barishal
sentence_13.wav,dataset/chunks/barishal/bar_cate_13/sentence_13.wav,এই ফোনের storage কত GB?,barishal
sentence_14.wav,dataset/chunks/barishal/bar_cate_13/sentence_14.wav,আমি power bank চাই।,barishal
sentence_15.wav,dataset/chunks/barishal/bar_cate_13/sentence_15.wav,ফোনে নতুন app install করতে পারি কি?,barishal
sentence_16.wav,dataset/chunks/barishal/bar_cate_13/sentence_16.wav,এই দোকানে accessories পাওয়া যায়?,barishal
sentence_17.wav,dataset/chunks/barishal/bar_cate_13/sentence_17.wav,এই laptop lightweight কি?,barishal
sentence_18.wav,dataset/chunks/barishal/bar_cate_13/sentence_18.wav,ফোনের screen protector বিক্রি হয় কি?,barishal
sentence_19.wav,dataset/chunks/barishal/bar_cate_13/sentence_19.wav,SIM card recharge করা যায় কি?,barishal
sentence_20.wav,dataset/chunks/barishal/bar_cate_13/sentence_20.wav,আমি refurbished phone কিনতে চাই না।,barishal
sentence_21.wav,dataset/chunks/barishal/bar_cate_13/sentence_21.wav,ফোনের battery কতক্ষণ চলে?,barishal
sentence_22.wav,dataset/chunks/barishal/bar_cate_13/sentence_22.wav,আমি এই smartwatch কিনতে চাই।,barishal
sentence_23.wav,dataset/chunks/barishal/bar_cate_13/sentence_23.wav,ফোনের brand কোনটি?,barishal
sentence_24.wav,dataset/chunks/barishal/bar_cate_13/sentence_24.wav,এই charger fast charging support করে কি?,barishal
sentence_25.wav,dataset/chunks/barishal/bar_cate_13/sentence_25.wav,আমি laptop comparison দেখতে চাই।,barishal
sentence_26.wav,dataset/chunks/barishal/bar_cate_13/sentence_26.wav,ফোনের memory card slot আছে কি?,barishal
sentence_27.wav,dataset/chunks/barishal/bar_cate_13/sentence_27.wav,SIM card registration করতে কি লাগবে?,barishal
sentence_28.wav,dataset/chunks/barishal/bar_cate_13/sentence_28.wav,আমি wireless earphones চাই।,barishal
sentence_29.wav,dataset/chunks/barishal/bar_cate_13/sentence_29.wav,এই phone case waterproof কি?,barishal
sentence_30.wav,dataset/chunks/barishal/bar_cate_13/sentence_30.wav,আপনার দোকানে projector আছে কি?,barishal
sentence_31.wav,dataset/chunks/barishal/bar_cate_13/sentence_31.wav,ফোনের software update হয়েছে কি?,barishal
sentence_32.wav,dataset/chunks/barishal/bar_cate_13/sentence_32.wav,আমি gaming laptop দেখতে চাই।,barishal
sentence_33.wav,dataset/chunks/barishal/bar_cate_13/sentence_33.wav,ফোনে dual SIM support আছে কি?,barishal
sentence_34.wav,dataset/chunks/barishal/bar_cate_13/sentence_34.wav,এই power bank কত mAh?,barishal
sentence_35.wav,dataset/chunks/barishal/bar_cate_13/sentence_35.wav,আমি Bluetooth speaker কিনতে চাই।,barishal
sentence_36.wav,dataset/chunks/barishal/bar_cate_13/sentence_36.wav,ফোনের price negotiable কি?,barishal
sentence_37.wav,dataset/chunks/barishal/bar_cate_13/sentence_37.wav,আমি USB cable চাই।,barishal
sentence_38.wav,dataset/chunks/barishal/bar_cate_13/sentence_38.wav,এই tablet lightweight কি?,barishal
sentence_39.wav,dataset/chunks/barishal/bar_cate_13/sentence_39.wav,SIM card portability করতে পারি কি?,barishal
sentence_40.wav,dataset/chunks/barishal/bar_cate_13/sentence_40.wav,ফোনের warranty card আছে কি?,barishal
sentence_41.wav,dataset/chunks/barishal/bar_cate_13/sentence_41.wav,আমি refurbished laptop চাই না।,barishal
sentence_42.wav,dataset/chunks/barishal/bar_cate_13/sentence_42.wav,ফোনের charger original কি?,barishal
sentence_43.wav,dataset/chunks/barishal/bar_cate_13/sentence_43.wav,আমি tablet accessories চাই।,barishal
sentence_44.wav,dataset/chunks/barishal/bar_cate_13/sentence_44.wav,ফোনের camera resolution কত?,barishal
sentence_45.wav,dataset/chunks/barishal/bar_cate_13/sentence_45.wav,আমি portable hard drive চাই।,barishal
sentence_46.wav,dataset/chunks/barishal/bar_cate_13/sentence_46.wav,ফোনে earphone jack আছে কি?,barishal
sentence_47.wav,dataset/chunks/barishal/bar_cate_13/sentence_47.wav,SIM card online recharge করা যায় কি?,barishal
sentence_48.wav,dataset/chunks/barishal/bar_cate_13/sentence_48.wav,আমি laptop bag কিনতে চাই।,barishal
sentence_49.wav,dataset/chunks/barishal/bar_cate_13/sentence_49.wav,ফোনের display কত inch?,barishal
sentence_50.wav,dataset/chunks/barishal/bar_cate_13/sentence_50.wav,আমি smart home device কিনতে চাই।,barishal
sentence_51.wav,dataset/chunks/barishal/bar_cate_13/sentence_51.wav,এই charger compatible কি?,barishal
sentence_52.wav,dataset/chunks/barishal/bar_cate_13/sentence_52.wav,ফোনের processor কত GHz?,barishal
sentence_53.wav,dataset/chunks/barishal/bar_cate_13/sentence_53.wav,আমি wireless mouse চাই।,barishal
sentence_54.wav,dataset/chunks/barishal/bar_cate_13/sentence_54.wav,ফোনের screen size বড় কি?,barishal
sentence_55.wav,dataset/chunks/barishal/bar_cate_13/sentence_55.wav,SIM card balance check করতে পারি কি?,barishal
sentence_56.wav,dataset/chunks/barishal/bar_cate_13/sentence_56.wav,আমি laptop stand চাই।,barishal
sentence_57.wav,dataset/chunks/barishal/bar_cate_13/sentence_57.wav,ফোনে fingerprint sensor আছে কি?,barishal
sentence_58.wav,dataset/chunks/barishal/bar_cate_13/sentence_58.wav,আমি external keyboard চাই।,barishal
sentence_59.wav,dataset/chunks/barishal/bar_cate_13/sentence_59.wav,ফোনের battery replace করতে হয় কি?,barishal
sentence_60.wav,dataset/chunks/barishal/bar_cate_13/sentence_60.wav,আমি smartwatch strap চাই।,barishal
sentence_61.wav,dataset/chunks/barishal/bar_cate_13/sentence_61.wav,ফোনের price range কি?,barishal
sentence_62.wav,dataset/chunks/barishal/bar_cate_13/sentence_62.wav,আমি gaming console কিনতে চাই।,barishal
sentence_63.wav,dataset/chunks/barishal/bar_cate_13/sentence_63.wav,ফোনে dual camera আছে কি?,barishal
sentence_64.wav,dataset/chunks/barishal/bar_cate_13/sentence_64.wav,আমি USB hub চাই।,barishal
sentence_65.wav,dataset/chunks/barishal/bar_cate_13/sentence_65.wav,ফোনের warranty কত বছর?,barishal
sentence_66.wav,dataset/chunks/barishal/bar_cate_13/sentence_66.wav,আমি laptop charger চাই।,barishal
sentence_67.wav,dataset/chunks/barishal/bar_cate_13/sentence_67.wav,ফোনের weight কত?,barishal
sentence_68.wav,dataset/chunks/barishal/bar_cate_13/sentence_68.wav,আমি HDMI cable চাই।,barishal
sentence_69.wav,dataset/chunks/barishal/bar_cate_13/sentence_69.wav,ফোনের software version আপডেট হয়েছে কি?,barishal
sentence_70.wav,dataset/chunks/barishal/bar_cate_13/sentence_70.wav,আমি smart speaker কিনতে চাই।,barishal
sentence_01.wav,dataset/chunks/barishal/bar_cate_14/sentence_01.wav,অনুগ্রহ করে দরজা বন্ধ করবেন।,barishal
sentence_02.wav,dataset/chunks/barishal/bar_cate_14/sentence_02.wav,দয়া করে আমাকে সাহায্য করুন।,barishal
sentence_03.wav,dataset/chunks/barishal/bar_cate_14/sentence_03.wav,আপনি কি আমাকে বইটা দিতে পারেন?,barishal
sentence_04.wav,dataset/chunks/barishal/bar_cate_14/sentence_04.wav,অনুগ্রহ করে ধীরে কথা বলুন।,barishal
sentence_05.wav,dataset/chunks/barishal/bar_cate_14/sentence_05.wav,দয়া করে এখানে বসুন।,barishal
sentence_06.wav,dataset/chunks/barishal/bar_cate_14/sentence_06.wav,আপনি কি আমার জন্য অপেক্ষা করতে পারেন?,barishal
sentence_07.wav,dataset/chunks/barishal/bar_cate_14/sentence_07.wav,অনুগ্রহ করে আবার বলুন।,barishal
sentence_08.wav,dataset/chunks/barishal/bar_cate_14/sentence_08.wav,আপনি কি আমাকে রাস্তা দেখাতে পারেন?,barishal
sentence_09.wav,dataset/chunks/barishal/bar_cate_14/sentence_09.wav,দয়া করে ফোন ব্যবহার করবেন না।,barishal
sentence_10.wav,dataset/chunks/barishal/bar_cate_14/sentence_10.wav,আপনি কি আমার জন্য এটি কিনতে পারবেন?,barishal
sentence_11.wav,dataset/chunks/barishal/bar_cate_14/sentence_11.wav,অনুগ্রহ করে আমাকে মনে করিয়ে দিন।,barishal
sentence_12.wav,dataset/chunks/barishal/bar_cate_14/sentence_12.wav,আপনি কি আমাকে ছবি তুলতে সাহায্য করবেন?,barishal
sentence_13.wav,dataset/chunks/barishal/bar_cate_14/sentence_13.wav,দয়া করে আমাকে অপেক্ষা করতে দিন।,barishal
sentence_14.wav,dataset/chunks/barishal/bar_cate_14/sentence_14.wav,অনুগ্রহ করে দরজা খুলে দিন।,barishal
sentence_15.wav,dataset/chunks/barishal/bar_cate_14/sentence_15.wav,আপনি কি আমার জন্য কাজটি করতে পারেন?,barishal
sentence_16.wav,dataset/chunks/barishal/bar_cate_14/sentence_16.wav,দয়া করে শব্দ কমান।,barishal
sentence_17.wav,dataset/chunks/barishal/bar_cate_14/sentence_17.wav,আপনি কি আমাকে জিজ্ঞাসা করতে পারবেন?,barishal
sentence_18.wav,dataset/chunks/barishal/bar_cate_14/sentence_18.wav,অনুগ্রহ করে আমাকে আসতে দিন।,barishal
sentence_19.wav,dataset/chunks/barishal/bar_cate_14/sentence_19.wav,আপনি কি আমার সঙ্গে কথা বলবেন?,barishal
sentence_20.wav,dataset/chunks/barishal/bar_cate_14/sentence_20.wav,দয়া করে আমার দিকে তাকান।,barishal
sentence_21.wav,dataset/chunks/barishal/bar_cate_14/sentence_21.wav,অনুগ্রহ করে আমাকে সময় দিন।,barishal
sentence_22.wav,dataset/chunks/barishal/bar_cate_14/sentence_22.wav,আপনি কি আমাকে সাহায্য করতে পারেন?,barishal
sentence_23.wav,dataset/chunks/barishal/bar_cate_14/sentence_23.wav,দয়া করে আমাকে এটি বোঝান।,barishal
sentence_24.wav,dataset/chunks/barishal/bar_cate_14/sentence_24.wav,অনুগ্রহ করে এটিকে ধরুন।,barishal
sentence_25.wav,dataset/chunks/barishal/bar_cate_14/sentence_25.wav,আপনি কি আমাকে তথ্য দিতে পারেন?,barishal
sentence_26.wav,dataset/chunks/barishal/bar_cate_14/sentence_26.wav,দয়া করে এখানে আসুন।,barishal
sentence_27.wav,dataset/chunks/barishal/bar_cate_14/sentence_27.wav,অনুগ্রহ করে আমাকে অপেক্ষা করতে বলুন।,barishal
sentence_28.wav,dataset/chunks/barishal/bar_cate_14/sentence_28.wav,আপনি কি আমাকে রাস্তা দেখাবেন?,barishal
sentence_29.wav,dataset/chunks/barishal/bar_cate_14/sentence_29.wav,দয়া করে আমার জন্য অপেক্ষা করুন।,barishal
sentence_30.wav,dataset/chunks/barishal/bar_cate_14/sentence_30.wav,অনুগ্রহ করে আমাকে সাহায্য করতে বলুন।,barishal
sentence_31.wav,dataset/chunks/barishal/bar_cate_14/sentence_31.wav,আপনি কি আমার জন্য এটি আনবেন?,barishal
sentence_32.wav,dataset/chunks/barishal/bar_cate_14/sentence_32.wav,দয়া করে আমাকে বসতে দিন।,barishal
sentence_33.wav,dataset/chunks/barishal/bar_cate_14/sentence_33.wav,অনুগ্রহ করে আমাকে এটি দেখান।,barishal
sentence_34.wav,dataset/chunks/barishal/bar_cate_14/sentence_34.wav,আপনি কি আমার সঙ্গে খাবেন?,barishal
sentence_35.wav,dataset/chunks/barishal/bar_cate_14/sentence_35.wav,দয়া করে ধৈর্য ধরুন।,barishal
sentence_36.wav,dataset/chunks/barishal/bar_cate_14/sentence_36.wav,অনুগ্রহ করে আমাকে ফোন দিন।,barishal
sentence_37.wav,dataset/chunks/barishal/bar_cate_14/sentence_37.wav,আপনি কি আমার জন্য অপেক্ষা করবেন?,barishal
sentence_38.wav,dataset/chunks/barishal/bar_cate_14/sentence_38.wav,দয়া করে এটি খুলুন।,barishal
sentence_39.wav,dataset/chunks/barishal/bar_cate_14/sentence_39.wav,অনুগ্রহ করে এটি বন্ধ করুন।,barishal
sentence_40.wav,dataset/chunks/barishal/bar_cate_14/sentence_40.wav,আপনি কি আমাকে নির্দেশ দিতে পারেন?,barishal
sentence_41.wav,dataset/chunks/barishal/bar_cate_14/sentence_41.wav,দয়া করে আমার কথা শোনুন।,barishal
sentence_42.wav,dataset/chunks/barishal/bar_cate_14/sentence_42.wav,অনুগ্রহ করে আমাকে সময় দিন।,barishal
sentence_43.wav,dataset/chunks/barishal/bar_cate_14/sentence_43.wav,আপনি কি আমার জন্য এটি আনবেন?,barishal
sentence_44.wav,dataset/chunks/barishal/bar_cate_14/sentence_44.wav,দয়া করে আমাকে সাহায্য করতে বলুন।,barishal
sentence_45.wav,dataset/chunks/barishal/bar_cate_14/sentence_45.wav,অনুগ্রহ করে আমাকে অনুমতি দিন।,barishal
sentence_46.wav,dataset/chunks/barishal/bar_cate_14/sentence_46.wav,আপনি কি আমাকে রাস্তা দেখাবেন?,barishal
sentence_47.wav,dataset/chunks/barishal/bar_cate_14/sentence_47.wav,দয়া করে এখানে বসুন।,barishal
sentence_48.wav,dataset/chunks/barishal/bar_cate_14/sentence_48.wav,অনুগ্রহ করে এটি নিন।,barishal
sentence_49.wav,dataset/chunks/barishal/bar_cate_14/sentence_49.wav,আপনি কি আমাকে এটি দেবেন?,barishal
sentence_50.wav,dataset/chunks/barishal/bar_cate_14/sentence_50.wav,দয়া করে আমাকে সঙ্গে নিয়ে যান।,barishal
sentence_51.wav,dataset/chunks/barishal/bar_cate_14/sentence_51.wav,অনুগ্রহ করে আমাকে বলুন।,barishal
sentence_52.wav,dataset/chunks/barishal/bar_cate_14/sentence_52.wav,আপনি কি আমার জন্য অপেক্ষা করতে পারবেন?,barishal
sentence_53.wav,dataset/chunks/barishal/bar_cate_14/sentence_53.wav,দয়া করে এটি পরীক্ষা করুন।,barishal
sentence_54.wav,dataset/chunks/barishal/bar_cate_14/sentence_54.wav,অনুগ্রহ করে আমাকে এটি লিখে দিন।,barishal
sentence_55.wav,dataset/chunks/barishal/bar_cate_14/sentence_55.wav,আপনি কি আমার জন্য এটি করতে পারেন?,barishal
sentence_56.wav,dataset/chunks/barishal/bar_cate_14/sentence_56.wav,দয়া করে আমার সঙ্গে যোগাযোগ করুন।,barishal
sentence_57.wav,dataset/chunks/barishal/bar_cate_14/sentence_57.wav,অনুগ্রহ করে আমাকে সহায়তা করুন।,barishal
sentence_58.wav,dataset/chunks/barishal/bar_cate_14/sentence_58.wav,আপনি কি আমাকে এটি দেখাবেন?,barishal
sentence_59.wav,dataset/chunks/barishal/bar_cate_14/sentence_59.wav,দয়া করে আমার জন্য অপেক্ষা করুন।,barishal
sentence_60.wav,dataset/chunks/barishal/bar_cate_14/sentence_60.wav,অনুগ্রহ করে আমাকে সাহায্য করুন।,barishal
sentence_61.wav,dataset/chunks/barishal/bar_cate_14/sentence_61.wav,আপনি কি আমাকে সাহায্য করবেন?,barishal
sentence_62.wav,dataset/chunks/barishal/bar_cate_14/sentence_62.wav,দয়া করে আমাকে এটি বুঝতে দিন।,barishal
sentence_63.wav,dataset/chunks/barishal/bar_cate_14/sentence_63.wav,অনুগ্রহ করে এটি রাখুন।,barishal
sentence_64.wav,dataset/chunks/barishal/bar_cate_14/sentence_64.wav,আপনি কি আমাকে অনুমতি দেবেন?,barishal
sentence_65.wav,dataset/chunks/barishal/bar_cate_14/sentence_65.wav,দয়া করে আমাকে এটি আনতে দিন।,barishal
sentence_66.wav,dataset/chunks/barishal/bar_cate_14/sentence_66.wav,অনুগ্রহ করে আমাকে নির্দেশ দিন।,barishal
sentence_67.wav,dataset/chunks/barishal/bar_cate_14/sentence_67.wav,আপনি কি আমাকে এটি আনবেন?,barishal
sentence_68.wav,dataset/chunks/barishal/bar_cate_14/sentence_68.wav,দয়া করে আমাকে সাহায্য করতে বলুন।,barishal
sentence_69.wav,dataset/chunks/barishal/bar_cate_14/sentence_69.wav,অনুগ্রহ করে এটি আমার জন্য রাখুন।,barishal
sentence_70.wav,dataset/chunks/barishal/bar_cate_14/sentence_70.wav,আপনি কি আমার জন্য অপেক্ষা করতে পারবেন?,barishal
sentence_01.wav,dataset/chunks/barishal/bar_cate_15/sentence_01.wav,আমি সকাল ৬টায় উঠি।,barishal
sentence_02.wav,dataset/chunks/barishal/bar_cate_15/sentence_02.wav,তুমি কি বাজারে যাচ্ছো?,barishal
sentence_03.wav,dataset/chunks/barishal/bar_cate_15/sentence_03.wav,আমি ভাত রান্না করছি।,barishal
sentence_04.wav,dataset/chunks/barishal/bar_cate_15/sentence_04.wav,আমরা প্রতিদিন হাঁটতে যাই।,barishal
sentence_05.wav,dataset/chunks/barishal/bar_cate_15/sentence_05.wav,তুমি কি আজ শপিং করতে যাবে?,barishal
sentence_06.wav,dataset/chunks/barishal/bar_cate_15/sentence_06.wav,আমি ব্যাগ প্যাক করছি।,barishal
sentence_07.wav,dataset/chunks/barishal/bar_cate_15/sentence_07.wav,তুমি কি সকালে নাশতা করেছো?,barishal
sentence_08.wav,dataset/chunks/barishal/bar_cate_15/sentence_08.wav,আমি লন্ড্রি করছি।,barishal
sentence_09.wav,dataset/chunks/barishal/bar_cate_15/sentence_09.wav,তুমি কি সিনেমা দেখতে যাবে?,barishal
sentence_10.wav,dataset/chunks/barishal/bar_cate_15/sentence_10.wav,আমি বই পড়ছি।,barishal
sentence_11.wav,dataset/chunks/barishal/bar_cate_15/sentence_11.wav,তুমি কি চা খাবে?,barishal
sentence_12.wav,dataset/chunks/barishal/bar_cate_15/sentence_12.wav,আমি বাসায় ক্লিনিং করছি।,barishal
sentence_13.wav,dataset/chunks/barishal/bar_cate_15/sentence_13.wav,তুমি কি বাজারে নতুন সবজি পেয়েছো?,barishal
sentence_14.wav,dataset/chunks/barishal/bar_cate_15/sentence_14.wav,আমি শুতে যাচ্ছি।,barishal
sentence_15.wav,dataset/chunks/barishal/bar_cate_15/sentence_15.wav,আমরা সকালে দৌড়াচ্ছি।,barishal
sentence_16.wav,dataset/chunks/barishal/bar_cate_15/sentence_16.wav,তুমি কি কাজ শেষ করেছো?,barishal
sentence_17.wav,dataset/chunks/barishal/bar_cate_15/sentence_17.wav,আমি দুপুরের খাবার খাচ্ছি।,barishal
sentence_18.wav,dataset/chunks/barishal/bar_cate_15/sentence_18.wav,তুমি কি কুকিং করতে জানো?,barishal
sentence_19.wav,dataset/chunks/barishal/bar_cate_15/sentence_19.wav,আমি দোকান যাচ্ছি।,barishal
sentence_20.wav,dataset/chunks/barishal/bar_cate_15/sentence_20.wav,তুমি কি আজ বাড়িতে থাকছো?,barishal
sentence_21.wav,dataset/chunks/barishal/bar_cate_15/sentence_21.wav,আমি টিভি দেখছি।,barishal
sentence_22.wav,dataset/chunks/barishal/bar_cate_15/sentence_22.wav,তুমি কি সাইকেল চালাচ্ছো?,barishal
sentence_23.wav,dataset/chunks/barishal/bar_cate_15/sentence_23.wav,আমি জামাকাপড় ধরছি।,barishal
sentence_24.wav,dataset/chunks/barishal/bar_cate_15/sentence_24.wav,তুমি কি বাজার থেকে দুধ এনেছো?,barishal
sentence_25.wav,dataset/chunks/barishal/bar_cate_15/sentence_25.wav,আমি রাতে ঘুমাতে যাচ্ছি।,barishal
sentence_26.wav,dataset/chunks/barishal/bar_cate_15/sentence_26.wav,তুমি কি সকাল ৭টায় উঠে আসবে?,barishal
sentence_27.wav,dataset/chunks/barishal/bar_cate_15/sentence_27.wav,আমি রান্নাঘরে কাজ করছি।,barishal
sentence_28.wav,dataset/chunks/barishal/bar_cate_15/sentence_28.wav,তুমি কি বাজারে কোন মাংস কিনেছো?,barishal
sentence_29.wav,dataset/chunks/barishal/bar_cate_15/sentence_29.wav,আমি দুপুরে বিশ্রাম নিচ্ছি।,barishal
sentence_30.wav,dataset/chunks/barishal/bar_cate_15/sentence_30.wav,তুমি কি সন্ধ্যায় হাঁটবে?,barishal
sentence_31.wav,dataset/chunks/barishal/bar_cate_15/sentence_31.wav,আমি কফি বানাচ্ছি।,barishal
sentence_32.wav,dataset/chunks/barishal/bar_cate_15/sentence_32.wav,তুমি কি নিত্যদিন সকালে জগিং করো?,barishal
sentence_33.wav,dataset/chunks/barishal/bar_cate_15/sentence_33.wav,আমি দুধ ফুটাচ্ছি।,barishal
sentence_34.wav,dataset/chunks/barishal/bar_cate_15/sentence_34.wav,তুমি কি চা খেতে চাও?,barishal
sentence_35.wav,dataset/chunks/barishal/bar_cate_15/sentence_35.wav,আমি বাজারে যাচ্ছি।,barishal
sentence_36.wav,dataset/chunks/barishal/bar_cate_15/sentence_36.wav,তুমি কি বই পড়ছো?,barishal
sentence_37.wav,dataset/chunks/barishal/bar_cate_15/sentence_37.wav,আমি বাড়ি ঝাড়ু দিচ্ছি।,barishal
sentence_38.wav,dataset/chunks/barishal/bar_cate_15/sentence_38.wav,তুমি কি দুপুরের খাবার খেয়েছো?,barishal
sentence_39.wav,dataset/chunks/barishal/bar_cate_15/sentence_39.wav,আমি সবজি কাটছি।,barishal
sentence_40.wav,dataset/chunks/barishal/bar_cate_15/sentence_40.wav,তুমি কি রাতে শুবে?,barishal
sentence_41.wav,dataset/chunks/barishal/bar_cate_15/sentence_41.wav,আমি কলম ও কাগজ সাজাচ্ছি।,barishal
sentence_42.wav,dataset/chunks/barishal/bar_cate_15/sentence_42.wav,তুমি কি আজ রান্না করছো?,barishal
sentence_43.wav,dataset/chunks/barishal/bar_cate_15/sentence_43.wav,আমি কাপড় ধুয়ে শুকাচ্ছি।,barishal
sentence_44.wav,dataset/chunks/barishal/bar_cate_15/sentence_44.wav,তুমি কি বাজারে নতুন ফল এনেছো?,barishal
sentence_45.wav,dataset/chunks/barishal/bar_cate_15/sentence_45.wav,আমি সকালের নাশতা খাচ্ছি।,barishal
sentence_46.wav,dataset/chunks/barishal/bar_cate_15/sentence_46.wav,তুমি কি আজ ঘুম বেশি করেছো?,barishal
sentence_47.wav,dataset/chunks/barishal/bar_cate_15/sentence_47.wav,আমি খাবার টেবিলে বসছি।,barishal
sentence_48.wav,dataset/chunks/barishal/bar_cate_15/sentence_48.wav,তুমি কি বাইরে যাচ্ছো?,barishal
sentence_49.wav,dataset/chunks/barishal/bar_cate_15/sentence_49.wav,আমি ফ্রিজে খাবার রাখছি।,barishal
sentence_50.wav,dataset/chunks/barishal/bar_cate_15/sentence_50.wav,তুমি কি বাজারে যাবার আগে তালিকা লিখেছো?,barishal
sentence_51.wav,dataset/chunks/barishal/bar_cate_15/sentence_51.wav,আমি সকালে ব্যায়াম করছি।,barishal
sentence_52.wav,dataset/chunks/barishal/bar_cate_15/sentence_52.wav,তুমি কি দুপুরে ঘুমাবে?,barishal
sentence_53.wav,dataset/chunks/barishal/bar_cate_15/sentence_53.wav,আমি কাপড় ধরছি।,barishal
sentence_54.wav,dataset/chunks/barishal/bar_cate_15/sentence_54.wav,তুমি কি রান্না শেষ করেছো?,barishal
sentence_55.wav,dataset/chunks/barishal/bar_cate_15/sentence_55.wav,আমি বাজার থেকে শাক-সবজি এনেছি।,barishal
sentence_56.wav,dataset/chunks/barishal/bar_cate_15/sentence_56.wav,তুমি কি ঘরে কাজ করছো?,barishal
sentence_57.wav,dataset/chunks/barishal/bar_cate_15/sentence_57.wav,আমি দুপুরে চা খাচ্ছি।,barishal
sentence_58.wav,dataset/chunks/barishal/bar_cate_15/sentence_58.wav,তুমি কি রাতের খাবার খাবে?,barishal
sentence_59.wav,dataset/chunks/barishal/bar_cate_15/sentence_59.wav,আমি সকালের লিস্ট অনুযায়ী কাজ করছি।,barishal
sentence_60.wav,dataset/chunks/barishal/bar_cate_15/sentence_60.wav,তুমি কি বাজার থেকে দুধ এনেছো?,barishal
sentence_61.wav,dataset/chunks/barishal/bar_cate_15/sentence_61.wav,আমি সকালে উঠে হাঁটতে যাই।,barishal
sentence_62.wav,dataset/chunks/barishal/bar_cate_15/sentence_62.wav,তুমি কি ফ্রিজ খোলেছো?,barishal
sentence_63.wav,dataset/chunks/barishal/bar_cate_15/sentence_63.wav,আমি বালিশ ধরছি।,barishal
sentence_64.wav,dataset/chunks/barishal/bar_cate_15/sentence_64.wav,তুমি কি রান্না করতে চাও?,barishal
sentence_65.wav,dataset/chunks/barishal/bar_cate_15/sentence_65.wav,আমি কাপড় লন্ড্রি করছি।,barishal
sentence_66.wav,dataset/chunks/barishal/bar_cate_15/sentence_66.wav,তুমি কি বাজারে নতুন রুটি কিনেছো?,barishal
sentence_67.wav,dataset/chunks/barishal/bar_cate_15/sentence_67.wav,আমি রাতের খাবার প্রস্তুত করছি।,barishal
sentence_68.wav,dataset/chunks/barishal/bar_cate_15/sentence_68.wav,তুমি কি শপিং করতে যাচ্ছো?,barishal
sentence_69.wav,dataset/chunks/barishal/bar_cate_15/sentence_69.wav,আমি খোলা আকাশের নিচে হাঁটছি।,barishal
sentence_70.wav,dataset/chunks/barishal/bar_cate_15/sentence_70.wav,তুমি কি আজ সকাল থেকে ব্যস্ত?,barishal
sentence_01.wav,dataset/chunks/barishal/bar_cate_16/sentence_01.wav,আমার ফোন কাজ করছে না।,barishal
sentence_02.wav,dataset/chunks/barishal/bar_cate_16/sentence_02.wav,বাস ধীর গতিতে চলছে।,barishal
sentence_03.wav,dataset/chunks/barishal/bar_cate_16/sentence_03.wav,আমি বিল ঠিকমত পাইনি।,barishal
sentence_04.wav,dataset/chunks/barishal/bar_cate_16/sentence_04.wav,পানির চাপ খুব কম।,barishal
sentence_05.wav,dataset/chunks/barishal/bar_cate_16/sentence_05.wav,ইন্টারনেট সংযোগ স্থিতিশীল নয়।,barishal
sentence_06.wav,dataset/chunks/barishal/bar_cate_16/sentence_06.wav,দোকানে সব পণ্য শেষ।,barishal
sentence_07.wav,dataset/chunks/barishal/bar_cate_16/sentence_07.wav,বাতি জ্বলে না।,barishal
sentence_08.wav,dataset/chunks/barishal/bar_cate_16/sentence_08.wav,আমি চা খুব গরম পেয়েছি।,barishal
sentence_09.wav,dataset/chunks/barishal/bar_cate_16/sentence_09.wav,রিকশা খুব দেরি করছে।,barishal
sentence_10.wav,dataset/chunks/barishal/bar_cate_16/sentence_10.wav,লিফট বন্ধ।,barishal
sentence_11.wav,dataset/chunks/barishal/bar_cate_16/sentence_11.wav,আমার অ্যাপ্লিকেশন ক্র্যাশ করছে।,barishal
sentence_12.wav,dataset/chunks/barishal/bar_cate_16/sentence_12.wav,এই গাড়ি তেল টপ আপ করছে না।,barishal
sentence_13.wav,dataset/chunks/barishal/bar_cate_16/sentence_13.wav,বাসে অনেক ভিড়।,barishal
sentence_14.wav,dataset/chunks/barishal/bar_cate_16/sentence_14.wav,আমি খাবার ঠিকমত পাইনি।,barishal
sentence_15.wav,dataset/chunks/barishal/bar_cate_16/sentence_15.wav,রাস্তায় অনেক ধুলো।,barishal
sentence_16.wav,dataset/chunks/barishal/bar_cate_16/sentence_16.wav,আমার কম্পিউটার হ্যাং করেছে।,barishal
sentence_17.wav,dataset/chunks/barishal/bar_cate_16/sentence_17.wav,ফোনের ব্যাটারি দ্রুত শেষ হচ্ছে।,barishal
sentence_18.wav,dataset/chunks/barishal/bar_cate_16/sentence_18.wav,দোকানের হেডফোন খারাপ।,barishal
sentence_19.wav,dataset/chunks/barishal/bar_cate_16/sentence_19.wav,রিকশাচালক দেরি করছে।,barishal
sentence_20.wav,dataset/chunks/barishal/bar_cate_16/sentence_20.wav,পানির ট্যাংক ফাঁকা।,barishal
sentence_21.wav,dataset/chunks/barishal/bar_cate_16/sentence_21.wav,বাসে এয়ার কন্ডিশনার কাজ করছে না।,barishal
sentence_22.wav,dataset/chunks/barishal/bar_cate_16/sentence_22.wav,আমার Wi-Fi কানেকশন গড়বড়।,barishal
sentence_23.wav,dataset/chunks/barishal/bar_cate_16/sentence_23.wav,দোকানের কাস্টমার সার্ভিস খারাপ।,barishal
sentence_24.wav,dataset/chunks/barishal/bar_cate_16/sentence_24.wav,বাতি ঠিকমত জ্বলে না।,barishal
sentence_25.wav,dataset/chunks/barishal/bar_cate_16/sentence_25.wav,খাবারের স্বাদ খারাপ।,barishal
sentence_26.wav,dataset/chunks/barishal/bar_cate_16/sentence_26.wav,লিফট খুব ধীরে চলছে।,barishal
sentence_27.wav,dataset/chunks/barishal/bar_cate_16/sentence_27.wav,আমার মোবাইল চার্জ হচ্ছে না।,barishal
sentence_28.wav,dataset/chunks/barishal/bar_cate_16/sentence_28.wav,বাসের ভাড়া বেশি।,barishal
sentence_29.wav,dataset/chunks/barishal/bar_cate_16/sentence_29.wav,দোকানে পণ্য ভালো মানের নয়।,barishal
sentence_30.wav,dataset/chunks/barishal/bar_cate_16/sentence_30.wav,রাস্তায় যানজট বেশি।,barishal
sentence_31.wav,dataset/chunks/barishal/bar_cate_16/sentence_31.wav,আমি আমার টিকেট হারিয়েছি।,barishal
sentence_32.wav,dataset/chunks/barishal/bar_cate_16/sentence_32.wav,খাবারের পরিমাণ কম।,barishal
sentence_33.wav,dataset/chunks/barishal/bar_cate_16/sentence_33.wav,আমার কম্পিউটার ধীরগতিতে চলছে।,barishal
sentence_34.wav,dataset/chunks/barishal/bar_cate_16/sentence_34.wav,রিকশা খুব পুরোনো।,barishal
sentence_35.wav,dataset/chunks/barishal/bar_cate_16/sentence_35.wav,দোকানে নতুন পণ্য নেই।,barishal
sentence_36.wav,dataset/chunks/barishal/bar_cate_16/sentence_36.wav,ফোনের সিম কাজ করছে না।,barishal
sentence_37.wav,dataset/chunks/barishal/bar_cate_16/sentence_37.wav,বাসে বসার জায়গা নেই।,barishal
sentence_38.wav,dataset/chunks/barishal/bar_cate_16/sentence_38.wav,পানির স্বাদ খারাপ।,barishal
sentence_39.wav,dataset/chunks/barishal/bar_cate_16/sentence_39.wav,লিফটে শব্দ করছে।,barishal
sentence_40.wav,dataset/chunks/barishal/bar_cate_16/sentence_40.wav,দোকানের দাম বেশি।,barishal
sentence_41.wav,dataset/chunks/barishal/bar_cate_16/sentence_41.wav,খাবারের স্বাদ পরিবর্তন হয়েছে।,barishal
sentence_42.wav,dataset/chunks/barishal/bar_cate_16/sentence_42.wav,আমার ল্যাপটপ হ্যাং করছে।,barishal
sentence_43.wav,dataset/chunks/barishal/bar_cate_16/sentence_43.wav,বাসে লোকজন অনেক।,barishal
sentence_44.wav,dataset/chunks/barishal/bar_cate_16/sentence_44.wav,রাস্তায় খোলা গর্ত।,barishal
sentence_45.wav,dataset/chunks/barishal/bar_cate_16/sentence_45.wav,দোকানে কোনো বিক্রয়কর্মী নেই।,barishal
sentence_46.wav,dataset/chunks/barishal/bar_cate_16/sentence_46.wav,আমার ফোন ব্যাটারি নষ্ট।,barishal
sentence_47.wav,dataset/chunks/barishal/bar_cate_16/sentence_47.wav,খাবার খুব ঠান্ডা।,barishal
sentence_48.wav,dataset/chunks/barishal/bar_cate_16/sentence_48.wav,লিফট খুব দ্রুত চলেছে।,barishal
sentence_49.wav,dataset/chunks/barishal/bar_cate_16/sentence_49.wav,রিকশা বাসার সামনে দাঁড়ায় না।,barishal
sentence_50.wav,dataset/chunks/barishal/bar_cate_16/sentence_50.wav,দোকানে পরিষ্কার নেই।,barishal
sentence_51.wav,dataset/chunks/barishal/bar_cate_16/sentence_51.wav,বাস স্ট্যান্ড দূরে।,barishal
sentence_52.wav,dataset/chunks/barishal/bar_cate_16/sentence_52.wav,আমার কম্পিউটার হঠাৎ বন্ধ হয়ে গেছে।,barishal
sentence_53.wav,dataset/chunks/barishal/bar_cate_16/sentence_53.wav,ফোনে নেটওয়ার্ক নেই।,barishal
sentence_54.wav,dataset/chunks/barishal/bar_cate_16/sentence_54.wav,খাবারের স্বাদ ভালো নয়।,barishal
sentence_55.wav,dataset/chunks/barishal/bar_cate_16/sentence_55.wav,লিফট লক হয়ে গেছে।,barishal
sentence_56.wav,dataset/chunks/barishal/bar_cate_16/sentence_56.wav,দোকানের হেডফোন ব্রেক।,barishal
sentence_57.wav,dataset/chunks/barishal/bar_cate_16/sentence_57.wav,রিকশাচালক রাস্তায় নেই।,barishal
sentence_58.wav,dataset/chunks/barishal/bar_cate_16/sentence_58.wav,বাসে শীত নেই।,barishal
sentence_59.wav,dataset/chunks/barishal/bar_cate_16/sentence_59.wav,আমার ফোন হ্যাং করছে।,barishal
sentence_60.wav,dataset/chunks/barishal/bar_cate_16/sentence_60.wav,দোকানে সঠিক দাম নেই।,barishal
sentence_61.wav,dataset/chunks/barishal/bar_cate_16/sentence_61.wav,খাবারের স্বাদ খুব ঝাল।,barishal
sentence_62.wav,dataset/chunks/barishal/bar_cate_16/sentence_62.wav,লিফট বেজে যাচ্ছে।,barishal
sentence_63.wav,dataset/chunks/barishal/bar_cate_16/sentence_63.wav,আমার ল্যাপটপ কাজ করছে না।,barishal
sentence_64.wav,dataset/chunks/barishal/bar_cate_16/sentence_64.wav,দোকানের পণ্য ভাঙা।,barishal
sentence_65.wav,dataset/chunks/barishal/bar_cate_16/sentence_65.wav,রিকশা দূরে গেছে।,barishal
sentence_66.wav,dataset/chunks/barishal/bar_cate_16/sentence_66.wav,বাস সময়মতো আসেনি।,barishal
sentence_67.wav,dataset/chunks/barishal/bar_cate_16/sentence_67.wav,আমার মোবাইল নেটওয়ার্ক নেই।,barishal
sentence_68.wav,dataset/chunks/barishal/bar_cate_16/sentence_68.wav,দোকানের সার্ভিস খারাপ।,barishal
sentence_69.wav,dataset/chunks/barishal/bar_cate_16/sentence_69.wav,খাবারের পরিমাণ কম।,barishal
sentence_70.wav,dataset/chunks/barishal/bar_cate_16/sentence_70.wav,লিফট খুব ধীরে চলছে।,barishal
sentence_01.wav,dataset/chunks/barishal/bar_cate_17/sentence_01.wav,আমি একটি নতুন ব্যাংক অ্যাকাউন্ট খুলতে চাই।,barishal
sentence_02.wav,dataset/chunks/barishal/bar_cate_17/sentence_02.wav,আমার অ্যাকাউন্ট ব্যালেন্স কত?,barishal
sentence_03.wav,dataset/chunks/barishal/bar_cate_17/sentence_03.wav,আমি টাকা পাঠাতে চাই।,barishal
sentence_04.wav,dataset/chunks/barishal/bar_cate_17/sentence_04.wav,ATM কার্ড কোথায় পাব?,barishal
sentence_05.wav,dataset/chunks/barishal/bar_cate_17/sentence_05.wav,আমি বিকাশে টাকা পাঠাতে চাই।,barishal
sentence_06.wav,dataset/chunks/barishal/bar_cate_17/sentence_06.wav,চেক জমা দিতে হবে কি?,barishal
sentence_07.wav,dataset/chunks/barishal/bar_cate_17/sentence_07.wav,ব্যাংকের সময়সূচি কী?,barishal
sentence_08.wav,dataset/chunks/barishal/bar_cate_17/sentence_08.wav,আমি একটি লোন নিতে চাই।,barishal
sentence_09.wav,dataset/chunks/barishal/bar_cate_17/sentence_09.wav,ATM কাজ করছে না।,barishal
sentence_10.wav,dataset/chunks/barishal/bar_cate_17/sentence_10.wav,আমি অনলাইন ব্যাংকিং করতে চাই।,barishal
sentence_11.wav,dataset/chunks/barishal/bar_cate_17/sentence_11.wav,আমার অ্যাকাউন্টে টাকা ঢুকেনি।,barishal
sentence_12.wav,dataset/chunks/barishal/bar_cate_17/sentence_12.wav,ব্যাংক খোলা আছে কি?,barishal
sentence_13.wav,dataset/chunks/barishal/bar_cate_17/sentence_13.wav,আমি একটি ডেবিট কার্ড চাই।,barishal
sentence_14.wav,dataset/chunks/barishal/bar_cate_17/sentence_14.wav,বিকাশে ট্রান্সফার সফল হয়েছে কি?,barishal
sentence_15.wav,dataset/chunks/barishal/bar_cate_17/sentence_15.wav,আমি ক্রেডিট কার্ড আবেদন করতে চাই।,barishal
sentence_16.wav,dataset/chunks/barishal/bar_cate_17/sentence_16.wav,ATM থেকে কত টাকা তুলতে পারি?,barishal
sentence_17.wav,dataset/chunks/barishal/bar_cate_17/sentence_17.wav,আমার পিন ভুল হয়েছে।,barishal
sentence_18.wav,dataset/chunks/barishal/bar_cate_17/sentence_18.wav,ব্যাংক ফি কত?,barishal
sentence_19.wav,dataset/chunks/barishal/bar_cate_17/sentence_19.wav,আমি চেকবই চাই।,barishal
sentence_20.wav,dataset/chunks/barishal/bar_cate_17/sentence_20.wav,বিকাশে লেনদেন কতক্ষণ সময় নেয়?,barishal
sentence_21.wav,dataset/chunks/barishal/bar_cate_17/sentence_21.wav,আমি টাকা তুলতে চাই।,barishal
sentence_22.wav,dataset/chunks/barishal/bar_cate_17/sentence_22.wav,আমার অ্যাকাউন্ট ব্লক হয়েছে।,barishal
sentence_23.wav,dataset/chunks/barishal/bar_cate_17/sentence_23.wav,ব্যাংকিং সেবা ভালো কি?,barishal
sentence_24.wav,dataset/chunks/barishal/bar_cate_17/sentence_24.wav,আমি ফান্ড ট্রান্সফার করতে চাই।,barishal
sentence_25.wav,dataset/chunks/barishal/bar_cate_17/sentence_25.wav,ATM কোথায় আছে?,barishal
sentence_26.wav,dataset/chunks/barishal/bar_cate_17/sentence_26.wav,আমার ডেবিট কার্ড হারিয়েছে।,barishal
sentence_27.wav,dataset/chunks/barishal/bar_cate_17/sentence_27.wav,আমি বিকাশ ব্যালেন্স চেক করতে চাই।,barishal
sentence_28.wav,dataset/chunks/barishal/bar_cate_17/sentence_28.wav,ব্যাংক অ্যাকাউন্ট কতদিনে খোলা হয়?,barishal
sentence_29.wav,dataset/chunks/barishal/bar_cate_17/sentence_29.wav,আমি মোবাইল ব্যাংকিং ব্যবহার করতে চাই।,barishal
sentence_30.wav,dataset/chunks/barishal/bar_cate_17/sentence_30.wav,আমি টাকা পাঠিয়েছি কিন্তু পাওয়া যায়নি।,barishal
sentence_31.wav,dataset/chunks/barishal/bar_cate_17/sentence_31.wav,আমি লোন পরিশোধ করতে চাই।,barishal
sentence_32.wav,dataset/chunks/barishal/bar_cate_17/sentence_32.wav,ATM থেকে টাকা তুলতে সমস্যা।,barishal
sentence_33.wav,dataset/chunks/barishal/bar_cate_17/sentence_33.wav,ব্যাংকের চেক অনুমোদিত হয়েছে কি?,barishal
sentence_34.wav,dataset/chunks/barishal/bar_cate_17/sentence_34.wav,আমি বিকাশে টাকা জমা দিতে চাই।,barishal
sentence_35.wav,dataset/chunks/barishal/bar_cate_17/sentence_35.wav,আমার ক্রেডিট কার্ড লিমিট কত?,barishal
sentence_36.wav,dataset/chunks/barishal/bar_cate_17/sentence_36.wav,আমি ব্যাংক খোলা আছে কিনা জানতে চাই।,barishal
sentence_37.wav,dataset/chunks/barishal/bar_cate_17/sentence_37.wav,আমার অ্যাকাউন্ট নম্বর ভুল।,barishal
sentence_38.wav,dataset/chunks/barishal/bar_cate_17/sentence_38.wav,আমি ফান্ড রিসিভ করতে পারছি না।,barishal
sentence_39.wav,dataset/chunks/barishal/bar_cate_17/sentence_39.wav,ব্যাংক সেবা ধীর।,barishal
sentence_40.wav,dataset/chunks/barishal/bar_cate_17/sentence_40.wav,আমি বিকাশের পিন পরিবর্তন করতে চাই।,barishal
sentence_41.wav,dataset/chunks/barishal/bar_cate_17/sentence_41.wav,আমি একটি ট্রান্সফার করতে চাই।,barishal
sentence_42.wav,dataset/chunks/barishal/bar_cate_17/sentence_42.wav,ব্যাংকের কনসাল্ট্যান্ট কোথায় আছে?,barishal
sentence_43.wav,dataset/chunks/barishal/bar_cate_17/sentence_43.wav,আমার অ্যাকাউন্টে লেনদেন দেখা যায় না।,barishal
sentence_44.wav,dataset/chunks/barishal/bar_cate_17/sentence_44.wav,আমি নতুন ATM কার্ড চাই।,barishal
sentence_45.wav,dataset/chunks/barishal/bar_cate_17/sentence_45.wav,বিকাশে লেনদেন বাতিল হয়েছে।,barishal
sentence_46.wav,dataset/chunks/barishal/bar_cate_17/sentence_46.wav,ব্যাংকের চেক যাচাই হয়েছে কি?,barishal
sentence_47.wav,dataset/chunks/barishal/bar_cate_17/sentence_47.wav,আমি ফান্ড ট্রান্সফার করতে পারছি না।,barishal
sentence_48.wav,dataset/chunks/barishal/bar_cate_17/sentence_48.wav,আমার অ্যাকাউন্টে টাকা কমেছে।,barishal
sentence_49.wav,dataset/chunks/barishal/bar_cate_17/sentence_49.wav,আমি লোন স্ট্যাটাস জানতে চাই।,barishal
sentence_50.wav,dataset/chunks/barishal/bar_cate_17/sentence_50.wav,ATM খুব ব্যস্ত।,barishal
sentence_51.wav,dataset/chunks/barishal/bar_cate_17/sentence_51.wav,আমি বিকাশে নতুন নাম্বার রেজিস্টার করতে চাই।,barishal
sentence_52.wav,dataset/chunks/barishal/bar_cate_17/sentence_52.wav,ব্যাংকের ফি খুব বেশি।,barishal
sentence_53.wav,dataset/chunks/barishal/bar_cate_17/sentence_53.wav,আমি অনলাইন পেমেন্ট করতে চাই।,barishal
sentence_54.wav,dataset/chunks/barishal/bar_cate_17/sentence_54.wav,আমার অ্যাকাউন্টে লেনদেন বন্ধ।,barishal
sentence_55.wav,dataset/chunks/barishal/bar_cate_17/sentence_55.wav,আমি চেক জমা দিতে পারছি না।,barishal
sentence_56.wav,dataset/chunks/barishal/bar_cate_17/sentence_56.wav,বিকাশে টাকা স্থানান্তর করতে সমস্যা।,barishal
sentence_57.wav,dataset/chunks/barishal/bar_cate_17/sentence_57.wav,ব্যাংকের সময়সূচি পরিবর্তন হয়েছে।,barishal
sentence_58.wav,dataset/chunks/barishal/bar_cate_17/sentence_58.wav,আমি ক্রেডিট কার্ড একটিভ করতে চাই।,barishal
sentence_59.wav,dataset/chunks/barishal/bar_cate_17/sentence_59.wav,আমার লোন অ্যাপ্লিকেশন পেন্ডিং আছে।,barishal
sentence_60.wav,dataset/chunks/barishal/bar_cate_17/sentence_60.wav,ATM থেকে লেনদেন বাতিল হয়েছে।,barishal
sentence_61.wav,dataset/chunks/barishal/bar_cate_17/sentence_61.wav,আমি বিকাশে টাকা রিফান্ড চাই।,barishal
sentence_62.wav,dataset/chunks/barishal/bar_cate_17/sentence_62.wav,ব্যাংকের সার্ভিস খারাপ।,barishal
sentence_63.wav,dataset/chunks/barishal/bar_cate_17/sentence_63.wav,আমি আমার অ্যাকাউন্ট বন্ধ করতে চাই।,barishal
sentence_64.wav,dataset/chunks/barishal/bar_cate_17/sentence_64.wav,আমার ডেবিট কার্ড ব্লক হয়েছে।,barishal
sentence_65.wav,dataset/chunks/barishal/bar_cate_17/sentence_65.wav,আমি ফান্ড রিসিভ করতে পারছি না।,barishal
sentence_66.wav,dataset/chunks/barishal/bar_cate_17/sentence_66.wav,ব্যাংকের লাইন অনেক লম্বা।,barishal
sentence_67.wav,dataset/chunks/barishal/bar_cate_17/sentence_67.wav,আমি ক্রেডিট কার্ড বন্ধ করতে চাই।,barishal
sentence_68.wav,dataset/chunks/barishal/bar_cate_17/sentence_68.wav,আমার অ্যাকাউন্টে টাকা জমা হয়নি।,barishal
sentence_69.wav,dataset/chunks/barishal/bar_cate_17/sentence_69.wav,আমি বিকাশে লেনদেনের হিস্ট্রি দেখতে চাই।,barishal
sentence_70.wav,dataset/chunks/barishal/bar_cate_17/sentence_70.wav,ব্যাংকের লোন প্রক্রিয়া ধীর।,barishal
sentence_01.wav,dataset/chunks/barishal/bar_cate_18/sentence_01.wav,আমি খুব খুশি।,barishal
sentence_02.wav,dataset/chunks/barishal/bar_cate_18/sentence_02.wav,তুমি কীভাবে অনুভব করছো?,barishal
sentence_03.wav,dataset/chunks/barishal/bar_cate_18/sentence_03.wav,আমি দুঃখিত।,barishal
sentence_04.wav,dataset/chunks/barishal/bar_cate_18/sentence_04.wav,এটা সত্যিই দুঃখজনক।,barishal
sentence_05.wav,dataset/chunks/barishal/bar_cate_18/sentence_05.wav,আমি রাগান্বিত।,barishal
sentence_06.wav,dataset/chunks/barishal/bar_cate_18/sentence_06.wav,তুমি কেন রাগ করছো?,barishal
sentence_07.wav,dataset/chunks/barishal/bar_cate_18/sentence_07.wav,আমি উত্তেজিত।,barishal
sentence_08.wav,dataset/chunks/barishal/bar_cate_18/sentence_08.wav,এটা আমার জন্য আশ্চর্যজনক।,barishal
sentence_09.wav,dataset/chunks/barishal/bar_cate_18/sentence_09.wav,আমি ভীত।,barishal
sentence_10.wav,dataset/chunks/barishal/bar_cate_18/sentence_10.wav,তুমি কেন ভয় পাচ্ছো?,barishal
sentence_11.wav,dataset/chunks/barishal/bar_cate_18/sentence_11.wav,আমি দারুণ খুশি।,barishal
sentence_12.wav,dataset/chunks/barishal/bar_cate_18/sentence_12.wav,এটা সত্যিই আমাকে কষ্ট দিচ্ছে।,barishal
sentence_13.wav,dataset/chunks/barishal/bar_cate_18/sentence_13.wav,আমি হতাশ।,barishal
sentence_14.wav,dataset/chunks/barishal/bar_cate_18/sentence_14.wav,তুমি খুব আনন্দিত দেখাচ্ছো।,barishal
sentence_15.wav,dataset/chunks/barishal/bar_cate_18/sentence_15.wav,আমি অবাক।,barishal
sentence_16.wav,dataset/chunks/barishal/bar_cate_18/sentence_16.wav,এটা আমার জন্য দুঃসংবাদ।,barishal
sentence_17.wav,dataset/chunks/barishal/bar_cate_18/sentence_17.wav,আমি খুব দুঃখিত।,barishal
sentence_18.wav,dataset/chunks/barishal/bar_cate_18/sentence_18.wav,তুমি কি খুশি?,barishal
sentence_19.wav,dataset/chunks/barishal/bar_cate_18/sentence_19.wav,আমি উত্তেজিত অনুভব করছি।,barishal
sentence_20.wav,dataset/chunks/barishal/bar_cate_18/sentence_20.wav,আমি রাগান্বিত হয়ে যাচ্ছি।,barishal
sentence_21.wav,dataset/chunks/barishal/bar_cate_18/sentence_21.wav,এটা সত্যিই অবাক করা।,barishal
sentence_22.wav,dataset/chunks/barishal/bar_cate_18/sentence_22.wav,"আমি দুঃখিত, এটা আমার দোষ।",barishal
sentence_23.wav,dataset/chunks/barishal/bar_cate_18/sentence_23.wav,তুমি কেমন অনুভব করছো?,barishal
sentence_24.wav,dataset/chunks/barishal/bar_cate_18/sentence_24.wav,আমি শান্ত।,barishal
sentence_25.wav,dataset/chunks/barishal/bar_cate_18/sentence_25.wav,এটা আমাকে আনন্দিত করছে।,barishal
sentence_26.wav,dataset/chunks/barishal/bar_cate_18/sentence_26.wav,আমি চিন্তিত।,barishal
sentence_27.wav,dataset/chunks/barishal/bar_cate_18/sentence_27.wav,আমি হতাশ হয়ে যাচ্ছি।,barishal
sentence_28.wav,dataset/chunks/barishal/bar_cate_18/sentence_28.wav,তুমি রাগান্বিত না তো?,barishal
sentence_29.wav,dataset/chunks/barishal/bar_cate_18/sentence_29.wav,আমি সত্যিই আনন্দিত।,barishal
sentence_30.wav,dataset/chunks/barishal/bar_cate_18/sentence_30.wav,এটা আমাকে বিরক্ত করছে।,barishal
sentence_31.wav,dataset/chunks/barishal/bar_cate_18/sentence_31.wav,আমি অবাক হয়ে গেলাম।,barishal
sentence_32.wav,dataset/chunks/barishal/bar_cate_18/sentence_32.wav,আমি খুব ভীত।,barishal
sentence_33.wav,dataset/chunks/barishal/bar_cate_18/sentence_33.wav,তুমি আনন্দিত দেখাচ্ছো।,barishal
sentence_34.wav,dataset/chunks/barishal/bar_cate_18/sentence_34.wav,আমি হতাশ অনুভব করছি।,barishal
sentence_35.wav,dataset/chunks/barishal/bar_cate_18/sentence_35.wav,আমি রাগান্বিত হয়ে গিয়েছি।,barishal
sentence_36.wav,dataset/chunks/barishal/bar_cate_18/sentence_36.wav,এটা আমাকে আনন্দ দিচ্ছে।,barishal
sentence_37.wav,dataset/chunks/barishal/bar_cate_18/sentence_37.wav,আমি উদ্বিগ্ন।,barishal
sentence_38.wav,dataset/chunks/barishal/bar_cate_18/sentence_38.wav,তুমি কেন দুঃখিত?,barishal
sentence_39.wav,dataset/chunks/barishal/bar_cate_18/sentence_39.wav,আমি খুব খুশি অনুভব করছি।,barishal
sentence_40.wav,dataset/chunks/barishal/bar_cate_18/sentence_40.wav,এটা সত্যিই বিরক্তিকর।,barishal
sentence_41.wav,dataset/chunks/barishal/bar_cate_18/sentence_41.wav,আমি আশ্চর্য।,barishal
sentence_42.wav,dataset/chunks/barishal/bar_cate_18/sentence_42.wav,তুমি ভয় পাচ্ছো কেন?,barishal
sentence_43.wav,dataset/chunks/barishal/bar_cate_18/sentence_43.wav,আমি খুব আনন্দিত।,barishal
sentence_44.wav,dataset/chunks/barishal/bar_cate_18/sentence_44.wav,এটা আমাকে দুঃখিত করছে।,barishal
sentence_45.wav,dataset/chunks/barishal/bar_cate_18/sentence_45.wav,আমি রাগ অনুভব করছি।,barishal
sentence_46.wav,dataset/chunks/barishal/bar_cate_18/sentence_46.wav,তুমি উত্তেজিত নাকি?,barishal
sentence_47.wav,dataset/chunks/barishal/bar_cate_18/sentence_47.wav,আমি অবাক হয়ে যাচ্ছি।,barishal
sentence_48.wav,dataset/chunks/barishal/bar_cate_18/sentence_48.wav,এটা সত্যিই দারুণ।,barishal
sentence_49.wav,dataset/chunks/barishal/bar_cate_18/sentence_49.wav,আমি শান্ত অনুভব করছি।,barishal
sentence_50.wav,dataset/chunks/barishal/bar_cate_18/sentence_50.wav,তুমি দুঃখিত নাকি?,barishal
sentence_51.wav,dataset/chunks/barishal/bar_cate_18/sentence_51.wav,আমি খুব চিন্তিত।,barishal
sentence_52.wav,dataset/chunks/barishal/bar_cate_18/sentence_52.wav,এটা আমাকে বিরক্ত করছে।,barishal
sentence_53.wav,dataset/chunks/barishal/bar_cate_18/sentence_53.wav,আমি আনন্দ অনুভব করছি।,barishal
sentence_54.wav,dataset/chunks/barishal/bar_cate_18/sentence_54.wav,তুমি রাগান্বিত নাকি?,barishal
sentence_55.wav,dataset/chunks/barishal/bar_cate_18/sentence_55.wav,আমি আশ্চর্য অনুভব করছি।,barishal
sentence_56.wav,dataset/chunks/barishal/bar_cate_18/sentence_56.wav,এটা আমাকে উত্তেজিত করছে।,barishal
sentence_57.wav,dataset/chunks/barishal/bar_cate_18/sentence_57.wav,"আমি দুঃখিত, আমি কিছু করতে পারিনি।",barishal
sentence_58.wav,dataset/chunks/barishal/bar_cate_18/sentence_58.wav,তুমি খুশি নাকি?,barishal
sentence_59.wav,dataset/chunks/barishal/bar_cate_18/sentence_59.wav,আমি খুব ভীত অনুভব করছি।,barishal
sentence_60.wav,dataset/chunks/barishal/bar_cate_18/sentence_60.wav,এটা সত্যিই দুঃখজনক।,barishal
sentence_61.wav,dataset/chunks/barishal/bar_cate_18/sentence_61.wav,আমি রাগান্বিত হয়ে যাচ্ছি।,barishal
sentence_62.wav,dataset/chunks/barishal/bar_cate_18/sentence_62.wav,তুমি উদ্বিগ্ন নাকি?,barishal
sentence_63.wav,dataset/chunks/barishal/bar_cate_18/sentence_63.wav,আমি খুব আনন্দিত অনুভব করছি।,barishal
sentence_64.wav,dataset/chunks/barishal/bar_cate_18/sentence_64.wav,এটা আমাকে হতাশ করছে।,barishal
sentence_65.wav,dataset/chunks/barishal/bar_cate_18/sentence_65.wav,আমি শান্ত অনুভব করছি।,barishal
sentence_66.wav,dataset/chunks/barishal/bar_cate_18/sentence_66.wav,তুমি দারুণ খুশি দেখাচ্ছো।,barishal
sentence_67.wav,dataset/chunks/barishal/bar_cate_18/sentence_67.wav,আমি বিরক্ত অনুভব করছি।,barishal
sentence_68.wav,dataset/chunks/barishal/bar_cate_18/sentence_68.wav,এটা আমাকে অবাক করছে।,barishal
sentence_69.wav,dataset/chunks/barishal/bar_cate_18/sentence_69.wav,আমি উত্তেজিত হয়ে যাচ্ছি।,barishal
sentence_70.wav,dataset/chunks/barishal/bar_cate_18/sentence_70.wav,আমি সত্যিই খুশি।,barishal
sentence_01.wav,dataset/chunks/barishal/bar_cate_19/sentence_01.wav,আমি লোকসংগীত শুনতে ভালোবাসি।,barishal
sentence_02.wav,dataset/chunks/barishal/bar_cate_19/sentence_02.wav,তুমি কি আজ রাতে নাচ দেখতে যাবে?,barishal
sentence_03.wav,dataset/chunks/barishal/bar_cate_19/sentence_03.wav,মেলা খুব সুন্দর।,barishal
sentence_04.wav,dataset/chunks/barishal/bar_cate_19/sentence_04.wav,তুমি কি পহেলা বৈশাখ উদযাপন করছো?,barishal
sentence_05.wav,dataset/chunks/barishal/bar_cate_19/sentence_05.wav,আমি একটি লোকনৃত্য শিখছি।,barishal
sentence_06.wav,dataset/chunks/barishal/bar_cate_19/sentence_06.wav,আজ রাতে আমরা মেলায় যাচ্ছি।,barishal
sentence_07.wav,dataset/chunks/barishal/bar_cate_19/sentence_07.wav,তুমি কি বাঁশি বাজাতে পারো?,barishal
sentence_08.wav,dataset/chunks/barishal/bar_cate_19/sentence_08.wav,আমরা পুতুলনাচ দেখেছি।,barishal
sentence_09.wav,dataset/chunks/barishal/bar_cate_19/sentence_09.wav,মেলায় অনেক লোক আছে।,barishal
sentence_10.wav,dataset/chunks/barishal/bar_cate_19/sentence_10.wav,তুমি কি ঢাক বাজাতে চাও?,barishal
sentence_11.wav,dataset/chunks/barishal/bar_cate_19/sentence_11.wav,আমি নাটক দেখতে যাচ্ছি।,barishal
sentence_12.wav,dataset/chunks/barishal/bar_cate_19/sentence_12.wav,আজকে কাব্য অনুষ্ঠানে যাচ্ছি।,barishal
sentence_13.wav,dataset/chunks/barishal/bar_cate_19/sentence_13.wav,তুমি কি গান গাইতে পারো?,barishal
sentence_14.wav,dataset/chunks/barishal/bar_cate_19/sentence_14.wav,লোকনৃত্য খুব সুন্দর।,barishal
sentence_15.wav,dataset/chunks/barishal/bar_cate_19/sentence_15.wav,আমরা মেলায় পিঠা খেয়েছি।,barishal
sentence_16.wav,dataset/chunks/barishal/bar_cate_19/sentence_16.wav,তুমি কি আজকে শিল্প প্রদর্শনী দেখেছো?,barishal
sentence_17.wav,dataset/chunks/barishal/bar_cate_19/sentence_17.wav,আমি রবীন্দ্রনাথের গান শুনতে ভালোবাসি।,barishal
sentence_18.wav,dataset/chunks/barishal/bar_cate_19/sentence_18.wav,মেলায় খেলার স্টল আছে।,barishal
sentence_19.wav,dataset/chunks/barishal/bar_cate_19/sentence_19.wav,তুমি কি আজকে ঢোল বাজাচ্ছো?,barishal
sentence_20.wav,dataset/chunks/barishal/bar_cate_19/sentence_20.wav,আমরা একটি রাস্তানাটক দেখেছি।,barishal
sentence_21.wav,dataset/chunks/barishal/bar_cate_19/sentence_21.wav,মেলায় অনেক খাবার বিক্রি হচ্ছে।,barishal
sentence_22.wav,dataset/chunks/barishal/bar_cate_19/sentence_22.wav,তুমি কি আজকে লোকগীতি শোনাচ্ছো?,barishal
sentence_23.wav,dataset/chunks/barishal/bar_cate_19/sentence_23.wav,আমি নৃত্য প্রতিযোগিতায় অংশ নিচ্ছি।,barishal
sentence_24.wav,dataset/chunks/barishal/bar_cate_19/sentence_24.wav,মেলায় সাজানো হয়েছে অনেক আলোকসজ্জা।,barishal
sentence_25.wav,dataset/chunks/barishal/bar_cate_19/sentence_25.wav,তুমি কি আজকে মেলায় গিয়েছো?,barishal
sentence_26.wav,dataset/chunks/barishal/bar_cate_19/sentence_26.wav,আমরা একটি লোককাহিনী শোনেছি।,barishal
sentence_27.wav,dataset/chunks/barishal/bar_cate_19/sentence_27.wav,তুমি কি আজকে নাটক দেখেছো?,barishal
sentence_28.wav,dataset/chunks/barishal/bar_cate_19/sentence_28.wav,আমি পটচিত্র দেখতে ভালোবাসি।,barishal
sentence_29.wav,dataset/chunks/barishal/bar_cate_19/sentence_29.wav,মেলায় অনেক শিশু খেলছে।,barishal
sentence_30.wav,dataset/chunks/barishal/bar_cate_19/sentence_30.wav,তুমি কি লোকনৃত্য শিখছো?,barishal
sentence_31.wav,dataset/chunks/barishal/bar_cate_19/sentence_31.wav,আমরা পুতুলনাচ প্রদর্শনীতে গিয়েছি।,barishal
sentence_32.wav,dataset/chunks/barishal/bar_cate_19/sentence_32.wav,মেলায় গান বাজানো হচ্ছে।,barishal
sentence_33.wav,dataset/chunks/barishal/bar_cate_19/sentence_33.wav,তুমি কি শিল্পকর্ম তৈরি করছো?,barishal
sentence_34.wav,dataset/chunks/barishal/bar_cate_19/sentence_34.wav,আমি লোকসংগীত শোনাচ্ছি।,barishal
sentence_35.wav,dataset/chunks/barishal/bar_cate_19/sentence_35.wav,মেলায় খেলনা বিক্রি হচ্ছে।,barishal
sentence_36.wav,dataset/chunks/barishal/bar_cate_19/sentence_36.wav,তুমি কি আজকে পিঠা খেয়েছো?,barishal
sentence_37.wav,dataset/chunks/barishal/bar_cate_19/sentence_37.wav,আমরা নৃত্য প্রদর্শনীতে অংশ নিয়েছি।,barishal
sentence_38.wav,dataset/chunks/barishal/bar_cate_19/sentence_38.wav,মেলায় বিভিন্ন খাবার রয়েছে।,barishal
sentence_39.wav,dataset/chunks/barishal/bar_cate_19/sentence_39.wav,তুমি কি আজকে কাব্য শোনাচ্ছো?,barishal
sentence_40.wav,dataset/chunks/barishal/bar_cate_19/sentence_40.wav,আমি রবীন্দ্রনাথের গান গাইছি।,barishal
sentence_41.wav,dataset/chunks/barishal/bar_cate_19/sentence_41.wav,মেলায় রঙিন বাতি জ্বলে।,barishal
sentence_42.wav,dataset/chunks/barishal/bar_cate_19/sentence_42.wav,তুমি কি আজকে নাটক মঞ্চস্থ করছো?,barishal
sentence_43.wav,dataset/chunks/barishal/bar_cate_19/sentence_43.wav,আমরা লোকনৃত্য দেখতে যাচ্ছি।,barishal
sentence_44.wav,dataset/chunks/barishal/bar_cate_19/sentence_44.wav,মেলায় অনেক ছবি তোলা হচ্ছে।,barishal
sentence_45.wav,dataset/chunks/barishal/bar_cate_19/sentence_45.wav,তুমি কি পুতুলনাচ পছন্দ করো?,barishal
sentence_46.wav,dataset/chunks/barishal/bar_cate_19/sentence_46.wav,আমি নৃত্য প্রশিক্ষণ নিচ্ছি।,barishal
sentence_47.wav,dataset/chunks/barishal/bar_cate_19/sentence_47.wav,মেলায় লোকশিল্প প্রদর্শিত হচ্ছে।,barishal
sentence_48.wav,dataset/chunks/barishal/bar_cate_19/sentence_48.wav,তুমি কি আজকে গান শোনাচ্ছো?,barishal
sentence_49.wav,dataset/chunks/barishal/bar_cate_19/sentence_49.wav,আমরা মেলায় হস্তশিল্প কিনেছি।,barishal
sentence_50.wav,dataset/chunks/barishal/bar_cate_19/sentence_50.wav,মেলায় অনেক লোক আনন্দ করছে।,barishal
sentence_51.wav,dataset/chunks/barishal/bar_cate_19/sentence_51.wav,তুমি কি আজকে মেলার খেলা খেলেছো?,barishal
sentence_52.wav,dataset/chunks/barishal/bar_cate_19/sentence_52.wav,আমি লোকনৃত্য প্রদর্শনীতে গিয়েছি।,barishal
sentence_53.wav,dataset/chunks/barishal/bar_cate_19/sentence_53.wav,মেলায় মিষ্টি বিক্রি হচ্ছে।,barishal
sentence_54.wav,dataset/chunks/barishal/bar_cate_19/sentence_54.wav,তুমি কি আজকে রাস্তানাটক দেখেছো?,barishal
sentence_55.wav,dataset/chunks/barishal/bar_cate_19/sentence_55.wav,আমি পুতুলনাচ তৈরি করছি।,barishal
sentence_56.wav,dataset/chunks/barishal/bar_cate_19/sentence_56.wav,মেলায় বিভিন্ন নাচ প্রদর্শিত হচ্ছে।,barishal
sentence_57.wav,dataset/chunks/barishal/bar_cate_19/sentence_57.wav,তুমি কি আজকে শিল্প প্রদর্শনীতে গিয়েছো?,barishal
sentence_58.wav,dataset/chunks/barishal/bar_cate_19/sentence_58.wav,আমরা মেলায় গান শুনেছি।,barishal
sentence_59.wav,dataset/chunks/barishal/bar_cate_19/sentence_59.wav,মেলায় লোকসংগীত বাজানো হয়েছে।,barishal
sentence_60.wav,dataset/chunks/barishal/bar_cate_19/sentence_60.wav,তুমি কি আজকে পিঠা খেয়েছো?,barishal
sentence_61.wav,dataset/chunks/barishal/bar_cate_19/sentence_61.wav,আমি নৃত্য প্রশিক্ষণে অংশ নিচ্ছি।,barishal
sentence_62.wav,dataset/chunks/barishal/bar_cate_19/sentence_62.wav,মেলায় খেলা প্রদর্শনী হয়েছে।,barishal
sentence_63.wav,dataset/chunks/barishal/bar_cate_19/sentence_63.wav,তুমি কি আজকে রঙিন লাইট দেখেছো?,barishal
sentence_64.wav,dataset/chunks/barishal/bar_cate_19/sentence_64.wav,আমরা মেলায় হস্তশিল্প শিখেছি।,barishal
sentence_65.wav,dataset/chunks/barishal/bar_cate_19/sentence_65.wav,মেলায় লোককাহিনী বলা হয়েছে।,barishal
sentence_66.wav,dataset/chunks/barishal/bar_cate_19/sentence_66.wav,তুমি কি আজকে কাব্য শোনেছো?,barishal
sentence_67.wav,dataset/chunks/barishal/bar_cate_19/sentence_67.wav,আমি মেলায় গিয়েছি।,barishal
sentence_68.wav,dataset/chunks/barishal/bar_cate_19/sentence_68.wav,মেলায় নাটক প্রদর্শিত হয়েছে।,barishal
sentence_69.wav,dataset/chunks/barishal/bar_cate_19/sentence_69.wav,তুমি কি আজকে গান গেয়েছো?,barishal
sentence_70.wav,dataset/chunks/barishal/bar_cate_19/sentence_70.wav,আমরা মেলায় নাচ উপভোগ করেছি।,barishal
sentence_01.wav,dataset/chunks/chittagong/chi_cate_01/sentence_01.wav,আপনি কোথা থেকে এসেছেন?,chittagong
sentence_02.wav,dataset/chunks/chittagong/chi_cate_01/sentence_02.wav,আপনার নাম কী?,chittagong
sentence_03.wav,dataset/chunks/chittagong/chi_cate_01/sentence_03.wav,আমার নাম জন।,chittagong
sentence_04.wav,dataset/chunks/chittagong/chi_cate_01/sentence_04.wav,আপনার সাথে পরিচিত হয়ে ভালো লাগলো।,chittagong
sentence_05.wav,dataset/chunks/chittagong/chi_cate_01/sentence_05.wav,আমি এই এলাকায় নতুন।,chittagong
sentence_06.wav,dataset/chunks/chittagong/chi_cate_01/sentence_06.wav,আপনি কি এখানে থাকেন?,chittagong
sentence_07.wav,dataset/chunks/chittagong/chi_cate_01/sentence_07.wav,আপনি কি প্রথমবার এখানে এসেছেন?,chittagong
sentence_08.wav,dataset/chunks/chittagong/chi_cate_01/sentence_08.wav,আমি বাংলাদেশে ভ্রমণে এসেছি।,chittagong
sentence_09.wav,dataset/chunks/chittagong/chi_cate_01/sentence_09.wav,আপনি কী করেন?,chittagong
sentence_10.wav,dataset/chunks/chittagong/chi_cate_01/sentence_10.wav,আমি একজন ছাত্র।,chittagong
sentence_11.wav,dataset/chunks/chittagong/chi_cate_01/sentence_11.wav,আপনার বাড়ি কোথায়?,chittagong
sentence_12.wav,dataset/chunks/chittagong/chi_cate_01/sentence_12.wav,আপনি কেমন আছেন?,chittagong
sentence_13.wav,dataset/chunks/chittagong/chi_cate_01/sentence_13.wav,আমি ভালো আছি।,chittagong
sentence_14.wav,dataset/chunks/chittagong/chi_cate_01/sentence_14.wav,অনেক দিন পর দেখা হলো।,chittagong
sentence_15.wav,dataset/chunks/chittagong/chi_cate_01/sentence_15.wav,আপনাকে আবার দেখে ভালো লাগছে।,chittagong
sentence_16.wav,dataset/chunks/chittagong/chi_cate_01/sentence_16.wav,আপনি কি আমাকে সাহায্য করতে পারবেন?,chittagong
sentence_17.wav,dataset/chunks/chittagong/chi_cate_01/sentence_17.wav,আপনার সাথে কথা বলে ভালো লাগছে।,chittagong
sentence_18.wav,dataset/chunks/chittagong/chi_cate_01/sentence_18.wav,আমি এখানে কাজের জন্য এসেছি।,chittagong
sentence_19.wav,dataset/chunks/chittagong/chi_cate_01/sentence_19.wav,আপনি কোন দেশ থেকে এসেছেন?,chittagong
sentence_20.wav,dataset/chunks/chittagong/chi_cate_01/sentence_20.wav,আমি ইংরেজি বলতে পারি।,chittagong
sentence_21.wav,dataset/chunks/chittagong/chi_cate_01/sentence_21.wav,আপনি কি বাংলা বলতে পারেন?,chittagong
sentence_22.wav,dataset/chunks/chittagong/chi_cate_01/sentence_22.wav,আমি বাংলা শিখছি।,chittagong
sentence_23.wav,dataset/chunks/chittagong/chi_cate_01/sentence_23.wav,ধন্যবাদ আপনাকে।,chittagong
sentence_24.wav,dataset/chunks/chittagong/chi_cate_01/sentence_24.wav,আপনাকে স্বাগতম।,chittagong
sentence_25.wav,dataset/chunks/chittagong/chi_cate_01/sentence_25.wav,আপনার বয়স কত?,chittagong
sentence_26.wav,dataset/chunks/chittagong/chi_cate_01/sentence_26.wav,আমি এখানে পড়াশোনা করছি।,chittagong
sentence_27.wav,dataset/chunks/chittagong/chi_cate_01/sentence_27.wav,আমি এই শহরটি পছন্দ করি।,chittagong
sentence_28.wav,dataset/chunks/chittagong/chi_cate_01/sentence_28.wav,আপনার পরিবার কেমন আছে?,chittagong
sentence_29.wav,dataset/chunks/chittagong/chi_cate_01/sentence_29.wav,আপনার সাথে দেখা করতে পেরে আনন্দিত।,chittagong
sentence_30.wav,dataset/chunks/chittagong/chi_cate_01/sentence_30.wav,আপনি কি এখানে দীর্ঘদিন থাকবেন?,chittagong
sentence_31.wav,dataset/chunks/chittagong/chi_cate_01/sentence_31.wav,আমি কয়েকদিনের জন্য এসেছি।,chittagong
sentence_32.wav,dataset/chunks/chittagong/chi_cate_01/sentence_32.wav,আপনার সাথে যোগাযোগ রাখতে চাই।,chittagong
sentence_33.wav,dataset/chunks/chittagong/chi_cate_01/sentence_33.wav,এটা আমার প্রথম সফর।,chittagong
sentence_34.wav,dataset/chunks/chittagong/chi_cate_01/sentence_34.wav,আমি আপনার দেশ সম্পর্কে জানতে চাই।,chittagong
sentence_35.wav,dataset/chunks/chittagong/chi_cate_01/sentence_35.wav,আপনি কোথায় কাজ করেন?,chittagong
sentence_36.wav,dataset/chunks/chittagong/chi_cate_01/sentence_36.wav,আপনার ফোন নম্বর দিতে পারেন?,chittagong
sentence_37.wav,dataset/chunks/chittagong/chi_cate_01/sentence_37.wav,আমি আপনার সাথে পরে কথা বলবো।,chittagong
sentence_38.wav,dataset/chunks/chittagong/chi_cate_01/sentence_38.wav,আপনাকে দেখে ভালো লাগলো।,chittagong
sentence_39.wav,dataset/chunks/chittagong/chi_cate_01/sentence_39.wav,আপনি কি এখানে একা এসেছেন?,chittagong
sentence_40.wav,dataset/chunks/chittagong/chi_cate_01/sentence_40.wav,আমি আমার বন্ধুর সাথে এসেছি।,chittagong
sentence_41.wav,dataset/chunks/chittagong/chi_cate_01/sentence_41.wav,আপনার পেশা কী?,chittagong
sentence_42.wav,dataset/chunks/chittagong/chi_cate_01/sentence_42.wav,আমি একজন শিক্ষক।,chittagong
sentence_43.wav,dataset/chunks/chittagong/chi_cate_01/sentence_43.wav,আপনার সাথে কাজ করতে চাই।,chittagong
sentence_44.wav,dataset/chunks/chittagong/chi_cate_01/sentence_44.wav,আজকে আবহাওয়া সুন্দর।,chittagong
sentence_45.wav,dataset/chunks/chittagong/chi_cate_01/sentence_45.wav,আপনি কি এখানে থাকেন নাকি ভ্রমণে এসেছেন?,chittagong
sentence_46.wav,dataset/chunks/chittagong/chi_cate_01/sentence_46.wav,আমি এই জায়গাটি প্রথমবার দেখছি।,chittagong
sentence_47.wav,dataset/chunks/chittagong/chi_cate_01/sentence_47.wav,আপনার সাথে পরিচয় হওয়া আমার জন্য সম্মানের।,chittagong
sentence_48.wav,dataset/chunks/chittagong/chi_cate_01/sentence_48.wav,আপনি কোন ভাষায় কথা বলেন?,chittagong
sentence_49.wav,dataset/chunks/chittagong/chi_cate_01/sentence_49.wav,আমি আপনার কাছ থেকে শিখতে চাই।,chittagong
sentence_50.wav,dataset/chunks/chittagong/chi_cate_01/sentence_50.wav,আমি খুব আনন্দিত।,chittagong
sentence_51.wav,dataset/chunks/chittagong/chi_cate_01/sentence_51.wav,আপনার দিনটি কেমন কাটছে?,chittagong
sentence_52.wav,dataset/chunks/chittagong/chi_cate_01/sentence_52.wav,আমি একটু দেরি করেছি।,chittagong
sentence_53.wav,dataset/chunks/chittagong/chi_cate_01/sentence_53.wav,আপনাকে অপেক্ষা করানোর জন্য দুঃখিত।,chittagong
sentence_54.wav,dataset/chunks/chittagong/chi_cate_01/sentence_54.wav,আপনার সাথে আবার দেখা হবে আশা করি।,chittagong
sentence_55.wav,dataset/chunks/chittagong/chi_cate_01/sentence_55.wav,আপনি কি কাছাকাছি থাকেন?,chittagong
sentence_56.wav,dataset/chunks/chittagong/chi_cate_01/sentence_56.wav,আমি আপনার সাহায্যের জন্য কৃতজ্ঞ।,chittagong
sentence_57.wav,dataset/chunks/chittagong/chi_cate_01/sentence_57.wav,আপনাকে শুভেচ্ছা জানাই।,chittagong
sentence_58.wav,dataset/chunks/chittagong/chi_cate_01/sentence_58.wav,আপনার দিনটি শুভ হোক।,chittagong
sentence_59.wav,dataset/chunks/chittagong/chi_cate_01/sentence_59.wav,আপনার সাথে কথা বলা আনন্দের ছিল।,chittagong
sentence_60.wav,dataset/chunks/chittagong/chi_cate_01/sentence_60.wav,আমি আপনাকে সম্মান করি।,chittagong
sentence_61.wav,dataset/chunks/chittagong/chi_cate_01/sentence_61.wav,আমি এখানে কাজ শুরু করেছি।,chittagong
sentence_62.wav,dataset/chunks/chittagong/chi_cate_01/sentence_62.wav,আপনি কখন এসেছেন?,chittagong
sentence_63.wav,dataset/chunks/chittagong/chi_cate_01/sentence_63.wav,আমি গতকাল এসেছি।,chittagong
sentence_64.wav,dataset/chunks/chittagong/chi_cate_01/sentence_64.wav,আপনি কতদিন থাকবেন?,chittagong
sentence_65.wav,dataset/chunks/chittagong/chi_cate_01/sentence_65.wav,আমি এক সপ্তাহ থাকবো।,chittagong
sentence_66.wav,dataset/chunks/chittagong/chi_cate_01/sentence_66.wav,আপনার সাথে বন্ধুত্ব করতে চাই।,chittagong
sentence_67.wav,dataset/chunks/chittagong/chi_cate_01/sentence_67.wav,আপনি খুব ভদ্র মানুষ।,chittagong
sentence_68.wav,dataset/chunks/chittagong/chi_cate_01/sentence_68.wav,আমি আপনাকে ধন্যবাদ জানাই।,chittagong
sentence_69.wav,dataset/chunks/chittagong/chi_cate_01/sentence_69.wav,আপনার সাথে দেখা হওয়া সৌভাগ্যের।,chittagong
sentence_70.wav,dataset/chunks/chittagong/chi_cate_01/sentence_70.wav,আমি আপনার সাথে আবার যোগাযোগ করবো।,chittagong
sentence_01.wav,dataset/chunks/chittagong/chi_cate_02/sentence_01.wav,বাস স্ট্যান্ড কোথায়?,chittagong
sentence_02.wav,dataset/chunks/chittagong/chi_cate_02/sentence_02.wav,এই রাস্তাটি কোথায় যায়?,chittagong
sentence_03.wav,dataset/chunks/chittagong/chi_cate_02/sentence_03.wav,রেলওয়ে স্টেশন কত দূরে?,chittagong
sentence_04.wav,dataset/chunks/chittagong/chi_cate_02/sentence_04.wav,বিমানবন্দর যাওয়ার রাস্তা কোনটি?,chittagong
sentence_05.wav,dataset/chunks/chittagong/chi_cate_02/sentence_05.wav,বাজারে যেতে কোন বাসে উঠবো?,chittagong
sentence_06.wav,dataset/chunks/chittagong/chi_cate_02/sentence_06.wav,এই বাস কি ঢাকায় যাবে?,chittagong
sentence_07.wav,dataset/chunks/chittagong/chi_cate_02/sentence_07.wav,ভাড়া কত?,chittagong
sentence_08.wav,dataset/chunks/chittagong/chi_cate_02/sentence_08.wav,রিকশার ভাড়া কত নেবেন?,chittagong
sentence_09.wav,dataset/chunks/chittagong/chi_cate_02/sentence_09.wav,আমাকে হাসপাতালে নিয়ে চলুন।,chittagong
sentence_10.wav,dataset/chunks/chittagong/chi_cate_02/sentence_10.wav,এই ট্রেন কখন ছাড়বে?,chittagong
sentence_11.wav,dataset/chunks/chittagong/chi_cate_02/sentence_11.wav,ট্রেন কত নম্বর প্ল্যাটফর্মে আসবে?,chittagong
sentence_12.wav,dataset/chunks/chittagong/chi_cate_02/sentence_12.wav,এখানে কি টিকিট কাউন্টার আছে?,chittagong
sentence_13.wav,dataset/chunks/chittagong/chi_cate_02/sentence_13.wav,"এক টিকিট দিন, চট্টগ্রামের জন্য।",chittagong
sentence_14.wav,dataset/chunks/chittagong/chi_cate_02/sentence_14.wav,বাস কখন ছাড়বে?,chittagong
sentence_15.wav,dataset/chunks/chittagong/chi_cate_02/sentence_15.wav,এই রাস্তায় কি যানজট হয়?,chittagong
sentence_16.wav,dataset/chunks/chittagong/chi_cate_02/sentence_16.wav,সোজা গেলে কি ব্যাংক পাবো?,chittagong
sentence_17.wav,dataset/chunks/chittagong/chi_cate_02/sentence_17.wav,ডানদিকে গেলে কি হাসপাতাল?,chittagong
sentence_18.wav,dataset/chunks/chittagong/chi_cate_02/sentence_18.wav,বামদিকে মোড় নিন।,chittagong
sentence_19.wav,dataset/chunks/chittagong/chi_cate_02/sentence_19.wav,সোজা এগিয়ে যান।,chittagong
sentence_20.wav,dataset/chunks/chittagong/chi_cate_02/sentence_20.wav,এই জায়গাটা কত দূরে?,chittagong
sentence_21.wav,dataset/chunks/chittagong/chi_cate_02/sentence_21.wav,হাঁটলে কত সময় লাগবে?,chittagong
sentence_22.wav,dataset/chunks/chittagong/chi_cate_02/sentence_22.wav,গাড়ি পাওয়া যাবে কোথায়?,chittagong
sentence_23.wav,dataset/chunks/chittagong/chi_cate_02/sentence_23.wav,এখানে কি উবার পাওয়া যায়?,chittagong
sentence_24.wav,dataset/chunks/chittagong/chi_cate_02/sentence_24.wav,আপনি কি আমাকে পথ দেখাতে পারবেন?,chittagong
sentence_25.wav,dataset/chunks/chittagong/chi_cate_02/sentence_25.wav,এই রাস্তা কি নিরাপদ?,chittagong
sentence_26.wav,dataset/chunks/chittagong/chi_cate_02/sentence_26.wav,এখানে কি পার্কিং আছে?,chittagong
sentence_27.wav,dataset/chunks/chittagong/chi_cate_02/sentence_27.wav,গাড়ি রাখার জায়গা কোথায়?,chittagong
sentence_28.wav,dataset/chunks/chittagong/chi_cate_02/sentence_28.wav,এই ট্রেন কি সময়মতো আসবে?,chittagong
sentence_29.wav,dataset/chunks/chittagong/chi_cate_02/sentence_29.wav,বাসে কি সিট খালি আছে?,chittagong
sentence_30.wav,dataset/chunks/chittagong/chi_cate_02/sentence_30.wav,এই বাস কি সরাসরি যাবে?,chittagong
sentence_31.wav,dataset/chunks/chittagong/chi_cate_02/sentence_31.wav,মাঝপথে কি নামতে পারবো?,chittagong
sentence_32.wav,dataset/chunks/chittagong/chi_cate_02/sentence_32.wav,আমাকে পরের স্টপে নামিয়ে দিন।,chittagong
sentence_33.wav,dataset/chunks/chittagong/chi_cate_02/sentence_33.wav,এই রাস্তা কি শর্টকাট?,chittagong
sentence_34.wav,dataset/chunks/chittagong/chi_cate_02/sentence_34.wav,এখানে কি ট্যাক্সি স্ট্যান্ড আছে?,chittagong
sentence_35.wav,dataset/chunks/chittagong/chi_cate_02/sentence_35.wav,গন্তব্যে পৌঁছাতে কত সময় লাগবে?,chittagong
sentence_36.wav,dataset/chunks/chittagong/chi_cate_02/sentence_36.wav,রিকশা কি পাওয়া যাবে?,chittagong
sentence_37.wav,dataset/chunks/chittagong/chi_cate_02/sentence_37.wav,ট্রেন কি দেরি করছে?,chittagong
sentence_38.wav,dataset/chunks/chittagong/chi_cate_02/sentence_38.wav,এই বাস কোথায় থামে?,chittagong
sentence_39.wav,dataset/chunks/chittagong/chi_cate_02/sentence_39.wav,আপনারা কি রাতের বাস চালান?,chittagong
sentence_40.wav,dataset/chunks/chittagong/chi_cate_02/sentence_40.wav,শেষ বাস কখন?,chittagong
sentence_41.wav,dataset/chunks/chittagong/chi_cate_02/sentence_41.wav,এই রাস্তা কি বন্ধ?,chittagong
sentence_42.wav,dataset/chunks/chittagong/chi_cate_02/sentence_42.wav,বিকল্প রাস্তা কোনটি?,chittagong
sentence_43.wav,dataset/chunks/chittagong/chi_cate_02/sentence_43.wav,এখানে কি সিগন্যাল আছে?,chittagong
sentence_44.wav,dataset/chunks/chittagong/chi_cate_02/sentence_44.wav,রাস্তা কি মেরামত হচ্ছে?,chittagong
sentence_45.wav,dataset/chunks/chittagong/chi_cate_02/sentence_45.wav,আমাকে বিশ্ববিদ্যালয়ে যেতে হবে।,chittagong
sentence_46.wav,dataset/chunks/chittagong/chi_cate_02/sentence_46.wav,বিশ্ববিদ্যালয়ের বাস কোথা থেকে ছাড়ে?,chittagong
sentence_47.wav,dataset/chunks/chittagong/chi_cate_02/sentence_47.wav,টিকিটের দাম কত?,chittagong
sentence_48.wav,dataset/chunks/chittagong/chi_cate_02/sentence_48.wav,এখানে কি মেট্রো স্টেশন আছে?,chittagong
sentence_49.wav,dataset/chunks/chittagong/chi_cate_02/sentence_49.wav,মেট্রো কখন ছাড়ে?,chittagong
sentence_50.wav,dataset/chunks/chittagong/chi_cate_02/sentence_50.wav,এই রাস্তা কি প্রধান সড়ক?,chittagong
sentence_51.wav,dataset/chunks/chittagong/chi_cate_02/sentence_51.wav,আমাকে থানায় যেতে হবে।,chittagong
sentence_52.wav,dataset/chunks/chittagong/chi_cate_02/sentence_52.wav,পুলিশ স্টেশন কোথায়?,chittagong
sentence_53.wav,dataset/chunks/chittagong/chi_cate_02/sentence_53.wav,এই এলাকায় কি বাস চলে?,chittagong
sentence_54.wav,dataset/chunks/chittagong/chi_cate_02/sentence_54.wav,এখানে কি সিএনজি পাওয়া যায়?,chittagong
sentence_55.wav,dataset/chunks/chittagong/chi_cate_02/sentence_55.wav,আমাকে দ্রুত পৌঁছাতে হবে।,chittagong
sentence_56.wav,dataset/chunks/chittagong/chi_cate_02/sentence_56.wav,এখানে কি ফেরি ঘাট আছে?,chittagong
sentence_57.wav,dataset/chunks/chittagong/chi_cate_02/sentence_57.wav,ফেরি কখন ছাড়বে?,chittagong
sentence_58.wav,dataset/chunks/chittagong/chi_cate_02/sentence_58.wav,নদী পার হতে কত সময় লাগবে?,chittagong
sentence_59.wav,dataset/chunks/chittagong/chi_cate_02/sentence_59.wav,এই ট্রেন কি এক্সপ্রেস?,chittagong
sentence_60.wav,dataset/chunks/chittagong/chi_cate_02/sentence_60.wav,এখানে কি বাস বদলাতে হবে?,chittagong
sentence_61.wav,dataset/chunks/chittagong/chi_cate_02/sentence_61.wav,এই বাস কি এয়ারকন্ডিশন্ড?,chittagong
sentence_62.wav,dataset/chunks/chittagong/chi_cate_02/sentence_62.wav,রাস্তায় কি টোল দিতে হয়?,chittagong
sentence_63.wav,dataset/chunks/chittagong/chi_cate_02/sentence_63.wav,টোল কত?,chittagong
sentence_64.wav,dataset/chunks/chittagong/chi_cate_02/sentence_64.wav,এখানে কি রাস্তা নিরাপদ রাতে?,chittagong
sentence_65.wav,dataset/chunks/chittagong/chi_cate_02/sentence_65.wav,আমি পথ হারিয়ে ফেলেছি।,chittagong
sentence_66.wav,dataset/chunks/chittagong/chi_cate_02/sentence_66.wav,আমাকে মানচিত্র দেখাতে পারবেন?,chittagong
sentence_67.wav,dataset/chunks/chittagong/chi_cate_02/sentence_67.wav,কাছাকাছি কোন হোটেল আছে?,chittagong
sentence_68.wav,dataset/chunks/chittagong/chi_cate_02/sentence_68.wav,এই এলাকা কি শহরের ভেতরে?,chittagong
sentence_69.wav,dataset/chunks/chittagong/chi_cate_02/sentence_69.wav,এখানে কি ট্রাফিক বেশি?,chittagong
sentence_70.wav,dataset/chunks/chittagong/chi_cate_02/sentence_70.wav,আমাকে সঠিক দিকটি বলুন।,chittagong
sentence_01.wav,dataset/chunks/chittagong/chi_cate_03/sentence_01.wav,এই জিনিসটির দাম কত?,chittagong
sentence_02.wav,dataset/chunks/chittagong/chi_cate_03/sentence_02.wav,দাম একটু কম হবে?,chittagong
sentence_03.wav,dataset/chunks/chittagong/chi_cate_03/sentence_03.wav,এক কেজি চাল দিন।,chittagong
sentence_04.wav,dataset/chunks/chittagong/chi_cate_03/sentence_04.wav,আধা কেজি চিনি দিন।,chittagong
sentence_05.wav,dataset/chunks/chittagong/chi_cate_03/sentence_05.wav,এটা কি দেশি পণ্য?,chittagong
sentence_06.wav,dataset/chunks/chittagong/chi_cate_03/sentence_06.wav,এটা কি বিদেশি পণ্য?,chittagong
sentence_07.wav,dataset/chunks/chittagong/chi_cate_03/sentence_07.wav,একটু ভালো মানের দেখান।,chittagong
sentence_08.wav,dataset/chunks/chittagong/chi_cate_03/sentence_08.wav,এর থেকে সস্তা কিছু আছে?,chittagong
sentence_09.wav,dataset/chunks/chittagong/chi_cate_03/sentence_09.wav,এটা খুব দামী।,chittagong
sentence_10.wav,dataset/chunks/chittagong/chi_cate_03/sentence_10.wav,আমি এটা কিনতে চাই।,chittagong
sentence_11.wav,dataset/chunks/chittagong/chi_cate_03/sentence_11.wav,আপনার কাছে কি তাজা সবজি আছে?,chittagong
sentence_12.wav,dataset/chunks/chittagong/chi_cate_03/sentence_12.wav,এই ফলগুলো কি আজকের?,chittagong
sentence_13.wav,dataset/chunks/chittagong/chi_cate_03/sentence_13.wav,এক ডজন ডিম দিন।,chittagong
sentence_14.wav,dataset/chunks/chittagong/chi_cate_03/sentence_14.wav,কত টাকা হলো?,chittagong
sentence_15.wav,dataset/chunks/chittagong/chi_cate_03/sentence_15.wav,আমি নগদ পরিশোধ করবো।,chittagong
sentence_16.wav,dataset/chunks/chittagong/chi_cate_03/sentence_16.wav,মোবাইল ব্যাংকিং নেওয়া হয়?,chittagong
sentence_17.wav,dataset/chunks/chittagong/chi_cate_03/sentence_17.wav,বিকাশে টাকা দিতে পারি?,chittagong
sentence_18.wav,dataset/chunks/chittagong/chi_cate_03/sentence_18.wav,একটি ব্যাগ দেবেন?,chittagong
sentence_19.wav,dataset/chunks/chittagong/chi_cate_03/sentence_19.wav,এই কাপড়ের রং কি উঠবে?,chittagong
sentence_20.wav,dataset/chunks/chittagong/chi_cate_03/sentence_20.wav,এই শার্টের অন্য সাইজ আছে?,chittagong
sentence_21.wav,dataset/chunks/chittagong/chi_cate_03/sentence_21.wav,ছোট সাইজ দেখান।,chittagong
sentence_22.wav,dataset/chunks/chittagong/chi_cate_03/sentence_22.wav,বড় সাইজ আছে?,chittagong
sentence_23.wav,dataset/chunks/chittagong/chi_cate_03/sentence_23.wav,আমি নীল রঙেরটি চাই।,chittagong
sentence_24.wav,dataset/chunks/chittagong/chi_cate_03/sentence_24.wav,অন্য রং আছে?,chittagong
sentence_25.wav,dataset/chunks/chittagong/chi_cate_03/sentence_25.wav,এটা কি আসল পণ্য?,chittagong
sentence_26.wav,dataset/chunks/chittagong/chi_cate_03/sentence_26.wav,গ্যারান্টি আছে?,chittagong
sentence_27.wav,dataset/chunks/chittagong/chi_cate_03/sentence_27.wav,রসিদ দিন।,chittagong
sentence_28.wav,dataset/chunks/chittagong/chi_cate_03/sentence_28.wav,আমি পরে এসে নেব।,chittagong
sentence_29.wav,dataset/chunks/chittagong/chi_cate_03/sentence_29.wav,এটা কি ছাড়ে দেওয়া যাবে?,chittagong
sentence_30.wav,dataset/chunks/chittagong/chi_cate_03/sentence_30.wav,আজ কি কোনো অফার আছে?,chittagong
sentence_31.wav,dataset/chunks/chittagong/chi_cate_03/sentence_31.wav,আমি পাইকারি কিনতে চাই।,chittagong
sentence_32.wav,dataset/chunks/chittagong/chi_cate_03/sentence_32.wav,পাইকারি দাম কত?,chittagong
sentence_33.wav,dataset/chunks/chittagong/chi_cate_03/sentence_33.wav,এই পণ্যটি নতুন এসেছে?,chittagong
sentence_34.wav,dataset/chunks/chittagong/chi_cate_03/sentence_34.wav,এর মেয়াদ কতদিন?,chittagong
sentence_35.wav,dataset/chunks/chittagong/chi_cate_03/sentence_35.wav,এই ওষুধের মেয়াদ শেষ হয়েছে?,chittagong
sentence_36.wav,dataset/chunks/chittagong/chi_cate_03/sentence_36.wav,আমাকে ভালো মানের চাল দিন।,chittagong
sentence_37.wav,dataset/chunks/chittagong/chi_cate_03/sentence_37.wav,এই মাছটি কি তাজা?,chittagong
sentence_38.wav,dataset/chunks/chittagong/chi_cate_03/sentence_38.wav,এই মাংস কত কেজি?,chittagong
sentence_39.wav,dataset/chunks/chittagong/chi_cate_03/sentence_39.wav,এক কেজির কম হবে না।,chittagong
sentence_40.wav,dataset/chunks/chittagong/chi_cate_03/sentence_40.wav,একটু কম করে দিন।,chittagong
sentence_41.wav,dataset/chunks/chittagong/chi_cate_03/sentence_41.wav,আমি দরদাম করতে চাই।,chittagong
sentence_42.wav,dataset/chunks/chittagong/chi_cate_03/sentence_42.wav,চূড়ান্ত দাম কত?,chittagong
sentence_43.wav,dataset/chunks/chittagong/chi_cate_03/sentence_43.wav,এই জুতাটি কি টেকসই?,chittagong
sentence_44.wav,dataset/chunks/chittagong/chi_cate_03/sentence_44.wav,এই মোবাইলের দাম কত?,chittagong
sentence_45.wav,dataset/chunks/chittagong/chi_cate_03/sentence_45.wav,এই ফোনে কি গ্যারান্টি আছে?,chittagong
sentence_46.wav,dataset/chunks/chittagong/chi_cate_03/sentence_46.wav,চার্জারটি আলাদা কিনতে হবে?,chittagong
sentence_47.wav,dataset/chunks/chittagong/chi_cate_03/sentence_47.wav,এটি কি ক্যাশ অন ডেলিভারি?,chittagong
sentence_48.wav,dataset/chunks/chittagong/chi_cate_03/sentence_48.wav,আমি অর্ডার দিতে চাই।,chittagong
sentence_49.wav,dataset/chunks/chittagong/chi_cate_03/sentence_49.wav,পণ্যটি কখন ডেলিভারি হবে?,chittagong
sentence_50.wav,dataset/chunks/chittagong/chi_cate_03/sentence_50.wav,এই দোকান কখন বন্ধ হয়?,chittagong
sentence_51.wav,dataset/chunks/chittagong/chi_cate_03/sentence_51.wav,আমি একটা উপহার কিনতে চাই।,chittagong
sentence_52.wav,dataset/chunks/chittagong/chi_cate_03/sentence_52.wav,উপহার মোড়ানো হবে?,chittagong
sentence_53.wav,dataset/chunks/chittagong/chi_cate_03/sentence_53.wav,এটি কি ফেরত দেওয়া যাবে?,chittagong
sentence_54.wav,dataset/chunks/chittagong/chi_cate_03/sentence_54.wav,রিটার্ন পলিসি কী?,chittagong
sentence_55.wav,dataset/chunks/chittagong/chi_cate_03/sentence_55.wav,এই কাপড়টি খুব সুন্দর।,chittagong
sentence_56.wav,dataset/chunks/chittagong/chi_cate_03/sentence_56.wav,এটি কি কটন?,chittagong
sentence_57.wav,dataset/chunks/chittagong/chi_cate_03/sentence_57.wav,এই পণ্যটি কোথায় তৈরি?,chittagong
sentence_58.wav,dataset/chunks/chittagong/chi_cate_03/sentence_58.wav,এটি কি ছাড়ে বিক্রি হচ্ছে?,chittagong
sentence_59.wav,dataset/chunks/chittagong/chi_cate_03/sentence_59.wav,আমি আরও কিছু দেখতে চাই।,chittagong
sentence_60.wav,dataset/chunks/chittagong/chi_cate_03/sentence_60.wav,আপনার দোকানে কি কার্ড নেওয়া হয়?,chittagong
sentence_61.wav,dataset/chunks/chittagong/chi_cate_03/sentence_61.wav,মোট বিল কত হলো?,chittagong
sentence_62.wav,dataset/chunks/chittagong/chi_cate_03/sentence_62.wav,আমি টাকা ভাঙাতে চাই।,chittagong
sentence_63.wav,dataset/chunks/chittagong/chi_cate_03/sentence_63.wav,ছোট নোট আছে?,chittagong
sentence_64.wav,dataset/chunks/chittagong/chi_cate_03/sentence_64.wav,এই ফলগুলো ওজন করে দিন।,chittagong
sentence_65.wav,dataset/chunks/chittagong/chi_cate_03/sentence_65.wav,এক কেজির একটু কম দিন।,chittagong
sentence_66.wav,dataset/chunks/chittagong/chi_cate_03/sentence_66.wav,আজকে বাজারে ভিড় বেশি।,chittagong
sentence_67.wav,dataset/chunks/chittagong/chi_cate_03/sentence_67.wav,দাম কেন এত বেশি?,chittagong
sentence_68.wav,dataset/chunks/chittagong/chi_cate_03/sentence_68.wav,কাল কি দাম কম হবে?,chittagong
sentence_69.wav,dataset/chunks/chittagong/chi_cate_03/sentence_69.wav,আমি নিয়মিত ক্রেতা।,chittagong
sentence_70.wav,dataset/chunks/chittagong/chi_cate_03/sentence_70.wav,আবার আসবো।,chittagong
sentence_01.wav,dataset/chunks/chittagong/chi_cate_04/sentence_01.wav,আমি একটি টেবিল বুক করতে চাই।,chittagong
sentence_02.wav,dataset/chunks/chittagong/chi_cate_04/sentence_02.wav,দুই জনের জন্য একটি টেবিল দিন।,chittagong
sentence_03.wav,dataset/chunks/chittagong/chi_cate_04/sentence_03.wav,মেনু কার্ডটি দিন।,chittagong
sentence_04.wav,dataset/chunks/chittagong/chi_cate_04/sentence_04.wav,আজকের বিশেষ খাবার কী?,chittagong
sentence_05.wav,dataset/chunks/chittagong/chi_cate_04/sentence_05.wav,আমি ভাত ও মুরগির মাংস চাই।,chittagong
sentence_06.wav,dataset/chunks/chittagong/chi_cate_04/sentence_06.wav,এই খাবারটি ঝাল কি?,chittagong
sentence_07.wav,dataset/chunks/chittagong/chi_cate_04/sentence_07.wav,কম ঝাল করে দিন।,chittagong
sentence_08.wav,dataset/chunks/chittagong/chi_cate_04/sentence_08.wav,আমি নিরামিষ খাবার চাই।,chittagong
sentence_09.wav,dataset/chunks/chittagong/chi_cate_04/sentence_09.wav,এখানে কি হালাল খাবার পাওয়া যায়?,chittagong
sentence_10.wav,dataset/chunks/chittagong/chi_cate_04/sentence_10.wav,পানি দিন।,chittagong
sentence_11.wav,dataset/chunks/chittagong/chi_cate_04/sentence_11.wav,ঠান্ডা পানি আছে?,chittagong
sentence_12.wav,dataset/chunks/chittagong/chi_cate_04/sentence_12.wav,একটি কোমল পানীয় দিন।,chittagong
sentence_13.wav,dataset/chunks/chittagong/chi_cate_04/sentence_13.wav,এই খাবারটি খুব সুস্বাদু।,chittagong
sentence_14.wav,dataset/chunks/chittagong/chi_cate_04/sentence_14.wav,খাবারটি খুব লবণাক্ত।,chittagong
sentence_15.wav,dataset/chunks/chittagong/chi_cate_04/sentence_15.wav,বিল দিন।,chittagong
sentence_16.wav,dataset/chunks/chittagong/chi_cate_04/sentence_16.wav,আমি নগদে পরিশোধ করবো।,chittagong
sentence_17.wav,dataset/chunks/chittagong/chi_cate_04/sentence_17.wav,কার্ডে পরিশোধ করা যাবে?,chittagong
sentence_18.wav,dataset/chunks/chittagong/chi_cate_04/sentence_18.wav,খাবারটি কতক্ষণে আসবে?,chittagong
sentence_19.wav,dataset/chunks/chittagong/chi_cate_04/sentence_19.wav,আরেকটি প্লেট দিন।,chittagong
sentence_20.wav,dataset/chunks/chittagong/chi_cate_04/sentence_20.wav,চামচ ও কাঁটা দিন।,chittagong
sentence_21.wav,dataset/chunks/chittagong/chi_cate_04/sentence_21.wav,এখানে কি ওয়াইফাই আছে?,chittagong
sentence_22.wav,dataset/chunks/chittagong/chi_cate_04/sentence_22.wav,ওয়াইফাই পাসওয়ার্ড কী?,chittagong
sentence_23.wav,dataset/chunks/chittagong/chi_cate_04/sentence_23.wav,খাবারটি প্যাকেট করে দিন।,chittagong
sentence_24.wav,dataset/chunks/chittagong/chi_cate_04/sentence_24.wav,আমি বাসায় নিয়ে যাব।,chittagong
sentence_25.wav,dataset/chunks/chittagong/chi_cate_04/sentence_25.wav,একটি কফি দিন।,chittagong
sentence_26.wav,dataset/chunks/chittagong/chi_cate_04/sentence_26.wav,চা আছে?,chittagong
sentence_27.wav,dataset/chunks/chittagong/chi_cate_04/sentence_27.wav,দুধ চা দিন।,chittagong
sentence_28.wav,dataset/chunks/chittagong/chi_cate_04/sentence_28.wav,চিনি ছাড়া চা দিন।,chittagong
sentence_29.wav,dataset/chunks/chittagong/chi_cate_04/sentence_29.wav,এখানে কি ব্রেকফাস্ট পাওয়া যায়?,chittagong
sentence_30.wav,dataset/chunks/chittagong/chi_cate_04/sentence_30.wav,দুপুরের খাবার কখন শুরু হয়?,chittagong
sentence_31.wav,dataset/chunks/chittagong/chi_cate_04/sentence_31.wav,রাতের খাবার কখন পরিবেশন করা হয়?,chittagong
sentence_32.wav,dataset/chunks/chittagong/chi_cate_04/sentence_32.wav,আমি মাছের তরকারি চাই।,chittagong
sentence_33.wav,dataset/chunks/chittagong/chi_cate_04/sentence_33.wav,গরুর মাংস আছে?,chittagong
sentence_34.wav,dataset/chunks/chittagong/chi_cate_04/sentence_34.wav,এই স্যুপটি গরম কি?,chittagong
sentence_35.wav,dataset/chunks/chittagong/chi_cate_04/sentence_35.wav,একটু লেবু দিন।,chittagong
sentence_36.wav,dataset/chunks/chittagong/chi_cate_04/sentence_36.wav,এই রেস্টুরেন্ট খুব পরিষ্কার।,chittagong
sentence_37.wav,dataset/chunks/chittagong/chi_cate_04/sentence_37.wav,পরিবেশটি খুব সুন্দর।,chittagong
sentence_38.wav,dataset/chunks/chittagong/chi_cate_04/sentence_38.wav,খাবার পরিবেশন দ্রুত হয়েছে।,chittagong
sentence_39.wav,dataset/chunks/chittagong/chi_cate_04/sentence_39.wav,খাবার পরিবেশন দেরিতে হয়েছে।,chittagong
sentence_40.wav,dataset/chunks/chittagong/chi_cate_04/sentence_40.wav,আর কিছু লাগবে?,chittagong
sentence_41.wav,dataset/chunks/chittagong/chi_cate_04/sentence_41.wav,আমি আরও ভাত চাই।,chittagong
sentence_42.wav,dataset/chunks/chittagong/chi_cate_04/sentence_42.wav,একটু ঝোল দিন।,chittagong
sentence_43.wav,dataset/chunks/chittagong/chi_cate_04/sentence_43.wav,এটি কি তাজা রান্না?,chittagong
sentence_44.wav,dataset/chunks/chittagong/chi_cate_04/sentence_44.wav,এখানে কি পরিবার নিয়ে বসা যায়?,chittagong
sentence_45.wav,dataset/chunks/chittagong/chi_cate_04/sentence_45.wav,শিশুদের জন্য আলাদা চেয়ার আছে?,chittagong
sentence_46.wav,dataset/chunks/chittagong/chi_cate_04/sentence_46.wav,খাবারটি খুব গরম।,chittagong
sentence_47.wav,dataset/chunks/chittagong/chi_cate_04/sentence_47.wav,এটি খুব ঠান্ডা।,chittagong
sentence_48.wav,dataset/chunks/chittagong/chi_cate_04/sentence_48.wav,এখানে কি অনলাইনে অর্ডার করা যায়?,chittagong
sentence_49.wav,dataset/chunks/chittagong/chi_cate_04/sentence_49.wav,ডেলিভারি কত সময় লাগে?,chittagong
sentence_50.wav,dataset/chunks/chittagong/chi_cate_04/sentence_50.wav,এই খাবারটির দাম কত?,chittagong
sentence_51.wav,dataset/chunks/chittagong/chi_cate_04/sentence_51.wav,আমি অল্প পরিমাণ চাই।,chittagong
sentence_52.wav,dataset/chunks/chittagong/chi_cate_04/sentence_52.wav,বড় পরিমাণ দিন।,chittagong
sentence_53.wav,dataset/chunks/chittagong/chi_cate_04/sentence_53.wav,এই খাবারটি খুব মিষ্টি।,chittagong
sentence_54.wav,dataset/chunks/chittagong/chi_cate_04/sentence_54.wav,এটি কি ঝাল কম করা যাবে?,chittagong
sentence_55.wav,dataset/chunks/chittagong/chi_cate_04/sentence_55.wav,আরেক গ্লাস পানি দিন।,chittagong
sentence_56.wav,dataset/chunks/chittagong/chi_cate_04/sentence_56.wav,আমি ধন্যবাদ জানাই।,chittagong
sentence_57.wav,dataset/chunks/chittagong/chi_cate_04/sentence_57.wav,পরিষেবা খুব ভালো ছিল।,chittagong
sentence_58.wav,dataset/chunks/chittagong/chi_cate_04/sentence_58.wav,পরিষেবা উন্নত করা দরকার।,chittagong
sentence_59.wav,dataset/chunks/chittagong/chi_cate_04/sentence_59.wav,আমি এই রেস্টুরেন্টটি পছন্দ করি।,chittagong
sentence_60.wav,dataset/chunks/chittagong/chi_cate_04/sentence_60.wav,এটি কি এয়ার কন্ডিশনড?,chittagong
sentence_61.wav,dataset/chunks/chittagong/chi_cate_04/sentence_61.wav,বাইরে বসার ব্যবস্থা আছে?,chittagong
sentence_62.wav,dataset/chunks/chittagong/chi_cate_04/sentence_62.wav,খাবারে অ্যালার্জির উপাদান আছে?,chittagong
sentence_63.wav,dataset/chunks/chittagong/chi_cate_04/sentence_63.wav,আমি বাদাম খেতে পারি না।,chittagong
sentence_64.wav,dataset/chunks/chittagong/chi_cate_04/sentence_64.wav,এটি কি গ্লুটেন মুক্ত?,chittagong
sentence_65.wav,dataset/chunks/chittagong/chi_cate_04/sentence_65.wav,আমাকে একটি ন্যাপকিন দিন।,chittagong
sentence_66.wav,dataset/chunks/chittagong/chi_cate_04/sentence_66.wav,খাবার খুব ভালো লেগেছে।,chittagong
sentence_67.wav,dataset/chunks/chittagong/chi_cate_04/sentence_67.wav,আবার আসবো।,chittagong
sentence_68.wav,dataset/chunks/chittagong/chi_cate_04/sentence_68.wav,এখানে কি বুফে আছে?,chittagong
sentence_69.wav,dataset/chunks/chittagong/chi_cate_04/sentence_69.wav,বুফের দাম কত?,chittagong
sentence_70.wav,dataset/chunks/chittagong/chi_cate_04/sentence_70.wav,"ধন্যবাদ, বিদায়।",chittagong
sentence_01.wav,dataset/chunks/chittagong/chi_cate_05/sentence_01.wav,আমি বাংলাদেশের কিছু দর্শনীয় স্থান দেখতে চাই।,chittagong
sentence_02.wav,dataset/chunks/chittagong/chi_cate_05/sentence_02.wav,এই জায়গাটি কখন খোলা থাকে?,chittagong
sentence_03.wav,dataset/chunks/chittagong/chi_cate_05/sentence_03.wav,টিকিটের দাম কত?,chittagong
sentence_04.wav,dataset/chunks/chittagong/chi_cate_05/sentence_04.wav,আমাকে একটি গাইড দরকার।,chittagong
sentence_05.wav,dataset/chunks/chittagong/chi_cate_05/sentence_05.wav,আমরা গ্রুপে ঘুরতে এসেছি।,chittagong
sentence_06.wav,dataset/chunks/chittagong/chi_cate_05/sentence_06.wav,ছবি তোলা যাবে কি?,chittagong
sentence_07.wav,dataset/chunks/chittagong/chi_cate_05/sentence_07.wav,এই দর্শনীয় স্থানটি খুব সুন্দর।,chittagong
sentence_08.wav,dataset/chunks/chittagong/chi_cate_05/sentence_08.wav,আমাকে মানচিত্র দেখান।,chittagong
sentence_09.wav,dataset/chunks/chittagong/chi_cate_05/sentence_09.wav,আমি সকাল ১০টায় পৌঁছেছি।,chittagong
sentence_10.wav,dataset/chunks/chittagong/chi_cate_05/sentence_10.wav,পর্যটকরা এখানে খুব বেশি।,chittagong
sentence_11.wav,dataset/chunks/chittagong/chi_cate_05/sentence_11.wav,আমাকে হোটেলের ঠিকানা দিন।,chittagong
sentence_12.wav,dataset/chunks/chittagong/chi_cate_05/sentence_12.wav,এই জায়গায় কি খাবার পাওয়া যায়?,chittagong
sentence_13.wav,dataset/chunks/chittagong/chi_cate_05/sentence_13.wav,আমরা তিন ঘণ্টা থাকবো।,chittagong
sentence_14.wav,dataset/chunks/chittagong/chi_cate_05/sentence_14.wav,জলের পাশে ছবি তুলুন।,chittagong
sentence_15.wav,dataset/chunks/chittagong/chi_cate_05/sentence_15.wav,সুন্দর দিকটি দেখুন।,chittagong
sentence_16.wav,dataset/chunks/chittagong/chi_cate_05/sentence_16.wav,আমাদের গাইড কি বাংলায় কথা বলতে পারে?,chittagong
sentence_17.wav,dataset/chunks/chittagong/chi_cate_05/sentence_17.wav,পার্কিং এর জায়গা কোথায়?,chittagong
sentence_18.wav,dataset/chunks/chittagong/chi_cate_05/sentence_18.wav,এখানে কি নৌকা ভাড়া পাওয়া যায়?,chittagong
sentence_19.wav,dataset/chunks/chittagong/chi_cate_05/sentence_19.wav,আমি নদীর উপর ভ্রমণ করতে চাই।,chittagong
sentence_20.wav,dataset/chunks/chittagong/chi_cate_05/sentence_20.wav,আমাদের আরও তথ্য দরকার।,chittagong
sentence_21.wav,dataset/chunks/chittagong/chi_cate_05/sentence_21.wav,এই জায়গাটি ইতিহাসে গুরুত্বপূর্ণ।,chittagong
sentence_22.wav,dataset/chunks/chittagong/chi_cate_05/sentence_22.wav,আপনি কি গাইড সার্ভিস করেন?,chittagong
sentence_23.wav,dataset/chunks/chittagong/chi_cate_05/sentence_23.wav,আমি সকালবেলা আবার আসব।,chittagong
sentence_24.wav,dataset/chunks/chittagong/chi_cate_05/sentence_24.wav,আমাকে দুইজনের জন্য টিকিট দিন।,chittagong
sentence_25.wav,dataset/chunks/chittagong/chi_cate_05/sentence_25.wav,এখানে কি কোনো ছাড় আছে?,chittagong
sentence_26.wav,dataset/chunks/chittagong/chi_cate_05/sentence_26.wav,আমাদের ছবি তুলতে সাহায্য করুন।,chittagong
sentence_27.wav,dataset/chunks/chittagong/chi_cate_05/sentence_27.wav,এই দিক দিয়ে হাঁটুন।,chittagong
sentence_28.wav,dataset/chunks/chittagong/chi_cate_05/sentence_28.wav,দর্শকরা এখানে অনেক ছবি তুলছে।,chittagong
sentence_29.wav,dataset/chunks/chittagong/chi_cate_05/sentence_29.wav,আমি মিউজিয়াম ঘুরতে চাই।,chittagong
sentence_30.wav,dataset/chunks/chittagong/chi_cate_05/sentence_30.wav,রেস্টুরেন্টটি খুব কাছে।,chittagong
sentence_31.wav,dataset/chunks/chittagong/chi_cate_05/sentence_31.wav,আমরা পিকনিক করতে এসেছি।,chittagong
sentence_32.wav,dataset/chunks/chittagong/chi_cate_05/sentence_32.wav,এই জায়গার ইতিহাস জানতে চাই।,chittagong
sentence_33.wav,dataset/chunks/chittagong/chi_cate_05/sentence_33.wav,বিকেলের দিকে ছবি তুলুন।,chittagong
sentence_34.wav,dataset/chunks/chittagong/chi_cate_05/sentence_34.wav,আমার বন্ধু মানচিত্র পড়তে পারছে না।,chittagong
sentence_35.wav,dataset/chunks/chittagong/chi_cate_05/sentence_35.wav,এখানে কি গাইড পাওয়া যাবে?,chittagong
sentence_36.wav,dataset/chunks/chittagong/chi_cate_05/sentence_36.wav,আমরা পাহাড় দেখতে চাই।,chittagong
sentence_37.wav,dataset/chunks/chittagong/chi_cate_05/sentence_37.wav,সৈকত খুব সুন্দর।,chittagong
sentence_38.wav,dataset/chunks/chittagong/chi_cate_05/sentence_38.wav,জলস্রোতের ছবি তোলা উচিত।,chittagong
sentence_39.wav,dataset/chunks/chittagong/chi_cate_05/sentence_39.wav,গাইড কি আমাদের পথে নিয়ে যাবে?,chittagong
sentence_40.wav,dataset/chunks/chittagong/chi_cate_05/sentence_40.wav,আমরা সকাল ৮টায় বের হব।,chittagong
sentence_41.wav,dataset/chunks/chittagong/chi_cate_05/sentence_41.wav,এখানে কি টিকেট ছাড়া প্রবেশ সম্ভব?,chittagong
sentence_42.wav,dataset/chunks/chittagong/chi_cate_05/sentence_42.wav,ভ্রমণকারীরা খুব আনন্দ করছে।,chittagong
sentence_43.wav,dataset/chunks/chittagong/chi_cate_05/sentence_43.wav,আমি এখানে শপিং করতে চাই।,chittagong
sentence_44.wav,dataset/chunks/chittagong/chi_cate_05/sentence_44.wav,এই দিকটি খুব রোমাঞ্চকর।,chittagong
sentence_45.wav,dataset/chunks/chittagong/chi_cate_05/sentence_45.wav,আমাদের গাইড রাতের দিকে ফেরার সময় বলে।,chittagong
sentence_46.wav,dataset/chunks/chittagong/chi_cate_05/sentence_46.wav,ছবি তোলার জন্য আলো ঠিক আছে।,chittagong
sentence_47.wav,dataset/chunks/chittagong/chi_cate_05/sentence_47.wav,আমাদের গাইড নদের উপর নৌকা ভাড়া দেখিয়েছে।,chittagong
sentence_48.wav,dataset/chunks/chittagong/chi_cate_05/sentence_48.wav,এখানে কি কোনো মিউজিয়াম আছে?,chittagong
sentence_49.wav,dataset/chunks/chittagong/chi_cate_05/sentence_49.wav,আমরা পাহাড়ে ট্রেক করতে চাই।,chittagong
sentence_50.wav,dataset/chunks/chittagong/chi_cate_05/sentence_50.wav,এই স্থানের ইতিহাস অনেক পুরনো।,chittagong
sentence_51.wav,dataset/chunks/chittagong/chi_cate_05/sentence_51.wav,আমাদের ছবি তুলতে সময় লাগছে।,chittagong
sentence_52.wav,dataset/chunks/chittagong/chi_cate_05/sentence_52.wav,আমি সুভর্ণভূমি দেখতে চাই।,chittagong
sentence_53.wav,dataset/chunks/chittagong/chi_cate_05/sentence_53.wav,ট্রিপটি খুব মজার।,chittagong
sentence_54.wav,dataset/chunks/chittagong/chi_cate_05/sentence_54.wav,আমাদের হোটেল থেকে খুব দূরে নয়।,chittagong
sentence_55.wav,dataset/chunks/chittagong/chi_cate_05/sentence_55.wav,আমরা সকালে যাওয়ার পরিকল্পনা করেছি।,chittagong
sentence_56.wav,dataset/chunks/chittagong/chi_cate_05/sentence_56.wav,দিক নির্দেশনা অনুসরণ করুন।,chittagong
sentence_57.wav,dataset/chunks/chittagong/chi_cate_05/sentence_57.wav,দর্শনার্থীরা গাইডের কথা শুনছে।,chittagong
sentence_58.wav,dataset/chunks/chittagong/chi_cate_05/sentence_58.wav,আমি পোর্ট্রেট ছবি তুলতে চাই।,chittagong
sentence_59.wav,dataset/chunks/chittagong/chi_cate_05/sentence_59.wav,এখানে পর্যটন তথ্য কেন্দ্র আছে।,chittagong
sentence_60.wav,dataset/chunks/chittagong/chi_cate_05/sentence_60.wav,আমরা গ্রুপ ছবি তুলব।,chittagong
sentence_61.wav,dataset/chunks/chittagong/chi_cate_05/sentence_61.wav,আমাদের আরও কিছু সময় দরকার।,chittagong
sentence_62.wav,dataset/chunks/chittagong/chi_cate_05/sentence_62.wav,নদীর পাশে হাঁটতে চাই।,chittagong
sentence_63.wav,dataset/chunks/chittagong/chi_cate_05/sentence_63.wav,গাইড আমাদের নৌকায় নিয়ে যাবে।,chittagong
sentence_64.wav,dataset/chunks/chittagong/chi_cate_05/sentence_64.wav,এখানে ঝর্ণার ছবি তোলা যেতে পারে।,chittagong
sentence_65.wav,dataset/chunks/chittagong/chi_cate_05/sentence_65.wav,আমরা সব দর্শনীয় স্থান ঘুরে দেখব।,chittagong
sentence_66.wav,dataset/chunks/chittagong/chi_cate_05/sentence_66.wav,এই জায়গাটি খুব শান্ত।,chittagong
sentence_67.wav,dataset/chunks/chittagong/chi_cate_05/sentence_67.wav,আমি রাতের ভ্রমণ পছন্দ করি।,chittagong
sentence_68.wav,dataset/chunks/chittagong/chi_cate_05/sentence_68.wav,আমাদের হোটেল থেকে বাসস্ট্যান্ড দূরে নয়।,chittagong
sentence_69.wav,dataset/chunks/chittagong/chi_cate_05/sentence_69.wav,আমরা সকালের দিকে ছবি তুলব।,chittagong
sentence_70.wav,dataset/chunks/chittagong/chi_cate_05/sentence_70.wav,এই জায়গা সত্যিই স্মরণীয়।,chittagong
sentence_01.wav,dataset/chunks/chittagong/chi_cate_06/sentence_01.wav,আমার মাথা ব্যথা করছে।,chittagong
sentence_02.wav,dataset/chunks/chittagong/chi_cate_06/sentence_02.wav,কাছাকাছি হাসপাতাল কোথায়?,chittagong
sentence_03.wav,dataset/chunks/chittagong/chi_cate_06/sentence_03.wav,ডাক্তারের জন্য কীভাবে অ্যাপয়েন্টমেন্ট নেব?,chittagong
sentence_04.wav,dataset/chunks/chittagong/chi_cate_06/sentence_04.wav,আমাকে একটি ওষুধের দোকান দেখান।,chittagong
sentence_05.wav,dataset/chunks/chittagong/chi_cate_06/sentence_05.wav,আমি জ্বর অনুভব করছি।,chittagong
sentence_06.wav,dataset/chunks/chittagong/chi_cate_06/sentence_06.wav,আমি দুর্ঘটনার শিকার হয়েছি।,chittagong
sentence_07.wav,dataset/chunks/chittagong/chi_cate_06/sentence_07.wav,হাসপাতালে কত সময় লাগবে পৌঁছাতে?,chittagong
sentence_08.wav,dataset/chunks/chittagong/chi_cate_06/sentence_08.wav,আমার পায়ে চোট লেগেছে।,chittagong
sentence_09.wav,dataset/chunks/chittagong/chi_cate_06/sentence_09.wav,আমাকে হাসপাতালে নিয়ে যান।,chittagong
sentence_10.wav,dataset/chunks/chittagong/chi_cate_06/sentence_10.wav,আমি শ্বাসকষ্ট অনুভব করছি।,chittagong
sentence_11.wav,dataset/chunks/chittagong/chi_cate_06/sentence_11.wav,আমাকে দ্রুত সাহায্য করুন।,chittagong
sentence_12.wav,dataset/chunks/chittagong/chi_cate_06/sentence_12.wav,ডাক্তার কখন উপস্থিত থাকবেন?,chittagong
sentence_13.wav,dataset/chunks/chittagong/chi_cate_06/sentence_13.wav,আমার শিশু অসুস্থ।,chittagong
sentence_14.wav,dataset/chunks/chittagong/chi_cate_06/sentence_14.wav,আমার পেটে ব্যথা করছে।,chittagong
sentence_15.wav,dataset/chunks/chittagong/chi_cate_06/sentence_15.wav,ওষুধের নাম কী?,chittagong
sentence_16.wav,dataset/chunks/chittagong/chi_cate_06/sentence_16.wav,আমি ধমনীতে ব্যথা অনুভব করছি।,chittagong
sentence_17.wav,dataset/chunks/chittagong/chi_cate_06/sentence_17.wav,এটি কি জরুরি অবস্থা?,chittagong
sentence_18.wav,dataset/chunks/chittagong/chi_cate_06/sentence_18.wav,আমি অলস লাগছে।,chittagong
sentence_19.wav,dataset/chunks/chittagong/chi_cate_06/sentence_19.wav,আমার চোখে সমস্যা হচ্ছে।,chittagong
sentence_20.wav,dataset/chunks/chittagong/chi_cate_06/sentence_20.wav,ডাক্তার কি বাংলা বলতে পারেন?,chittagong
sentence_21.wav,dataset/chunks/chittagong/chi_cate_06/sentence_21.wav,আমি অ্যালার্জি আক্রান্ত।,chittagong
sentence_22.wav,dataset/chunks/chittagong/chi_cate_06/sentence_22.wav,আমার সর্দি কাশি আছে।,chittagong
sentence_23.wav,dataset/chunks/chittagong/chi_cate_06/sentence_23.wav,হাসপাতালে কি ভিড় বেশি?,chittagong
sentence_24.wav,dataset/chunks/chittagong/chi_cate_06/sentence_24.wav,আমাকে একটি ব্যান্ডেজ দিন।,chittagong
sentence_25.wav,dataset/chunks/chittagong/chi_cate_06/sentence_25.wav,আমার দাঁতে ব্যথা করছে।,chittagong
sentence_26.wav,dataset/chunks/chittagong/chi_cate_06/sentence_26.wav,এখানে কি জরুরি ওষুধ পাওয়া যায়?,chittagong
sentence_27.wav,dataset/chunks/chittagong/chi_cate_06/sentence_27.wav,"আমি অসুস্থ, আমার বিশ্রাম প্রয়োজন।",chittagong
sentence_28.wav,dataset/chunks/chittagong/chi_cate_06/sentence_28.wav,আপনার ওষুধের পরিমাণ কত?,chittagong
sentence_29.wav,dataset/chunks/chittagong/chi_cate_06/sentence_29.wav,আমার পায়ে জ্বালা অনুভব হচ্ছে।,chittagong
sentence_30.wav,dataset/chunks/chittagong/chi_cate_06/sentence_30.wav,হাসপাতালে কি ডাক্তার সারাদিন থাকে?,chittagong
sentence_31.wav,dataset/chunks/chittagong/chi_cate_06/sentence_31.wav,আমাকে দ্রুত ট্যাক্সি দিন।,chittagong
sentence_32.wav,dataset/chunks/chittagong/chi_cate_06/sentence_32.wav,আমি গলা ব্যথা অনুভব করছি।,chittagong
sentence_33.wav,dataset/chunks/chittagong/chi_cate_06/sentence_33.wav,আমার হাতে কাটা গেছে।,chittagong
sentence_34.wav,dataset/chunks/chittagong/chi_cate_06/sentence_34.wav,এখানে কি স্বাস্থ্য পরীক্ষা করা যায়?,chittagong
sentence_35.wav,dataset/chunks/chittagong/chi_cate_06/sentence_35.wav,আমার পেট খারাপ লাগছে।,chittagong
sentence_36.wav,dataset/chunks/chittagong/chi_cate_06/sentence_36.wav,আমার চুল পড়ছে।,chittagong
sentence_37.wav,dataset/chunks/chittagong/chi_cate_06/sentence_37.wav,কি ওষুধ খাবো?,chittagong
sentence_38.wav,dataset/chunks/chittagong/chi_cate_06/sentence_38.wav,আমার শ্বাসনালি ব্যথা করছে।,chittagong
sentence_39.wav,dataset/chunks/chittagong/chi_cate_06/sentence_39.wav,আমার ডায়াবেটিস আছে।,chittagong
sentence_40.wav,dataset/chunks/chittagong/chi_cate_06/sentence_40.wav,আমাকে ইনজেকশন দেওয়া দরকার।,chittagong
sentence_41.wav,dataset/chunks/chittagong/chi_cate_06/sentence_41.wav,আমাকে ব্যথা উপশমের জন্য কিছু দিন।,chittagong
sentence_42.wav,dataset/chunks/chittagong/chi_cate_06/sentence_42.wav,আমি দুর্বল লাগছি।,chittagong
sentence_43.wav,dataset/chunks/chittagong/chi_cate_06/sentence_43.wav,আমার নাক দিয়ে রক্ত পড়ছে।,chittagong
sentence_44.wav,dataset/chunks/chittagong/chi_cate_06/sentence_44.wav,ডাক্তার কি এখন ফ্রি আছেন?,chittagong
sentence_45.wav,dataset/chunks/chittagong/chi_cate_06/sentence_45.wav,আমার বুক ব্যথা করছে।,chittagong
sentence_46.wav,dataset/chunks/chittagong/chi_cate_06/sentence_46.wav,আমার চোখ লাল হয়ে গেছে।,chittagong
sentence_47.wav,dataset/chunks/chittagong/chi_cate_06/sentence_47.wav,কি টেস্ট করাতে হবে?,chittagong
sentence_48.wav,dataset/chunks/chittagong/chi_cate_06/sentence_48.wav,আমি বুকধড় ধড় করছি।,chittagong
sentence_49.wav,dataset/chunks/chittagong/chi_cate_06/sentence_49.wav,হাসপাতালে কি অ্যাম্বুল্যান্স আছে?,chittagong
sentence_50.wav,dataset/chunks/chittagong/chi_cate_06/sentence_50.wav,আমার চামড়ায় চুলকানি হচ্ছে।,chittagong
sentence_51.wav,dataset/chunks/chittagong/chi_cate_06/sentence_51.wav,ওষুধটি কখন খাবো?,chittagong
sentence_52.wav,dataset/chunks/chittagong/chi_cate_06/sentence_52.wav,আমার কানে ব্যথা করছে।,chittagong
sentence_53.wav,dataset/chunks/chittagong/chi_cate_06/sentence_53.wav,আমাকে রক্ত পরীক্ষা করাতে হবে।,chittagong
sentence_54.wav,dataset/chunks/chittagong/chi_cate_06/sentence_54.wav,আমি গরমে অসুস্থ।,chittagong
sentence_55.wav,dataset/chunks/chittagong/chi_cate_06/sentence_55.wav,আমার দাঁতের ইনফেকশন হয়েছে।,chittagong
sentence_56.wav,dataset/chunks/chittagong/chi_cate_06/sentence_56.wav,এখানে কি স্যালাইন দেওয়া হয়?,chittagong
sentence_57.wav,dataset/chunks/chittagong/chi_cate_06/sentence_57.wav,আমার পায়ের আঙুল ফোলা গেছে।,chittagong
sentence_58.wav,dataset/chunks/chittagong/chi_cate_06/sentence_58.wav,আমাকে ব্যথানাশক দিন।,chittagong
sentence_59.wav,dataset/chunks/chittagong/chi_cate_06/sentence_59.wav,কি খেলে সুস্থতা হবে?,chittagong
sentence_60.wav,dataset/chunks/chittagong/chi_cate_06/sentence_60.wav,আমি মাথা ঘোরাতে লাগছে।,chittagong
sentence_61.wav,dataset/chunks/chittagong/chi_cate_06/sentence_61.wav,হাসপাতালে কি ডাক্তার রাতেও থাকেন?,chittagong
sentence_62.wav,dataset/chunks/chittagong/chi_cate_06/sentence_62.wav,আমার গলার প্রদাহ আছে।,chittagong
sentence_63.wav,dataset/chunks/chittagong/chi_cate_06/sentence_63.wav,আমার শরীরে জ্বালা অনুভূত হচ্ছে।,chittagong
sentence_64.wav,dataset/chunks/chittagong/chi_cate_06/sentence_64.wav,আমাকে ওষুধের রিসিপি দিন।,chittagong
sentence_65.wav,dataset/chunks/chittagong/chi_cate_06/sentence_65.wav,কি ওষুধ বেশি কার্যকর?,chittagong
sentence_66.wav,dataset/chunks/chittagong/chi_cate_06/sentence_66.wav,আমার গায়ে র‍্যাশ হয়েছে।,chittagong
sentence_67.wav,dataset/chunks/chittagong/chi_cate_06/sentence_67.wav,আমি পায়ে ব্যথা অনুভব করছি।,chittagong
sentence_68.wav,dataset/chunks/chittagong/chi_cate_06/sentence_68.wav,হাসপাতালে কি অ্যাপয়েন্টমেন্ট লাগবে?,chittagong
sentence_69.wav,dataset/chunks/chittagong/chi_cate_06/sentence_69.wav,আমাকে দ্রুত দেখুন।,chittagong
sentence_70.wav,dataset/chunks/chittagong/chi_cate_06/sentence_70.wav,আমার পেট খুব ব্যথা করছে।,chittagong
sentence_01.wav,dataset/chunks/chittagong/chi_cate_07/sentence_01.wav,আপনার পরিবারে কয়জন সদস্য আছে?,chittagong
sentence_02.wav,dataset/chunks/chittagong/chi_cate_07/sentence_02.wav,আমার বাবা একজন শিক্ষক।,chittagong
sentence_03.wav,dataset/chunks/chittagong/chi_cate_07/sentence_03.wav,আপনি কোথায় বড় হয়েছেন?,chittagong
sentence_04.wav,dataset/chunks/chittagong/chi_cate_07/sentence_04.wav,আমার মা ঘরে থাকেন।,chittagong
sentence_05.wav,dataset/chunks/chittagong/chi_cate_07/sentence_05.wav,আপনার ভাইবোন আছে কি?,chittagong
sentence_06.wav,dataset/chunks/chittagong/chi_cate_07/sentence_06.wav,আমার এক ভাই ও দুই বোন আছে।,chittagong
sentence_07.wav,dataset/chunks/chittagong/chi_cate_07/sentence_07.wav,আমরা একসাথে ভ্রমণ করতে ভালোবাসি।,chittagong
sentence_08.wav,dataset/chunks/chittagong/chi_cate_07/sentence_08.wav,আপনার পছন্দের খাবার কী?,chittagong
sentence_09.wav,dataset/chunks/chittagong/chi_cate_07/sentence_09.wav,আমার ছোট বোন স্কুলে পড়ে।,chittagong
sentence_10.wav,dataset/chunks/chittagong/chi_cate_07/sentence_10.wav,আপনার বাবা কোথায় কাজ করেন?,chittagong
sentence_11.wav,dataset/chunks/chittagong/chi_cate_07/sentence_11.wav,আমার পরিবার সব সময় একসাথে খেতে বসে।,chittagong
sentence_12.wav,dataset/chunks/chittagong/chi_cate_07/sentence_12.wav,আপনার মা কি রান্না করতে ভালোবাসেন?,chittagong
sentence_13.wav,dataset/chunks/chittagong/chi_cate_07/sentence_13.wav,আমরা প্রতি বছর ঈদে মিলিত হই।,chittagong
sentence_14.wav,dataset/chunks/chittagong/chi_cate_07/sentence_14.wav,আপনার পছন্দের ছুটি কী?,chittagong
sentence_15.wav,dataset/chunks/chittagong/chi_cate_07/sentence_15.wav,আমার বাবা সকালবেলা হাঁটতে যান।,chittagong
sentence_16.wav,dataset/chunks/chittagong/chi_cate_07/sentence_16.wav,আপনার পরিবারে কারা রয়েছেন?,chittagong
sentence_17.wav,dataset/chunks/chittagong/chi_cate_07/sentence_17.wav,আমার দাদা আমাদের সঙ্গে থাকে।,chittagong
sentence_18.wav,dataset/chunks/chittagong/chi_cate_07/sentence_18.wav,আপনি কি বিবাহিত?,chittagong
sentence_19.wav,dataset/chunks/chittagong/chi_cate_07/sentence_19.wav,আমি বিবাহিত এবং আমার দুই সন্তান আছে।,chittagong
sentence_20.wav,dataset/chunks/chittagong/chi_cate_07/sentence_20.wav,আপনার বোন কি বিশ্ববিদ্যালয়ে পড়ে?,chittagong
sentence_21.wav,dataset/chunks/chittagong/chi_cate_07/sentence_21.wav,আমরা রোববার একসাথে সিনেমা দেখি।,chittagong
sentence_22.wav,dataset/chunks/chittagong/chi_cate_07/sentence_22.wav,আপনার পছন্দের পরিবারের অনুষ্ঠান কোনটি?,chittagong
sentence_23.wav,dataset/chunks/chittagong/chi_cate_07/sentence_23.wav,আমার বাবা মা আমাদের জন্য খুব যত্নশীল।,chittagong
sentence_24.wav,dataset/chunks/chittagong/chi_cate_07/sentence_24.wav,আপনার শিশুরা স্কুলে ভালো করছে কি?,chittagong
sentence_25.wav,dataset/chunks/chittagong/chi_cate_07/sentence_25.wav,আমার পরিবারের সবাই স্বাস্থ্যকর জীবনযাপন করে।,chittagong
sentence_26.wav,dataset/chunks/chittagong/chi_cate_07/sentence_26.wav,আপনি কোথায় বেড়ে উঠেছেন?,chittagong
sentence_27.wav,dataset/chunks/chittagong/chi_cate_07/sentence_27.wav,আমার পরিবার গ্রামে থাকে।,chittagong
sentence_28.wav,dataset/chunks/chittagong/chi_cate_07/sentence_28.wav,আপনার বাবা কি বিদেশে কাজ করেন?,chittagong
sentence_29.wav,dataset/chunks/chittagong/chi_cate_07/sentence_29.wav,আমি আমার পরিবারের সঙ্গে ছুটিতে যাই।,chittagong
sentence_30.wav,dataset/chunks/chittagong/chi_cate_07/sentence_30.wav,আপনার পরিবারে ছোট ছোট ভাইবোন আছে কি?,chittagong
sentence_31.wav,dataset/chunks/chittagong/chi_cate_07/sentence_31.wav,আমার ভাই ফুটবল খেলে।,chittagong
sentence_32.wav,dataset/chunks/chittagong/chi_cate_07/sentence_32.wav,আপনার মা কি কাজ করেন?,chittagong
sentence_33.wav,dataset/chunks/chittagong/chi_cate_07/sentence_33.wav,আমরা প্রতি সপ্তাহে একসাথে খাবার করি।,chittagong
sentence_34.wav,dataset/chunks/chittagong/chi_cate_07/sentence_34.wav,আপনার বাবা কি বাসায় থাকেন?,chittagong
sentence_35.wav,dataset/chunks/chittagong/chi_cate_07/sentence_35.wav,আমার পরিবারে সবাই একে অপরকে সাহায্য করে।,chittagong
sentence_36.wav,dataset/chunks/chittagong/chi_cate_07/sentence_36.wav,আপনি কত বছর ধরে বিবাহিত?,chittagong
sentence_37.wav,dataset/chunks/chittagong/chi_cate_07/sentence_37.wav,আমার বোন চিকিৎসা পড়াশোনা করছে।,chittagong
sentence_38.wav,dataset/chunks/chittagong/chi_cate_07/sentence_38.wav,আপনার বাবা মা কি এখনও কাজ করেন?,chittagong
sentence_39.wav,dataset/chunks/chittagong/chi_cate_07/sentence_39.wav,আমরা সবাই একসাথে হোলিডে যাই।,chittagong
sentence_40.wav,dataset/chunks/chittagong/chi_cate_07/sentence_40.wav,আপনার সন্তানদের নাম কী?,chittagong
sentence_41.wav,dataset/chunks/chittagong/chi_cate_07/sentence_41.wav,আমার ছেলে ফুটবল খেলতে ভালোবাসে।,chittagong
sentence_42.wav,dataset/chunks/chittagong/chi_cate_07/sentence_42.wav,আপনার পরিবারের বয়সী সদস্যরা কি সক্রিয়?,chittagong
sentence_43.wav,dataset/chunks/chittagong/chi_cate_07/sentence_43.wav,আমি আমার পরিবারের সঙ্গে সিনেমা দেখতে যাই।,chittagong
sentence_44.wav,dataset/chunks/chittagong/chi_cate_07/sentence_44.wav,আপনার মা কি রান্না ভালো করেন?,chittagong
sentence_45.wav,dataset/chunks/chittagong/chi_cate_07/sentence_45.wav,আমার বাবা সকালবেলা সংবাদ পড়েন।,chittagong
sentence_46.wav,dataset/chunks/chittagong/chi_cate_07/sentence_46.wav,আপনার বোনের পছন্দের কাজ কী?,chittagong
sentence_47.wav,dataset/chunks/chittagong/chi_cate_07/sentence_47.wav,আমরা বড়দিন একসাথে উদযাপন করি।,chittagong
sentence_48.wav,dataset/chunks/chittagong/chi_cate_07/sentence_48.wav,আমার পরিবারে কেউ বিদেশে থাকে।,chittagong
sentence_49.wav,dataset/chunks/chittagong/chi_cate_07/sentence_49.wav,আপনার পরিবারের সদস্যরা কি সুস্থ আছে?,chittagong
sentence_50.wav,dataset/chunks/chittagong/chi_cate_07/sentence_50.wav,আমি পরিবারকে খুব ভালোবাসি।,chittagong
sentence_51.wav,dataset/chunks/chittagong/chi_cate_07/sentence_51.wav,আপনার ভাইবোন কি আপনার সাথে থাকে?,chittagong
sentence_52.wav,dataset/chunks/chittagong/chi_cate_07/sentence_52.wav,আমার বাবা মা গ্রামের বাড়িতে থাকেন।,chittagong
sentence_53.wav,dataset/chunks/chittagong/chi_cate_07/sentence_53.wav,আমরা একসাথে খেলা করি।,chittagong
sentence_54.wav,dataset/chunks/chittagong/chi_cate_07/sentence_54.wav,আপনার পরিবারে কেউ চাকরিতে আছেন কি?,chittagong
sentence_55.wav,dataset/chunks/chittagong/chi_cate_07/sentence_55.wav,আমি আমার পরিবারের জন্য সব করি।,chittagong
sentence_56.wav,dataset/chunks/chittagong/chi_cate_07/sentence_56.wav,আপনার বাবা মা কি অবসরপ্রাপ্ত?,chittagong
sentence_57.wav,dataset/chunks/chittagong/chi_cate_07/sentence_57.wav,আমরা হোলিডেতে গ্রামের বাড়িতে যাই।,chittagong
sentence_58.wav,dataset/chunks/chittagong/chi_cate_07/sentence_58.wav,আমার ছোট ভাই স্কুলে ভালো করছে।,chittagong
sentence_59.wav,dataset/chunks/chittagong/chi_cate_07/sentence_59.wav,আপনার পরিবার কত ঘনিষ্ঠ?,chittagong
sentence_60.wav,dataset/chunks/chittagong/chi_cate_07/sentence_60.wav,আমরা প্রতি মাসে একসাথে বেড়াতে যাই।,chittagong
sentence_61.wav,dataset/chunks/chittagong/chi_cate_07/sentence_61.wav,আমার মা গল্প শুনাতে ভালোবাসেন।,chittagong
sentence_62.wav,dataset/chunks/chittagong/chi_cate_07/sentence_62.wav,আপনার বাবা কি কখনও ভ্রমণে যান?,chittagong
sentence_63.wav,dataset/chunks/chittagong/chi_cate_07/sentence_63.wav,আমি আমার পরিবারকে সব সময় সাহায্য করি।,chittagong
sentence_64.wav,dataset/chunks/chittagong/chi_cate_07/sentence_64.wav,আপনার ভাইবোন কি একে অপরকে সাহায্য করে?,chittagong
sentence_65.wav,dataset/chunks/chittagong/chi_cate_07/sentence_65.wav,আমরা পরিবারে জন্মদিন উদযাপন করি।,chittagong
sentence_66.wav,dataset/chunks/chittagong/chi_cate_07/sentence_66.wav,আমার পরিবারের সঙ্গে সময় কাটানো ভালো লাগে।,chittagong
sentence_67.wav,dataset/chunks/chittagong/chi_cate_07/sentence_67.wav,আপনার মা বাবা কি একসাথে আছেন?,chittagong
sentence_68.wav,dataset/chunks/chittagong/chi_cate_07/sentence_68.wav,আমার বাবা খুব কঠোর কিন্তু ভালো মানুষ।,chittagong
sentence_69.wav,dataset/chunks/chittagong/chi_cate_07/sentence_69.wav,আমরা পারিবারিক ছবি তুলি।,chittagong
sentence_70.wav,dataset/chunks/chittagong/chi_cate_07/sentence_70.wav,আমি আমার পরিবারের সুখের জন্য কাজ করি।,chittagong
sentence_01.wav,dataset/chunks/chittagong/chi_cate_08/sentence_01.wav,এই বছর ধানের ফলন কেমন হবে?,chittagong
sentence_02.wav,dataset/chunks/chittagong/chi_cate_08/sentence_02.wav,আমি মাছ চাষ শুরু করতে চাই।,chittagong
sentence_03.wav,dataset/chunks/chittagong/chi_cate_08/sentence_03.wav,বৃষ্টিপাত ঠিক আছে কি?,chittagong
sentence_04.wav,dataset/chunks/chittagong/chi_cate_08/sentence_04.wav,জমি প্রস্তুত করা হয়েছে।,chittagong
sentence_05.wav,dataset/chunks/chittagong/chi_cate_08/sentence_05.wav,ধানের বীজ কত লাগবে?,chittagong
sentence_06.wav,dataset/chunks/chittagong/chi_cate_08/sentence_06.wav,কীটনাশক প্রয়োগ করতে হবে।,chittagong
sentence_07.wav,dataset/chunks/chittagong/chi_cate_08/sentence_07.wav,আমি সবজি চাষ করি।,chittagong
sentence_08.wav,dataset/chunks/chittagong/chi_cate_08/sentence_08.wav,মাছের পুকুর কত বড়?,chittagong
sentence_09.wav,dataset/chunks/chittagong/chi_cate_08/sentence_09.wav,আমার ধান ভালোভাবে ফলন করছে।,chittagong
sentence_10.wav,dataset/chunks/chittagong/chi_cate_08/sentence_10.wav,সার দেওয়া হয়েছে।,chittagong
sentence_11.wav,dataset/chunks/chittagong/chi_cate_08/sentence_11.wav,কৃষকের জন্য কি সহায়তা আছে?,chittagong
sentence_12.wav,dataset/chunks/chittagong/chi_cate_08/sentence_12.wav,গবাদি পশুদের খাওয়ানো হয়েছে।,chittagong
sentence_13.wav,dataset/chunks/chittagong/chi_cate_08/sentence_13.wav,আবহাওয়া কেমন থাকবে?,chittagong
sentence_14.wav,dataset/chunks/chittagong/chi_cate_08/sentence_14.wav,বৃষ্টির অভাব ধানের জন্য ক্ষতিকর।,chittagong
sentence_15.wav,dataset/chunks/chittagong/chi_cate_08/sentence_15.wav,পুকুরে পানি পরীক্ষা করা হয়েছে।,chittagong
sentence_16.wav,dataset/chunks/chittagong/chi_cate_08/sentence_16.wav,আমি নতুন সার প্রয়োগ করব।,chittagong
sentence_17.wav,dataset/chunks/chittagong/chi_cate_08/sentence_17.wav,কীটপতঙ্গ ধ্বংস করতে হবে।,chittagong
sentence_18.wav,dataset/chunks/chittagong/chi_cate_08/sentence_18.wav,ধানের বীজ ভালো মানের কিনুন।,chittagong
sentence_19.wav,dataset/chunks/chittagong/chi_cate_08/sentence_19.wav,সবজি খুব দ্রুত বড় হচ্ছে।,chittagong
sentence_20.wav,dataset/chunks/chittagong/chi_cate_08/sentence_20.wav,মাছের পুকুরে খাবার দিন।,chittagong
sentence_21.wav,dataset/chunks/chittagong/chi_cate_08/sentence_21.wav,জমিতে আগাছা কাটা হয়েছে।,chittagong
sentence_22.wav,dataset/chunks/chittagong/chi_cate_08/sentence_22.wav,আমি নতুন পুকুর খনন করেছি।,chittagong
sentence_23.wav,dataset/chunks/chittagong/chi_cate_08/sentence_23.wav,এই ফসলের জন্য কত সার লাগবে?,chittagong
sentence_24.wav,dataset/chunks/chittagong/chi_cate_08/sentence_24.wav,গরু খুব ভালো অবস্থায় আছে।,chittagong
sentence_25.wav,dataset/chunks/chittagong/chi_cate_08/sentence_25.wav,ধান কেটে সংগ্রহ করা হয়েছে।,chittagong
sentence_26.wav,dataset/chunks/chittagong/chi_cate_08/sentence_26.wav,আমরা সবজি বাজারে বিক্রি করি।,chittagong
sentence_27.wav,dataset/chunks/chittagong/chi_cate_08/sentence_27.wav,মাটি পরীক্ষা করা হয়েছে।,chittagong
sentence_28.wav,dataset/chunks/chittagong/chi_cate_08/sentence_28.wav,পোকামাকড়ের আক্রমণ হয়েছে।,chittagong
sentence_29.wav,dataset/chunks/chittagong/chi_cate_08/sentence_29.wav,মাছের পুকুর পরিষ্কার করুন।,chittagong
sentence_30.wav,dataset/chunks/chittagong/chi_cate_08/sentence_30.wav,আমরা সার ও বীজ কিনব।,chittagong
sentence_31.wav,dataset/chunks/chittagong/chi_cate_08/sentence_31.wav,গবাদি পশুদের স্বাস্থ্য পরীক্ষা করা হয়েছে।,chittagong
sentence_32.wav,dataset/chunks/chittagong/chi_cate_08/sentence_32.wav,ধানের ফলন ভাল হয়েছে।,chittagong
sentence_33.wav,dataset/chunks/chittagong/chi_cate_08/sentence_33.wav,আমি নতুন চারা রোপণ করব।,chittagong
sentence_34.wav,dataset/chunks/chittagong/chi_cate_08/sentence_34.wav,আবহাওয়া পরিবর্তনশীল।,chittagong
sentence_35.wav,dataset/chunks/chittagong/chi_cate_08/sentence_35.wav,পুকুরে পানি কমে গেছে।,chittagong
sentence_36.wav,dataset/chunks/chittagong/chi_cate_08/sentence_36.wav,আমরা নতুন সার পরীক্ষা করব।,chittagong
sentence_37.wav,dataset/chunks/chittagong/chi_cate_08/sentence_37.wav,কি মাছের প্রজাতি ভালো ফলন দিচ্ছে?,chittagong
sentence_38.wav,dataset/chunks/chittagong/chi_cate_08/sentence_38.wav,জমি উর্বর।,chittagong
sentence_39.wav,dataset/chunks/chittagong/chi_cate_08/sentence_39.wav,ফসল রক্ষা করতে কী ব্যবস্থা নেওয়া হয়েছে?,chittagong
sentence_40.wav,dataset/chunks/chittagong/chi_cate_08/sentence_40.wav,আমরা গবাদি পশু বিক্রি করব।,chittagong
sentence_41.wav,dataset/chunks/chittagong/chi_cate_08/sentence_41.wav,ধানের ফসল শুকিয়ে গেছে।,chittagong
sentence_42.wav,dataset/chunks/chittagong/chi_cate_08/sentence_42.wav,পুকুরে নতুন মাছ ছাড়া হয়েছে।,chittagong
sentence_43.wav,dataset/chunks/chittagong/chi_cate_08/sentence_43.wav,আবহাওয়া খুব খারাপ।,chittagong
sentence_44.wav,dataset/chunks/chittagong/chi_cate_08/sentence_44.wav,আমরা সবজি রোপণ শুরু করেছি।,chittagong
sentence_45.wav,dataset/chunks/chittagong/chi_cate_08/sentence_45.wav,মাটির আর্দ্রতা ঠিক আছে কি?,chittagong
sentence_46.wav,dataset/chunks/chittagong/chi_cate_08/sentence_46.wav,সার দেওয়ার পর পানি দিন।,chittagong
sentence_47.wav,dataset/chunks/chittagong/chi_cate_08/sentence_47.wav,কীটনাশক কত দিন পর প্রয়োগ করতে হবে?,chittagong
sentence_48.wav,dataset/chunks/chittagong/chi_cate_08/sentence_48.wav,আমার ধান এখনও সবুজ।,chittagong
sentence_49.wav,dataset/chunks/chittagong/chi_cate_08/sentence_49.wav,গবাদি পশুদের জন্য খোরাক প্রস্তুত।,chittagong
sentence_50.wav,dataset/chunks/chittagong/chi_cate_08/sentence_50.wav,পুকুরের পানি পরীক্ষা করুন।,chittagong
sentence_51.wav,dataset/chunks/chittagong/chi_cate_08/sentence_51.wav,বৃষ্টি হলে ফসলের জন্য ভালো হবে।,chittagong
sentence_52.wav,dataset/chunks/chittagong/chi_cate_08/sentence_52.wav,আমরা নতুন সার প্রয়োগ করব।,chittagong
sentence_53.wav,dataset/chunks/chittagong/chi_cate_08/sentence_53.wav,কি সময়ে ধান কাটা উচিত?,chittagong
sentence_54.wav,dataset/chunks/chittagong/chi_cate_08/sentence_54.wav,পোকামাকড় ধ্বংস করা হয়েছে।,chittagong
sentence_55.wav,dataset/chunks/chittagong/chi_cate_08/sentence_55.wav,আমরা ফসল বিক্রি করব।,chittagong
sentence_56.wav,dataset/chunks/chittagong/chi_cate_08/sentence_56.wav,গবাদি পশুদের জন্য চিকিৎসা প্রয়োজন।,chittagong
sentence_57.wav,dataset/chunks/chittagong/chi_cate_08/sentence_57.wav,মাছের পুকুরে বেশি পানি ঢালুন।,chittagong
sentence_58.wav,dataset/chunks/chittagong/chi_cate_08/sentence_58.wav,আমরা কৃষি প্রদর্শনীতে যাব।,chittagong
sentence_59.wav,dataset/chunks/chittagong/chi_cate_08/sentence_59.wav,ধানের চারা ভালোভাবে জন্ম নিয়েছে।,chittagong
sentence_60.wav,dataset/chunks/chittagong/chi_cate_08/sentence_60.wav,ফসলের জন্য পানি দেওয়া হচ্ছে।,chittagong
sentence_61.wav,dataset/chunks/chittagong/chi_cate_08/sentence_61.wav,পোকামাকড়ের আক্রমণ কমে গেছে।,chittagong
sentence_62.wav,dataset/chunks/chittagong/chi_cate_08/sentence_62.wav,আমরা নতুন চারা কিনব।,chittagong
sentence_63.wav,dataset/chunks/chittagong/chi_cate_08/sentence_63.wav,কি মাছের খাদ্য ভালো ফলন দিচ্ছে?,chittagong
sentence_64.wav,dataset/chunks/chittagong/chi_cate_08/sentence_64.wav,জমি খুব উর্বর।,chittagong
sentence_65.wav,dataset/chunks/chittagong/chi_cate_08/sentence_65.wav,পুকুরের পানি পরিষ্কার রাখা হয়েছে।,chittagong
sentence_66.wav,dataset/chunks/chittagong/chi_cate_08/sentence_66.wav,আমি ধানের ক্ষেতে যাচ্ছি।,chittagong
sentence_67.wav,dataset/chunks/chittagong/chi_cate_08/sentence_67.wav,ফসল রক্ষা করতে কৃষক সতর্ক।,chittagong
sentence_68.wav,dataset/chunks/chittagong/chi_cate_08/sentence_68.wav,আমরা গবাদি পশু বিক্রির পরিকল্পনা করেছি।,chittagong
sentence_69.wav,dataset/chunks/chittagong/chi_cate_08/sentence_69.wav,ধানের ক্ষেতে জৈব সার প্রয়োগ করা হয়েছে।,chittagong
sentence_70.wav,dataset/chunks/chittagong/chi_cate_08/sentence_70.wav,আমাদের পুকুরে নতুন মাছ এসেছে।,chittagong
sentence_01.wav,dataset/chunks/chittagong/chi_cate_09/sentence_01.wav,আজ খুব গরম।,chittagong
sentence_02.wav,dataset/chunks/chittagong/chi_cate_09/sentence_02.wav,কাল বৃষ্টি হবে কি?,chittagong
sentence_03.wav,dataset/chunks/chittagong/chi_cate_09/sentence_03.wav,বাতাস কেমন চলছে?,chittagong
sentence_04.wav,dataset/chunks/chittagong/chi_cate_09/sentence_04.wav,আজ সূর্য ভালোভাবে উঠেছে।,chittagong
sentence_05.wav,dataset/chunks/chittagong/chi_cate_09/sentence_05.wav,তাপমাত্রা কত?,chittagong
sentence_06.wav,dataset/chunks/chittagong/chi_cate_09/sentence_06.wav,আজ মেঘলা দিন।,chittagong
sentence_07.wav,dataset/chunks/chittagong/chi_cate_09/sentence_07.wav,বাতাস খুব ঠান্ডা।,chittagong
sentence_08.wav,dataset/chunks/chittagong/chi_cate_09/sentence_08.wav,আজ দিনের আলো সুন্দর।,chittagong
sentence_09.wav,dataset/chunks/chittagong/chi_cate_09/sentence_09.wav,ঝড় আসছে কি?,chittagong
sentence_10.wav,dataset/chunks/chittagong/chi_cate_09/sentence_10.wav,আজ রাত খুব ঠান্ডা।,chittagong
sentence_11.wav,dataset/chunks/chittagong/chi_cate_09/sentence_11.wav,আকাশ পরিষ্কার।,chittagong
sentence_12.wav,dataset/chunks/chittagong/chi_cate_09/sentence_12.wav,বৃষ্টি শুরু হয়েছে।,chittagong
sentence_13.wav,dataset/chunks/chittagong/chi_cate_09/sentence_13.wav,তাপমাত্রা বেশি হলে গরম লাগবে।,chittagong
sentence_14.wav,dataset/chunks/chittagong/chi_cate_09/sentence_14.wav,ধুলোবালি কেটে গেছে।,chittagong
sentence_15.wav,dataset/chunks/chittagong/chi_cate_09/sentence_15.wav,জলবায়ু পরিবর্তন হচ্ছে।,chittagong
sentence_16.wav,dataset/chunks/chittagong/chi_cate_09/sentence_16.wav,আজ সূর্য ঝলমল করছে।,chittagong
sentence_17.wav,dataset/chunks/chittagong/chi_cate_09/sentence_17.wav,বাতাস কি বেশি তীব্র?,chittagong
sentence_18.wav,dataset/chunks/chittagong/chi_cate_09/sentence_18.wav,আজ দিনের তাপমাত্রা ৩৫°সেলসিয়াস।,chittagong
sentence_19.wav,dataset/chunks/chittagong/chi_cate_09/sentence_19.wav,আকাশে সবুজ মেঘ।,chittagong
sentence_20.wav,dataset/chunks/chittagong/chi_cate_09/sentence_20.wav,বৃষ্টির পর মাটি ভিজে গেছে।,chittagong
sentence_21.wav,dataset/chunks/chittagong/chi_cate_09/sentence_21.wav,আজ খুব আর্দ্রতা আছে।,chittagong
sentence_22.wav,dataset/chunks/chittagong/chi_cate_09/sentence_22.wav,কি ধরনের আবহাওয়া আপনার পছন্দ?,chittagong
sentence_23.wav,dataset/chunks/chittagong/chi_cate_09/sentence_23.wav,সূর্যাস্ত খুব সুন্দর হয়েছে।,chittagong
sentence_24.wav,dataset/chunks/chittagong/chi_cate_09/sentence_24.wav,আগামীকাল খুব ঠান্ডা হবে।,chittagong
sentence_25.wav,dataset/chunks/chittagong/chi_cate_09/sentence_25.wav,ঝড়ের পূর্বাভাস আছে।,chittagong
sentence_26.wav,dataset/chunks/chittagong/chi_cate_09/sentence_26.wav,বাতাসের দিক পরিবর্তিত হয়েছে।,chittagong
sentence_27.wav,dataset/chunks/chittagong/chi_cate_09/sentence_27.wav,আকাশে সূর্যোদয় দেখা যাচ্ছে।,chittagong
sentence_28.wav,dataset/chunks/chittagong/chi_cate_09/sentence_28.wav,আজ রাতের আকাশে তারা দেখা যাচ্ছে।,chittagong
sentence_29.wav,dataset/chunks/chittagong/chi_cate_09/sentence_29.wav,বাতাসে তীব্রতা আছে কি?,chittagong
sentence_30.wav,dataset/chunks/chittagong/chi_cate_09/sentence_30.wav,গ্রীষ্মকাল খুব গরম।,chittagong
sentence_31.wav,dataset/chunks/chittagong/chi_cate_09/sentence_31.wav,শীতকাল খুব ঠান্ডা।,chittagong
sentence_32.wav,dataset/chunks/chittagong/chi_cate_09/sentence_32.wav,আজকের আর্দ্রতা কেমন?,chittagong
sentence_33.wav,dataset/chunks/chittagong/chi_cate_09/sentence_33.wav,মেঘ কেটে গেছে।,chittagong
sentence_34.wav,dataset/chunks/chittagong/chi_cate_09/sentence_34.wav,ঝড়ের সময় বাইরে যাবেন না।,chittagong
sentence_35.wav,dataset/chunks/chittagong/chi_cate_09/sentence_35.wav,আজকের আকাশ নীল।,chittagong
sentence_36.wav,dataset/chunks/chittagong/chi_cate_09/sentence_36.wav,বাতাসে ধুলো আছে।,chittagong
sentence_37.wav,dataset/chunks/chittagong/chi_cate_09/sentence_37.wav,বৃষ্টির পর সবুজ গাছ আরও সুন্দর।,chittagong
sentence_38.wav,dataset/chunks/chittagong/chi_cate_09/sentence_38.wav,আজ খুব ধোঁয়া আছে।,chittagong
sentence_39.wav,dataset/chunks/chittagong/chi_cate_09/sentence_39.wav,আগামীকাল বৃষ্টি হবে কি?,chittagong
sentence_40.wav,dataset/chunks/chittagong/chi_cate_09/sentence_40.wav,আজ দুপুরে তাপমাত্রা কম।,chittagong
sentence_41.wav,dataset/chunks/chittagong/chi_cate_09/sentence_41.wav,সূর্য আকাশে উজ্জ্বল।,chittagong
sentence_42.wav,dataset/chunks/chittagong/chi_cate_09/sentence_42.wav,আজ বাতাস একটু ঠান্ডা।,chittagong
sentence_43.wav,dataset/chunks/chittagong/chi_cate_09/sentence_43.wav,ঝড়ের সময় কি precautions নিতে হবে?,chittagong
sentence_44.wav,dataset/chunks/chittagong/chi_cate_09/sentence_44.wav,আজকের আবহাওয়া স্বাভাবিক।,chittagong
sentence_45.wav,dataset/chunks/chittagong/chi_cate_09/sentence_45.wav,বৃষ্টি হলে রাস্তা ভিজে যাবে।,chittagong
sentence_46.wav,dataset/chunks/chittagong/chi_cate_09/sentence_46.wav,হাওয়া খুব নরম।,chittagong
sentence_47.wav,dataset/chunks/chittagong/chi_cate_09/sentence_47.wav,আজ সূর্য উঠার সময় দেরি হয়েছে।,chittagong
sentence_48.wav,dataset/chunks/chittagong/chi_cate_09/sentence_48.wav,আবহাওয়া রিপোর্ট কি হয়েছে?,chittagong
sentence_49.wav,dataset/chunks/chittagong/chi_cate_09/sentence_49.wav,আজকের তাপমাত্রা বেশী।,chittagong
sentence_50.wav,dataset/chunks/chittagong/chi_cate_09/sentence_50.wav,রাতে খুব ঠান্ডা হবে।,chittagong
sentence_51.wav,dataset/chunks/chittagong/chi_cate_09/sentence_51.wav,গ্রীষ্মের দিন দীর্ঘ।,chittagong
sentence_52.wav,dataset/chunks/chittagong/chi_cate_09/sentence_52.wav,শীতের রাত ছোট।,chittagong
sentence_53.wav,dataset/chunks/chittagong/chi_cate_09/sentence_53.wav,ঝড়ের কারণে বিদ্যুৎ চলে গেছে।,chittagong
sentence_54.wav,dataset/chunks/chittagong/chi_cate_09/sentence_54.wav,মেঘলা দিনে ছবি তোলা ভালো।,chittagong
sentence_55.wav,dataset/chunks/chittagong/chi_cate_09/sentence_55.wav,বাতাসে আর্দ্রতা বেশি।,chittagong
sentence_56.wav,dataset/chunks/chittagong/chi_cate_09/sentence_56.wav,কি ধরনের বাতাস চলছে?,chittagong
sentence_57.wav,dataset/chunks/chittagong/chi_cate_09/sentence_57.wav,আজ রাতের আকাশ পরিষ্কার।,chittagong
sentence_58.wav,dataset/chunks/chittagong/chi_cate_09/sentence_58.wav,বৃষ্টিপাত কম।,chittagong
sentence_59.wav,dataset/chunks/chittagong/chi_cate_09/sentence_59.wav,আগামীকাল তাপমাত্রা বাড়বে।,chittagong
sentence_60.wav,dataset/chunks/chittagong/chi_cate_09/sentence_60.wav,ঝড়ের সময় সড়ক নিরাপদ নয়।,chittagong
sentence_61.wav,dataset/chunks/chittagong/chi_cate_09/sentence_61.wav,আজ হালকা বৃষ্টি হচ্ছে।,chittagong
sentence_62.wav,dataset/chunks/chittagong/chi_cate_09/sentence_62.wav,বাতাসের তীব্রতা কমেছে।,chittagong
sentence_63.wav,dataset/chunks/chittagong/chi_cate_09/sentence_63.wav,আজকের সূর্যাস্ত সুন্দর।,chittagong
sentence_64.wav,dataset/chunks/chittagong/chi_cate_09/sentence_64.wav,কি সময়ে বৃষ্টি হবে?,chittagong
sentence_65.wav,dataset/chunks/chittagong/chi_cate_09/sentence_65.wav,আকাশে মেঘ অনেক।,chittagong
sentence_66.wav,dataset/chunks/chittagong/chi_cate_09/sentence_66.wav,আজ খুব শীতল দিন।,chittagong
sentence_67.wav,dataset/chunks/chittagong/chi_cate_09/sentence_67.wav,বাতাসের দিক পূর্ব।,chittagong
sentence_68.wav,dataset/chunks/chittagong/chi_cate_09/sentence_68.wav,হঠাৎ ঝড় এসেছে।,chittagong
sentence_69.wav,dataset/chunks/chittagong/chi_cate_09/sentence_69.wav,আজ খুব রৌদ্রজ্জ্বল।,chittagong
sentence_70.wav,dataset/chunks/chittagong/chi_cate_09/sentence_70.wav,আগামীকাল হালকা বাতাস থাকবে।,chittagong
sentence_01.wav,dataset/chunks/chittagong/chi_cate_10/sentence_01.wav,আপনি কিভাবে পহেলা বৈশাখ উদযাপন করেন?,chittagong
sentence_02.wav,dataset/chunks/chittagong/chi_cate_10/sentence_02.wav,আমি পহেলা বৈশাখে নতুন জামা পরি।,chittagong
sentence_03.wav,dataset/chunks/chittagong/chi_cate_10/sentence_03.wav,আমাদের গ্রামে ঈদ খুব বড় উৎসব।,chittagong
sentence_04.wav,dataset/chunks/chittagong/chi_cate_10/sentence_04.wav,আপনি পূজা কিভাবে পালন করেন?,chittagong
sentence_05.wav,dataset/chunks/chittagong/chi_cate_10/sentence_05.wav,আমরা দুর্গাপূজা দেখতে যাই।,chittagong
sentence_06.wav,dataset/chunks/chittagong/chi_cate_10/sentence_06.wav,আমার পরিবার নববর্ষ উদযাপন করে।,chittagong
sentence_07.wav,dataset/chunks/chittagong/chi_cate_10/sentence_07.wav,কি ধরনের খাবার উৎসবে থাকে?,chittagong
sentence_08.wav,dataset/chunks/chittagong/chi_cate_10/sentence_08.wav,আমরা ঈদের দিনে গিয়ে কার্ড দিই।,chittagong
sentence_09.wav,dataset/chunks/chittagong/chi_cate_10/sentence_09.wav,পহেলা বৈশাখে আমরা বাজারে যাই।,chittagong
sentence_10.wav,dataset/chunks/chittagong/chi_cate_10/sentence_10.wav,আমরা পহেলা বৈশাখে রঙিন পোশাক পরি।,chittagong
sentence_11.wav,dataset/chunks/chittagong/chi_cate_10/sentence_11.wav,হোলি আমাদের বন্ধুদের সঙ্গে খেলা হয়।,chittagong
sentence_12.wav,dataset/chunks/chittagong/chi_cate_10/sentence_12.wav,উৎসবে কি ধরনের গান বাজে?,chittagong
sentence_13.wav,dataset/chunks/chittagong/chi_cate_10/sentence_13.wav,আমরা লালবসন্ত উৎসব পালন করি।,chittagong
sentence_14.wav,dataset/chunks/chittagong/chi_cate_10/sentence_14.wav,আমাদের গ্রামে বর্ষবরণ খুব উৎসবমুখর।,chittagong
sentence_15.wav,dataset/chunks/chittagong/chi_cate_10/sentence_15.wav,পহেলা বৈশাখে নতুন বছরের জন্য শুভেচ্ছা বিনিময় করি।,chittagong
sentence_16.wav,dataset/chunks/chittagong/chi_cate_10/sentence_16.wav,আমরা ঈদে পরিবারের সঙ্গে ভ্রমণ করি।,chittagong
sentence_17.wav,dataset/chunks/chittagong/chi_cate_10/sentence_17.wav,দুর্গাপূজায় মন্দিরে ফুল সাজানো হয়।,chittagong
sentence_18.wav,dataset/chunks/chittagong/chi_cate_10/sentence_18.wav,কি ধরনের পোশাক উৎসবে পরা হয়?,chittagong
sentence_19.wav,dataset/chunks/chittagong/chi_cate_10/sentence_19.wav,নববর্ষে আমরা মিষ্টি খাই।,chittagong
sentence_20.wav,dataset/chunks/chittagong/chi_cate_10/sentence_20.wav,আমরা ঈদের সকালে নতুন জামা পরি।,chittagong
sentence_21.wav,dataset/chunks/chittagong/chi_cate_10/sentence_21.wav,পূজার সময় মন্দিরে ভিড় থাকে।,chittagong
sentence_22.wav,dataset/chunks/chittagong/chi_cate_10/sentence_22.wav,পহেলা বৈশাখে আমরা পার্কে যাই।,chittagong
sentence_23.wav,dataset/chunks/chittagong/chi_cate_10/sentence_23.wav,হোলিতে রঙ ব্যবহার করা হয়।,chittagong
sentence_24.wav,dataset/chunks/chittagong/chi_cate_10/sentence_24.wav,আমরা ভোরে পূজার অর্ঘ্য দিই।,chittagong
sentence_25.wav,dataset/chunks/chittagong/chi_cate_10/sentence_25.wav,ঈদে আমরা একে অপরকে শুভেচ্ছা জানাই।,chittagong
sentence_26.wav,dataset/chunks/chittagong/chi_cate_10/sentence_26.wav,উৎসবের জন্য নতুন সাজসজ্জা করা হয়েছে।,chittagong
sentence_27.wav,dataset/chunks/chittagong/chi_cate_10/sentence_27.wav,আমরা নববর্ষে গান গাই।,chittagong
sentence_28.wav,dataset/chunks/chittagong/chi_cate_10/sentence_28.wav,দুর্গাপূজায় কুমারী পূজা হয়।,chittagong
sentence_29.wav,dataset/chunks/chittagong/chi_cate_10/sentence_29.wav,কি ধরনের খেলাধুলা উৎসবে হয়?,chittagong
sentence_30.wav,dataset/chunks/chittagong/chi_cate_10/sentence_30.wav,আমরা হোলিতে একে অপরকে রঙ দিই।,chittagong
sentence_31.wav,dataset/chunks/chittagong/chi_cate_10/sentence_31.wav,উৎসবে আমরা নাচ গান করি।,chittagong
sentence_32.wav,dataset/chunks/chittagong/chi_cate_10/sentence_32.wav,ঈদের দিনে বাজারে ভিড় হয়।,chittagong
sentence_33.wav,dataset/chunks/chittagong/chi_cate_10/sentence_33.wav,পহেলা বৈশাখে আমরা মেলা দেখতে যাই।,chittagong
sentence_34.wav,dataset/chunks/chittagong/chi_cate_10/sentence_34.wav,নববর্ষে আমরা নতুন পরিকল্পনা করি।,chittagong
sentence_35.wav,dataset/chunks/chittagong/chi_cate_10/sentence_35.wav,দুর্গাপূজায় মন্দিরে আলোকসজ্জা করা হয়।,chittagong
sentence_36.wav,dataset/chunks/chittagong/chi_cate_10/sentence_36.wav,হোলিতে আমরা বন্ধুদের সঙ্গে মজা করি।,chittagong
sentence_37.wav,dataset/chunks/chittagong/chi_cate_10/sentence_37.wav,কি ধরনের খাবার পূজায় পরিবেশিত হয়?,chittagong
sentence_38.wav,dataset/chunks/chittagong/chi_cate_10/sentence_38.wav,আমরা নববর্ষে পরিবারকে উপহার দেই।,chittagong
sentence_39.wav,dataset/chunks/chittagong/chi_cate_10/sentence_39.wav,ঈদের সকালে আমরা মসজিদে যাই।,chittagong
sentence_40.wav,dataset/chunks/chittagong/chi_cate_10/sentence_40.wav,উৎসবে আমরা traditional পোশাক পরি।,chittagong
sentence_41.wav,dataset/chunks/chittagong/chi_cate_10/sentence_41.wav,পহেলা বৈশাখে আমরা রঙিন মিছিল করি।,chittagong
sentence_42.wav,dataset/chunks/chittagong/chi_cate_10/sentence_42.wav,হোলিতে আমরা বিভিন্ন রঙের জল ব্যবহার করি।,chittagong
sentence_43.wav,dataset/chunks/chittagong/chi_cate_10/sentence_43.wav,নববর্ষের অনুষ্ঠানে গান বাজানো হয়।,chittagong
sentence_44.wav,dataset/chunks/chittagong/chi_cate_10/sentence_44.wav,আমরা ঈদের দিনে প্রিয়জনের সঙ্গে খাবার খাই।,chittagong
sentence_45.wav,dataset/chunks/chittagong/chi_cate_10/sentence_45.wav,দুর্গাপূজায় প্রতিমা সাজানো হয়।,chittagong
sentence_46.wav,dataset/chunks/chittagong/chi_cate_10/sentence_46.wav,উৎসবে আমরা সবাই একসাথে আনন্দ করি।,chittagong
sentence_47.wav,dataset/chunks/chittagong/chi_cate_10/sentence_47.wav,পহেলা বৈশাখে নতুন বছরের শুরু হয়।,chittagong
sentence_48.wav,dataset/chunks/chittagong/chi_cate_10/sentence_48.wav,নববর্ষে আমরা খোলা আকাশের নিচে অনুষ্ঠান করি।,chittagong
sentence_49.wav,dataset/chunks/chittagong/chi_cate_10/sentence_49.wav,ঈদে আমরা একে অপরকে উপহার দেই।,chittagong
sentence_50.wav,dataset/chunks/chittagong/chi_cate_10/sentence_50.wav,হোলিতে শিশুদের আনন্দ বেশি।,chittagong
sentence_51.wav,dataset/chunks/chittagong/chi_cate_10/sentence_51.wav,আমরা পহেলা বৈশাখে রঙিন পুতুল তৈরি করি।,chittagong
sentence_52.wav,dataset/chunks/chittagong/chi_cate_10/sentence_52.wav,দুর্গাপূজায় মন্দিরে ভক্তদের ভিড় থাকে।,chittagong
sentence_53.wav,dataset/chunks/chittagong/chi_cate_10/sentence_53.wav,নববর্ষের দিনে আমরা traditional খাবার খাই।,chittagong
sentence_54.wav,dataset/chunks/chittagong/chi_cate_10/sentence_54.wav,হোলিতে আমরা গান বাজাই।,chittagong
sentence_55.wav,dataset/chunks/chittagong/chi_cate_10/sentence_55.wav,ঈদে আমরা পরিবারের সঙ্গে আনন্দ করি।,chittagong
sentence_56.wav,dataset/chunks/chittagong/chi_cate_10/sentence_56.wav,পহেলা বৈশাখে আমরা বাজার থেকে খাবার কিনি।,chittagong
sentence_57.wav,dataset/chunks/chittagong/chi_cate_10/sentence_57.wav,নববর্ষে আমরা cultural অনুষ্ঠানে অংশ নিই।,chittagong
sentence_58.wav,dataset/chunks/chittagong/chi_cate_10/sentence_58.wav,দুর্গাপূজায় আমরা মেলা দেখি।,chittagong
sentence_59.wav,dataset/chunks/chittagong/chi_cate_10/sentence_59.wav,হোলিতে আমরা একে অপরকে মিষ্টি দিই।,chittagong
sentence_60.wav,dataset/chunks/chittagong/chi_cate_10/sentence_60.wav,আমরা পহেলা বৈশাখে traditional নাচ করি।,chittagong
sentence_61.wav,dataset/chunks/chittagong/chi_cate_10/sentence_61.wav,নববর্ষে আমরা নতুন বছরের জন্য প্রার্থনা করি।,chittagong
sentence_62.wav,dataset/chunks/chittagong/chi_cate_10/sentence_62.wav,ঈদের সকালে আমরা মসজিদে যাওয়া শুরু করি।,chittagong
sentence_63.wav,dataset/chunks/chittagong/chi_cate_10/sentence_63.wav,হোলিতে আমরা বন্ধুদের সঙ্গে আনন্দ করি।,chittagong
sentence_64.wav,dataset/chunks/chittagong/chi_cate_10/sentence_64.wav,পহেলা বৈশাখে আমাদের গ্রামে মেলা হয়।,chittagong
sentence_65.wav,dataset/chunks/chittagong/chi_cate_10/sentence_65.wav,নববর্ষের অনুষ্ঠান সকাল থেকে শুরু হয়।,chittagong
sentence_66.wav,dataset/chunks/chittagong/chi_cate_10/sentence_66.wav,দুর্গাপূজায় শিশুদের জন্য খেলা হয়।,chittagong
sentence_67.wav,dataset/chunks/chittagong/chi_cate_10/sentence_67.wav,হোলিতে আমরা রঙিন পাউডার ব্যবহার করি।,chittagong
sentence_68.wav,dataset/chunks/chittagong/chi_cate_10/sentence_68.wav,ঈদে আমরা গ্রামের বাড়িতে যাই।,chittagong
sentence_69.wav,dataset/chunks/chittagong/chi_cate_10/sentence_69.wav,পহেলা বৈশাখে আমরা নতুন বছরের জন্য সুইট খাই।,chittagong
sentence_70.wav,dataset/chunks/chittagong/chi_cate_10/sentence_70.wav,নববর্ষে আমরা সকলের সঙ্গে আনন্দ ভাগ করি।,chittagong
sentence_01.wav,dataset/chunks/chittagong/chi_cate_11/sentence_01.wav,আপনার পরীক্ষা কবে?,chittagong
sentence_02.wav,dataset/chunks/chittagong/chi_cate_11/sentence_02.wav,আমি সকাল ৯টায় স্কুলে যাই।,chittagong
sentence_03.wav,dataset/chunks/chittagong/chi_cate_11/sentence_03.wav,আজ কোন বিষয়ের ক্লাস আছে?,chittagong
sentence_04.wav,dataset/chunks/chittagong/chi_cate_11/sentence_04.wav,আমি গণিত পড়াশোনা করছি।,chittagong
sentence_05.wav,dataset/chunks/chittagong/chi_cate_11/sentence_05.wav,আপনার শিক্ষক কে?,chittagong
sentence_06.wav,dataset/chunks/chittagong/chi_cate_11/sentence_06.wav,আমার ক্লাস খুব ছোট।,chittagong
sentence_07.wav,dataset/chunks/chittagong/chi_cate_11/sentence_07.wav,পরীক্ষা কঠিন হবে কি?,chittagong
sentence_08.wav,dataset/chunks/chittagong/chi_cate_11/sentence_08.wav,আমি আজ বাংলা পরীক্ষা দিচ্ছি।,chittagong
sentence_09.wav,dataset/chunks/chittagong/chi_cate_11/sentence_09.wav,আপনি কোন কলেজে পড়েন?,chittagong
sentence_10.wav,dataset/chunks/chittagong/chi_cate_11/sentence_10.wav,আমার বন্ধু বিজ্ঞান পড়ে।,chittagong
sentence_11.wav,dataset/chunks/chittagong/chi_cate_11/sentence_11.wav,আমরা স্কুলে প্রতিদিন ৬ ঘণ্টা পড়ি।,chittagong
sentence_12.wav,dataset/chunks/chittagong/chi_cate_11/sentence_12.wav,আপনার হোমওয়ার্ক শেষ হয়েছে কি?,chittagong
sentence_13.wav,dataset/chunks/chittagong/chi_cate_11/sentence_13.wav,আমি ইতিহাস পড়তে ভালোবাসি।,chittagong
sentence_14.wav,dataset/chunks/chittagong/chi_cate_11/sentence_14.wav,আপনার শিক্ষক ক্লাসে কঠোর কি?,chittagong
sentence_15.wav,dataset/chunks/chittagong/chi_cate_11/sentence_15.wav,আমরা লাইব্রেরিতে বই পড়ি।,chittagong
sentence_16.wav,dataset/chunks/chittagong/chi_cate_11/sentence_16.wav,পরীক্ষা কত নম্বরের?,chittagong
sentence_17.wav,dataset/chunks/chittagong/chi_cate_11/sentence_17.wav,আমার সহপাঠী খুব স্মার্ট।,chittagong
sentence_18.wav,dataset/chunks/chittagong/chi_cate_11/sentence_18.wav,আপনি কোন বিষয়ে দুর্বল?,chittagong
sentence_19.wav,dataset/chunks/chittagong/chi_cate_11/sentence_19.wav,আমি প্রতিদিন ইংরেজি অনুশীলন করি।,chittagong
sentence_20.wav,dataset/chunks/chittagong/chi_cate_11/sentence_20.wav,শিক্ষক আজ নতুন পাঠ শেখালেন।,chittagong
sentence_21.wav,dataset/chunks/chittagong/chi_cate_11/sentence_21.wav,আপনার ক্লাসের সময়সূচি কি?,chittagong
sentence_22.wav,dataset/chunks/chittagong/chi_cate_11/sentence_22.wav,আমি পরীক্ষার জন্য প্রস্তুতি নিচ্ছি।,chittagong
sentence_23.wav,dataset/chunks/chittagong/chi_cate_11/sentence_23.wav,আমরা বিজ্ঞান ল্যাবে পরীক্ষা করি।,chittagong
sentence_24.wav,dataset/chunks/chittagong/chi_cate_11/sentence_24.wav,আপনার স্কুলের নাম কি?,chittagong
sentence_25.wav,dataset/chunks/chittagong/chi_cate_11/sentence_25.wav,আমার প্রিয় শিক্ষক খুব সহায়ক।,chittagong
sentence_26.wav,dataset/chunks/chittagong/chi_cate_11/sentence_26.wav,আমরা গ্রুপ স্টাডি করি।,chittagong
sentence_27.wav,dataset/chunks/chittagong/chi_cate_11/sentence_27.wav,আপনি কোন বিষয়ে ভালো?,chittagong
sentence_28.wav,dataset/chunks/chittagong/chi_cate_11/sentence_28.wav,আমি নতুন বিষয় শিখতে ভালোবাসি।,chittagong
sentence_29.wav,dataset/chunks/chittagong/chi_cate_11/sentence_29.wav,পরীক্ষা শেষ হলে আমরা ছুটি পাই।,chittagong
sentence_30.wav,dataset/chunks/chittagong/chi_cate_11/sentence_30.wav,আমার স্কুলে বড় লাইব্রেরি আছে।,chittagong
sentence_31.wav,dataset/chunks/chittagong/chi_cate_11/sentence_31.wav,আপনার ক্লাসের সংখ্যা কত?,chittagong
sentence_32.wav,dataset/chunks/chittagong/chi_cate_11/sentence_32.wav,আমি প্রতিদিন সকালে পড়াশোনা করি।,chittagong
sentence_33.wav,dataset/chunks/chittagong/chi_cate_11/sentence_33.wav,শিক্ষক আজ গণিতের সমস্যা দেখালেন।,chittagong
sentence_34.wav,dataset/chunks/chittagong/chi_cate_11/sentence_34.wav,আপনার সহপাঠী কি সাহায্য করছে?,chittagong
sentence_35.wav,dataset/chunks/chittagong/chi_cate_11/sentence_35.wav,আমি পরীক্ষার জন্য নোট তৈরি করছি।,chittagong
sentence_36.wav,dataset/chunks/chittagong/chi_cate_11/sentence_36.wav,আমরা স্কুলে বিভিন্ন কার্যক্রম করি।,chittagong
sentence_37.wav,dataset/chunks/chittagong/chi_cate_11/sentence_37.wav,আপনার শিক্ষক কি ভালো ব্যাখ্যা করেন?,chittagong
sentence_38.wav,dataset/chunks/chittagong/chi_cate_11/sentence_38.wav,আমি ইংরেজি বলার অনুশীলন করি।,chittagong
sentence_39.wav,dataset/chunks/chittagong/chi_cate_11/sentence_39.wav,আজ ক্লাসে প্র্যাকটিক্যাল হয়েছে।,chittagong
sentence_40.wav,dataset/chunks/chittagong/chi_cate_11/sentence_40.wav,আপনার হোমওয়ার্ক কত পৃষ্ঠা?,chittagong
sentence_41.wav,dataset/chunks/chittagong/chi_cate_11/sentence_41.wav,আমি পরীক্ষার জন্য প্রশ্ন সমাধান করছি।,chittagong
sentence_42.wav,dataset/chunks/chittagong/chi_cate_11/sentence_42.wav,আমরা স্কুলে বার্ষিক ক্রীড়া প্রতিযোগিতা করি।,chittagong
sentence_43.wav,dataset/chunks/chittagong/chi_cate_11/sentence_43.wav,আপনার শিক্ষক কি কখনও দেরি করেন?,chittagong
sentence_44.wav,dataset/chunks/chittagong/chi_cate_11/sentence_44.wav,আমি নতুন বই কিনেছি।,chittagong
sentence_45.wav,dataset/chunks/chittagong/chi_cate_11/sentence_45.wav,ক্লাসে সবাই খুব মনোযোগী।,chittagong
sentence_46.wav,dataset/chunks/chittagong/chi_cate_11/sentence_46.wav,আপনার স্কুলের সময়সূচি কি?,chittagong
sentence_47.wav,dataset/chunks/chittagong/chi_cate_11/sentence_47.wav,আমরা পরীক্ষার জন্য গ্রুপ স্টাডি করি।,chittagong
sentence_48.wav,dataset/chunks/chittagong/chi_cate_11/sentence_48.wav,শিক্ষক আজ বিজ্ঞান পাঠ করলেন।,chittagong
sentence_49.wav,dataset/chunks/chittagong/chi_cate_11/sentence_49.wav,আপনার প্রিয় বিষয় কোনটি?,chittagong
sentence_50.wav,dataset/chunks/chittagong/chi_cate_11/sentence_50.wav,আমি প্রতিদিন রাতে পড়াশোনা করি।,chittagong
sentence_51.wav,dataset/chunks/chittagong/chi_cate_11/sentence_51.wav,আমরা লাইব্রেরিতে নতুন বই দেখেছি।,chittagong
sentence_52.wav,dataset/chunks/chittagong/chi_cate_11/sentence_52.wav,শিক্ষক আজ পরীক্ষা নেওয়ার পরিকল্পনা করেছেন।,chittagong
sentence_53.wav,dataset/chunks/chittagong/chi_cate_11/sentence_53.wav,আপনার স্কুলের ছুটি কখন?,chittagong
sentence_54.wav,dataset/chunks/chittagong/chi_cate_11/sentence_54.wav,আমি পরীক্ষার জন্য নোটগুলি পুনরায় পড়ছি।,chittagong
sentence_55.wav,dataset/chunks/chittagong/chi_cate_11/sentence_55.wav,আমরা ক্লাসে project কাজ করছি।,chittagong
sentence_56.wav,dataset/chunks/chittagong/chi_cate_11/sentence_56.wav,আপনার সহপাঠী কি সক্রিয়?,chittagong
sentence_57.wav,dataset/chunks/chittagong/chi_cate_11/sentence_57.wav,আমি আজ শিক্ষকের সঙ্গে কথা বলেছি।,chittagong
sentence_58.wav,dataset/chunks/chittagong/chi_cate_11/sentence_58.wav,স্কুলে আমরা বিভিন্ন cultural অনুষ্ঠান করি।,chittagong
sentence_59.wav,dataset/chunks/chittagong/chi_cate_11/sentence_59.wav,আপনার ক্লাসে কত শিক্ষক আছেন?,chittagong
sentence_60.wav,dataset/chunks/chittagong/chi_cate_11/sentence_60.wav,আমি প্রতিদিন নতুন শব্দ শিখি।,chittagong
sentence_61.wav,dataset/chunks/chittagong/chi_cate_11/sentence_61.wav,পরীক্ষা শেষ হলে আমরা আনন্দ করি।,chittagong
sentence_62.wav,dataset/chunks/chittagong/chi_cate_11/sentence_62.wav,শিক্ষক আজ হোমওয়ার্ক দেখেছেন।,chittagong
sentence_63.wav,dataset/chunks/chittagong/chi_cate_11/sentence_63.wav,আপনার স্কুলে কত লাইব্রেরি আছে?,chittagong
sentence_64.wav,dataset/chunks/chittagong/chi_cate_11/sentence_64.wav,আমরা প্রতিদিন ক্লাসে active থাকি।,chittagong
sentence_65.wav,dataset/chunks/chittagong/chi_cate_11/sentence_65.wav,আমি পরীক্ষার জন্য extra practice করি।,chittagong
sentence_66.wav,dataset/chunks/chittagong/chi_cate_11/sentence_66.wav,শিক্ষক নতুন প্রশ্ন দেখিয়েছেন।,chittagong
sentence_67.wav,dataset/chunks/chittagong/chi_cate_11/sentence_67.wav,আপনার স্কুলের বার্ষিক পরীক্ষা কখন?,chittagong
sentence_68.wav,dataset/chunks/chittagong/chi_cate_11/sentence_68.wav,আমি শিক্ষকের পরামর্শ অনুসরণ করি।,chittagong
sentence_69.wav,dataset/chunks/chittagong/chi_cate_11/sentence_69.wav,আমরা প্রতিদিন assignment করি।,chittagong
sentence_70.wav,dataset/chunks/chittagong/chi_cate_11/sentence_70.wav,আপনার প্রিয় শিক্ষক কে?,chittagong
sentence_01.wav,dataset/chunks/chittagong/chi_cate_12/sentence_01.wav,আজকের মিটিং কবে?,chittagong
sentence_02.wav,dataset/chunks/chittagong/chi_cate_12/sentence_02.wav,আমি আমার রিপোর্ট প্রস্তুত করেছি।,chittagong
sentence_03.wav,dataset/chunks/chittagong/chi_cate_12/sentence_03.wav,অফিসে সময়মতো পৌঁছানো উচিত।,chittagong
sentence_04.wav,dataset/chunks/chittagong/chi_cate_12/sentence_04.wav,আপনার সহকর্মী কি সাহায্য করছে?,chittagong
sentence_05.wav,dataset/chunks/chittagong/chi_cate_12/sentence_05.wav,আমরা নতুন প্রকল্প শুরু করছি।,chittagong
sentence_06.wav,dataset/chunks/chittagong/chi_cate_12/sentence_06.wav,আজ অফিসে কি কাজ আছে?,chittagong
sentence_07.wav,dataset/chunks/chittagong/chi_cate_12/sentence_07.wav,আমার কম্পিউটারে সমস্যা হয়েছে।,chittagong
sentence_08.wav,dataset/chunks/chittagong/chi_cate_12/sentence_08.wav,মিটিংটি কত সময়ের জন্য?,chittagong
sentence_09.wav,dataset/chunks/chittagong/chi_cate_12/sentence_09.wav,আমি প্রেজেন্টেশন প্রস্তুত করছি।,chittagong
sentence_10.wav,dataset/chunks/chittagong/chi_cate_12/sentence_10.wav,আপনি কোন দপ্তরে কাজ করেন?,chittagong
sentence_11.wav,dataset/chunks/chittagong/chi_cate_12/sentence_11.wav,অফিসের সময়সূচি কি?,chittagong
sentence_12.wav,dataset/chunks/chittagong/chi_cate_12/sentence_12.wav,আমি নতুন কর্মচারী প্রশিক্ষণ দিচ্ছি।,chittagong
sentence_13.wav,dataset/chunks/chittagong/chi_cate_12/sentence_13.wav,আজ অফিসে তদারকি করা হয়েছে।,chittagong
sentence_14.wav,dataset/chunks/chittagong/chi_cate_12/sentence_14.wav,আমরা ক্লায়েন্টের সঙ্গে মিটিং করেছি।,chittagong
sentence_15.wav,dataset/chunks/chittagong/chi_cate_12/sentence_15.wav,আমার ল্যাপটপ কাজ করছে না।,chittagong
sentence_16.wav,dataset/chunks/chittagong/chi_cate_12/sentence_16.wav,অফিসের কাজ শেষ হয়েছে।,chittagong
sentence_17.wav,dataset/chunks/chittagong/chi_cate_12/sentence_17.wav,কি ধরনের রিপোর্ট আজ জমা দিতে হবে?,chittagong
sentence_18.wav,dataset/chunks/chittagong/chi_cate_12/sentence_18.wav,আমি ইমেইল পাঠাচ্ছি।,chittagong
sentence_19.wav,dataset/chunks/chittagong/chi_cate_12/sentence_19.wav,অফিসে নতুন নীতি প্রয়োগ করা হয়েছে।,chittagong
sentence_20.wav,dataset/chunks/chittagong/chi_cate_12/sentence_20.wav,আপনার সহকর্মী punctual কি?,chittagong
sentence_21.wav,dataset/chunks/chittagong/chi_cate_12/sentence_21.wav,আমরা অফিসে কাজ ভাগ করেছি।,chittagong
sentence_22.wav,dataset/chunks/chittagong/chi_cate_12/sentence_22.wav,আজ অফিসে কি মিটিং আছে?,chittagong
sentence_23.wav,dataset/chunks/chittagong/chi_cate_12/sentence_23.wav,আমি ক্লায়েন্টের জন্য ডকুমেন্ট তৈরি করছি।,chittagong
sentence_24.wav,dataset/chunks/chittagong/chi_cate_12/sentence_24.wav,অফিসের বাতাস ভালো নেই।,chittagong
sentence_25.wav,dataset/chunks/chittagong/chi_cate_12/sentence_25.wav,আমরা নতুন সফটওয়্যার ব্যবহার করছি।,chittagong
sentence_26.wav,dataset/chunks/chittagong/chi_cate_12/sentence_26.wav,কি কাজ দ্রুত শেষ করতে হবে?,chittagong
sentence_27.wav,dataset/chunks/chittagong/chi_cate_12/sentence_27.wav,আমার ডেস্কে অনেক নথি আছে।,chittagong
sentence_28.wav,dataset/chunks/chittagong/chi_cate_12/sentence_28.wav,অফিসে আজ নতুন অতিথি এসেছেন।,chittagong
sentence_29.wav,dataset/chunks/chittagong/chi_cate_12/sentence_29.wav,আমরা টিম মিটিং করছি।,chittagong
sentence_30.wav,dataset/chunks/chittagong/chi_cate_12/sentence_30.wav,আপনার কাজের অগ্রগতি কেমন?,chittagong
sentence_31.wav,dataset/chunks/chittagong/chi_cate_12/sentence_31.wav,আমি নতুন প্রকল্পের পরিকল্পনা করছি।,chittagong
sentence_32.wav,dataset/chunks/chittagong/chi_cate_12/sentence_32.wav,আজ অফিসে অনেক কাজ হয়েছে।,chittagong
sentence_33.wav,dataset/chunks/chittagong/chi_cate_12/sentence_33.wav,আমি ইমেইল চেক করছি।,chittagong
sentence_34.wav,dataset/chunks/chittagong/chi_cate_12/sentence_34.wav,অফিসের কম্পিউটার আপডেট হয়েছে।,chittagong
sentence_35.wav,dataset/chunks/chittagong/chi_cate_12/sentence_35.wav,আপনি আজ কোন দপ্তরে কাজ করছেন?,chittagong
sentence_36.wav,dataset/chunks/chittagong/chi_cate_12/sentence_36.wav,আমরা নতুন টিম মিটিং শুরু করেছি।,chittagong
sentence_37.wav,dataset/chunks/chittagong/chi_cate_12/sentence_37.wav,কি ধরনের রিপোর্ট শেষ হয়েছে?,chittagong
sentence_38.wav,dataset/chunks/chittagong/chi_cate_12/sentence_38.wav,আমি অফিসের জন্য প্রেজেন্টেশন তৈরি করেছি।,chittagong
sentence_39.wav,dataset/chunks/chittagong/chi_cate_12/sentence_39.wav,আমাদের টিমে নতুন সদস্য যোগ হয়েছে।,chittagong
sentence_40.wav,dataset/chunks/chittagong/chi_cate_12/sentence_40.wav,অফিসের কাজের মান খুব ভালো।,chittagong
sentence_41.wav,dataset/chunks/chittagong/chi_cate_12/sentence_41.wav,আজ অফিসে কি মিটিং শিডিউল আছে?,chittagong
sentence_42.wav,dataset/chunks/chittagong/chi_cate_12/sentence_42.wav,আমি অফিসের ডকুমেন্ট স্ক্যান করছি।,chittagong
sentence_43.wav,dataset/chunks/chittagong/chi_cate_12/sentence_43.wav,আপনার সহকর্মী কি ব্যস্ত?,chittagong
sentence_44.wav,dataset/chunks/chittagong/chi_cate_12/sentence_44.wav,আমরা অফিসে নথি আপডেট করেছি।,chittagong
sentence_45.wav,dataset/chunks/chittagong/chi_cate_12/sentence_45.wav,আজ টিমের সঙ্গে আলোচনা হয়েছে।,chittagong
sentence_46.wav,dataset/chunks/chittagong/chi_cate_12/sentence_46.wav,আমি নতুন কর্মচারীর প্রশিক্ষণ দিচ্ছি।,chittagong
sentence_47.wav,dataset/chunks/chittagong/chi_cate_12/sentence_47.wav,অফিসে নতুন নীতি প্রয়োগ করা হয়েছে।,chittagong
sentence_48.wav,dataset/chunks/chittagong/chi_cate_12/sentence_48.wav,আমার কম্পিউটার হ্যাং করেছে।,chittagong
sentence_49.wav,dataset/chunks/chittagong/chi_cate_12/sentence_49.wav,আমরা ক্লায়েন্টের কাছে প্রজেক্ট প্রেজেন্ট করেছি।,chittagong
sentence_50.wav,dataset/chunks/chittagong/chi_cate_12/sentence_50.wav,আপনার অফিসের সময়সূচি কি?,chittagong
sentence_51.wav,dataset/chunks/chittagong/chi_cate_12/sentence_51.wav,আমি আজ নতুন কাজ শিখছি।,chittagong
sentence_52.wav,dataset/chunks/chittagong/chi_cate_12/sentence_52.wav,অফিসে নিরাপত্তা ব্যবস্থা ভালো।,chittagong
sentence_53.wav,dataset/chunks/chittagong/chi_cate_12/sentence_53.wav,আমরা অফিসে নতুন টুল ব্যবহার করছি।,chittagong
sentence_54.wav,dataset/chunks/chittagong/chi_cate_12/sentence_54.wav,আপনার টিম কি প্রস্তুত?,chittagong
sentence_55.wav,dataset/chunks/chittagong/chi_cate_12/sentence_55.wav,আমি অফিসে অনেক নথি সাজাচ্ছি।,chittagong
sentence_56.wav,dataset/chunks/chittagong/chi_cate_12/sentence_56.wav,আজ অফিসে নতুন প্রকল্পের আলোচনা হয়েছে।,chittagong
sentence_57.wav,dataset/chunks/chittagong/chi_cate_12/sentence_57.wav,আমি আজ টিম মিটিং নিয়ে ব্যস্ত।,chittagong
sentence_58.wav,dataset/chunks/chittagong/chi_cate_12/sentence_58.wav,অফিসে নতুন সফটওয়্যার ইনস্টল করা হয়েছে।,chittagong
sentence_59.wav,dataset/chunks/chittagong/chi_cate_12/sentence_59.wav,কি ধরনের অফিস কাজ শেষ করতে হবে?,chittagong
sentence_60.wav,dataset/chunks/chittagong/chi_cate_12/sentence_60.wav,আমি ক্লায়েন্টের জন্য ডকুমেন্ট প্রস্তুত করছি।,chittagong
sentence_61.wav,dataset/chunks/chittagong/chi_cate_12/sentence_61.wav,অফিসে আজ অনেক ইমেইল এসেছে।,chittagong
sentence_62.wav,dataset/chunks/chittagong/chi_cate_12/sentence_62.wav,আমাদের টিমের সদস্য সক্রিয়।,chittagong
sentence_63.wav,dataset/chunks/chittagong/chi_cate_12/sentence_63.wav,আমি অফিসে নতুন প্রকল্প পরিকল্পনা করছি।,chittagong
sentence_64.wav,dataset/chunks/chittagong/chi_cate_12/sentence_64.wav,আজ অফিসে অনেক visitors এসেছে।,chittagong
sentence_65.wav,dataset/chunks/chittagong/chi_cate_12/sentence_65.wav,অফিসে meeting room প্রস্তুত।,chittagong
sentence_66.wav,dataset/chunks/chittagong/chi_cate_12/sentence_66.wav,আমি অফিসের জন্য রিপোর্ট তৈরি করেছি।,chittagong
sentence_67.wav,dataset/chunks/chittagong/chi_cate_12/sentence_67.wav,আমরা নতুন guidelines মেনে চলছি।,chittagong
sentence_68.wav,dataset/chunks/chittagong/chi_cate_12/sentence_68.wav,অফিসে কাজের চাপ বেশি।,chittagong
sentence_69.wav,dataset/chunks/chittagong/chi_cate_12/sentence_69.wav,আমি ক্লায়েন্টের সাথে discussion করেছি।,chittagong
sentence_70.wav,dataset/chunks/chittagong/chi_cate_12/sentence_70.wav,আমাদের অফিসের পরিবেশ খুব ভালো।,chittagong
sentence_01.wav,dataset/chunks/chittagong/chi_cate_13/sentence_01.wav,এই ফোনের দাম কত?,chittagong
sentence_02.wav,dataset/chunks/chittagong/chi_cate_13/sentence_02.wav,আমি নতুন ল্যাপটপ কিনতে চাই।,chittagong
sentence_03.wav,dataset/chunks/chittagong/chi_cate_13/sentence_03.wav,এই চার্জার কি original?,chittagong
sentence_04.wav,dataset/chunks/chittagong/chi_cate_13/sentence_04.wav,SIM কার্ড কীভাবে নিতে হবে?,chittagong
sentence_05.wav,dataset/chunks/chittagong/chi_cate_13/sentence_05.wav,এই ফোনের warranty কত দিন?,chittagong
sentence_06.wav,dataset/chunks/chittagong/chi_cate_13/sentence_06.wav,আমি একটা হেডফোন চাই।,chittagong
sentence_07.wav,dataset/chunks/chittagong/chi_cate_13/sentence_07.wav,এই ফোনে camera ভালো কি?,chittagong
sentence_08.wav,dataset/chunks/chittagong/chi_cate_13/sentence_08.wav,আপনার দোকানে laptop আছে কি?,chittagong
sentence_09.wav,dataset/chunks/chittagong/chi_cate_13/sentence_09.wav,এই চার্জার কত voltage?,chittagong
sentence_10.wav,dataset/chunks/chittagong/chi_cate_13/sentence_10.wav,আমি ফোন comparison করতে চাই।,chittagong
sentence_11.wav,dataset/chunks/chittagong/chi_cate_13/sentence_11.wav,এই ফোনের color কোনটি আছে?,chittagong
sentence_12.wav,dataset/chunks/chittagong/chi_cate_13/sentence_12.wav,SIM card activate করতে কত সময় লাগে?,chittagong
sentence_13.wav,dataset/chunks/chittagong/chi_cate_13/sentence_13.wav,এই ফোনের storage কত GB?,chittagong
sentence_14.wav,dataset/chunks/chittagong/chi_cate_13/sentence_14.wav,আমি power bank চাই।,chittagong
sentence_15.wav,dataset/chunks/chittagong/chi_cate_13/sentence_15.wav,ফোনে নতুন app install করতে পারি কি?,chittagong
sentence_16.wav,dataset/chunks/chittagong/chi_cate_13/sentence_16.wav,এই দোকানে accessories পাওয়া যায়?,chittagong
sentence_17.wav,dataset/chunks/chittagong/chi_cate_13/sentence_17.wav,এই laptop lightweight কি?,chittagong
sentence_18.wav,dataset/chunks/chittagong/chi_cate_13/sentence_18.wav,ফোনের screen protector বিক্রি হয় কি?,chittagong
sentence_19.wav,dataset/chunks/chittagong/chi_cate_13/sentence_19.wav,SIM card recharge করা যায় কি?,chittagong
sentence_20.wav,dataset/chunks/chittagong/chi_cate_13/sentence_20.wav,আমি refurbished phone কিনতে চাই না।,chittagong
sentence_21.wav,dataset/chunks/chittagong/chi_cate_13/sentence_21.wav,ফোনের battery কতক্ষণ চলে?,chittagong
sentence_22.wav,dataset/chunks/chittagong/chi_cate_13/sentence_22.wav,আমি এই smartwatch কিনতে চাই।,chittagong
sentence_23.wav,dataset/chunks/chittagong/chi_cate_13/sentence_23.wav,ফোনের brand কোনটি?,chittagong
sentence_24.wav,dataset/chunks/chittagong/chi_cate_13/sentence_24.wav,এই charger fast charging support করে কি?,chittagong
sentence_25.wav,dataset/chunks/chittagong/chi_cate_13/sentence_25.wav,আমি laptop comparison দেখতে চাই।,chittagong
sentence_26.wav,dataset/chunks/chittagong/chi_cate_13/sentence_26.wav,ফোনের memory card slot আছে কি?,chittagong
sentence_27.wav,dataset/chunks/chittagong/chi_cate_13/sentence_27.wav,SIM card registration করতে কি লাগবে?,chittagong
sentence_28.wav,dataset/chunks/chittagong/chi_cate_13/sentence_28.wav,আমি wireless earphones চাই।,chittagong
sentence_29.wav,dataset/chunks/chittagong/chi_cate_13/sentence_29.wav,এই phone case waterproof কি?,chittagong
sentence_30.wav,dataset/chunks/chittagong/chi_cate_13/sentence_30.wav,আপনার দোকানে projector আছে কি?,chittagong
sentence_31.wav,dataset/chunks/chittagong/chi_cate_13/sentence_31.wav,ফোনের software update হয়েছে কি?,chittagong
sentence_32.wav,dataset/chunks/chittagong/chi_cate_13/sentence_32.wav,আমি gaming laptop দেখতে চাই।,chittagong
sentence_33.wav,dataset/chunks/chittagong/chi_cate_13/sentence_33.wav,ফোনে dual SIM support আছে কি?,chittagong
sentence_34.wav,dataset/chunks/chittagong/chi_cate_13/sentence_34.wav,এই power bank কত mAh?,chittagong
sentence_35.wav,dataset/chunks/chittagong/chi_cate_13/sentence_35.wav,আমি Bluetooth speaker কিনতে চাই।,chittagong
sentence_36.wav,dataset/chunks/chittagong/chi_cate_13/sentence_36.wav,ফোনের price negotiable কি?,chittagong
sentence_37.wav,dataset/chunks/chittagong/chi_cate_13/sentence_37.wav,আমি USB cable চাই।,chittagong
sentence_38.wav,dataset/chunks/chittagong/chi_cate_13/sentence_38.wav,এই tablet lightweight কি?,chittagong
sentence_39.wav,dataset/chunks/chittagong/chi_cate_13/sentence_39.wav,SIM card portability করতে পারি কি?,chittagong
sentence_40.wav,dataset/chunks/chittagong/chi_cate_13/sentence_40.wav,ফোনের warranty card আছে কি?,chittagong
sentence_41.wav,dataset/chunks/chittagong/chi_cate_13/sentence_41.wav,আমি refurbished laptop চাই না।,chittagong
sentence_42.wav,dataset/chunks/chittagong/chi_cate_13/sentence_42.wav,ফোনের charger original কি?,chittagong
sentence_43.wav,dataset/chunks/chittagong/chi_cate_13/sentence_43.wav,আমি tablet accessories চাই।,chittagong
sentence_44.wav,dataset/chunks/chittagong/chi_cate_13/sentence_44.wav,ফোনের camera resolution কত?,chittagong
sentence_45.wav,dataset/chunks/chittagong/chi_cate_13/sentence_45.wav,আমি portable hard drive চাই।,chittagong
sentence_46.wav,dataset/chunks/chittagong/chi_cate_13/sentence_46.wav,ফোনে earphone jack আছে কি?,chittagong
sentence_47.wav,dataset/chunks/chittagong/chi_cate_13/sentence_47.wav,SIM card online recharge করা যায় কি?,chittagong
sentence_48.wav,dataset/chunks/chittagong/chi_cate_13/sentence_48.wav,আমি laptop bag কিনতে চাই।,chittagong
sentence_49.wav,dataset/chunks/chittagong/chi_cate_13/sentence_49.wav,ফোনের display কত inch?,chittagong
sentence_50.wav,dataset/chunks/chittagong/chi_cate_13/sentence_50.wav,আমি smart home device কিনতে চাই।,chittagong
sentence_51.wav,dataset/chunks/chittagong/chi_cate_13/sentence_51.wav,এই charger compatible কি?,chittagong
sentence_52.wav,dataset/chunks/chittagong/chi_cate_13/sentence_52.wav,ফোনের processor কত GHz?,chittagong
sentence_53.wav,dataset/chunks/chittagong/chi_cate_13/sentence_53.wav,আমি wireless mouse চাই।,chittagong
sentence_54.wav,dataset/chunks/chittagong/chi_cate_13/sentence_54.wav,ফোনের screen size বড় কি?,chittagong
sentence_55.wav,dataset/chunks/chittagong/chi_cate_13/sentence_55.wav,SIM card balance check করতে পারি কি?,chittagong
sentence_56.wav,dataset/chunks/chittagong/chi_cate_13/sentence_56.wav,আমি laptop stand চাই।,chittagong
sentence_57.wav,dataset/chunks/chittagong/chi_cate_13/sentence_57.wav,ফোনে fingerprint sensor আছে কি?,chittagong
sentence_58.wav,dataset/chunks/chittagong/chi_cate_13/sentence_58.wav,আমি external keyboard চাই।,chittagong
sentence_59.wav,dataset/chunks/chittagong/chi_cate_13/sentence_59.wav,ফোনের battery replace করতে হয় কি?,chittagong
sentence_60.wav,dataset/chunks/chittagong/chi_cate_13/sentence_60.wav,আমি smartwatch strap চাই।,chittagong
sentence_61.wav,dataset/chunks/chittagong/chi_cate_13/sentence_61.wav,ফোনের price range কি?,chittagong
sentence_62.wav,dataset/chunks/chittagong/chi_cate_13/sentence_62.wav,আমি gaming console কিনতে চাই।,chittagong
sentence_63.wav,dataset/chunks/chittagong/chi_cate_13/sentence_63.wav,ফোনে dual camera আছে কি?,chittagong
sentence_64.wav,dataset/chunks/chittagong/chi_cate_13/sentence_64.wav,আমি USB hub চাই।,chittagong
sentence_65.wav,dataset/chunks/chittagong/chi_cate_13/sentence_65.wav,ফোনের warranty কত বছর?,chittagong
sentence_66.wav,dataset/chunks/chittagong/chi_cate_13/sentence_66.wav,আমি laptop charger চাই।,chittagong
sentence_67.wav,dataset/chunks/chittagong/chi_cate_13/sentence_67.wav,ফোনের weight কত?,chittagong
sentence_68.wav,dataset/chunks/chittagong/chi_cate_13/sentence_68.wav,আমি HDMI cable চাই।,chittagong
sentence_69.wav,dataset/chunks/chittagong/chi_cate_13/sentence_69.wav,ফোনের software version আপডেট হয়েছে কি?,chittagong
sentence_70.wav,dataset/chunks/chittagong/chi_cate_13/sentence_70.wav,আমি smart speaker কিনতে চাই।,chittagong
sentence_01.wav,dataset/chunks/chittagong/chi_cate_14/sentence_01.wav,অনুগ্রহ করে দরজা বন্ধ করবেন।,chittagong
sentence_02.wav,dataset/chunks/chittagong/chi_cate_14/sentence_02.wav,দয়া করে আমাকে সাহায্য করুন।,chittagong
sentence_03.wav,dataset/chunks/chittagong/chi_cate_14/sentence_03.wav,আপনি কি আমাকে বইটা দিতে পারেন?,chittagong
sentence_04.wav,dataset/chunks/chittagong/chi_cate_14/sentence_04.wav,অনুগ্রহ করে ধীরে কথা বলুন।,chittagong
sentence_05.wav,dataset/chunks/chittagong/chi_cate_14/sentence_05.wav,দয়া করে এখানে বসুন।,chittagong
sentence_06.wav,dataset/chunks/chittagong/chi_cate_14/sentence_06.wav,আপনি কি আমার জন্য অপেক্ষা করতে পারেন?,chittagong
sentence_07.wav,dataset/chunks/chittagong/chi_cate_14/sentence_07.wav,অনুগ্রহ করে আবার বলুন।,chittagong
sentence_08.wav,dataset/chunks/chittagong/chi_cate_14/sentence_08.wav,আপনি কি আমাকে রাস্তা দেখাতে পারেন?,chittagong
sentence_09.wav,dataset/chunks/chittagong/chi_cate_14/sentence_09.wav,দয়া করে ফোন ব্যবহার করবেন না।,chittagong
sentence_10.wav,dataset/chunks/chittagong/chi_cate_14/sentence_10.wav,আপনি কি আমার জন্য এটি কিনতে পারবেন?,chittagong
sentence_11.wav,dataset/chunks/chittagong/chi_cate_14/sentence_11.wav,অনুগ্রহ করে আমাকে মনে করিয়ে দিন।,chittagong
sentence_12.wav,dataset/chunks/chittagong/chi_cate_14/sentence_12.wav,আপনি কি আমাকে ছবি তুলতে সাহায্য করবেন?,chittagong
sentence_13.wav,dataset/chunks/chittagong/chi_cate_14/sentence_13.wav,দয়া করে আমাকে অপেক্ষা করতে দিন।,chittagong
sentence_14.wav,dataset/chunks/chittagong/chi_cate_14/sentence_14.wav,অনুগ্রহ করে দরজা খুলে দিন।,chittagong
sentence_15.wav,dataset/chunks/chittagong/chi_cate_14/sentence_15.wav,আপনি কি আমার জন্য কাজটি করতে পারেন?,chittagong
sentence_16.wav,dataset/chunks/chittagong/chi_cate_14/sentence_16.wav,দয়া করে শব্দ কমান।,chittagong
sentence_17.wav,dataset/chunks/chittagong/chi_cate_14/sentence_17.wav,আপনি কি আমাকে জিজ্ঞাসা করতে পারবেন?,chittagong
sentence_18.wav,dataset/chunks/chittagong/chi_cate_14/sentence_18.wav,অনুগ্রহ করে আমাকে আসতে দিন।,chittagong
sentence_19.wav,dataset/chunks/chittagong/chi_cate_14/sentence_19.wav,আপনি কি আমার সঙ্গে কথা বলবেন?,chittagong
sentence_20.wav,dataset/chunks/chittagong/chi_cate_14/sentence_20.wav,দয়া করে আমার দিকে তাকান।,chittagong
sentence_21.wav,dataset/chunks/chittagong/chi_cate_14/sentence_21.wav,অনুগ্রহ করে আমাকে সময় দিন।,chittagong
sentence_22.wav,dataset/chunks/chittagong/chi_cate_14/sentence_22.wav,আপনি কি আমাকে সাহায্য করতে পারেন?,chittagong
sentence_23.wav,dataset/chunks/chittagong/chi_cate_14/sentence_23.wav,দয়া করে আমাকে এটি বোঝান।,chittagong
sentence_24.wav,dataset/chunks/chittagong/chi_cate_14/sentence_24.wav,অনুগ্রহ করে এটিকে ধরুন।,chittagong
sentence_25.wav,dataset/chunks/chittagong/chi_cate_14/sentence_25.wav,আপনি কি আমাকে তথ্য দিতে পারেন?,chittagong
sentence_26.wav,dataset/chunks/chittagong/chi_cate_14/sentence_26.wav,দয়া করে এখানে আসুন।,chittagong
sentence_27.wav,dataset/chunks/chittagong/chi_cate_14/sentence_27.wav,অনুগ্রহ করে আমাকে অপেক্ষা করতে বলুন।,chittagong
sentence_28.wav,dataset/chunks/chittagong/chi_cate_14/sentence_28.wav,আপনি কি আমাকে রাস্তা দেখাবেন?,chittagong
sentence_29.wav,dataset/chunks/chittagong/chi_cate_14/sentence_29.wav,দয়া করে আমার জন্য অপেক্ষা করুন।,chittagong
sentence_30.wav,dataset/chunks/chittagong/chi_cate_14/sentence_30.wav,অনুগ্রহ করে আমাকে সাহায্য করতে বলুন।,chittagong
sentence_31.wav,dataset/chunks/chittagong/chi_cate_14/sentence_31.wav,আপনি কি আমার জন্য এটি আনবেন?,chittagong
sentence_32.wav,dataset/chunks/chittagong/chi_cate_14/sentence_32.wav,দয়া করে আমাকে বসতে দিন।,chittagong
sentence_33.wav,dataset/chunks/chittagong/chi_cate_14/sentence_33.wav,অনুগ্রহ করে আমাকে এটি দেখান।,chittagong
sentence_34.wav,dataset/chunks/chittagong/chi_cate_14/sentence_34.wav,আপনি কি আমার সঙ্গে খাবেন?,chittagong
sentence_35.wav,dataset/chunks/chittagong/chi_cate_14/sentence_35.wav,দয়া করে ধৈর্য ধরুন।,chittagong
sentence_36.wav,dataset/chunks/chittagong/chi_cate_14/sentence_36.wav,অনুগ্রহ করে আমাকে ফোন দিন।,chittagong
sentence_37.wav,dataset/chunks/chittagong/chi_cate_14/sentence_37.wav,আপনি কি আমার জন্য অপেক্ষা করবেন?,chittagong
sentence_38.wav,dataset/chunks/chittagong/chi_cate_14/sentence_38.wav,দয়া করে এটি খুলুন।,chittagong
sentence_39.wav,dataset/chunks/chittagong/chi_cate_14/sentence_39.wav,অনুগ্রহ করে এটি বন্ধ করুন।,chittagong
sentence_40.wav,dataset/chunks/chittagong/chi_cate_14/sentence_40.wav,আপনি কি আমাকে নির্দেশ দিতে পারেন?,chittagong
sentence_41.wav,dataset/chunks/chittagong/chi_cate_14/sentence_41.wav,দয়া করে আমার কথা শোনুন।,chittagong
sentence_42.wav,dataset/chunks/chittagong/chi_cate_14/sentence_42.wav,অনুগ্রহ করে আমাকে সময় দিন।,chittagong
sentence_43.wav,dataset/chunks/chittagong/chi_cate_14/sentence_43.wav,আপনি কি আমার জন্য এটি আনবেন?,chittagong
sentence_44.wav,dataset/chunks/chittagong/chi_cate_14/sentence_44.wav,দয়া করে আমাকে সাহায্য করতে বলুন।,chittagong
sentence_45.wav,dataset/chunks/chittagong/chi_cate_14/sentence_45.wav,অনুগ্রহ করে আমাকে অনুমতি দিন।,chittagong
sentence_46.wav,dataset/chunks/chittagong/chi_cate_14/sentence_46.wav,আপনি কি আমাকে রাস্তা দেখাবেন?,chittagong
sentence_47.wav,dataset/chunks/chittagong/chi_cate_14/sentence_47.wav,দয়া করে এখানে বসুন।,chittagong
sentence_48.wav,dataset/chunks/chittagong/chi_cate_14/sentence_48.wav,অনুগ্রহ করে এটি নিন।,chittagong
sentence_49.wav,dataset/chunks/chittagong/chi_cate_14/sentence_49.wav,আপনি কি আমাকে এটি দেবেন?,chittagong
sentence_50.wav,dataset/chunks/chittagong/chi_cate_14/sentence_50.wav,দয়া করে আমাকে সঙ্গে নিয়ে যান।,chittagong
sentence_51.wav,dataset/chunks/chittagong/chi_cate_14/sentence_51.wav,অনুগ্রহ করে আমাকে বলুন।,chittagong
sentence_52.wav,dataset/chunks/chittagong/chi_cate_14/sentence_52.wav,আপনি কি আমার জন্য অপেক্ষা করতে পারবেন?,chittagong
sentence_53.wav,dataset/chunks/chittagong/chi_cate_14/sentence_53.wav,দয়া করে এটি পরীক্ষা করুন।,chittagong
sentence_54.wav,dataset/chunks/chittagong/chi_cate_14/sentence_54.wav,অনুগ্রহ করে আমাকে এটি লিখে দিন।,chittagong
sentence_55.wav,dataset/chunks/chittagong/chi_cate_14/sentence_55.wav,আপনি কি আমার জন্য এটি করতে পারেন?,chittagong
sentence_56.wav,dataset/chunks/chittagong/chi_cate_14/sentence_56.wav,দয়া করে আমার সঙ্গে যোগাযোগ করুন।,chittagong
sentence_57.wav,dataset/chunks/chittagong/chi_cate_14/sentence_57.wav,অনুগ্রহ করে আমাকে সহায়তা করুন।,chittagong
sentence_58.wav,dataset/chunks/chittagong/chi_cate_14/sentence_58.wav,আপনি কি আমাকে এটি দেখাবেন?,chittagong
sentence_59.wav,dataset/chunks/chittagong/chi_cate_14/sentence_59.wav,দয়া করে আমার জন্য অপেক্ষা করুন।,chittagong
sentence_60.wav,dataset/chunks/chittagong/chi_cate_14/sentence_60.wav,অনুগ্রহ করে আমাকে সাহায্য করুন।,chittagong
sentence_61.wav,dataset/chunks/chittagong/chi_cate_14/sentence_61.wav,আপনি কি আমাকে সাহায্য করবেন?,chittagong
sentence_62.wav,dataset/chunks/chittagong/chi_cate_14/sentence_62.wav,দয়া করে আমাকে এটি বুঝতে দিন।,chittagong
sentence_63.wav,dataset/chunks/chittagong/chi_cate_14/sentence_63.wav,অনুগ্রহ করে এটি রাখুন।,chittagong
sentence_64.wav,dataset/chunks/chittagong/chi_cate_14/sentence_64.wav,আপনি কি আমাকে অনুমতি দেবেন?,chittagong
sentence_65.wav,dataset/chunks/chittagong/chi_cate_14/sentence_65.wav,দয়া করে আমাকে এটি আনতে দিন।,chittagong
sentence_66.wav,dataset/chunks/chittagong/chi_cate_14/sentence_66.wav,অনুগ্রহ করে আমাকে নির্দেশ দিন।,chittagong
sentence_67.wav,dataset/chunks/chittagong/chi_cate_14/sentence_67.wav,আপনি কি আমাকে এটি আনবেন?,chittagong
sentence_68.wav,dataset/chunks/chittagong/chi_cate_14/sentence_68.wav,দয়া করে আমাকে সাহায্য করতে বলুন।,chittagong
sentence_69.wav,dataset/chunks/chittagong/chi_cate_14/sentence_69.wav,অনুগ্রহ করে এটি আমার জন্য রাখুন।,chittagong
sentence_70.wav,dataset/chunks/chittagong/chi_cate_14/sentence_70.wav,আপনি কি আমার জন্য অপেক্ষা করতে পারবেন?,chittagong
sentence_01.wav,dataset/chunks/chittagong/chi_cate_15/sentence_01.wav,আমি সকাল ৬টায় উঠি।,chittagong
sentence_02.wav,dataset/chunks/chittagong/chi_cate_15/sentence_02.wav,তুমি কি বাজারে যাচ্ছো?,chittagong
sentence_03.wav,dataset/chunks/chittagong/chi_cate_15/sentence_03.wav,আমি ভাত রান্না করছি।,chittagong
sentence_04.wav,dataset/chunks/chittagong/chi_cate_15/sentence_04.wav,আমরা প্রতিদিন হাঁটতে যাই।,chittagong
sentence_05.wav,dataset/chunks/chittagong/chi_cate_15/sentence_05.wav,তুমি কি আজ শপিং করতে যাবে?,chittagong
sentence_06.wav,dataset/chunks/chittagong/chi_cate_15/sentence_06.wav,আমি ব্যাগ প্যাক করছি।,chittagong
sentence_07.wav,dataset/chunks/chittagong/chi_cate_15/sentence_07.wav,তুমি কি সকালে নাশতা করেছো?,chittagong
sentence_08.wav,dataset/chunks/chittagong/chi_cate_15/sentence_08.wav,আমি লন্ড্রি করছি।,chittagong
sentence_09.wav,dataset/chunks/chittagong/chi_cate_15/sentence_09.wav,তুমি কি সিনেমা দেখতে যাবে?,chittagong
sentence_10.wav,dataset/chunks/chittagong/chi_cate_15/sentence_10.wav,আমি বই পড়ছি।,chittagong
sentence_11.wav,dataset/chunks/chittagong/chi_cate_15/sentence_11.wav,তুমি কি চা খাবে?,chittagong
sentence_12.wav,dataset/chunks/chittagong/chi_cate_15/sentence_12.wav,আমি বাসায় ক্লিনিং করছি।,chittagong
sentence_13.wav,dataset/chunks/chittagong/chi_cate_15/sentence_13.wav,তুমি কি বাজারে নতুন সবজি পেয়েছো?,chittagong
sentence_14.wav,dataset/chunks/chittagong/chi_cate_15/sentence_14.wav,আমি শুতে যাচ্ছি।,chittagong
sentence_15.wav,dataset/chunks/chittagong/chi_cate_15/sentence_15.wav,আমরা সকালে দৌড়াচ্ছি।,chittagong
sentence_16.wav,dataset/chunks/chittagong/chi_cate_15/sentence_16.wav,তুমি কি কাজ শেষ করেছো?,chittagong
sentence_17.wav,dataset/chunks/chittagong/chi_cate_15/sentence_17.wav,আমি দুপুরের খাবার খাচ্ছি।,chittagong
sentence_18.wav,dataset/chunks/chittagong/chi_cate_15/sentence_18.wav,তুমি কি কুকিং করতে জানো?,chittagong
sentence_19.wav,dataset/chunks/chittagong/chi_cate_15/sentence_19.wav,আমি দোকান যাচ্ছি।,chittagong
sentence_20.wav,dataset/chunks/chittagong/chi_cate_15/sentence_20.wav,তুমি কি আজ বাড়িতে থাকছো?,chittagong
sentence_21.wav,dataset/chunks/chittagong/chi_cate_15/sentence_21.wav,আমি টিভি দেখছি।,chittagong
sentence_22.wav,dataset/chunks/chittagong/chi_cate_15/sentence_22.wav,তুমি কি সাইকেল চালাচ্ছো?,chittagong
sentence_23.wav,dataset/chunks/chittagong/chi_cate_15/sentence_23.wav,আমি জামাকাপড় ধরছি।,chittagong
sentence_24.wav,dataset/chunks/chittagong/chi_cate_15/sentence_24.wav,তুমি কি বাজার থেকে দুধ এনেছো?,chittagong
sentence_25.wav,dataset/chunks/chittagong/chi_cate_15/sentence_25.wav,আমি রাতে ঘুমাতে যাচ্ছি।,chittagong
sentence_26.wav,dataset/chunks/chittagong/chi_cate_15/sentence_26.wav,তুমি কি সকাল ৭টায় উঠে আসবে?,chittagong
sentence_27.wav,dataset/chunks/chittagong/chi_cate_15/sentence_27.wav,আমি রান্নাঘরে কাজ করছি।,chittagong
sentence_28.wav,dataset/chunks/chittagong/chi_cate_15/sentence_28.wav,তুমি কি বাজারে কোন মাংস কিনেছো?,chittagong
sentence_29.wav,dataset/chunks/chittagong/chi_cate_15/sentence_29.wav,আমি দুপুরে বিশ্রাম নিচ্ছি।,chittagong
sentence_30.wav,dataset/chunks/chittagong/chi_cate_15/sentence_30.wav,তুমি কি সন্ধ্যায় হাঁটবে?,chittagong
sentence_31.wav,dataset/chunks/chittagong/chi_cate_15/sentence_31.wav,আমি কফি বানাচ্ছি।,chittagong
sentence_32.wav,dataset/chunks/chittagong/chi_cate_15/sentence_32.wav,তুমি কি নিত্যদিন সকালে জগিং করো?,chittagong
sentence_33.wav,dataset/chunks/chittagong/chi_cate_15/sentence_33.wav,আমি দুধ ফুটাচ্ছি।,chittagong
sentence_34.wav,dataset/chunks/chittagong/chi_cate_15/sentence_34.wav,তুমি কি চা খেতে চাও?,chittagong
sentence_35.wav,dataset/chunks/chittagong/chi_cate_15/sentence_35.wav,আমি বাজারে যাচ্ছি।,chittagong
sentence_36.wav,dataset/chunks/chittagong/chi_cate_15/sentence_36.wav,তুমি কি বই পড়ছো?,chittagong
sentence_37.wav,dataset/chunks/chittagong/chi_cate_15/sentence_37.wav,আমি বাড়ি ঝাড়ু দিচ্ছি।,chittagong
sentence_38.wav,dataset/chunks/chittagong/chi_cate_15/sentence_38.wav,তুমি কি দুপুরের খাবার খেয়েছো?,chittagong
sentence_39.wav,dataset/chunks/chittagong/chi_cate_15/sentence_39.wav,আমি সবজি কাটছি।,chittagong
sentence_40.wav,dataset/chunks/chittagong/chi_cate_15/sentence_40.wav,তুমি কি রাতে শুবে?,chittagong
sentence_41.wav,dataset/chunks/chittagong/chi_cate_15/sentence_41.wav,আমি কলম ও কাগজ সাজাচ্ছি।,chittagong
sentence_42.wav,dataset/chunks/chittagong/chi_cate_15/sentence_42.wav,তুমি কি আজ রান্না করছো?,chittagong
sentence_43.wav,dataset/chunks/chittagong/chi_cate_15/sentence_43.wav,আমি কাপড় ধুয়ে শুকাচ্ছি।,chittagong
sentence_44.wav,dataset/chunks/chittagong/chi_cate_15/sentence_44.wav,তুমি কি বাজারে নতুন ফল এনেছো?,chittagong
sentence_45.wav,dataset/chunks/chittagong/chi_cate_15/sentence_45.wav,আমি সকালের নাশতা খাচ্ছি।,chittagong
sentence_46.wav,dataset/chunks/chittagong/chi_cate_15/sentence_46.wav,তুমি কি আজ ঘুম বেশি করেছো?,chittagong
sentence_47.wav,dataset/chunks/chittagong/chi_cate_15/sentence_47.wav,আমি খাবার টেবিলে বসছি।,chittagong
sentence_48.wav,dataset/chunks/chittagong/chi_cate_15/sentence_48.wav,তুমি কি বাইরে যাচ্ছো?,chittagong
sentence_49.wav,dataset/chunks/chittagong/chi_cate_15/sentence_49.wav,আমি ফ্রিজে খাবার রাখছি।,chittagong
sentence_50.wav,dataset/chunks/chittagong/chi_cate_15/sentence_50.wav,তুমি কি বাজারে যাবার আগে তালিকা লিখেছো?,chittagong
sentence_51.wav,dataset/chunks/chittagong/chi_cate_15/sentence_51.wav,আমি সকালে ব্যায়াম করছি।,chittagong
sentence_52.wav,dataset/chunks/chittagong/chi_cate_15/sentence_52.wav,তুমি কি দুপুরে ঘুমাবে?,chittagong
sentence_53.wav,dataset/chunks/chittagong/chi_cate_15/sentence_53.wav,আমি কাপড় ধরছি।,chittagong
sentence_54.wav,dataset/chunks/chittagong/chi_cate_15/sentence_54.wav,তুমি কি রান্না শেষ করেছো?,chittagong
sentence_55.wav,dataset/chunks/chittagong/chi_cate_15/sentence_55.wav,আমি বাজার থেকে শাক-সবজি এনেছি।,chittagong
sentence_56.wav,dataset/chunks/chittagong/chi_cate_15/sentence_56.wav,তুমি কি ঘরে কাজ করছো?,chittagong
sentence_57.wav,dataset/chunks/chittagong/chi_cate_15/sentence_57.wav,আমি দুপুরে চা খাচ্ছি।,chittagong
sentence_58.wav,dataset/chunks/chittagong/chi_cate_15/sentence_58.wav,তুমি কি রাতের খাবার খাবে?,chittagong
sentence_59.wav,dataset/chunks/chittagong/chi_cate_15/sentence_59.wav,আমি সকালের লিস্ট অনুযায়ী কাজ করছি।,chittagong
sentence_60.wav,dataset/chunks/chittagong/chi_cate_15/sentence_60.wav,তুমি কি বাজার থেকে দুধ এনেছো?,chittagong
sentence_61.wav,dataset/chunks/chittagong/chi_cate_15/sentence_61.wav,আমি সকালে উঠে হাঁটতে যাই।,chittagong
sentence_62.wav,dataset/chunks/chittagong/chi_cate_15/sentence_62.wav,তুমি কি ফ্রিজ খোলেছো?,chittagong
sentence_63.wav,dataset/chunks/chittagong/chi_cate_15/sentence_63.wav,আমি বালিশ ধরছি।,chittagong
sentence_64.wav,dataset/chunks/chittagong/chi_cate_15/sentence_64.wav,তুমি কি রান্না করতে চাও?,chittagong
sentence_65.wav,dataset/chunks/chittagong/chi_cate_15/sentence_65.wav,আমি কাপড় লন্ড্রি করছি।,chittagong
sentence_66.wav,dataset/chunks/chittagong/chi_cate_15/sentence_66.wav,তুমি কি বাজারে নতুন রুটি কিনেছো?,chittagong
sentence_67.wav,dataset/chunks/chittagong/chi_cate_15/sentence_67.wav,আমি রাতের খাবার প্রস্তুত করছি।,chittagong
sentence_68.wav,dataset/chunks/chittagong/chi_cate_15/sentence_68.wav,তুমি কি শপিং করতে যাচ্ছো?,chittagong
sentence_69.wav,dataset/chunks/chittagong/chi_cate_15/sentence_69.wav,আমি খোলা আকাশের নিচে হাঁটছি।,chittagong
sentence_70.wav,dataset/chunks/chittagong/chi_cate_15/sentence_70.wav,তুমি কি আজ সকাল থেকে ব্যস্ত?,chittagong
sentence_01.wav,dataset/chunks/chittagong/chi_cate_16/sentence_01.wav,আমার ফোন কাজ করছে না।,chittagong
sentence_02.wav,dataset/chunks/chittagong/chi_cate_16/sentence_02.wav,বাস ধীর গতিতে চলছে।,chittagong
sentence_03.wav,dataset/chunks/chittagong/chi_cate_16/sentence_03.wav,আমি বিল ঠিকমত পাইনি।,chittagong
sentence_04.wav,dataset/chunks/chittagong/chi_cate_16/sentence_04.wav,পানির চাপ খুব কম।,chittagong
sentence_05.wav,dataset/chunks/chittagong/chi_cate_16/sentence_05.wav,ইন্টারনেট সংযোগ স্থিতিশীল নয়।,chittagong
sentence_06.wav,dataset/chunks/chittagong/chi_cate_16/sentence_06.wav,দোকানে সব পণ্য শেষ।,chittagong
sentence_07.wav,dataset/chunks/chittagong/chi_cate_16/sentence_07.wav,বাতি জ্বলে না।,chittagong
sentence_08.wav,dataset/chunks/chittagong/chi_cate_16/sentence_08.wav,আমি চা খুব গরম পেয়েছি।,chittagong
sentence_09.wav,dataset/chunks/chittagong/chi_cate_16/sentence_09.wav,রিকশা খুব দেরি করছে।,chittagong
sentence_10.wav,dataset/chunks/chittagong/chi_cate_16/sentence_10.wav,লিফট বন্ধ।,chittagong
sentence_11.wav,dataset/chunks/chittagong/chi_cate_16/sentence_11.wav,আমার অ্যাপ্লিকেশন ক্র্যাশ করছে।,chittagong
sentence_12.wav,dataset/chunks/chittagong/chi_cate_16/sentence_12.wav,এই গাড়ি তেল টপ আপ করছে না।,chittagong
sentence_13.wav,dataset/chunks/chittagong/chi_cate_16/sentence_13.wav,বাসে অনেক ভিড়।,chittagong
sentence_14.wav,dataset/chunks/chittagong/chi_cate_16/sentence_14.wav,আমি খাবার ঠিকমত পাইনি।,chittagong
sentence_15.wav,dataset/chunks/chittagong/chi_cate_16/sentence_15.wav,রাস্তায় অনেক ধুলো।,chittagong
sentence_16.wav,dataset/chunks/chittagong/chi_cate_16/sentence_16.wav,আমার কম্পিউটার হ্যাং করেছে।,chittagong
sentence_17.wav,dataset/chunks/chittagong/chi_cate_16/sentence_17.wav,ফোনের ব্যাটারি দ্রুত শেষ হচ্ছে।,chittagong
sentence_18.wav,dataset/chunks/chittagong/chi_cate_16/sentence_18.wav,দোকানের হেডফোন খারাপ।,chittagong
sentence_19.wav,dataset/chunks/chittagong/chi_cate_16/sentence_19.wav,রিকশাচালক দেরি করছে।,chittagong
sentence_20.wav,dataset/chunks/chittagong/chi_cate_16/sentence_20.wav,পানির ট্যাংক ফাঁকা।,chittagong
sentence_21.wav,dataset/chunks/chittagong/chi_cate_16/sentence_21.wav,বাসে এয়ার কন্ডিশনার কাজ করছে না।,chittagong
sentence_22.wav,dataset/chunks/chittagong/chi_cate_16/sentence_22.wav,আমার Wi-Fi কানেকশন গড়বড়।,chittagong
sentence_23.wav,dataset/chunks/chittagong/chi_cate_16/sentence_23.wav,দোকানের কাস্টমার সার্ভিস খারাপ।,chittagong
sentence_24.wav,dataset/chunks/chittagong/chi_cate_16/sentence_24.wav,বাতি ঠিকমত জ্বলে না।,chittagong
sentence_25.wav,dataset/chunks/chittagong/chi_cate_16/sentence_25.wav,খাবারের স্বাদ খারাপ।,chittagong
sentence_26.wav,dataset/chunks/chittagong/chi_cate_16/sentence_26.wav,লিফট খুব ধীরে চলছে।,chittagong
sentence_27.wav,dataset/chunks/chittagong/chi_cate_16/sentence_27.wav,আমার মোবাইল চার্জ হচ্ছে না।,chittagong
sentence_28.wav,dataset/chunks/chittagong/chi_cate_16/sentence_28.wav,বাসের ভাড়া বেশি।,chittagong
sentence_29.wav,dataset/chunks/chittagong/chi_cate_16/sentence_29.wav,দোকানে পণ্য ভালো মানের নয়।,chittagong
sentence_30.wav,dataset/chunks/chittagong/chi_cate_16/sentence_30.wav,রাস্তায় যানজট বেশি।,chittagong
sentence_31.wav,dataset/chunks/chittagong/chi_cate_16/sentence_31.wav,আমি আমার টিকেট হারিয়েছি।,chittagong
sentence_32.wav,dataset/chunks/chittagong/chi_cate_16/sentence_32.wav,খাবারের পরিমাণ কম।,chittagong
sentence_33.wav,dataset/chunks/chittagong/chi_cate_16/sentence_33.wav,আমার কম্পিউটার ধীরগতিতে চলছে।,chittagong
sentence_34.wav,dataset/chunks/chittagong/chi_cate_16/sentence_34.wav,রিকশা খুব পুরোনো।,chittagong
sentence_35.wav,dataset/chunks/chittagong/chi_cate_16/sentence_35.wav,দোকানে নতুন পণ্য নেই।,chittagong
sentence_36.wav,dataset/chunks/chittagong/chi_cate_16/sentence_36.wav,ফোনের সিম কাজ করছে না।,chittagong
sentence_37.wav,dataset/chunks/chittagong/chi_cate_16/sentence_37.wav,বাসে বসার জায়গা নেই।,chittagong
sentence_38.wav,dataset/chunks/chittagong/chi_cate_16/sentence_38.wav,পানির স্বাদ খারাপ।,chittagong
sentence_39.wav,dataset/chunks/chittagong/chi_cate_16/sentence_39.wav,লিফটে শব্দ করছে।,chittagong
sentence_40.wav,dataset/chunks/chittagong/chi_cate_16/sentence_40.wav,দোকানের দাম বেশি।,chittagong
sentence_41.wav,dataset/chunks/chittagong/chi_cate_16/sentence_41.wav,খাবারের স্বাদ পরিবর্তন হয়েছে।,chittagong
sentence_42.wav,dataset/chunks/chittagong/chi_cate_16/sentence_42.wav,আমার ল্যাপটপ হ্যাং করছে।,chittagong
sentence_43.wav,dataset/chunks/chittagong/chi_cate_16/sentence_43.wav,বাসে লোকজন অনেক।,chittagong
sentence_44.wav,dataset/chunks/chittagong/chi_cate_16/sentence_44.wav,রাস্তায় খোলা গর্ত।,chittagong
sentence_45.wav,dataset/chunks/chittagong/chi_cate_16/sentence_45.wav,দোকানে কোনো বিক্রয়কর্মী নেই।,chittagong
sentence_46.wav,dataset/chunks/chittagong/chi_cate_16/sentence_46.wav,আমার ফোন ব্যাটারি নষ্ট।,chittagong
sentence_47.wav,dataset/chunks/chittagong/chi_cate_16/sentence_47.wav,খাবার খুব ঠান্ডা।,chittagong
sentence_48.wav,dataset/chunks/chittagong/chi_cate_16/sentence_48.wav,লিফট খুব দ্রুত চলেছে।,chittagong
sentence_49.wav,dataset/chunks/chittagong/chi_cate_16/sentence_49.wav,রিকশা বাসার সামনে দাঁড়ায় না।,chittagong
sentence_50.wav,dataset/chunks/chittagong/chi_cate_16/sentence_50.wav,দোকানে পরিষ্কার নেই।,chittagong
sentence_51.wav,dataset/chunks/chittagong/chi_cate_16/sentence_51.wav,বাস স্ট্যান্ড দূরে।,chittagong
sentence_52.wav,dataset/chunks/chittagong/chi_cate_16/sentence_52.wav,আমার কম্পিউটার হঠাৎ বন্ধ হয়ে গেছে।,chittagong
sentence_53.wav,dataset/chunks/chittagong/chi_cate_16/sentence_53.wav,ফোনে নেটওয়ার্ক নেই।,chittagong
sentence_54.wav,dataset/chunks/chittagong/chi_cate_16/sentence_54.wav,খাবারের স্বাদ ভালো নয়।,chittagong
sentence_55.wav,dataset/chunks/chittagong/chi_cate_16/sentence_55.wav,লিফট লক হয়ে গেছে।,chittagong
sentence_56.wav,dataset/chunks/chittagong/chi_cate_16/sentence_56.wav,দোকানের হেডফোন ব্রেক।,chittagong
sentence_57.wav,dataset/chunks/chittagong/chi_cate_16/sentence_57.wav,রিকশাচালক রাস্তায় নেই।,chittagong
sentence_58.wav,dataset/chunks/chittagong/chi_cate_16/sentence_58.wav,বাসে শীত নেই।,chittagong
sentence_59.wav,dataset/chunks/chittagong/chi_cate_16/sentence_59.wav,আমার ফোন হ্যাং করছে।,chittagong
sentence_60.wav,dataset/chunks/chittagong/chi_cate_16/sentence_60.wav,দোকানে সঠিক দাম নেই।,chittagong
sentence_61.wav,dataset/chunks/chittagong/chi_cate_16/sentence_61.wav,খাবারের স্বাদ খুব ঝাল।,chittagong
sentence_62.wav,dataset/chunks/chittagong/chi_cate_16/sentence_62.wav,লিফট বেজে যাচ্ছে।,chittagong
sentence_63.wav,dataset/chunks/chittagong/chi_cate_16/sentence_63.wav,আমার ল্যাপটপ কাজ করছে না।,chittagong
sentence_64.wav,dataset/chunks/chittagong/chi_cate_16/sentence_64.wav,দোকানের পণ্য ভাঙা।,chittagong
sentence_65.wav,dataset/chunks/chittagong/chi_cate_16/sentence_65.wav,রিকশা দূরে গেছে।,chittagong
sentence_66.wav,dataset/chunks/chittagong/chi_cate_16/sentence_66.wav,বাস সময়মতো আসেনি।,chittagong
sentence_67.wav,dataset/chunks/chittagong/chi_cate_16/sentence_67.wav,আমার মোবাইল নেটওয়ার্ক নেই।,chittagong
sentence_68.wav,dataset/chunks/chittagong/chi_cate_16/sentence_68.wav,দোকানের সার্ভিস খারাপ।,chittagong
sentence_69.wav,dataset/chunks/chittagong/chi_cate_16/sentence_69.wav,খাবারের পরিমাণ কম।,chittagong
sentence_70.wav,dataset/chunks/chittagong/chi_cate_16/sentence_70.wav,লিফট খুব ধীরে চলছে।,chittagong
sentence_01.wav,dataset/chunks/chittagong/chi_cate_17/sentence_01.wav,আমি একটি নতুন ব্যাংক অ্যাকাউন্ট খুলতে চাই।,chittagong
sentence_02.wav,dataset/chunks/chittagong/chi_cate_17/sentence_02.wav,আমার অ্যাকাউন্ট ব্যালেন্স কত?,chittagong
sentence_03.wav,dataset/chunks/chittagong/chi_cate_17/sentence_03.wav,আমি টাকা পাঠাতে চাই।,chittagong
sentence_04.wav,dataset/chunks/chittagong/chi_cate_17/sentence_04.wav,ATM কার্ড কোথায় পাব?,chittagong
sentence_05.wav,dataset/chunks/chittagong/chi_cate_17/sentence_05.wav,আমি বিকাশে টাকা পাঠাতে চাই।,chittagong
sentence_06.wav,dataset/chunks/chittagong/chi_cate_17/sentence_06.wav,চেক জমা দিতে হবে কি?,chittagong
sentence_07.wav,dataset/chunks/chittagong/chi_cate_17/sentence_07.wav,ব্যাংকের সময়সূচি কী?,chittagong
sentence_08.wav,dataset/chunks/chittagong/chi_cate_17/sentence_08.wav,আমি একটি লোন নিতে চাই।,chittagong
sentence_09.wav,dataset/chunks/chittagong/chi_cate_17/sentence_09.wav,ATM কাজ করছে না।,chittagong
sentence_10.wav,dataset/chunks/chittagong/chi_cate_17/sentence_10.wav,আমি অনলাইন ব্যাংকিং করতে চাই।,chittagong
sentence_11.wav,dataset/chunks/chittagong/chi_cate_17/sentence_11.wav,আমার অ্যাকাউন্টে টাকা ঢুকেনি।,chittagong
sentence_12.wav,dataset/chunks/chittagong/chi_cate_17/sentence_12.wav,ব্যাংক খোলা আছে কি?,chittagong
sentence_13.wav,dataset/chunks/chittagong/chi_cate_17/sentence_13.wav,আমি একটি ডেবিট কার্ড চাই।,chittagong
sentence_14.wav,dataset/chunks/chittagong/chi_cate_17/sentence_14.wav,বিকাশে ট্রান্সফার সফল হয়েছে কি?,chittagong
sentence_15.wav,dataset/chunks/chittagong/chi_cate_17/sentence_15.wav,আমি ক্রেডিট কার্ড আবেদন করতে চাই।,chittagong
sentence_16.wav,dataset/chunks/chittagong/chi_cate_17/sentence_16.wav,ATM থেকে কত টাকা তুলতে পারি?,chittagong
sentence_17.wav,dataset/chunks/chittagong/chi_cate_17/sentence_17.wav,আমার পিন ভুল হয়েছে।,chittagong
sentence_18.wav,dataset/chunks/chittagong/chi_cate_17/sentence_18.wav,ব্যাংক ফি কত?,chittagong
sentence_19.wav,dataset/chunks/chittagong/chi_cate_17/sentence_19.wav,আমি চেকবই চাই।,chittagong
sentence_20.wav,dataset/chunks/chittagong/chi_cate_17/sentence_20.wav,বিকাশে লেনদেন কতক্ষণ সময় নেয়?,chittagong
sentence_21.wav,dataset/chunks/chittagong/chi_cate_17/sentence_21.wav,আমি টাকা তুলতে চাই।,chittagong
sentence_22.wav,dataset/chunks/chittagong/chi_cate_17/sentence_22.wav,আমার অ্যাকাউন্ট ব্লক হয়েছে।,chittagong
sentence_23.wav,dataset/chunks/chittagong/chi_cate_17/sentence_23.wav,ব্যাংকিং সেবা ভালো কি?,chittagong
sentence_24.wav,dataset/chunks/chittagong/chi_cate_17/sentence_24.wav,আমি ফান্ড ট্রান্সফার করতে চাই।,chittagong
sentence_25.wav,dataset/chunks/chittagong/chi_cate_17/sentence_25.wav,ATM কোথায় আছে?,chittagong
sentence_26.wav,dataset/chunks/chittagong/chi_cate_17/sentence_26.wav,আমার ডেবিট কার্ড হারিয়েছে।,chittagong
sentence_27.wav,dataset/chunks/chittagong/chi_cate_17/sentence_27.wav,আমি বিকাশ ব্যালেন্স চেক করতে চাই।,chittagong
sentence_28.wav,dataset/chunks/chittagong/chi_cate_17/sentence_28.wav,ব্যাংক অ্যাকাউন্ট কতদিনে খোলা হয়?,chittagong
sentence_29.wav,dataset/chunks/chittagong/chi_cate_17/sentence_29.wav,আমি মোবাইল ব্যাংকিং ব্যবহার করতে চাই।,chittagong
sentence_30.wav,dataset/chunks/chittagong/chi_cate_17/sentence_30.wav,আমি টাকা পাঠিয়েছি কিন্তু পাওয়া যায়নি।,chittagong
sentence_31.wav,dataset/chunks/chittagong/chi_cate_17/sentence_31.wav,আমি লোন পরিশোধ করতে চাই।,chittagong
sentence_32.wav,dataset/chunks/chittagong/chi_cate_17/sentence_32.wav,ATM থেকে টাকা তুলতে সমস্যা।,chittagong
sentence_33.wav,dataset/chunks/chittagong/chi_cate_17/sentence_33.wav,ব্যাংকের চেক অনুমোদিত হয়েছে কি?,chittagong
sentence_34.wav,dataset/chunks/chittagong/chi_cate_17/sentence_34.wav,আমি বিকাশে টাকা জমা দিতে চাই।,chittagong
sentence_35.wav,dataset/chunks/chittagong/chi_cate_17/sentence_35.wav,আমার ক্রেডিট কার্ড লিমিট কত?,chittagong
sentence_36.wav,dataset/chunks/chittagong/chi_cate_17/sentence_36.wav,আমি ব্যাংক খোলা আছে কিনা জানতে চাই।,chittagong
sentence_37.wav,dataset/chunks/chittagong/chi_cate_17/sentence_37.wav,আমার অ্যাকাউন্ট নম্বর ভুল।,chittagong
sentence_38.wav,dataset/chunks/chittagong/chi_cate_17/sentence_38.wav,আমি ফান্ড রিসিভ করতে পারছি না।,chittagong
sentence_39.wav,dataset/chunks/chittagong/chi_cate_17/sentence_39.wav,ব্যাংক সেবা ধীর।,chittagong
sentence_40.wav,dataset/chunks/chittagong/chi_cate_17/sentence_40.wav,আমি বিকাশের পিন পরিবর্তন করতে চাই।,chittagong
sentence_41.wav,dataset/chunks/chittagong/chi_cate_17/sentence_41.wav,আমি একটি ট্রান্সফার করতে চাই।,chittagong
sentence_42.wav,dataset/chunks/chittagong/chi_cate_17/sentence_42.wav,ব্যাংকের কনসাল্ট্যান্ট কোথায় আছে?,chittagong
sentence_43.wav,dataset/chunks/chittagong/chi_cate_17/sentence_43.wav,আমার অ্যাকাউন্টে লেনদেন দেখা যায় না।,chittagong
sentence_44.wav,dataset/chunks/chittagong/chi_cate_17/sentence_44.wav,আমি নতুন ATM কার্ড চাই।,chittagong
sentence_45.wav,dataset/chunks/chittagong/chi_cate_17/sentence_45.wav,বিকাশে লেনদেন বাতিল হয়েছে।,chittagong
sentence_46.wav,dataset/chunks/chittagong/chi_cate_17/sentence_46.wav,ব্যাংকের চেক যাচাই হয়েছে কি?,chittagong
sentence_47.wav,dataset/chunks/chittagong/chi_cate_17/sentence_47.wav,আমি ফান্ড ট্রান্সফার করতে পারছি না।,chittagong
sentence_48.wav,dataset/chunks/chittagong/chi_cate_17/sentence_48.wav,আমার অ্যাকাউন্টে টাকা কমেছে।,chittagong
sentence_49.wav,dataset/chunks/chittagong/chi_cate_17/sentence_49.wav,আমি লোন স্ট্যাটাস জানতে চাই।,chittagong
sentence_50.wav,dataset/chunks/chittagong/chi_cate_17/sentence_50.wav,ATM খুব ব্যস্ত।,chittagong
sentence_51.wav,dataset/chunks/chittagong/chi_cate_17/sentence_51.wav,আমি বিকাশে নতুন নাম্বার রেজিস্টার করতে চাই।,chittagong
sentence_52.wav,dataset/chunks/chittagong/chi_cate_17/sentence_52.wav,ব্যাংকের ফি খুব বেশি।,chittagong
sentence_53.wav,dataset/chunks/chittagong/chi_cate_17/sentence_53.wav,আমি অনলাইন পেমেন্ট করতে চাই।,chittagong
sentence_54.wav,dataset/chunks/chittagong/chi_cate_17/sentence_54.wav,আমার অ্যাকাউন্টে লেনদেন বন্ধ।,chittagong
sentence_55.wav,dataset/chunks/chittagong/chi_cate_17/sentence_55.wav,আমি চেক জমা দিতে পারছি না।,chittagong
sentence_56.wav,dataset/chunks/chittagong/chi_cate_17/sentence_56.wav,বিকাশে টাকা স্থানান্তর করতে সমস্যা।,chittagong
sentence_57.wav,dataset/chunks/chittagong/chi_cate_17/sentence_57.wav,ব্যাংকের সময়সূচি পরিবর্তন হয়েছে।,chittagong
sentence_58.wav,dataset/chunks/chittagong/chi_cate_17/sentence_58.wav,আমি ক্রেডিট কার্ড একটিভ করতে চাই।,chittagong
sentence_59.wav,dataset/chunks/chittagong/chi_cate_17/sentence_59.wav,আমার লোন অ্যাপ্লিকেশন পেন্ডিং আছে।,chittagong
sentence_60.wav,dataset/chunks/chittagong/chi_cate_17/sentence_60.wav,ATM থেকে লেনদেন বাতিল হয়েছে।,chittagong
sentence_61.wav,dataset/chunks/chittagong/chi_cate_17/sentence_61.wav,আমি বিকাশে টাকা রিফান্ড চাই।,chittagong
sentence_62.wav,dataset/chunks/chittagong/chi_cate_17/sentence_62.wav,ব্যাংকের সার্ভিস খারাপ।,chittagong
sentence_63.wav,dataset/chunks/chittagong/chi_cate_17/sentence_63.wav,আমি আমার অ্যাকাউন্ট বন্ধ করতে চাই।,chittagong
sentence_64.wav,dataset/chunks/chittagong/chi_cate_17/sentence_64.wav,আমার ডেবিট কার্ড ব্লক হয়েছে।,chittagong
sentence_65.wav,dataset/chunks/chittagong/chi_cate_17/sentence_65.wav,আমি ফান্ড রিসিভ করতে পারছি না।,chittagong
sentence_66.wav,dataset/chunks/chittagong/chi_cate_17/sentence_66.wav,ব্যাংকের লাইন অনেক লম্বা।,chittagong
sentence_67.wav,dataset/chunks/chittagong/chi_cate_17/sentence_67.wav,আমি ক্রেডিট কার্ড বন্ধ করতে চাই।,chittagong
sentence_68.wav,dataset/chunks/chittagong/chi_cate_17/sentence_68.wav,আমার অ্যাকাউন্টে টাকা জমা হয়নি।,chittagong
sentence_69.wav,dataset/chunks/chittagong/chi_cate_17/sentence_69.wav,আমি বিকাশে লেনদেনের হিস্ট্রি দেখতে চাই।,chittagong
sentence_70.wav,dataset/chunks/chittagong/chi_cate_17/sentence_70.wav,ব্যাংকের লোন প্রক্রিয়া ধীর।,chittagong
sentence_01.wav,dataset/chunks/chittagong/chi_cate_18/sentence_01.wav,আমি খুব খুশি।,chittagong
sentence_02.wav,dataset/chunks/chittagong/chi_cate_18/sentence_02.wav,তুমি কীভাবে অনুভব করছো?,chittagong
sentence_03.wav,dataset/chunks/chittagong/chi_cate_18/sentence_03.wav,আমি দুঃখিত।,chittagong
sentence_04.wav,dataset/chunks/chittagong/chi_cate_18/sentence_04.wav,এটা সত্যিই দুঃখজনক।,chittagong
sentence_05.wav,dataset/chunks/chittagong/chi_cate_18/sentence_05.wav,আমি রাগান্বিত।,chittagong
sentence_06.wav,dataset/chunks/chittagong/chi_cate_18/sentence_06.wav,তুমি কেন রাগ করছো?,chittagong
sentence_07.wav,dataset/chunks/chittagong/chi_cate_18/sentence_07.wav,আমি উত্তেজিত।,chittagong
sentence_08.wav,dataset/chunks/chittagong/chi_cate_18/sentence_08.wav,এটা আমার জন্য আশ্চর্যজনক।,chittagong
sentence_09.wav,dataset/chunks/chittagong/chi_cate_18/sentence_09.wav,আমি ভীত।,chittagong
sentence_10.wav,dataset/chunks/chittagong/chi_cate_18/sentence_10.wav,তুমি কেন ভয় পাচ্ছো?,chittagong
sentence_11.wav,dataset/chunks/chittagong/chi_cate_18/sentence_11.wav,আমি দারুণ খুশি।,chittagong
sentence_12.wav,dataset/chunks/chittagong/chi_cate_18/sentence_12.wav,এটা সত্যিই আমাকে কষ্ট দিচ্ছে।,chittagong
sentence_13.wav,dataset/chunks/chittagong/chi_cate_18/sentence_13.wav,আমি হতাশ।,chittagong
sentence_14.wav,dataset/chunks/chittagong/chi_cate_18/sentence_14.wav,তুমি খুব আনন্দিত দেখাচ্ছো।,chittagong
sentence_15.wav,dataset/chunks/chittagong/chi_cate_18/sentence_15.wav,আমি অবাক।,chittagong
sentence_16.wav,dataset/chunks/chittagong/chi_cate_18/sentence_16.wav,এটা আমার জন্য দুঃসংবাদ।,chittagong
sentence_17.wav,dataset/chunks/chittagong/chi_cate_18/sentence_17.wav,আমি খুব দুঃখিত।,chittagong
sentence_18.wav,dataset/chunks/chittagong/chi_cate_18/sentence_18.wav,তুমি কি খুশি?,chittagong
sentence_19.wav,dataset/chunks/chittagong/chi_cate_18/sentence_19.wav,আমি উত্তেজিত অনুভব করছি।,chittagong
sentence_20.wav,dataset/chunks/chittagong/chi_cate_18/sentence_20.wav,আমি রাগান্বিত হয়ে যাচ্ছি।,chittagong
sentence_21.wav,dataset/chunks/chittagong/chi_cate_18/sentence_21.wav,এটা সত্যিই অবাক করা।,chittagong
sentence_22.wav,dataset/chunks/chittagong/chi_cate_18/sentence_22.wav,"আমি দুঃখিত, এটা আমার দোষ।",chittagong
sentence_23.wav,dataset/chunks/chittagong/chi_cate_18/sentence_23.wav,তুমি কেমন অনুভব করছো?,chittagong
sentence_24.wav,dataset/chunks/chittagong/chi_cate_18/sentence_24.wav,আমি শান্ত।,chittagong
sentence_25.wav,dataset/chunks/chittagong/chi_cate_18/sentence_25.wav,এটা আমাকে আনন্দিত করছে।,chittagong
sentence_26.wav,dataset/chunks/chittagong/chi_cate_18/sentence_26.wav,আমি চিন্তিত।,chittagong
sentence_27.wav,dataset/chunks/chittagong/chi_cate_18/sentence_27.wav,আমি হতাশ হয়ে যাচ্ছি।,chittagong
sentence_28.wav,dataset/chunks/chittagong/chi_cate_18/sentence_28.wav,তুমি রাগান্বিত না তো?,chittagong
sentence_29.wav,dataset/chunks/chittagong/chi_cate_18/sentence_29.wav,আমি সত্যিই আনন্দিত।,chittagong
sentence_30.wav,dataset/chunks/chittagong/chi_cate_18/sentence_30.wav,এটা আমাকে বিরক্ত করছে।,chittagong
sentence_31.wav,dataset/chunks/chittagong/chi_cate_18/sentence_31.wav,আমি অবাক হয়ে গেলাম।,chittagong
sentence_32.wav,dataset/chunks/chittagong/chi_cate_18/sentence_32.wav,আমি খুব ভীত।,chittagong
sentence_33.wav,dataset/chunks/chittagong/chi_cate_18/sentence_33.wav,তুমি আনন্দিত দেখাচ্ছো।,chittagong
sentence_34.wav,dataset/chunks/chittagong/chi_cate_18/sentence_34.wav,আমি হতাশ অনুভব করছি।,chittagong
sentence_35.wav,dataset/chunks/chittagong/chi_cate_18/sentence_35.wav,আমি রাগান্বিত হয়ে গিয়েছি।,chittagong
sentence_36.wav,dataset/chunks/chittagong/chi_cate_18/sentence_36.wav,এটা আমাকে আনন্দ দিচ্ছে।,chittagong
sentence_37.wav,dataset/chunks/chittagong/chi_cate_18/sentence_37.wav,আমি উদ্বিগ্ন।,chittagong
sentence_38.wav,dataset/chunks/chittagong/chi_cate_18/sentence_38.wav,তুমি কেন দুঃখিত?,chittagong
sentence_39.wav,dataset/chunks/chittagong/chi_cate_18/sentence_39.wav,আমি খুব খুশি অনুভব করছি।,chittagong
sentence_40.wav,dataset/chunks/chittagong/chi_cate_18/sentence_40.wav,এটা সত্যিই বিরক্তিকর।,chittagong
sentence_41.wav,dataset/chunks/chittagong/chi_cate_18/sentence_41.wav,আমি আশ্চর্য।,chittagong
sentence_42.wav,dataset/chunks/chittagong/chi_cate_18/sentence_42.wav,তুমি ভয় পাচ্ছো কেন?,chittagong
sentence_43.wav,dataset/chunks/chittagong/chi_cate_18/sentence_43.wav,আমি খুব আনন্দিত।,chittagong
sentence_44.wav,dataset/chunks/chittagong/chi_cate_18/sentence_44.wav,এটা আমাকে দুঃখিত করছে।,chittagong
sentence_45.wav,dataset/chunks/chittagong/chi_cate_18/sentence_45.wav,আমি রাগ অনুভব করছি।,chittagong
sentence_46.wav,dataset/chunks/chittagong/chi_cate_18/sentence_46.wav,তুমি উত্তেজিত নাকি?,chittagong
sentence_47.wav,dataset/chunks/chittagong/chi_cate_18/sentence_47.wav,আমি অবাক হয়ে যাচ্ছি।,chittagong
sentence_48.wav,dataset/chunks/chittagong/chi_cate_18/sentence_48.wav,এটা সত্যিই দারুণ।,chittagong
sentence_49.wav,dataset/chunks/chittagong/chi_cate_18/sentence_49.wav,আমি শান্ত অনুভব করছি।,chittagong
sentence_50.wav,dataset/chunks/chittagong/chi_cate_18/sentence_50.wav,তুমি দুঃখিত নাকি?,chittagong
sentence_51.wav,dataset/chunks/chittagong/chi_cate_18/sentence_51.wav,আমি খুব চিন্তিত।,chittagong
sentence_52.wav,dataset/chunks/chittagong/chi_cate_18/sentence_52.wav,এটা আমাকে বিরক্ত করছে।,chittagong
sentence_53.wav,dataset/chunks/chittagong/chi_cate_18/sentence_53.wav,আমি আনন্দ অনুভব করছি।,chittagong
sentence_54.wav,dataset/chunks/chittagong/chi_cate_18/sentence_54.wav,তুমি রাগান্বিত নাকি?,chittagong
sentence_55.wav,dataset/chunks/chittagong/chi_cate_18/sentence_55.wav,আমি আশ্চর্য অনুভব করছি।,chittagong
sentence_56.wav,dataset/chunks/chittagong/chi_cate_18/sentence_56.wav,এটা আমাকে উত্তেজিত করছে।,chittagong
sentence_57.wav,dataset/chunks/chittagong/chi_cate_18/sentence_57.wav,"আমি দুঃখিত, আমি কিছু করতে পারিনি।",chittagong
sentence_58.wav,dataset/chunks/chittagong/chi_cate_18/sentence_58.wav,তুমি খুশি নাকি?,chittagong
sentence_59.wav,dataset/chunks/chittagong/chi_cate_18/sentence_59.wav,আমি খুব ভীত অনুভব করছি।,chittagong
sentence_60.wav,dataset/chunks/chittagong/chi_cate_18/sentence_60.wav,এটা সত্যিই দুঃখজনক।,chittagong
sentence_61.wav,dataset/chunks/chittagong/chi_cate_18/sentence_61.wav,আমি রাগান্বিত হয়ে যাচ্ছি।,chittagong
sentence_62.wav,dataset/chunks/chittagong/chi_cate_18/sentence_62.wav,তুমি উদ্বিগ্ন নাকি?,chittagong
sentence_63.wav,dataset/chunks/chittagong/chi_cate_18/sentence_63.wav,আমি খুব আনন্দিত অনুভব করছি।,chittagong
sentence_64.wav,dataset/chunks/chittagong/chi_cate_18/sentence_64.wav,এটা আমাকে হতাশ করছে।,chittagong
sentence_65.wav,dataset/chunks/chittagong/chi_cate_18/sentence_65.wav,আমি শান্ত অনুভব করছি।,chittagong
sentence_66.wav,dataset/chunks/chittagong/chi_cate_18/sentence_66.wav,তুমি দারুণ খুশি দেখাচ্ছো।,chittagong
sentence_67.wav,dataset/chunks/chittagong/chi_cate_18/sentence_67.wav,আমি বিরক্ত অনুভব করছি।,chittagong
sentence_68.wav,dataset/chunks/chittagong/chi_cate_18/sentence_68.wav,এটা আমাকে অবাক করছে।,chittagong
sentence_69.wav,dataset/chunks/chittagong/chi_cate_18/sentence_69.wav,আমি উত্তেজিত হয়ে যাচ্ছি।,chittagong
sentence_70.wav,dataset/chunks/chittagong/chi_cate_18/sentence_70.wav,আমি সত্যিই খুশি।,chittagong
sentence_01.wav,dataset/chunks/chittagong/chi_cate_19/sentence_01.wav,আমি লোকসংগীত শুনতে ভালোবাসি।,chittagong
sentence_02.wav,dataset/chunks/chittagong/chi_cate_19/sentence_02.wav,তুমি কি আজ রাতে নাচ দেখতে যাবে?,chittagong
sentence_03.wav,dataset/chunks/chittagong/chi_cate_19/sentence_03.wav,মেলা খুব সুন্দর।,chittagong
sentence_04.wav,dataset/chunks/chittagong/chi_cate_19/sentence_04.wav,তুমি কি পহেলা বৈশাখ উদযাপন করছো?,chittagong
sentence_05.wav,dataset/chunks/chittagong/chi_cate_19/sentence_05.wav,আমি একটি লোকনৃত্য শিখছি।,chittagong
sentence_06.wav,dataset/chunks/chittagong/chi_cate_19/sentence_06.wav,আজ রাতে আমরা মেলায় যাচ্ছি।,chittagong
sentence_07.wav,dataset/chunks/chittagong/chi_cate_19/sentence_07.wav,তুমি কি বাঁশি বাজাতে পারো?,chittagong
sentence_08.wav,dataset/chunks/chittagong/chi_cate_19/sentence_08.wav,আমরা পুতুলনাচ দেখেছি।,chittagong
sentence_09.wav,dataset/chunks/chittagong/chi_cate_19/sentence_09.wav,মেলায় অনেক লোক আছে।,chittagong
sentence_10.wav,dataset/chunks/chittagong/chi_cate_19/sentence_10.wav,তুমি কি ঢাক বাজাতে চাও?,chittagong
sentence_11.wav,dataset/chunks/chittagong/chi_cate_19/sentence_11.wav,আমি নাটক দেখতে যাচ্ছি।,chittagong
sentence_12.wav,dataset/chunks/chittagong/chi_cate_19/sentence_12.wav,আজকে কাব্য অনুষ্ঠানে যাচ্ছি।,chittagong
sentence_13.wav,dataset/chunks/chittagong/chi_cate_19/sentence_13.wav,তুমি কি গান গাইতে পারো?,chittagong
sentence_14.wav,dataset/chunks/chittagong/chi_cate_19/sentence_14.wav,লোকনৃত্য খুব সুন্দর।,chittagong
sentence_15.wav,dataset/chunks/chittagong/chi_cate_19/sentence_15.wav,আমরা মেলায় পিঠা খেয়েছি।,chittagong
sentence_16.wav,dataset/chunks/chittagong/chi_cate_19/sentence_16.wav,তুমি কি আজকে শিল্প প্রদর্শনী দেখেছো?,chittagong
sentence_17.wav,dataset/chunks/chittagong/chi_cate_19/sentence_17.wav,আমি রবীন্দ্রনাথের গান শুনতে ভালোবাসি।,chittagong
sentence_18.wav,dataset/chunks/chittagong/chi_cate_19/sentence_18.wav,মেলায় খেলার স্টল আছে।,chittagong
sentence_19.wav,dataset/chunks/chittagong/chi_cate_19/sentence_19.wav,তুমি কি আজকে ঢোল বাজাচ্ছো?,chittagong
sentence_20.wav,dataset/chunks/chittagong/chi_cate_19/sentence_20.wav,আমরা একটি রাস্তানাটক দেখেছি।,chittagong
sentence_21.wav,dataset/chunks/chittagong/chi_cate_19/sentence_21.wav,মেলায় অনেক খাবার বিক্রি হচ্ছে।,chittagong
sentence_22.wav,dataset/chunks/chittagong/chi_cate_19/sentence_22.wav,তুমি কি আজকে লোকগীতি শোনাচ্ছো?,chittagong
sentence_23.wav,dataset/chunks/chittagong/chi_cate_19/sentence_23.wav,আমি নৃত্য প্রতিযোগিতায় অংশ নিচ্ছি।,chittagong
sentence_24.wav,dataset/chunks/chittagong/chi_cate_19/sentence_24.wav,মেলায় সাজানো হয়েছে অনেক আলোকসজ্জা।,chittagong
sentence_25.wav,dataset/chunks/chittagong/chi_cate_19/sentence_25.wav,তুমি কি আজকে মেলায় গিয়েছো?,chittagong
sentence_26.wav,dataset/chunks/chittagong/chi_cate_19/sentence_26.wav,আমরা একটি লোককাহিনী শোনেছি।,chittagong
sentence_27.wav,dataset/chunks/chittagong/chi_cate_19/sentence_27.wav,তুমি কি আজকে নাটক দেখেছো?,chittagong
sentence_28.wav,dataset/chunks/chittagong/chi_cate_19/sentence_28.wav,আমি পটচিত্র দেখতে ভালোবাসি।,chittagong
sentence_29.wav,dataset/chunks/chittagong/chi_cate_19/sentence_29.wav,মেলায় অনেক শিশু খেলছে।,chittagong
sentence_30.wav,dataset/chunks/chittagong/chi_cate_19/sentence_30.wav,তুমি কি লোকনৃত্য শিখছো?,chittagong
sentence_31.wav,dataset/chunks/chittagong/chi_cate_19/sentence_31.wav,আমরা পুতুলনাচ প্রদর্শনীতে গিয়েছি।,chittagong
sentence_32.wav,dataset/chunks/chittagong/chi_cate_19/sentence_32.wav,মেলায় গান বাজানো হচ্ছে।,chittagong
sentence_33.wav,dataset/chunks/chittagong/chi_cate_19/sentence_33.wav,তুমি কি শিল্পকর্ম তৈরি করছো?,chittagong
sentence_34.wav,dataset/chunks/chittagong/chi_cate_19/sentence_34.wav,আমি লোকসংগীত শোনাচ্ছি।,chittagong
sentence_35.wav,dataset/chunks/chittagong/chi_cate_19/sentence_35.wav,মেলায় খেলনা বিক্রি হচ্ছে।,chittagong
sentence_36.wav,dataset/chunks/chittagong/chi_cate_19/sentence_36.wav,তুমি কি আজকে পিঠা খেয়েছো?,chittagong
sentence_37.wav,dataset/chunks/chittagong/chi_cate_19/sentence_37.wav,আমরা নৃত্য প্রদর্শনীতে অংশ নিয়েছি।,chittagong
sentence_38.wav,dataset/chunks/chittagong/chi_cate_19/sentence_38.wav,মেলায় বিভিন্ন খাবার রয়েছে।,chittagong
sentence_39.wav,dataset/chunks/chittagong/chi_cate_19/sentence_39.wav,তুমি কি আজকে কাব্য শোনাচ্ছো?,chittagong
sentence_40.wav,dataset/chunks/chittagong/chi_cate_19/sentence_40.wav,আমি রবীন্দ্রনাথের গান গাইছি।,chittagong
sentence_41.wav,dataset/chunks/chittagong/chi_cate_19/sentence_41.wav,মেলায় রঙিন বাতি জ্বলে।,chittagong
sentence_42.wav,dataset/chunks/chittagong/chi_cate_19/sentence_42.wav,তুমি কি আজকে নাটক মঞ্চস্থ করছো?,chittagong
sentence_43.wav,dataset/chunks/chittagong/chi_cate_19/sentence_43.wav,আমরা লোকনৃত্য দেখতে যাচ্ছি।,chittagong
sentence_44.wav,dataset/chunks/chittagong/chi_cate_19/sentence_44.wav,মেলায় অনেক ছবি তোলা হচ্ছে।,chittagong
sentence_45.wav,dataset/chunks/chittagong/chi_cate_19/sentence_45.wav,তুমি কি পুতুলনাচ পছন্দ করো?,chittagong
sentence_46.wav,dataset/chunks/chittagong/chi_cate_19/sentence_46.wav,আমি নৃত্য প্রশিক্ষণ নিচ্ছি।,chittagong
sentence_47.wav,dataset/chunks/chittagong/chi_cate_19/sentence_47.wav,মেলায় লোকশিল্প প্রদর্শিত হচ্ছে।,chittagong
sentence_48.wav,dataset/chunks/chittagong/chi_cate_19/sentence_48.wav,তুমি কি আজকে গান শোনাচ্ছো?,chittagong
sentence_49.wav,dataset/chunks/chittagong/chi_cate_19/sentence_49.wav,আমরা মেলায় হস্তশিল্প কিনেছি।,chittagong
sentence_50.wav,dataset/chunks/chittagong/chi_cate_19/sentence_50.wav,মেলায় অনেক লোক আনন্দ করছে।,chittagong
sentence_51.wav,dataset/chunks/chittagong/chi_cate_19/sentence_51.wav,তুমি কি আজকে মেলার খেলা খেলেছো?,chittagong
sentence_52.wav,dataset/chunks/chittagong/chi_cate_19/sentence_52.wav,আমি লোকনৃত্য প্রদর্শনীতে গিয়েছি।,chittagong
sentence_53.wav,dataset/chunks/chittagong/chi_cate_19/sentence_53.wav,মেলায় মিষ্টি বিক্রি হচ্ছে।,chittagong
sentence_54.wav,dataset/chunks/chittagong/chi_cate_19/sentence_54.wav,তুমি কি আজকে রাস্তানাটক দেখেছো?,chittagong
sentence_55.wav,dataset/chunks/chittagong/chi_cate_19/sentence_55.wav,আমি পুতুলনাচ তৈরি করছি।,chittagong
sentence_56.wav,dataset/chunks/chittagong/chi_cate_19/sentence_56.wav,মেলায় বিভিন্ন নাচ প্রদর্শিত হচ্ছে।,chittagong
sentence_57.wav,dataset/chunks/chittagong/chi_cate_19/sentence_57.wav,তুমি কি আজকে শিল্প প্রদর্শনীতে গিয়েছো?,chittagong
sentence_58.wav,dataset/chunks/chittagong/chi_cate_19/sentence_58.wav,আমরা মেলায় গান শুনেছি।,chittagong
sentence_59.wav,dataset/chunks/chittagong/chi_cate_19/sentence_59.wav,মেলায় লোকসংগীত বাজানো হয়েছে।,chittagong
sentence_60.wav,dataset/chunks/chittagong/chi_cate_19/sentence_60.wav,তুমি কি আজকে পিঠা খেয়েছো?,chittagong
sentence_61.wav,dataset/chunks/chittagong/chi_cate_19/sentence_61.wav,আমি নৃত্য প্রশিক্ষণে অংশ নিচ্ছি।,chittagong
sentence_62.wav,dataset/chunks/chittagong/chi_cate_19/sentence_62.wav,মেলায় খেলা প্রদর্শনী হয়েছে।,chittagong
sentence_63.wav,dataset/chunks/chittagong/chi_cate_19/sentence_63.wav,তুমি কি আজকে রঙিন লাইট দেখেছো?,chittagong
sentence_64.wav,dataset/chunks/chittagong/chi_cate_19/sentence_64.wav,আমরা মেলায় হস্তশিল্প শিখেছি।,chittagong
sentence_65.wav,dataset/chunks/chittagong/chi_cate_19/sentence_65.wav,মেলায় লোককাহিনী বলা হয়েছে।,chittagong
sentence_66.wav,dataset/chunks/chittagong/chi_cate_19/sentence_66.wav,তুমি কি আজকে কাব্য শোনেছো?,chittagong
sentence_67.wav,dataset/chunks/chittagong/chi_cate_19/sentence_67.wav,আমি মেলায় গিয়েছি।,chittagong
sentence_68.wav,dataset/chunks/chittagong/chi_cate_19/sentence_68.wav,মেলায় নাটক প্রদর্শিত হয়েছে।,chittagong
sentence_69.wav,dataset/chunks/chittagong/chi_cate_19/sentence_69.wav,তুমি কি আজকে গান গেয়েছো?,chittagong
sentence_70.wav,dataset/chunks/chittagong/chi_cate_19/sentence_70.wav,আমরা মেলায় নাচ উপভোগ করেছি।,chittagong
sentence_01.wav,dataset/chunks/noakhali/noa_Cate_08/sentence_01.wav,আপনি কোথা থেকে এসেছেন?,noakhali
sentence_02.wav,dataset/chunks/noakhali/noa_Cate_08/sentence_02.wav,আপনার নাম কী?,noakhali
sentence_03.wav,dataset/chunks/noakhali/noa_Cate_08/sentence_03.wav,আমার নাম জন।,noakhali
sentence_04.wav,dataset/chunks/noakhali/noa_Cate_08/sentence_04.wav,আপনার সাথে পরিচিত হয়ে ভালো লাগলো।,noakhali
sentence_05.wav,dataset/chunks/noakhali/noa_Cate_08/sentence_05.wav,আমি এই এলাকায় নতুন।,noakhali
sentence_06.wav,dataset/chunks/noakhali/noa_Cate_08/sentence_06.wav,আপনি কি এখানে থাকেন?,noakhali
sentence_07.wav,dataset/chunks/noakhali/noa_Cate_08/sentence_07.wav,আপনি কি প্রথমবার এখানে এসেছেন?,noakhali
sentence_08.wav,dataset/chunks/noakhali/noa_Cate_08/sentence_08.wav,আমি বাংলাদেশে ভ্রমণে এসেছি।,noakhali
sentence_09.wav,dataset/chunks/noakhali/noa_Cate_08/sentence_09.wav,আপনি কী করেন?,noakhali
sentence_10.wav,dataset/chunks/noakhali/noa_Cate_08/sentence_10.wav,আমি একজন ছাত্র।,noakhali
sentence_11.wav,dataset/chunks/noakhali/noa_Cate_08/sentence_11.wav,আপনার বাড়ি কোথায়?,noakhali
sentence_12.wav,dataset/chunks/noakhali/noa_Cate_08/sentence_12.wav,আপনি কেমন আছেন?,noakhali
sentence_13.wav,dataset/chunks/noakhali/noa_Cate_08/sentence_13.wav,আমি ভালো আছি।,noakhali
sentence_14.wav,dataset/chunks/noakhali/noa_Cate_08/sentence_14.wav,অনেক দিন পর দেখা হলো।,noakhali
sentence_15.wav,dataset/chunks/noakhali/noa_Cate_08/sentence_15.wav,আপনাকে আবার দেখে ভালো লাগছে।,noakhali
sentence_16.wav,dataset/chunks/noakhali/noa_Cate_08/sentence_16.wav,আপনি কি আমাকে সাহায্য করতে পারবেন?,noakhali
sentence_17.wav,dataset/chunks/noakhali/noa_Cate_08/sentence_17.wav,আপনার সাথে কথা বলে ভালো লাগছে।,noakhali
sentence_18.wav,dataset/chunks/noakhali/noa_Cate_08/sentence_18.wav,আমি এখানে কাজের জন্য এসেছি।,noakhali
sentence_19.wav,dataset/chunks/noakhali/noa_Cate_08/sentence_19.wav,আপনি কোন দেশ থেকে এসেছেন?,noakhali
sentence_20.wav,dataset/chunks/noakhali/noa_Cate_08/sentence_20.wav,আমি ইংরেজি বলতে পারি।,noakhali
sentence_21.wav,dataset/chunks/noakhali/noa_Cate_08/sentence_21.wav,আপনি কি বাংলা বলতে পারেন?,noakhali
sentence_22.wav,dataset/chunks/noakhali/noa_Cate_08/sentence_22.wav,আমি বাংলা শিখছি।,noakhali
sentence_23.wav,dataset/chunks/noakhali/noa_Cate_08/sentence_23.wav,ধন্যবাদ আপনাকে।,noakhali
sentence_24.wav,dataset/chunks/noakhali/noa_Cate_08/sentence_24.wav,আপনাকে স্বাগতম।,noakhali
sentence_25.wav,dataset/chunks/noakhali/noa_Cate_08/sentence_25.wav,আপনার বয়স কত?,noakhali
sentence_26.wav,dataset/chunks/noakhali/noa_Cate_08/sentence_26.wav,আমি এখানে পড়াশোনা করছি।,noakhali
sentence_27.wav,dataset/chunks/noakhali/noa_Cate_08/sentence_27.wav,আমি এই শহরটি পছন্দ করি।,noakhali
sentence_28.wav,dataset/chunks/noakhali/noa_Cate_08/sentence_28.wav,আপনার পরিবার কেমন আছে?,noakhali
sentence_29.wav,dataset/chunks/noakhali/noa_Cate_08/sentence_29.wav,আপনার সাথে দেখা করতে পেরে আনন্দিত।,noakhali
sentence_30.wav,dataset/chunks/noakhali/noa_Cate_08/sentence_30.wav,আপনি কি এখানে দীর্ঘদিন থাকবেন?,noakhali
sentence_31.wav,dataset/chunks/noakhali/noa_Cate_08/sentence_31.wav,আমি কয়েকদিনের জন্য এসেছি।,noakhali
sentence_32.wav,dataset/chunks/noakhali/noa_Cate_08/sentence_32.wav,আপনার সাথে যোগাযোগ রাখতে চাই।,noakhali
sentence_33.wav,dataset/chunks/noakhali/noa_Cate_08/sentence_33.wav,এটা আমার প্রথম সফর।,noakhali
sentence_34.wav,dataset/chunks/noakhali/noa_Cate_08/sentence_34.wav,আমি আপনার দেশ সম্পর্কে জানতে চাই।,noakhali
sentence_35.wav,dataset/chunks/noakhali/noa_Cate_08/sentence_35.wav,আপনি কোথায় কাজ করেন?,noakhali
sentence_36.wav,dataset/chunks/noakhali/noa_Cate_08/sentence_36.wav,আপনার ফোন নম্বর দিতে পারেন?,noakhali
sentence_37.wav,dataset/chunks/noakhali/noa_Cate_08/sentence_37.wav,আমি আপনার সাথে পরে কথা বলবো।,noakhali
sentence_38.wav,dataset/chunks/noakhali/noa_Cate_08/sentence_38.wav,আপনাকে দেখে ভালো লাগলো।,noakhali
sentence_39.wav,dataset/chunks/noakhali/noa_Cate_08/sentence_39.wav,আপনি কি এখানে একা এসেছেন?,noakhali
sentence_40.wav,dataset/chunks/noakhali/noa_Cate_08/sentence_40.wav,আমি আমার বন্ধুর সাথে এসেছি।,noakhali
sentence_41.wav,dataset/chunks/noakhali/noa_Cate_08/sentence_41.wav,আপনার পেশা কী?,noakhali
sentence_42.wav,dataset/chunks/noakhali/noa_Cate_08/sentence_42.wav,আমি একজন শিক্ষক।,noakhali
sentence_43.wav,dataset/chunks/noakhali/noa_Cate_08/sentence_43.wav,আপনার সাথে কাজ করতে চাই।,noakhali
sentence_44.wav,dataset/chunks/noakhali/noa_Cate_08/sentence_44.wav,আজকে আবহাওয়া সুন্দর।,noakhali
sentence_45.wav,dataset/chunks/noakhali/noa_Cate_08/sentence_45.wav,আপনি কি এখানে থাকেন নাকি ভ্রমণে এসেছেন?,noakhali
sentence_46.wav,dataset/chunks/noakhali/noa_Cate_08/sentence_46.wav,আমি এই জায়গাটি প্রথমবার দেখছি।,noakhali
sentence_47.wav,dataset/chunks/noakhali/noa_Cate_08/sentence_47.wav,আপনার সাথে পরিচয় হওয়া আমার জন্য সম্মানের।,noakhali
sentence_48.wav,dataset/chunks/noakhali/noa_Cate_08/sentence_48.wav,আপনি কোন ভাষায় কথা বলেন?,noakhali
sentence_49.wav,dataset/chunks/noakhali/noa_Cate_08/sentence_49.wav,আমি আপনার কাছ থেকে শিখতে চাই।,noakhali
sentence_50.wav,dataset/chunks/noakhali/noa_Cate_08/sentence_50.wav,আমি খুব আনন্দিত।,noakhali
sentence_51.wav,dataset/chunks/noakhali/noa_Cate_08/sentence_51.wav,আপনার দিনটি কেমন কাটছে?,noakhali
sentence_52.wav,dataset/chunks/noakhali/noa_Cate_08/sentence_52.wav,আমি একটু দেরি করেছি।,noakhali
sentence_53.wav,dataset/chunks/noakhali/noa_Cate_08/sentence_53.wav,আপনাকে অপেক্ষা করানোর জন্য দুঃখিত।,noakhali
sentence_54.wav,dataset/chunks/noakhali/noa_Cate_08/sentence_54.wav,আপনার সাথে আবার দেখা হবে আশা করি।,noakhali
sentence_55.wav,dataset/chunks/noakhali/noa_Cate_08/sentence_55.wav,আপনি কি কাছাকাছি থাকেন?,noakhali
sentence_56.wav,dataset/chunks/noakhali/noa_Cate_08/sentence_56.wav,আমি আপনার সাহায্যের জন্য কৃতজ্ঞ।,noakhali
sentence_57.wav,dataset/chunks/noakhali/noa_Cate_08/sentence_57.wav,আপনাকে শুভেচ্ছা জানাই।,noakhali
sentence_58.wav,dataset/chunks/noakhali/noa_Cate_08/sentence_58.wav,আপনার দিনটি শুভ হোক।,noakhali
sentence_59.wav,dataset/chunks/noakhali/noa_Cate_08/sentence_59.wav,আপনার সাথে কথা বলা আনন্দের ছিল।,noakhali
sentence_60.wav,dataset/chunks/noakhali/noa_Cate_08/sentence_60.wav,আমি আপনাকে সম্মান করি।,noakhali
sentence_61.wav,dataset/chunks/noakhali/noa_Cate_08/sentence_61.wav,আমি এখানে কাজ শুরু করেছি।,noakhali
sentence_62.wav,dataset/chunks/noakhali/noa_Cate_08/sentence_62.wav,আপনি কখন এসেছেন?,noakhali
sentence_63.wav,dataset/chunks/noakhali/noa_Cate_08/sentence_63.wav,আমি গতকাল এসেছি।,noakhali
sentence_64.wav,dataset/chunks/noakhali/noa_Cate_08/sentence_64.wav,আপনি কতদিন থাকবেন?,noakhali
sentence_65.wav,dataset/chunks/noakhali/noa_Cate_08/sentence_65.wav,আমি এক সপ্তাহ থাকবো।,noakhali
sentence_66.wav,dataset/chunks/noakhali/noa_Cate_08/sentence_66.wav,আপনার সাথে বন্ধুত্ব করতে চাই।,noakhali
sentence_67.wav,dataset/chunks/noakhali/noa_Cate_08/sentence_67.wav,আপনি খুব ভদ্র মানুষ।,noakhali
sentence_68.wav,dataset/chunks/noakhali/noa_Cate_08/sentence_68.wav,আমি আপনাকে ধন্যবাদ জানাই।,noakhali
sentence_69.wav,dataset/chunks/noakhali/noa_Cate_08/sentence_69.wav,আপনার সাথে দেখা হওয়া সৌভাগ্যের।,noakhali
sentence_70.wav,dataset/chunks/noakhali/noa_Cate_08/sentence_70.wav,আমি আপনার সাথে আবার যোগাযোগ করবো।,noakhali
sentence_01.wav,dataset/chunks/noakhali/noa_cate _01/sentence_01.wav,বাস স্ট্যান্ড কোথায়?,noakhali
sentence_02.wav,dataset/chunks/noakhali/noa_cate _01/sentence_02.wav,এই রাস্তাটি কোথায় যায়?,noakhali
sentence_03.wav,dataset/chunks/noakhali/noa_cate _01/sentence_03.wav,রেলওয়ে স্টেশন কত দূরে?,noakhali
sentence_04.wav,dataset/chunks/noakhali/noa_cate _01/sentence_04.wav,বিমানবন্দর যাওয়ার রাস্তা কোনটি?,noakhali
sentence_05.wav,dataset/chunks/noakhali/noa_cate _01/sentence_05.wav,বাজারে যেতে কোন বাসে উঠবো?,noakhali
sentence_06.wav,dataset/chunks/noakhali/noa_cate _01/sentence_06.wav,এই বাস কি ঢাকায় যাবে?,noakhali
sentence_07.wav,dataset/chunks/noakhali/noa_cate _01/sentence_07.wav,ভাড়া কত?,noakhali
sentence_08.wav,dataset/chunks/noakhali/noa_cate _01/sentence_08.wav,রিকশার ভাড়া কত নেবেন?,noakhali
sentence_09.wav,dataset/chunks/noakhali/noa_cate _01/sentence_09.wav,আমাকে হাসপাতালে নিয়ে চলুন।,noakhali
sentence_10.wav,dataset/chunks/noakhali/noa_cate _01/sentence_10.wav,এই ট্রেন কখন ছাড়বে?,noakhali
sentence_11.wav,dataset/chunks/noakhali/noa_cate _01/sentence_11.wav,ট্রেন কত নম্বর প্ল্যাটফর্মে আসবে?,noakhali
sentence_12.wav,dataset/chunks/noakhali/noa_cate _01/sentence_12.wav,এখানে কি টিকিট কাউন্টার আছে?,noakhali
sentence_13.wav,dataset/chunks/noakhali/noa_cate _01/sentence_13.wav,"এক টিকিট দিন, চট্টগ্রামের জন্য।",noakhali
sentence_14.wav,dataset/chunks/noakhali/noa_cate _01/sentence_14.wav,বাস কখন ছাড়বে?,noakhali
sentence_15.wav,dataset/chunks/noakhali/noa_cate _01/sentence_15.wav,এই রাস্তায় কি যানজট হয়?,noakhali
sentence_16.wav,dataset/chunks/noakhali/noa_cate _01/sentence_16.wav,সোজা গেলে কি ব্যাংক পাবো?,noakhali
sentence_17.wav,dataset/chunks/noakhali/noa_cate _01/sentence_17.wav,ডানদিকে গেলে কি হাসপাতাল?,noakhali
sentence_18.wav,dataset/chunks/noakhali/noa_cate _01/sentence_18.wav,বামদিকে মোড় নিন।,noakhali
sentence_19.wav,dataset/chunks/noakhali/noa_cate _01/sentence_19.wav,সোজা এগিয়ে যান।,noakhali
sentence_20.wav,dataset/chunks/noakhali/noa_cate _01/sentence_20.wav,এই জায়গাটা কত দূরে?,noakhali
sentence_21.wav,dataset/chunks/noakhali/noa_cate _01/sentence_21.wav,হাঁটলে কত সময় লাগবে?,noakhali
sentence_22.wav,dataset/chunks/noakhali/noa_cate _01/sentence_22.wav,গাড়ি পাওয়া যাবে কোথায়?,noakhali
sentence_23.wav,dataset/chunks/noakhali/noa_cate _01/sentence_23.wav,এখানে কি উবার পাওয়া যায়?,noakhali
sentence_24.wav,dataset/chunks/noakhali/noa_cate _01/sentence_24.wav,আপনি কি আমাকে পথ দেখাতে পারবেন?,noakhali
sentence_25.wav,dataset/chunks/noakhali/noa_cate _01/sentence_25.wav,এই রাস্তা কি নিরাপদ?,noakhali
sentence_26.wav,dataset/chunks/noakhali/noa_cate _01/sentence_26.wav,এখানে কি পার্কিং আছে?,noakhali
sentence_27.wav,dataset/chunks/noakhali/noa_cate _01/sentence_27.wav,গাড়ি রাখার জায়গা কোথায়?,noakhali
sentence_28.wav,dataset/chunks/noakhali/noa_cate _01/sentence_28.wav,এই ট্রেন কি সময়মতো আসবে?,noakhali
sentence_29.wav,dataset/chunks/noakhali/noa_cate _01/sentence_29.wav,বাসে কি সিট খালি আছে?,noakhali
sentence_30.wav,dataset/chunks/noakhali/noa_cate _01/sentence_30.wav,এই বাস কি সরাসরি যাবে?,noakhali
sentence_31.wav,dataset/chunks/noakhali/noa_cate _01/sentence_31.wav,মাঝপথে কি নামতে পারবো?,noakhali
sentence_32.wav,dataset/chunks/noakhali/noa_cate _01/sentence_32.wav,আমাকে পরের স্টপে নামিয়ে দিন।,noakhali
sentence_33.wav,dataset/chunks/noakhali/noa_cate _01/sentence_33.wav,এই রাস্তা কি শর্টকাট?,noakhali
sentence_34.wav,dataset/chunks/noakhali/noa_cate _01/sentence_34.wav,এখানে কি ট্যাক্সি স্ট্যান্ড আছে?,noakhali
sentence_35.wav,dataset/chunks/noakhali/noa_cate _01/sentence_35.wav,গন্তব্যে পৌঁছাতে কত সময় লাগবে?,noakhali
sentence_36.wav,dataset/chunks/noakhali/noa_cate _01/sentence_36.wav,রিকশা কি পাওয়া যাবে?,noakhali
sentence_37.wav,dataset/chunks/noakhali/noa_cate _01/sentence_37.wav,ট্রেন কি দেরি করছে?,noakhali
sentence_38.wav,dataset/chunks/noakhali/noa_cate _01/sentence_38.wav,এই বাস কোথায় থামে?,noakhali
sentence_39.wav,dataset/chunks/noakhali/noa_cate _01/sentence_39.wav,আপনারা কি রাতের বাস চালান?,noakhali
sentence_40.wav,dataset/chunks/noakhali/noa_cate _01/sentence_40.wav,শেষ বাস কখন?,noakhali
sentence_41.wav,dataset/chunks/noakhali/noa_cate _01/sentence_41.wav,এই রাস্তা কি বন্ধ?,noakhali
sentence_42.wav,dataset/chunks/noakhali/noa_cate _01/sentence_42.wav,বিকল্প রাস্তা কোনটি?,noakhali
sentence_43.wav,dataset/chunks/noakhali/noa_cate _01/sentence_43.wav,এখানে কি সিগন্যাল আছে?,noakhali
sentence_44.wav,dataset/chunks/noakhali/noa_cate _01/sentence_44.wav,রাস্তা কি মেরামত হচ্ছে?,noakhali
sentence_45.wav,dataset/chunks/noakhali/noa_cate _01/sentence_45.wav,আমাকে বিশ্ববিদ্যালয়ে যেতে হবে।,noakhali
sentence_46.wav,dataset/chunks/noakhali/noa_cate _01/sentence_46.wav,বিশ্ববিদ্যালয়ের বাস কোথা থেকে ছাড়ে?,noakhali
sentence_47.wav,dataset/chunks/noakhali/noa_cate _01/sentence_47.wav,টিকিটের দাম কত?,noakhali
sentence_48.wav,dataset/chunks/noakhali/noa_cate _01/sentence_48.wav,এখানে কি মেট্রো স্টেশন আছে?,noakhali
sentence_49.wav,dataset/chunks/noakhali/noa_cate _01/sentence_49.wav,মেট্রো কখন ছাড়ে?,noakhali
sentence_50.wav,dataset/chunks/noakhali/noa_cate _01/sentence_50.wav,এই রাস্তা কি প্রধান সড়ক?,noakhali
sentence_51.wav,dataset/chunks/noakhali/noa_cate _01/sentence_51.wav,আমাকে থানায় যেতে হবে।,noakhali
sentence_52.wav,dataset/chunks/noakhali/noa_cate _01/sentence_52.wav,পুলিশ স্টেশন কোথায়?,noakhali
sentence_53.wav,dataset/chunks/noakhali/noa_cate _01/sentence_53.wav,এই এলাকায় কি বাস চলে?,noakhali
sentence_54.wav,dataset/chunks/noakhali/noa_cate _01/sentence_54.wav,এখানে কি সিএনজি পাওয়া যায়?,noakhali
sentence_55.wav,dataset/chunks/noakhali/noa_cate _01/sentence_55.wav,আমাকে দ্রুত পৌঁছাতে হবে।,noakhali
sentence_56.wav,dataset/chunks/noakhali/noa_cate _01/sentence_56.wav,এখানে কি ফেরি ঘাট আছে?,noakhali
sentence_57.wav,dataset/chunks/noakhali/noa_cate _01/sentence_57.wav,ফেরি কখন ছাড়বে?,noakhali
sentence_58.wav,dataset/chunks/noakhali/noa_cate _01/sentence_58.wav,নদী পার হতে কত সময় লাগবে?,noakhali
sentence_59.wav,dataset/chunks/noakhali/noa_cate _01/sentence_59.wav,এই ট্রেন কি এক্সপ্রেস?,noakhali
sentence_60.wav,dataset/chunks/noakhali/noa_cate _01/sentence_60.wav,এখানে কি বাস বদলাতে হবে?,noakhali
sentence_61.wav,dataset/chunks/noakhali/noa_cate _01/sentence_61.wav,এই বাস কি এয়ারকন্ডিশন্ড?,noakhali
sentence_62.wav,dataset/chunks/noakhali/noa_cate _01/sentence_62.wav,রাস্তায় কি টোল দিতে হয়?,noakhali
sentence_63.wav,dataset/chunks/noakhali/noa_cate _01/sentence_63.wav,টোল কত?,noakhali
sentence_64.wav,dataset/chunks/noakhali/noa_cate _01/sentence_64.wav,এখানে কি রাস্তা নিরাপদ রাতে?,noakhali
sentence_65.wav,dataset/chunks/noakhali/noa_cate _01/sentence_65.wav,আমি পথ হারিয়ে ফেলেছি।,noakhali
sentence_66.wav,dataset/chunks/noakhali/noa_cate _01/sentence_66.wav,আমাকে মানচিত্র দেখাতে পারবেন?,noakhali
sentence_67.wav,dataset/chunks/noakhali/noa_cate _01/sentence_67.wav,কাছাকাছি কোন হোটেল আছে?,noakhali
sentence_68.wav,dataset/chunks/noakhali/noa_cate _01/sentence_68.wav,এই এলাকা কি শহরের ভেতরে?,noakhali
sentence_69.wav,dataset/chunks/noakhali/noa_cate _01/sentence_69.wav,এখানে কি ট্রাফিক বেশি?,noakhali
sentence_70.wav,dataset/chunks/noakhali/noa_cate _01/sentence_70.wav,আমাকে সঠিক দিকটি বলুন।,noakhali
sentence_01.wav,dataset/chunks/noakhali/noa_cate_02/sentence_01.wav,এই জিনিসটির দাম কত?,noakhali
sentence_02.wav,dataset/chunks/noakhali/noa_cate_02/sentence_02.wav,দাম একটু কম হবে?,noakhali
sentence_03.wav,dataset/chunks/noakhali/noa_cate_02/sentence_03.wav,এক কেজি চাল দিন।,noakhali
sentence_04.wav,dataset/chunks/noakhali/noa_cate_02/sentence_04.wav,আধা কেজি চিনি দিন।,noakhali
sentence_05.wav,dataset/chunks/noakhali/noa_cate_02/sentence_05.wav,এটা কি দেশি পণ্য?,noakhali
sentence_06.wav,dataset/chunks/noakhali/noa_cate_02/sentence_06.wav,এটা কি বিদেশি পণ্য?,noakhali
sentence_07.wav,dataset/chunks/noakhali/noa_cate_02/sentence_07.wav,একটু ভালো মানের দেখান।,noakhali
sentence_08.wav,dataset/chunks/noakhali/noa_cate_02/sentence_08.wav,এর থেকে সস্তা কিছু আছে?,noakhali
sentence_09.wav,dataset/chunks/noakhali/noa_cate_02/sentence_09.wav,এটা খুব দামী।,noakhali
sentence_10.wav,dataset/chunks/noakhali/noa_cate_02/sentence_10.wav,আমি এটা কিনতে চাই।,noakhali
sentence_11.wav,dataset/chunks/noakhali/noa_cate_02/sentence_11.wav,আপনার কাছে কি তাজা সবজি আছে?,noakhali
sentence_12.wav,dataset/chunks/noakhali/noa_cate_02/sentence_12.wav,এই ফলগুলো কি আজকের?,noakhali
sentence_13.wav,dataset/chunks/noakhali/noa_cate_02/sentence_13.wav,এক ডজন ডিম দিন।,noakhali
sentence_14.wav,dataset/chunks/noakhali/noa_cate_02/sentence_14.wav,কত টাকা হলো?,noakhali
sentence_15.wav,dataset/chunks/noakhali/noa_cate_02/sentence_15.wav,আমি নগদ পরিশোধ করবো।,noakhali
sentence_16.wav,dataset/chunks/noakhali/noa_cate_02/sentence_16.wav,মোবাইল ব্যাংকিং নেওয়া হয়?,noakhali
sentence_17.wav,dataset/chunks/noakhali/noa_cate_02/sentence_17.wav,বিকাশে টাকা দিতে পারি?,noakhali
sentence_18.wav,dataset/chunks/noakhali/noa_cate_02/sentence_18.wav,একটি ব্যাগ দেবেন?,noakhali
sentence_19.wav,dataset/chunks/noakhali/noa_cate_02/sentence_19.wav,এই কাপড়ের রং কি উঠবে?,noakhali
sentence_20.wav,dataset/chunks/noakhali/noa_cate_02/sentence_20.wav,এই শার্টের অন্য সাইজ আছে?,noakhali
sentence_21.wav,dataset/chunks/noakhali/noa_cate_02/sentence_21.wav,ছোট সাইজ দেখান।,noakhali
sentence_22.wav,dataset/chunks/noakhali/noa_cate_02/sentence_22.wav,বড় সাইজ আছে?,noakhali
sentence_23.wav,dataset/chunks/noakhali/noa_cate_02/sentence_23.wav,আমি নীল রঙেরটি চাই।,noakhali
sentence_24.wav,dataset/chunks/noakhali/noa_cate_02/sentence_24.wav,অন্য রং আছে?,noakhali
sentence_25.wav,dataset/chunks/noakhali/noa_cate_02/sentence_25.wav,এটা কি আসল পণ্য?,noakhali
sentence_26.wav,dataset/chunks/noakhali/noa_cate_02/sentence_26.wav,গ্যারান্টি আছে?,noakhali
sentence_27.wav,dataset/chunks/noakhali/noa_cate_02/sentence_27.wav,রসিদ দিন।,noakhali
sentence_28.wav,dataset/chunks/noakhali/noa_cate_02/sentence_28.wav,আমি পরে এসে নেব।,noakhali
sentence_29.wav,dataset/chunks/noakhali/noa_cate_02/sentence_29.wav,এটা কি ছাড়ে দেওয়া যাবে?,noakhali
sentence_30.wav,dataset/chunks/noakhali/noa_cate_02/sentence_30.wav,আজ কি কোনো অফার আছে?,noakhali
sentence_31.wav,dataset/chunks/noakhali/noa_cate_02/sentence_31.wav,আমি পাইকারি কিনতে চাই।,noakhali
sentence_32.wav,dataset/chunks/noakhali/noa_cate_02/sentence_32.wav,পাইকারি দাম কত?,noakhali
sentence_33.wav,dataset/chunks/noakhali/noa_cate_02/sentence_33.wav,এই পণ্যটি নতুন এসেছে?,noakhali
sentence_34.wav,dataset/chunks/noakhali/noa_cate_02/sentence_34.wav,এর মেয়াদ কতদিন?,noakhali
sentence_35.wav,dataset/chunks/noakhali/noa_cate_02/sentence_35.wav,এই ওষুধের মেয়াদ শেষ হয়েছে?,noakhali
sentence_36.wav,dataset/chunks/noakhali/noa_cate_02/sentence_36.wav,আমাকে ভালো মানের চাল দিন।,noakhali
sentence_37.wav,dataset/chunks/noakhali/noa_cate_02/sentence_37.wav,এই মাছটি কি তাজা?,noakhali
sentence_38.wav,dataset/chunks/noakhali/noa_cate_02/sentence_38.wav,এই মাংস কত কেজি?,noakhali
sentence_39.wav,dataset/chunks/noakhali/noa_cate_02/sentence_39.wav,এক কেজির কম হবে না।,noakhali
sentence_40.wav,dataset/chunks/noakhali/noa_cate_02/sentence_40.wav,একটু কম করে দিন।,noakhali
sentence_41.wav,dataset/chunks/noakhali/noa_cate_02/sentence_41.wav,আমি দরদাম করতে চাই।,noakhali
sentence_42.wav,dataset/chunks/noakhali/noa_cate_02/sentence_42.wav,চূড়ান্ত দাম কত?,noakhali
sentence_43.wav,dataset/chunks/noakhali/noa_cate_02/sentence_43.wav,এই জুতাটি কি টেকসই?,noakhali
sentence_44.wav,dataset/chunks/noakhali/noa_cate_02/sentence_44.wav,এই মোবাইলের দাম কত?,noakhali
sentence_45.wav,dataset/chunks/noakhali/noa_cate_02/sentence_45.wav,এই ফোনে কি গ্যারান্টি আছে?,noakhali
sentence_46.wav,dataset/chunks/noakhali/noa_cate_02/sentence_46.wav,চার্জারটি আলাদা কিনতে হবে?,noakhali
sentence_47.wav,dataset/chunks/noakhali/noa_cate_02/sentence_47.wav,এটি কি ক্যাশ অন ডেলিভারি?,noakhali
sentence_48.wav,dataset/chunks/noakhali/noa_cate_02/sentence_48.wav,আমি অর্ডার দিতে চাই।,noakhali
sentence_49.wav,dataset/chunks/noakhali/noa_cate_02/sentence_49.wav,পণ্যটি কখন ডেলিভারি হবে?,noakhali
sentence_50.wav,dataset/chunks/noakhali/noa_cate_02/sentence_50.wav,এই দোকান কখন বন্ধ হয়?,noakhali
sentence_51.wav,dataset/chunks/noakhali/noa_cate_02/sentence_51.wav,আমি একটা উপহার কিনতে চাই।,noakhali
sentence_52.wav,dataset/chunks/noakhali/noa_cate_02/sentence_52.wav,উপহার মোড়ানো হবে?,noakhali
sentence_53.wav,dataset/chunks/noakhali/noa_cate_02/sentence_53.wav,এটি কি ফেরত দেওয়া যাবে?,noakhali
sentence_54.wav,dataset/chunks/noakhali/noa_cate_02/sentence_54.wav,রিটার্ন পলিসি কী?,noakhali
sentence_55.wav,dataset/chunks/noakhali/noa_cate_02/sentence_55.wav,এই কাপড়টি খুব সুন্দর।,noakhali
sentence_56.wav,dataset/chunks/noakhali/noa_cate_02/sentence_56.wav,এটি কি কটন?,noakhali
sentence_57.wav,dataset/chunks/noakhali/noa_cate_02/sentence_57.wav,এই পণ্যটি কোথায় তৈরি?,noakhali
sentence_58.wav,dataset/chunks/noakhali/noa_cate_02/sentence_58.wav,এটি কি ছাড়ে বিক্রি হচ্ছে?,noakhali
sentence_59.wav,dataset/chunks/noakhali/noa_cate_02/sentence_59.wav,আমি আরও কিছু দেখতে চাই।,noakhali
sentence_60.wav,dataset/chunks/noakhali/noa_cate_02/sentence_60.wav,আপনার দোকানে কি কার্ড নেওয়া হয়?,noakhali
sentence_61.wav,dataset/chunks/noakhali/noa_cate_02/sentence_61.wav,মোট বিল কত হলো?,noakhali
sentence_62.wav,dataset/chunks/noakhali/noa_cate_02/sentence_62.wav,আমি টাকা ভাঙাতে চাই।,noakhali
sentence_63.wav,dataset/chunks/noakhali/noa_cate_02/sentence_63.wav,ছোট নোট আছে?,noakhali
sentence_64.wav,dataset/chunks/noakhali/noa_cate_02/sentence_64.wav,এই ফলগুলো ওজন করে দিন।,noakhali
sentence_65.wav,dataset/chunks/noakhali/noa_cate_02/sentence_65.wav,এক কেজির একটু কম দিন।,noakhali
sentence_66.wav,dataset/chunks/noakhali/noa_cate_02/sentence_66.wav,আজকে বাজারে ভিড় বেশি।,noakhali
sentence_67.wav,dataset/chunks/noakhali/noa_cate_02/sentence_67.wav,দাম কেন এত বেশি?,noakhali
sentence_68.wav,dataset/chunks/noakhali/noa_cate_02/sentence_68.wav,কাল কি দাম কম হবে?,noakhali
sentence_69.wav,dataset/chunks/noakhali/noa_cate_02/sentence_69.wav,আমি নিয়মিত ক্রেতা।,noakhali
sentence_70.wav,dataset/chunks/noakhali/noa_cate_02/sentence_70.wav,আবার আসবো।,noakhali
sentence_01.wav,dataset/chunks/noakhali/noa_cate_03/sentence_01.wav,আমি একটি টেবিল বুক করতে চাই।,noakhali
sentence_02.wav,dataset/chunks/noakhali/noa_cate_03/sentence_02.wav,দুই জনের জন্য একটি টেবিল দিন।,noakhali
sentence_03.wav,dataset/chunks/noakhali/noa_cate_03/sentence_03.wav,মেনু কার্ডটি দিন।,noakhali
sentence_04.wav,dataset/chunks/noakhali/noa_cate_03/sentence_04.wav,আজকের বিশেষ খাবার কী?,noakhali
sentence_05.wav,dataset/chunks/noakhali/noa_cate_03/sentence_05.wav,আমি ভাত ও মুরগির মাংস চাই।,noakhali
sentence_06.wav,dataset/chunks/noakhali/noa_cate_03/sentence_06.wav,এই খাবারটি ঝাল কি?,noakhali
sentence_07.wav,dataset/chunks/noakhali/noa_cate_03/sentence_07.wav,কম ঝাল করে দিন।,noakhali
sentence_08.wav,dataset/chunks/noakhali/noa_cate_03/sentence_08.wav,আমি নিরামিষ খাবার চাই।,noakhali
sentence_09.wav,dataset/chunks/noakhali/noa_cate_03/sentence_09.wav,এখানে কি হালাল খাবার পাওয়া যায়?,noakhali
sentence_10.wav,dataset/chunks/noakhali/noa_cate_03/sentence_10.wav,পানি দিন।,noakhali
sentence_11.wav,dataset/chunks/noakhali/noa_cate_03/sentence_11.wav,ঠান্ডা পানি আছে?,noakhali
sentence_12.wav,dataset/chunks/noakhali/noa_cate_03/sentence_12.wav,একটি কোমল পানীয় দিন।,noakhali
sentence_13.wav,dataset/chunks/noakhali/noa_cate_03/sentence_13.wav,এই খাবারটি খুব সুস্বাদু।,noakhali
sentence_14.wav,dataset/chunks/noakhali/noa_cate_03/sentence_14.wav,খাবারটি খুব লবণাক্ত।,noakhali
sentence_15.wav,dataset/chunks/noakhali/noa_cate_03/sentence_15.wav,বিল দিন।,noakhali
sentence_16.wav,dataset/chunks/noakhali/noa_cate_03/sentence_16.wav,আমি নগদে পরিশোধ করবো।,noakhali
sentence_17.wav,dataset/chunks/noakhali/noa_cate_03/sentence_17.wav,কার্ডে পরিশোধ করা যাবে?,noakhali
sentence_18.wav,dataset/chunks/noakhali/noa_cate_03/sentence_18.wav,খাবারটি কতক্ষণে আসবে?,noakhali
sentence_19.wav,dataset/chunks/noakhali/noa_cate_03/sentence_19.wav,আরেকটি প্লেট দিন।,noakhali
sentence_20.wav,dataset/chunks/noakhali/noa_cate_03/sentence_20.wav,চামচ ও কাঁটা দিন।,noakhali
sentence_21.wav,dataset/chunks/noakhali/noa_cate_03/sentence_21.wav,এখানে কি ওয়াইফাই আছে?,noakhali
sentence_22.wav,dataset/chunks/noakhali/noa_cate_03/sentence_22.wav,ওয়াইফাই পাসওয়ার্ড কী?,noakhali
sentence_23.wav,dataset/chunks/noakhali/noa_cate_03/sentence_23.wav,খাবারটি প্যাকেট করে দিন।,noakhali
sentence_24.wav,dataset/chunks/noakhali/noa_cate_03/sentence_24.wav,আমি বাসায় নিয়ে যাব।,noakhali
sentence_25.wav,dataset/chunks/noakhali/noa_cate_03/sentence_25.wav,একটি কফি দিন।,noakhali
sentence_26.wav,dataset/chunks/noakhali/noa_cate_03/sentence_26.wav,চা আছে?,noakhali
sentence_27.wav,dataset/chunks/noakhali/noa_cate_03/sentence_27.wav,দুধ চা দিন।,noakhali
sentence_28.wav,dataset/chunks/noakhali/noa_cate_03/sentence_28.wav,চিনি ছাড়া চা দিন।,noakhali
sentence_29.wav,dataset/chunks/noakhali/noa_cate_03/sentence_29.wav,এখানে কি ব্রেকফাস্ট পাওয়া যায়?,noakhali
sentence_30.wav,dataset/chunks/noakhali/noa_cate_03/sentence_30.wav,দুপুরের খাবার কখন শুরু হয়?,noakhali
sentence_31.wav,dataset/chunks/noakhali/noa_cate_03/sentence_31.wav,রাতের খাবার কখন পরিবেশন করা হয়?,noakhali
sentence_32.wav,dataset/chunks/noakhali/noa_cate_03/sentence_32.wav,আমি মাছের তরকারি চাই।,noakhali
sentence_33.wav,dataset/chunks/noakhali/noa_cate_03/sentence_33.wav,গরুর মাংস আছে?,noakhali
sentence_34.wav,dataset/chunks/noakhali/noa_cate_03/sentence_34.wav,এই স্যুপটি গরম কি?,noakhali
sentence_35.wav,dataset/chunks/noakhali/noa_cate_03/sentence_35.wav,একটু লেবু দিন।,noakhali
sentence_36.wav,dataset/chunks/noakhali/noa_cate_03/sentence_36.wav,এই রেস্টুরেন্ট খুব পরিষ্কার।,noakhali
sentence_37.wav,dataset/chunks/noakhali/noa_cate_03/sentence_37.wav,পরিবেশটি খুব সুন্দর।,noakhali
sentence_38.wav,dataset/chunks/noakhali/noa_cate_03/sentence_38.wav,খাবার পরিবেশন দ্রুত হয়েছে।,noakhali
sentence_39.wav,dataset/chunks/noakhali/noa_cate_03/sentence_39.wav,খাবার পরিবেশন দেরিতে হয়েছে।,noakhali
sentence_40.wav,dataset/chunks/noakhali/noa_cate_03/sentence_40.wav,আর কিছু লাগবে?,noakhali
sentence_41.wav,dataset/chunks/noakhali/noa_cate_03/sentence_41.wav,আমি আরও ভাত চাই।,noakhali
sentence_42.wav,dataset/chunks/noakhali/noa_cate_03/sentence_42.wav,একটু ঝোল দিন।,noakhali
sentence_43.wav,dataset/chunks/noakhali/noa_cate_03/sentence_43.wav,এটি কি তাজা রান্না?,noakhali
sentence_44.wav,dataset/chunks/noakhali/noa_cate_03/sentence_44.wav,এখানে কি পরিবার নিয়ে বসা যায়?,noakhali
sentence_45.wav,dataset/chunks/noakhali/noa_cate_03/sentence_45.wav,শিশুদের জন্য আলাদা চেয়ার আছে?,noakhali
sentence_46.wav,dataset/chunks/noakhali/noa_cate_03/sentence_46.wav,খাবারটি খুব গরম।,noakhali
sentence_47.wav,dataset/chunks/noakhali/noa_cate_03/sentence_47.wav,এটি খুব ঠান্ডা।,noakhali
sentence_48.wav,dataset/chunks/noakhali/noa_cate_03/sentence_48.wav,এখানে কি অনলাইনে অর্ডার করা যায়?,noakhali
sentence_49.wav,dataset/chunks/noakhali/noa_cate_03/sentence_49.wav,ডেলিভারি কত সময় লাগে?,noakhali
sentence_50.wav,dataset/chunks/noakhali/noa_cate_03/sentence_50.wav,এই খাবারটির দাম কত?,noakhali
sentence_51.wav,dataset/chunks/noakhali/noa_cate_03/sentence_51.wav,আমি অল্প পরিমাণ চাই।,noakhali
sentence_52.wav,dataset/chunks/noakhali/noa_cate_03/sentence_52.wav,বড় পরিমাণ দিন।,noakhali
sentence_53.wav,dataset/chunks/noakhali/noa_cate_03/sentence_53.wav,এই খাবারটি খুব মিষ্টি।,noakhali
sentence_54.wav,dataset/chunks/noakhali/noa_cate_03/sentence_54.wav,এটি কি ঝাল কম করা যাবে?,noakhali
sentence_55.wav,dataset/chunks/noakhali/noa_cate_03/sentence_55.wav,আরেক গ্লাস পানি দিন।,noakhali
sentence_56.wav,dataset/chunks/noakhali/noa_cate_03/sentence_56.wav,আমি ধন্যবাদ জানাই।,noakhali
sentence_57.wav,dataset/chunks/noakhali/noa_cate_03/sentence_57.wav,পরিষেবা খুব ভালো ছিল।,noakhali
sentence_58.wav,dataset/chunks/noakhali/noa_cate_03/sentence_58.wav,পরিষেবা উন্নত করা দরকার।,noakhali
sentence_59.wav,dataset/chunks/noakhali/noa_cate_03/sentence_59.wav,আমি এই রেস্টুরেন্টটি পছন্দ করি।,noakhali
sentence_60.wav,dataset/chunks/noakhali/noa_cate_03/sentence_60.wav,এটি কি এয়ার কন্ডিশনড?,noakhali
sentence_61.wav,dataset/chunks/noakhali/noa_cate_03/sentence_61.wav,বাইরে বসার ব্যবস্থা আছে?,noakhali
sentence_62.wav,dataset/chunks/noakhali/noa_cate_03/sentence_62.wav,খাবারে অ্যালার্জির উপাদান আছে?,noakhali
sentence_63.wav,dataset/chunks/noakhali/noa_cate_03/sentence_63.wav,আমি বাদাম খেতে পারি না।,noakhali
sentence_64.wav,dataset/chunks/noakhali/noa_cate_03/sentence_64.wav,এটি কি গ্লুটেন মুক্ত?,noakhali
sentence_65.wav,dataset/chunks/noakhali/noa_cate_03/sentence_65.wav,আমাকে একটি ন্যাপকিন দিন।,noakhali
sentence_66.wav,dataset/chunks/noakhali/noa_cate_03/sentence_66.wav,খাবার খুব ভালো লেগেছে।,noakhali
sentence_67.wav,dataset/chunks/noakhali/noa_cate_03/sentence_67.wav,আবার আসবো।,noakhali
sentence_68.wav,dataset/chunks/noakhali/noa_cate_03/sentence_68.wav,এখানে কি বুফে আছে?,noakhali
sentence_69.wav,dataset/chunks/noakhali/noa_cate_03/sentence_69.wav,বুফের দাম কত?,noakhali
sentence_70.wav,dataset/chunks/noakhali/noa_cate_03/sentence_70.wav,"ধন্যবাদ, বিদায়।",noakhali
sentence_01.wav,dataset/chunks/noakhali/noa_cate_04/sentence_01.wav,আমি বাংলাদেশের কিছু দর্শনীয় স্থান দেখতে চাই।,noakhali
sentence_02.wav,dataset/chunks/noakhali/noa_cate_04/sentence_02.wav,এই জায়গাটি কখন খোলা থাকে?,noakhali
sentence_03.wav,dataset/chunks/noakhali/noa_cate_04/sentence_03.wav,টিকিটের দাম কত?,noakhali
sentence_04.wav,dataset/chunks/noakhali/noa_cate_04/sentence_04.wav,আমাকে একটি গাইড দরকার।,noakhali
sentence_05.wav,dataset/chunks/noakhali/noa_cate_04/sentence_05.wav,আমরা গ্রুপে ঘুরতে এসেছি।,noakhali
sentence_06.wav,dataset/chunks/noakhali/noa_cate_04/sentence_06.wav,ছবি তোলা যাবে কি?,noakhali
sentence_07.wav,dataset/chunks/noakhali/noa_cate_04/sentence_07.wav,এই দর্শনীয় স্থানটি খুব সুন্দর।,noakhali
sentence_08.wav,dataset/chunks/noakhali/noa_cate_04/sentence_08.wav,আমাকে মানচিত্র দেখান।,noakhali
sentence_09.wav,dataset/chunks/noakhali/noa_cate_04/sentence_09.wav,আমি সকাল ১০টায় পৌঁছেছি।,noakhali
sentence_10.wav,dataset/chunks/noakhali/noa_cate_04/sentence_10.wav,পর্যটকরা এখানে খুব বেশি।,noakhali
sentence_11.wav,dataset/chunks/noakhali/noa_cate_04/sentence_11.wav,আমাকে হোটেলের ঠিকানা দিন।,noakhali
sentence_12.wav,dataset/chunks/noakhali/noa_cate_04/sentence_12.wav,এই জায়গায় কি খাবার পাওয়া যায়?,noakhali
sentence_13.wav,dataset/chunks/noakhali/noa_cate_04/sentence_13.wav,আমরা তিন ঘণ্টা থাকবো।,noakhali
sentence_14.wav,dataset/chunks/noakhali/noa_cate_04/sentence_14.wav,জলের পাশে ছবি তুলুন।,noakhali
sentence_15.wav,dataset/chunks/noakhali/noa_cate_04/sentence_15.wav,সুন্দর দিকটি দেখুন।,noakhali
sentence_16.wav,dataset/chunks/noakhali/noa_cate_04/sentence_16.wav,আমাদের গাইড কি বাংলায় কথা বলতে পারে?,noakhali
sentence_17.wav,dataset/chunks/noakhali/noa_cate_04/sentence_17.wav,পার্কিং এর জায়গা কোথায়?,noakhali
sentence_18.wav,dataset/chunks/noakhali/noa_cate_04/sentence_18.wav,এখানে কি নৌকা ভাড়া পাওয়া যায়?,noakhali
sentence_19.wav,dataset/chunks/noakhali/noa_cate_04/sentence_19.wav,আমি নদীর উপর ভ্রমণ করতে চাই।,noakhali
sentence_20.wav,dataset/chunks/noakhali/noa_cate_04/sentence_20.wav,আমাদের আরও তথ্য দরকার।,noakhali
sentence_21.wav,dataset/chunks/noakhali/noa_cate_04/sentence_21.wav,এই জায়গাটি ইতিহাসে গুরুত্বপূর্ণ।,noakhali
sentence_22.wav,dataset/chunks/noakhali/noa_cate_04/sentence_22.wav,আপনি কি গাইড সার্ভিস করেন?,noakhali
sentence_23.wav,dataset/chunks/noakhali/noa_cate_04/sentence_23.wav,আমি সকালবেলা আবার আসব।,noakhali
sentence_24.wav,dataset/chunks/noakhali/noa_cate_04/sentence_24.wav,আমাকে দুইজনের জন্য টিকিট দিন।,noakhali
sentence_25.wav,dataset/chunks/noakhali/noa_cate_04/sentence_25.wav,এখানে কি কোনো ছাড় আছে?,noakhali
sentence_26.wav,dataset/chunks/noakhali/noa_cate_04/sentence_26.wav,আমাদের ছবি তুলতে সাহায্য করুন।,noakhali
sentence_27.wav,dataset/chunks/noakhali/noa_cate_04/sentence_27.wav,এই দিক দিয়ে হাঁটুন।,noakhali
sentence_28.wav,dataset/chunks/noakhali/noa_cate_04/sentence_28.wav,দর্শকরা এখানে অনেক ছবি তুলছে।,noakhali
sentence_29.wav,dataset/chunks/noakhali/noa_cate_04/sentence_29.wav,আমি মিউজিয়াম ঘুরতে চাই।,noakhali
sentence_30.wav,dataset/chunks/noakhali/noa_cate_04/sentence_30.wav,রেস্টুরেন্টটি খুব কাছে।,noakhali
sentence_31.wav,dataset/chunks/noakhali/noa_cate_04/sentence_31.wav,আমরা পিকনিক করতে এসেছি।,noakhali
sentence_32.wav,dataset/chunks/noakhali/noa_cate_04/sentence_32.wav,এই জায়গার ইতিহাস জানতে চাই।,noakhali
sentence_33.wav,dataset/chunks/noakhali/noa_cate_04/sentence_33.wav,বিকেলের দিকে ছবি তুলুন।,noakhali
sentence_34.wav,dataset/chunks/noakhali/noa_cate_04/sentence_34.wav,আমার বন্ধু মানচিত্র পড়তে পারছে না।,noakhali
sentence_35.wav,dataset/chunks/noakhali/noa_cate_04/sentence_35.wav,এখানে কি গাইড পাওয়া যাবে?,noakhali
sentence_36.wav,dataset/chunks/noakhali/noa_cate_04/sentence_36.wav,আমরা পাহাড় দেখতে চাই।,noakhali
sentence_37.wav,dataset/chunks/noakhali/noa_cate_04/sentence_37.wav,সৈকত খুব সুন্দর।,noakhali
sentence_38.wav,dataset/chunks/noakhali/noa_cate_04/sentence_38.wav,জলস্রোতের ছবি তোলা উচিত।,noakhali
sentence_39.wav,dataset/chunks/noakhali/noa_cate_04/sentence_39.wav,গাইড কি আমাদের পথে নিয়ে যাবে?,noakhali
sentence_40.wav,dataset/chunks/noakhali/noa_cate_04/sentence_40.wav,আমরা সকাল ৮টায় বের হব।,noakhali
sentence_41.wav,dataset/chunks/noakhali/noa_cate_04/sentence_41.wav,এখানে কি টিকেট ছাড়া প্রবেশ সম্ভব?,noakhali
sentence_42.wav,dataset/chunks/noakhali/noa_cate_04/sentence_42.wav,ভ্রমণকারীরা খুব আনন্দ করছে।,noakhali
sentence_43.wav,dataset/chunks/noakhali/noa_cate_04/sentence_43.wav,আমি এখানে শপিং করতে চাই।,noakhali
sentence_44.wav,dataset/chunks/noakhali/noa_cate_04/sentence_44.wav,এই দিকটি খুব রোমাঞ্চকর।,noakhali
sentence_45.wav,dataset/chunks/noakhali/noa_cate_04/sentence_45.wav,আমাদের গাইড রাতের দিকে ফেরার সময় বলে।,noakhali
sentence_46.wav,dataset/chunks/noakhali/noa_cate_04/sentence_46.wav,ছবি তোলার জন্য আলো ঠিক আছে।,noakhali
sentence_47.wav,dataset/chunks/noakhali/noa_cate_04/sentence_47.wav,আমাদের গাইড নদের উপর নৌকা ভাড়া দেখিয়েছে।,noakhali
sentence_48.wav,dataset/chunks/noakhali/noa_cate_04/sentence_48.wav,এখানে কি কোনো মিউজিয়াম আছে?,noakhali
sentence_49.wav,dataset/chunks/noakhali/noa_cate_04/sentence_49.wav,আমরা পাহাড়ে ট্রেক করতে চাই।,noakhali
sentence_50.wav,dataset/chunks/noakhali/noa_cate_04/sentence_50.wav,এই স্থানের ইতিহাস অনেক পুরনো।,noakhali
sentence_51.wav,dataset/chunks/noakhali/noa_cate_04/sentence_51.wav,আমাদের ছবি তুলতে সময় লাগছে।,noakhali
sentence_52.wav,dataset/chunks/noakhali/noa_cate_04/sentence_52.wav,আমি সুভর্ণভূমি দেখতে চাই।,noakhali
sentence_53.wav,dataset/chunks/noakhali/noa_cate_04/sentence_53.wav,ট্রিপটি খুব মজার।,noakhali
sentence_54.wav,dataset/chunks/noakhali/noa_cate_04/sentence_54.wav,আমাদের হোটেল থেকে খুব দূরে নয়।,noakhali
sentence_55.wav,dataset/chunks/noakhali/noa_cate_04/sentence_55.wav,আমরা সকালে যাওয়ার পরিকল্পনা করেছি।,noakhali
sentence_56.wav,dataset/chunks/noakhali/noa_cate_04/sentence_56.wav,দিক নির্দেশনা অনুসরণ করুন।,noakhali
sentence_57.wav,dataset/chunks/noakhali/noa_cate_04/sentence_57.wav,দর্শনার্থীরা গাইডের কথা শুনছে।,noakhali
sentence_58.wav,dataset/chunks/noakhali/noa_cate_04/sentence_58.wav,আমি পোর্ট্রেট ছবি তুলতে চাই।,noakhali
sentence_59.wav,dataset/chunks/noakhali/noa_cate_04/sentence_59.wav,এখানে পর্যটন তথ্য কেন্দ্র আছে।,noakhali
sentence_60.wav,dataset/chunks/noakhali/noa_cate_04/sentence_60.wav,আমরা গ্রুপ ছবি তুলব।,noakhali
sentence_61.wav,dataset/chunks/noakhali/noa_cate_04/sentence_61.wav,আমাদের আরও কিছু সময় দরকার।,noakhali
sentence_62.wav,dataset/chunks/noakhali/noa_cate_04/sentence_62.wav,নদীর পাশে হাঁটতে চাই।,noakhali
sentence_63.wav,dataset/chunks/noakhali/noa_cate_04/sentence_63.wav,গাইড আমাদের নৌকায় নিয়ে যাবে।,noakhali
sentence_64.wav,dataset/chunks/noakhali/noa_cate_04/sentence_64.wav,এখানে ঝর্ণার ছবি তোলা যেতে পারে।,noakhali
sentence_65.wav,dataset/chunks/noakhali/noa_cate_04/sentence_65.wav,আমরা সব দর্শনীয় স্থান ঘুরে দেখব।,noakhali
sentence_66.wav,dataset/chunks/noakhali/noa_cate_04/sentence_66.wav,এই জায়গাটি খুব শান্ত।,noakhali
sentence_67.wav,dataset/chunks/noakhali/noa_cate_04/sentence_67.wav,আমি রাতের ভ্রমণ পছন্দ করি।,noakhali
sentence_68.wav,dataset/chunks/noakhali/noa_cate_04/sentence_68.wav,আমাদের হোটেল থেকে বাসস্ট্যান্ড দূরে নয়।,noakhali
sentence_69.wav,dataset/chunks/noakhali/noa_cate_04/sentence_69.wav,আমরা সকালের দিকে ছবি তুলব।,noakhali
sentence_70.wav,dataset/chunks/noakhali/noa_cate_04/sentence_70.wav,এই জায়গা সত্যিই স্মরণীয়।,noakhali
sentence_01.wav,dataset/chunks/noakhali/noa_cate_05/sentence_01.wav,আমার মাথা ব্যথা করছে।,noakhali
sentence_02.wav,dataset/chunks/noakhali/noa_cate_05/sentence_02.wav,কাছাকাছি হাসপাতাল কোথায়?,noakhali
sentence_03.wav,dataset/chunks/noakhali/noa_cate_05/sentence_03.wav,ডাক্তারের জন্য কীভাবে অ্যাপয়েন্টমেন্ট নেব?,noakhali
sentence_04.wav,dataset/chunks/noakhali/noa_cate_05/sentence_04.wav,আমাকে একটি ওষুধের দোকান দেখান।,noakhali
sentence_05.wav,dataset/chunks/noakhali/noa_cate_05/sentence_05.wav,আমি জ্বর অনুভব করছি।,noakhali
sentence_06.wav,dataset/chunks/noakhali/noa_cate_05/sentence_06.wav,আমি দুর্ঘটনার শিকার হয়েছি।,noakhali
sentence_07.wav,dataset/chunks/noakhali/noa_cate_05/sentence_07.wav,হাসপাতালে কত সময় লাগবে পৌঁছাতে?,noakhali
sentence_08.wav,dataset/chunks/noakhali/noa_cate_05/sentence_08.wav,আমার পায়ে চোট লেগেছে।,noakhali
sentence_09.wav,dataset/chunks/noakhali/noa_cate_05/sentence_09.wav,আমাকে হাসপাতালে নিয়ে যান।,noakhali
sentence_10.wav,dataset/chunks/noakhali/noa_cate_05/sentence_10.wav,আমি শ্বাসকষ্ট অনুভব করছি।,noakhali
sentence_11.wav,dataset/chunks/noakhali/noa_cate_05/sentence_11.wav,আমাকে দ্রুত সাহায্য করুন।,noakhali
sentence_12.wav,dataset/chunks/noakhali/noa_cate_05/sentence_12.wav,ডাক্তার কখন উপস্থিত থাকবেন?,noakhali
sentence_13.wav,dataset/chunks/noakhali/noa_cate_05/sentence_13.wav,আমার শিশু অসুস্থ।,noakhali
sentence_14.wav,dataset/chunks/noakhali/noa_cate_05/sentence_14.wav,আমার পেটে ব্যথা করছে।,noakhali
sentence_15.wav,dataset/chunks/noakhali/noa_cate_05/sentence_15.wav,ওষুধের নাম কী?,noakhali
sentence_16.wav,dataset/chunks/noakhali/noa_cate_05/sentence_16.wav,আমি ধমনীতে ব্যথা অনুভব করছি।,noakhali
sentence_17.wav,dataset/chunks/noakhali/noa_cate_05/sentence_17.wav,এটি কি জরুরি অবস্থা?,noakhali
sentence_18.wav,dataset/chunks/noakhali/noa_cate_05/sentence_18.wav,আমি অলস লাগছে।,noakhali
sentence_19.wav,dataset/chunks/noakhali/noa_cate_05/sentence_19.wav,আমার চোখে সমস্যা হচ্ছে।,noakhali
sentence_20.wav,dataset/chunks/noakhali/noa_cate_05/sentence_20.wav,ডাক্তার কি বাংলা বলতে পারেন?,noakhali
sentence_21.wav,dataset/chunks/noakhali/noa_cate_05/sentence_21.wav,আমি অ্যালার্জি আক্রান্ত।,noakhali
sentence_22.wav,dataset/chunks/noakhali/noa_cate_05/sentence_22.wav,আমার সর্দি কাশি আছে।,noakhali
sentence_23.wav,dataset/chunks/noakhali/noa_cate_05/sentence_23.wav,হাসপাতালে কি ভিড় বেশি?,noakhali
sentence_24.wav,dataset/chunks/noakhali/noa_cate_05/sentence_24.wav,আমাকে একটি ব্যান্ডেজ দিন।,noakhali
sentence_25.wav,dataset/chunks/noakhali/noa_cate_05/sentence_25.wav,আমার দাঁতে ব্যথা করছে।,noakhali
sentence_26.wav,dataset/chunks/noakhali/noa_cate_05/sentence_26.wav,এখানে কি জরুরি ওষুধ পাওয়া যায়?,noakhali
sentence_27.wav,dataset/chunks/noakhali/noa_cate_05/sentence_27.wav,"আমি অসুস্থ, আমার বিশ্রাম প্রয়োজন।",noakhali
sentence_28.wav,dataset/chunks/noakhali/noa_cate_05/sentence_28.wav,আপনার ওষুধের পরিমাণ কত?,noakhali
sentence_29.wav,dataset/chunks/noakhali/noa_cate_05/sentence_29.wav,আমার পায়ে জ্বালা অনুভব হচ্ছে।,noakhali
sentence_30.wav,dataset/chunks/noakhali/noa_cate_05/sentence_30.wav,হাসপাতালে কি ডাক্তার সারাদিন থাকে?,noakhali
sentence_31.wav,dataset/chunks/noakhali/noa_cate_05/sentence_31.wav,আমাকে দ্রুত ট্যাক্সি দিন।,noakhali
sentence_32.wav,dataset/chunks/noakhali/noa_cate_05/sentence_32.wav,আমি গলা ব্যথা অনুভব করছি।,noakhali
sentence_33.wav,dataset/chunks/noakhali/noa_cate_05/sentence_33.wav,আমার হাতে কাটা গেছে।,noakhali
sentence_34.wav,dataset/chunks/noakhali/noa_cate_05/sentence_34.wav,এখানে কি স্বাস্থ্য পরীক্ষা করা যায়?,noakhali
sentence_35.wav,dataset/chunks/noakhali/noa_cate_05/sentence_35.wav,আমার পেট খারাপ লাগছে।,noakhali
sentence_36.wav,dataset/chunks/noakhali/noa_cate_05/sentence_36.wav,আমার চুল পড়ছে।,noakhali
sentence_37.wav,dataset/chunks/noakhali/noa_cate_05/sentence_37.wav,কি ওষুধ খাবো?,noakhali
sentence_38.wav,dataset/chunks/noakhali/noa_cate_05/sentence_38.wav,আমার শ্বাসনালি ব্যথা করছে।,noakhali
sentence_39.wav,dataset/chunks/noakhali/noa_cate_05/sentence_39.wav,আমার ডায়াবেটিস আছে।,noakhali
sentence_40.wav,dataset/chunks/noakhali/noa_cate_05/sentence_40.wav,আমাকে ইনজেকশন দেওয়া দরকার।,noakhali
sentence_41.wav,dataset/chunks/noakhali/noa_cate_05/sentence_41.wav,আমাকে ব্যথা উপশমের জন্য কিছু দিন।,noakhali
sentence_42.wav,dataset/chunks/noakhali/noa_cate_05/sentence_42.wav,আমি দুর্বল লাগছি।,noakhali
sentence_43.wav,dataset/chunks/noakhali/noa_cate_05/sentence_43.wav,আমার নাক দিয়ে রক্ত পড়ছে।,noakhali
sentence_44.wav,dataset/chunks/noakhali/noa_cate_05/sentence_44.wav,ডাক্তার কি এখন ফ্রি আছেন?,noakhali
sentence_45.wav,dataset/chunks/noakhali/noa_cate_05/sentence_45.wav,আমার বুক ব্যথা করছে।,noakhali
sentence_46.wav,dataset/chunks/noakhali/noa_cate_05/sentence_46.wav,আমার চোখ লাল হয়ে গেছে।,noakhali
sentence_47.wav,dataset/chunks/noakhali/noa_cate_05/sentence_47.wav,কি টেস্ট করাতে হবে?,noakhali
sentence_48.wav,dataset/chunks/noakhali/noa_cate_05/sentence_48.wav,আমি বুকধড় ধড় করছি।,noakhali
sentence_49.wav,dataset/chunks/noakhali/noa_cate_05/sentence_49.wav,হাসপাতালে কি অ্যাম্বুল্যান্স আছে?,noakhali
sentence_50.wav,dataset/chunks/noakhali/noa_cate_05/sentence_50.wav,আমার চামড়ায় চুলকানি হচ্ছে।,noakhali
sentence_51.wav,dataset/chunks/noakhali/noa_cate_05/sentence_51.wav,ওষুধটি কখন খাবো?,noakhali
sentence_52.wav,dataset/chunks/noakhali/noa_cate_05/sentence_52.wav,আমার কানে ব্যথা করছে।,noakhali
sentence_53.wav,dataset/chunks/noakhali/noa_cate_05/sentence_53.wav,আমাকে রক্ত পরীক্ষা করাতে হবে।,noakhali
sentence_54.wav,dataset/chunks/noakhali/noa_cate_05/sentence_54.wav,আমি গরমে অসুস্থ।,noakhali
sentence_55.wav,dataset/chunks/noakhali/noa_cate_05/sentence_55.wav,আমার দাঁতের ইনফেকশন হয়েছে।,noakhali
sentence_56.wav,dataset/chunks/noakhali/noa_cate_05/sentence_56.wav,এখানে কি স্যালাইন দেওয়া হয়?,noakhali
sentence_57.wav,dataset/chunks/noakhali/noa_cate_05/sentence_57.wav,আমার পায়ের আঙুল ফোলা গেছে।,noakhali
sentence_58.wav,dataset/chunks/noakhali/noa_cate_05/sentence_58.wav,আমাকে ব্যথানাশক দিন।,noakhali
sentence_59.wav,dataset/chunks/noakhali/noa_cate_05/sentence_59.wav,কি খেলে সুস্থতা হবে?,noakhali
sentence_60.wav,dataset/chunks/noakhali/noa_cate_05/sentence_60.wav,আমি মাথা ঘোরাতে লাগছে।,noakhali
sentence_61.wav,dataset/chunks/noakhali/noa_cate_05/sentence_61.wav,হাসপাতালে কি ডাক্তার রাতেও থাকেন?,noakhali
sentence_62.wav,dataset/chunks/noakhali/noa_cate_05/sentence_62.wav,আমার গলার প্রদাহ আছে।,noakhali
sentence_63.wav,dataset/chunks/noakhali/noa_cate_05/sentence_63.wav,আমার শরীরে জ্বালা অনুভূত হচ্ছে।,noakhali
sentence_64.wav,dataset/chunks/noakhali/noa_cate_05/sentence_64.wav,আমাকে ওষুধের রিসিপি দিন।,noakhali
sentence_65.wav,dataset/chunks/noakhali/noa_cate_05/sentence_65.wav,কি ওষুধ বেশি কার্যকর?,noakhali
sentence_66.wav,dataset/chunks/noakhali/noa_cate_05/sentence_66.wav,আমার গায়ে র‍্যাশ হয়েছে।,noakhali
sentence_67.wav,dataset/chunks/noakhali/noa_cate_05/sentence_67.wav,আমি পায়ে ব্যথা অনুভব করছি।,noakhali
sentence_68.wav,dataset/chunks/noakhali/noa_cate_05/sentence_68.wav,হাসপাতালে কি অ্যাপয়েন্টমেন্ট লাগবে?,noakhali
sentence_69.wav,dataset/chunks/noakhali/noa_cate_05/sentence_69.wav,আমাকে দ্রুত দেখুন।,noakhali
sentence_70.wav,dataset/chunks/noakhali/noa_cate_05/sentence_70.wav,আমার পেট খুব ব্যথা করছে।,noakhali
sentence_01.wav,dataset/chunks/noakhali/noa_cate_06/sentence_01.wav,আপনার পরিবারে কয়জন সদস্য আছে?,noakhali
sentence_02.wav,dataset/chunks/noakhali/noa_cate_06/sentence_02.wav,আমার বাবা একজন শিক্ষক।,noakhali
sentence_03.wav,dataset/chunks/noakhali/noa_cate_06/sentence_03.wav,আপনি কোথায় বড় হয়েছেন?,noakhali
sentence_04.wav,dataset/chunks/noakhali/noa_cate_06/sentence_04.wav,আমার মা ঘরে থাকেন।,noakhali
sentence_05.wav,dataset/chunks/noakhali/noa_cate_06/sentence_05.wav,আপনার ভাইবোন আছে কি?,noakhali
sentence_06.wav,dataset/chunks/noakhali/noa_cate_06/sentence_06.wav,আমার এক ভাই ও দুই বোন আছে।,noakhali
sentence_07.wav,dataset/chunks/noakhali/noa_cate_06/sentence_07.wav,আমরা একসাথে ভ্রমণ করতে ভালোবাসি।,noakhali
sentence_08.wav,dataset/chunks/noakhali/noa_cate_06/sentence_08.wav,আপনার পছন্দের খাবার কী?,noakhali
sentence_09.wav,dataset/chunks/noakhali/noa_cate_06/sentence_09.wav,আমার ছোট বোন স্কুলে পড়ে।,noakhali
sentence_10.wav,dataset/chunks/noakhali/noa_cate_06/sentence_10.wav,আপনার বাবা কোথায় কাজ করেন?,noakhali
sentence_11.wav,dataset/chunks/noakhali/noa_cate_06/sentence_11.wav,আমার পরিবার সব সময় একসাথে খেতে বসে।,noakhali
sentence_12.wav,dataset/chunks/noakhali/noa_cate_06/sentence_12.wav,আপনার মা কি রান্না করতে ভালোবাসেন?,noakhali
sentence_13.wav,dataset/chunks/noakhali/noa_cate_06/sentence_13.wav,আমরা প্রতি বছর ঈদে মিলিত হই।,noakhali
sentence_14.wav,dataset/chunks/noakhali/noa_cate_06/sentence_14.wav,আপনার পছন্দের ছুটি কী?,noakhali
sentence_15.wav,dataset/chunks/noakhali/noa_cate_06/sentence_15.wav,আমার বাবা সকালবেলা হাঁটতে যান।,noakhali
sentence_16.wav,dataset/chunks/noakhali/noa_cate_06/sentence_16.wav,আপনার পরিবারে কারা রয়েছেন?,noakhali
sentence_17.wav,dataset/chunks/noakhali/noa_cate_06/sentence_17.wav,আমার দাদা আমাদের সঙ্গে থাকে।,noakhali
sentence_18.wav,dataset/chunks/noakhali/noa_cate_06/sentence_18.wav,আপনি কি বিবাহিত?,noakhali
sentence_19.wav,dataset/chunks/noakhali/noa_cate_06/sentence_19.wav,আমি বিবাহিত এবং আমার দুই সন্তান আছে।,noakhali
sentence_20.wav,dataset/chunks/noakhali/noa_cate_06/sentence_20.wav,আপনার বোন কি বিশ্ববিদ্যালয়ে পড়ে?,noakhali
sentence_21.wav,dataset/chunks/noakhali/noa_cate_06/sentence_21.wav,আমরা রোববার একসাথে সিনেমা দেখি।,noakhali
sentence_22.wav,dataset/chunks/noakhali/noa_cate_06/sentence_22.wav,আপনার পছন্দের পরিবারের অনুষ্ঠান কোনটি?,noakhali
sentence_23.wav,dataset/chunks/noakhali/noa_cate_06/sentence_23.wav,আমার বাবা মা আমাদের জন্য খুব যত্নশীল।,noakhali
sentence_24.wav,dataset/chunks/noakhali/noa_cate_06/sentence_24.wav,আপনার শিশুরা স্কুলে ভালো করছে কি?,noakhali
sentence_25.wav,dataset/chunks/noakhali/noa_cate_06/sentence_25.wav,আমার পরিবারের সবাই স্বাস্থ্যকর জীবনযাপন করে।,noakhali
sentence_26.wav,dataset/chunks/noakhali/noa_cate_06/sentence_26.wav,আপনি কোথায় বেড়ে উঠেছেন?,noakhali
sentence_27.wav,dataset/chunks/noakhali/noa_cate_06/sentence_27.wav,আমার পরিবার গ্রামে থাকে।,noakhali
sentence_28.wav,dataset/chunks/noakhali/noa_cate_06/sentence_28.wav,আপনার বাবা কি বিদেশে কাজ করেন?,noakhali
sentence_29.wav,dataset/chunks/noakhali/noa_cate_06/sentence_29.wav,আমি আমার পরিবারের সঙ্গে ছুটিতে যাই।,noakhali
sentence_30.wav,dataset/chunks/noakhali/noa_cate_06/sentence_30.wav,আপনার পরিবারে ছোট ছোট ভাইবোন আছে কি?,noakhali
sentence_31.wav,dataset/chunks/noakhali/noa_cate_06/sentence_31.wav,আমার ভাই ফুটবল খেলে।,noakhali
sentence_32.wav,dataset/chunks/noakhali/noa_cate_06/sentence_32.wav,আপনার মা কি কাজ করেন?,noakhali
sentence_33.wav,dataset/chunks/noakhali/noa_cate_06/sentence_33.wav,আমরা প্রতি সপ্তাহে একসাথে খাবার করি।,noakhali
sentence_34.wav,dataset/chunks/noakhali/noa_cate_06/sentence_34.wav,আপনার বাবা কি বাসায় থাকেন?,noakhali
sentence_35.wav,dataset/chunks/noakhali/noa_cate_06/sentence_35.wav,আমার পরিবারে সবাই একে অপরকে সাহায্য করে।,noakhali
sentence_36.wav,dataset/chunks/noakhali/noa_cate_06/sentence_36.wav,আপনি কত বছর ধরে বিবাহিত?,noakhali
sentence_37.wav,dataset/chunks/noakhali/noa_cate_06/sentence_37.wav,আমার বোন চিকিৎসা পড়াশোনা করছে।,noakhali
sentence_38.wav,dataset/chunks/noakhali/noa_cate_06/sentence_38.wav,আপনার বাবা মা কি এখনও কাজ করেন?,noakhali
sentence_39.wav,dataset/chunks/noakhali/noa_cate_06/sentence_39.wav,আমরা সবাই একসাথে হোলিডে যাই।,noakhali
sentence_40.wav,dataset/chunks/noakhali/noa_cate_06/sentence_40.wav,আপনার সন্তানদের নাম কী?,noakhali
sentence_41.wav,dataset/chunks/noakhali/noa_cate_06/sentence_41.wav,আমার ছেলে ফুটবল খেলতে ভালোবাসে।,noakhali
sentence_42.wav,dataset/chunks/noakhali/noa_cate_06/sentence_42.wav,আপনার পরিবারের বয়সী সদস্যরা কি সক্রিয়?,noakhali
sentence_43.wav,dataset/chunks/noakhali/noa_cate_06/sentence_43.wav,আমি আমার পরিবারের সঙ্গে সিনেমা দেখতে যাই।,noakhali
sentence_44.wav,dataset/chunks/noakhali/noa_cate_06/sentence_44.wav,আপনার মা কি রান্না ভালো করেন?,noakhali
sentence_45.wav,dataset/chunks/noakhali/noa_cate_06/sentence_45.wav,আমার বাবা সকালবেলা সংবাদ পড়েন।,noakhali
sentence_46.wav,dataset/chunks/noakhali/noa_cate_06/sentence_46.wav,আপনার বোনের পছন্দের কাজ কী?,noakhali
sentence_47.wav,dataset/chunks/noakhali/noa_cate_06/sentence_47.wav,আমরা বড়দিন একসাথে উদযাপন করি।,noakhali
sentence_48.wav,dataset/chunks/noakhali/noa_cate_06/sentence_48.wav,আমার পরিবারে কেউ বিদেশে থাকে।,noakhali
sentence_49.wav,dataset/chunks/noakhali/noa_cate_06/sentence_49.wav,আপনার পরিবারের সদস্যরা কি সুস্থ আছে?,noakhali
sentence_50.wav,dataset/chunks/noakhali/noa_cate_06/sentence_50.wav,আমি পরিবারকে খুব ভালোবাসি।,noakhali
sentence_51.wav,dataset/chunks/noakhali/noa_cate_06/sentence_51.wav,আপনার ভাইবোন কি আপনার সাথে থাকে?,noakhali
sentence_52.wav,dataset/chunks/noakhali/noa_cate_06/sentence_52.wav,আমার বাবা মা গ্রামের বাড়িতে থাকেন।,noakhali
sentence_53.wav,dataset/chunks/noakhali/noa_cate_06/sentence_53.wav,আমরা একসাথে খেলা করি।,noakhali
sentence_54.wav,dataset/chunks/noakhali/noa_cate_06/sentence_54.wav,আপনার পরিবারে কেউ চাকরিতে আছেন কি?,noakhali
sentence_55.wav,dataset/chunks/noakhali/noa_cate_06/sentence_55.wav,আমি আমার পরিবারের জন্য সব করি।,noakhali
sentence_56.wav,dataset/chunks/noakhali/noa_cate_06/sentence_56.wav,আপনার বাবা মা কি অবসরপ্রাপ্ত?,noakhali
sentence_57.wav,dataset/chunks/noakhali/noa_cate_06/sentence_57.wav,আমরা হোলিডেতে গ্রামের বাড়িতে যাই।,noakhali
sentence_58.wav,dataset/chunks/noakhali/noa_cate_06/sentence_58.wav,আমার ছোট ভাই স্কুলে ভালো করছে।,noakhali
sentence_59.wav,dataset/chunks/noakhali/noa_cate_06/sentence_59.wav,আপনার পরিবার কত ঘনিষ্ঠ?,noakhali
sentence_60.wav,dataset/chunks/noakhali/noa_cate_06/sentence_60.wav,আমরা প্রতি মাসে একসাথে বেড়াতে যাই।,noakhali
sentence_61.wav,dataset/chunks/noakhali/noa_cate_06/sentence_61.wav,আমার মা গল্প শুনাতে ভালোবাসেন।,noakhali
sentence_62.wav,dataset/chunks/noakhali/noa_cate_06/sentence_62.wav,আপনার বাবা কি কখনও ভ্রমণে যান?,noakhali
sentence_63.wav,dataset/chunks/noakhali/noa_cate_06/sentence_63.wav,আমি আমার পরিবারকে সব সময় সাহায্য করি।,noakhali
sentence_64.wav,dataset/chunks/noakhali/noa_cate_06/sentence_64.wav,আপনার ভাইবোন কি একে অপরকে সাহায্য করে?,noakhali
sentence_65.wav,dataset/chunks/noakhali/noa_cate_06/sentence_65.wav,আমরা পরিবারে জন্মদিন উদযাপন করি।,noakhali
sentence_66.wav,dataset/chunks/noakhali/noa_cate_06/sentence_66.wav,আমার পরিবারের সঙ্গে সময় কাটানো ভালো লাগে।,noakhali
sentence_67.wav,dataset/chunks/noakhali/noa_cate_06/sentence_67.wav,আপনার মা বাবা কি একসাথে আছেন?,noakhali
sentence_68.wav,dataset/chunks/noakhali/noa_cate_06/sentence_68.wav,আমার বাবা খুব কঠোর কিন্তু ভালো মানুষ।,noakhali
sentence_69.wav,dataset/chunks/noakhali/noa_cate_06/sentence_69.wav,আমরা পারিবারিক ছবি তুলি।,noakhali
sentence_70.wav,dataset/chunks/noakhali/noa_cate_06/sentence_70.wav,আমি আমার পরিবারের সুখের জন্য কাজ করি।,noakhali
sentence_01.wav,dataset/chunks/noakhali/noa_cate_07/sentence_01.wav,এই বছর ধানের ফলন কেমন হবে?,noakhali
sentence_02.wav,dataset/chunks/noakhali/noa_cate_07/sentence_02.wav,আমি মাছ চাষ শুরু করতে চাই।,noakhali
sentence_03.wav,dataset/chunks/noakhali/noa_cate_07/sentence_03.wav,বৃষ্টিপাত ঠিক আছে কি?,noakhali
sentence_04.wav,dataset/chunks/noakhali/noa_cate_07/sentence_04.wav,জমি প্রস্তুত করা হয়েছে।,noakhali
sentence_05.wav,dataset/chunks/noakhali/noa_cate_07/sentence_05.wav,ধানের বীজ কত লাগবে?,noakhali
sentence_06.wav,dataset/chunks/noakhali/noa_cate_07/sentence_06.wav,কীটনাশক প্রয়োগ করতে হবে।,noakhali
sentence_07.wav,dataset/chunks/noakhali/noa_cate_07/sentence_07.wav,আমি সবজি চাষ করি।,noakhali
sentence_08.wav,dataset/chunks/noakhali/noa_cate_07/sentence_08.wav,মাছের পুকুর কত বড়?,noakhali
sentence_09.wav,dataset/chunks/noakhali/noa_cate_07/sentence_09.wav,আমার ধান ভালোভাবে ফলন করছে।,noakhali
sentence_10.wav,dataset/chunks/noakhali/noa_cate_07/sentence_10.wav,সার দেওয়া হয়েছে।,noakhali
sentence_11.wav,dataset/chunks/noakhali/noa_cate_07/sentence_11.wav,কৃষকের জন্য কি সহায়তা আছে?,noakhali
sentence_12.wav,dataset/chunks/noakhali/noa_cate_07/sentence_12.wav,গবাদি পশুদের খাওয়ানো হয়েছে।,noakhali
sentence_13.wav,dataset/chunks/noakhali/noa_cate_07/sentence_13.wav,আবহাওয়া কেমন থাকবে?,noakhali
sentence_14.wav,dataset/chunks/noakhali/noa_cate_07/sentence_14.wav,বৃষ্টির অভাব ধানের জন্য ক্ষতিকর।,noakhali
sentence_15.wav,dataset/chunks/noakhali/noa_cate_07/sentence_15.wav,পুকুরে পানি পরীক্ষা করা হয়েছে।,noakhali
sentence_16.wav,dataset/chunks/noakhali/noa_cate_07/sentence_16.wav,আমি নতুন সার প্রয়োগ করব।,noakhali
sentence_17.wav,dataset/chunks/noakhali/noa_cate_07/sentence_17.wav,কীটপতঙ্গ ধ্বংস করতে হবে।,noakhali
sentence_18.wav,dataset/chunks/noakhali/noa_cate_07/sentence_18.wav,ধানের বীজ ভালো মানের কিনুন।,noakhali
sentence_19.wav,dataset/chunks/noakhali/noa_cate_07/sentence_19.wav,সবজি খুব দ্রুত বড় হচ্ছে।,noakhali
sentence_20.wav,dataset/chunks/noakhali/noa_cate_07/sentence_20.wav,মাছের পুকুরে খাবার দিন।,noakhali
sentence_21.wav,dataset/chunks/noakhali/noa_cate_07/sentence_21.wav,জমিতে আগাছা কাটা হয়েছে।,noakhali
sentence_22.wav,dataset/chunks/noakhali/noa_cate_07/sentence_22.wav,আমি নতুন পুকুর খনন করেছি।,noakhali
sentence_23.wav,dataset/chunks/noakhali/noa_cate_07/sentence_23.wav,এই ফসলের জন্য কত সার লাগবে?,noakhali
sentence_24.wav,dataset/chunks/noakhali/noa_cate_07/sentence_24.wav,গরু খুব ভালো অবস্থায় আছে।,noakhali
sentence_25.wav,dataset/chunks/noakhali/noa_cate_07/sentence_25.wav,ধান কেটে সংগ্রহ করা হয়েছে।,noakhali
sentence_26.wav,dataset/chunks/noakhali/noa_cate_07/sentence_26.wav,আমরা সবজি বাজারে বিক্রি করি।,noakhali
sentence_27.wav,dataset/chunks/noakhali/noa_cate_07/sentence_27.wav,মাটি পরীক্ষা করা হয়েছে।,noakhali
sentence_28.wav,dataset/chunks/noakhali/noa_cate_07/sentence_28.wav,পোকামাকড়ের আক্রমণ হয়েছে।,noakhali
sentence_29.wav,dataset/chunks/noakhali/noa_cate_07/sentence_29.wav,মাছের পুকুর পরিষ্কার করুন।,noakhali
sentence_30.wav,dataset/chunks/noakhali/noa_cate_07/sentence_30.wav,আমরা সার ও বীজ কিনব।,noakhali
sentence_31.wav,dataset/chunks/noakhali/noa_cate_07/sentence_31.wav,গবাদি পশুদের স্বাস্থ্য পরীক্ষা করা হয়েছে।,noakhali
sentence_32.wav,dataset/chunks/noakhali/noa_cate_07/sentence_32.wav,ধানের ফলন ভাল হয়েছে।,noakhali
sentence_33.wav,dataset/chunks/noakhali/noa_cate_07/sentence_33.wav,আমি নতুন চারা রোপণ করব।,noakhali
sentence_34.wav,dataset/chunks/noakhali/noa_cate_07/sentence_34.wav,আবহাওয়া পরিবর্তনশীল।,noakhali
sentence_35.wav,dataset/chunks/noakhali/noa_cate_07/sentence_35.wav,পুকুরে পানি কমে গেছে।,noakhali
sentence_36.wav,dataset/chunks/noakhali/noa_cate_07/sentence_36.wav,আমরা নতুন সার পরীক্ষা করব।,noakhali
sentence_37.wav,dataset/chunks/noakhali/noa_cate_07/sentence_37.wav,কি মাছের প্রজাতি ভালো ফলন দিচ্ছে?,noakhali
sentence_38.wav,dataset/chunks/noakhali/noa_cate_07/sentence_38.wav,জমি উর্বর।,noakhali
sentence_39.wav,dataset/chunks/noakhali/noa_cate_07/sentence_39.wav,ফসল রক্ষা করতে কী ব্যবস্থা নেওয়া হয়েছে?,noakhali
sentence_40.wav,dataset/chunks/noakhali/noa_cate_07/sentence_40.wav,আমরা গবাদি পশু বিক্রি করব।,noakhali
sentence_41.wav,dataset/chunks/noakhali/noa_cate_07/sentence_41.wav,ধানের ফসল শুকিয়ে গেছে।,noakhali
sentence_42.wav,dataset/chunks/noakhali/noa_cate_07/sentence_42.wav,পুকুরে নতুন মাছ ছাড়া হয়েছে।,noakhali
sentence_43.wav,dataset/chunks/noakhali/noa_cate_07/sentence_43.wav,আবহাওয়া খুব খারাপ।,noakhali
sentence_44.wav,dataset/chunks/noakhali/noa_cate_07/sentence_44.wav,আমরা সবজি রোপণ শুরু করেছি।,noakhali
sentence_45.wav,dataset/chunks/noakhali/noa_cate_07/sentence_45.wav,মাটির আর্দ্রতা ঠিক আছে কি?,noakhali
sentence_46.wav,dataset/chunks/noakhali/noa_cate_07/sentence_46.wav,সার দেওয়ার পর পানি দিন।,noakhali
sentence_47.wav,dataset/chunks/noakhali/noa_cate_07/sentence_47.wav,কীটনাশক কত দিন পর প্রয়োগ করতে হবে?,noakhali
sentence_48.wav,dataset/chunks/noakhali/noa_cate_07/sentence_48.wav,আমার ধান এখনও সবুজ।,noakhali
sentence_49.wav,dataset/chunks/noakhali/noa_cate_07/sentence_49.wav,গবাদি পশুদের জন্য খোরাক প্রস্তুত।,noakhali
sentence_50.wav,dataset/chunks/noakhali/noa_cate_07/sentence_50.wav,পুকুরের পানি পরীক্ষা করুন।,noakhali
sentence_51.wav,dataset/chunks/noakhali/noa_cate_07/sentence_51.wav,বৃষ্টি হলে ফসলের জন্য ভালো হবে।,noakhali
sentence_52.wav,dataset/chunks/noakhali/noa_cate_07/sentence_52.wav,আমরা নতুন সার প্রয়োগ করব।,noakhali
sentence_53.wav,dataset/chunks/noakhali/noa_cate_07/sentence_53.wav,কি সময়ে ধান কাটা উচিত?,noakhali
sentence_54.wav,dataset/chunks/noakhali/noa_cate_07/sentence_54.wav,পোকামাকড় ধ্বংস করা হয়েছে।,noakhali
sentence_55.wav,dataset/chunks/noakhali/noa_cate_07/sentence_55.wav,আমরা ফসল বিক্রি করব।,noakhali
sentence_56.wav,dataset/chunks/noakhali/noa_cate_07/sentence_56.wav,গবাদি পশুদের জন্য চিকিৎসা প্রয়োজন।,noakhali
sentence_57.wav,dataset/chunks/noakhali/noa_cate_07/sentence_57.wav,মাছের পুকুরে বেশি পানি ঢালুন।,noakhali
sentence_58.wav,dataset/chunks/noakhali/noa_cate_07/sentence_58.wav,আমরা কৃষি প্রদর্শনীতে যাব।,noakhali
sentence_59.wav,dataset/chunks/noakhali/noa_cate_07/sentence_59.wav,ধানের চারা ভালোভাবে জন্ম নিয়েছে।,noakhali
sentence_60.wav,dataset/chunks/noakhali/noa_cate_07/sentence_60.wav,ফসলের জন্য পানি দেওয়া হচ্ছে।,noakhali
sentence_61.wav,dataset/chunks/noakhali/noa_cate_07/sentence_61.wav,পোকামাকড়ের আক্রমণ কমে গেছে।,noakhali
sentence_62.wav,dataset/chunks/noakhali/noa_cate_07/sentence_62.wav,আমরা নতুন চারা কিনব।,noakhali
sentence_63.wav,dataset/chunks/noakhali/noa_cate_07/sentence_63.wav,কি মাছের খাদ্য ভালো ফলন দিচ্ছে?,noakhali
sentence_64.wav,dataset/chunks/noakhali/noa_cate_07/sentence_64.wav,জমি খুব উর্বর।,noakhali
sentence_65.wav,dataset/chunks/noakhali/noa_cate_07/sentence_65.wav,পুকুরের পানি পরিষ্কার রাখা হয়েছে।,noakhali
sentence_66.wav,dataset/chunks/noakhali/noa_cate_07/sentence_66.wav,আমি ধানের ক্ষেতে যাচ্ছি।,noakhali
sentence_67.wav,dataset/chunks/noakhali/noa_cate_07/sentence_67.wav,ফসল রক্ষা করতে কৃষক সতর্ক।,noakhali
sentence_68.wav,dataset/chunks/noakhali/noa_cate_07/sentence_68.wav,আমরা গবাদি পশু বিক্রির পরিকল্পনা করেছি।,noakhali
sentence_69.wav,dataset/chunks/noakhali/noa_cate_07/sentence_69.wav,ধানের ক্ষেতে জৈব সার প্রয়োগ করা হয়েছে।,noakhali
sentence_70.wav,dataset/chunks/noakhali/noa_cate_07/sentence_70.wav,আমাদের পুকুরে নতুন মাছ এসেছে।,noakhali
sentence_01.wav,dataset/chunks/noakhali/noa_cate_09/sentence_01.wav,আজ খুব গরম।,noakhali
sentence_02.wav,dataset/chunks/noakhali/noa_cate_09/sentence_02.wav,কাল বৃষ্টি হবে কি?,noakhali
sentence_03.wav,dataset/chunks/noakhali/noa_cate_09/sentence_03.wav,বাতাস কেমন চলছে?,noakhali
sentence_04.wav,dataset/chunks/noakhali/noa_cate_09/sentence_04.wav,আজ সূর্য ভালোভাবে উঠেছে।,noakhali
sentence_05.wav,dataset/chunks/noakhali/noa_cate_09/sentence_05.wav,তাপমাত্রা কত?,noakhali
sentence_06.wav,dataset/chunks/noakhali/noa_cate_09/sentence_06.wav,আজ মেঘলা দিন।,noakhali
sentence_07.wav,dataset/chunks/noakhali/noa_cate_09/sentence_07.wav,বাতাস খুব ঠান্ডা।,noakhali
sentence_08.wav,dataset/chunks/noakhali/noa_cate_09/sentence_08.wav,আজ দিনের আলো সুন্দর।,noakhali
sentence_09.wav,dataset/chunks/noakhali/noa_cate_09/sentence_09.wav,ঝড় আসছে কি?,noakhali
sentence_10.wav,dataset/chunks/noakhali/noa_cate_09/sentence_10.wav,আজ রাত খুব ঠান্ডা।,noakhali
sentence_11.wav,dataset/chunks/noakhali/noa_cate_09/sentence_11.wav,আকাশ পরিষ্কার।,noakhali
sentence_12.wav,dataset/chunks/noakhali/noa_cate_09/sentence_12.wav,বৃষ্টি শুরু হয়েছে।,noakhali
sentence_13.wav,dataset/chunks/noakhali/noa_cate_09/sentence_13.wav,তাপমাত্রা বেশি হলে গরম লাগবে।,noakhali
sentence_14.wav,dataset/chunks/noakhali/noa_cate_09/sentence_14.wav,ধুলোবালি কেটে গেছে।,noakhali
sentence_15.wav,dataset/chunks/noakhali/noa_cate_09/sentence_15.wav,জলবায়ু পরিবর্তন হচ্ছে।,noakhali
sentence_16.wav,dataset/chunks/noakhali/noa_cate_09/sentence_16.wav,আজ সূর্য ঝলমল করছে।,noakhali
sentence_17.wav,dataset/chunks/noakhali/noa_cate_09/sentence_17.wav,বাতাস কি বেশি তীব্র?,noakhali
sentence_18.wav,dataset/chunks/noakhali/noa_cate_09/sentence_18.wav,আজ দিনের তাপমাত্রা ৩৫°সেলসিয়াস।,noakhali
sentence_19.wav,dataset/chunks/noakhali/noa_cate_09/sentence_19.wav,আকাশে সবুজ মেঘ।,noakhali
sentence_20.wav,dataset/chunks/noakhali/noa_cate_09/sentence_20.wav,বৃষ্টির পর মাটি ভিজে গেছে।,noakhali
sentence_21.wav,dataset/chunks/noakhali/noa_cate_09/sentence_21.wav,আজ খুব আর্দ্রতা আছে।,noakhali
sentence_22.wav,dataset/chunks/noakhali/noa_cate_09/sentence_22.wav,কি ধরনের আবহাওয়া আপনার পছন্দ?,noakhali
sentence_23.wav,dataset/chunks/noakhali/noa_cate_09/sentence_23.wav,সূর্যাস্ত খুব সুন্দর হয়েছে।,noakhali
sentence_24.wav,dataset/chunks/noakhali/noa_cate_09/sentence_24.wav,আগামীকাল খুব ঠান্ডা হবে।,noakhali
sentence_25.wav,dataset/chunks/noakhali/noa_cate_09/sentence_25.wav,ঝড়ের পূর্বাভাস আছে।,noakhali
sentence_26.wav,dataset/chunks/noakhali/noa_cate_09/sentence_26.wav,বাতাসের দিক পরিবর্তিত হয়েছে।,noakhali
sentence_27.wav,dataset/chunks/noakhali/noa_cate_09/sentence_27.wav,আকাশে সূর্যোদয় দেখা যাচ্ছে।,noakhali
sentence_28.wav,dataset/chunks/noakhali/noa_cate_09/sentence_28.wav,আজ রাতের আকাশে তারা দেখা যাচ্ছে।,noakhali
sentence_29.wav,dataset/chunks/noakhali/noa_cate_09/sentence_29.wav,বাতাসে তীব্রতা আছে কি?,noakhali
sentence_30.wav,dataset/chunks/noakhali/noa_cate_09/sentence_30.wav,গ্রীষ্মকাল খুব গরম।,noakhali
sentence_31.wav,dataset/chunks/noakhali/noa_cate_09/sentence_31.wav,শীতকাল খুব ঠান্ডা।,noakhali
sentence_32.wav,dataset/chunks/noakhali/noa_cate_09/sentence_32.wav,আজকের আর্দ্রতা কেমন?,noakhali
sentence_33.wav,dataset/chunks/noakhali/noa_cate_09/sentence_33.wav,মেঘ কেটে গেছে।,noakhali
sentence_34.wav,dataset/chunks/noakhali/noa_cate_09/sentence_34.wav,ঝড়ের সময় বাইরে যাবেন না।,noakhali
sentence_35.wav,dataset/chunks/noakhali/noa_cate_09/sentence_35.wav,আজকের আকাশ নীল।,noakhali
sentence_36.wav,dataset/chunks/noakhali/noa_cate_09/sentence_36.wav,বাতাসে ধুলো আছে।,noakhali
sentence_37.wav,dataset/chunks/noakhali/noa_cate_09/sentence_37.wav,বৃষ্টির পর সবুজ গাছ আরও সুন্দর।,noakhali
sentence_38.wav,dataset/chunks/noakhali/noa_cate_09/sentence_38.wav,আজ খুব ধোঁয়া আছে।,noakhali
sentence_39.wav,dataset/chunks/noakhali/noa_cate_09/sentence_39.wav,আগামীকাল বৃষ্টি হবে কি?,noakhali
sentence_40.wav,dataset/chunks/noakhali/noa_cate_09/sentence_40.wav,আজ দুপুরে তাপমাত্রা কম।,noakhali
sentence_41.wav,dataset/chunks/noakhali/noa_cate_09/sentence_41.wav,সূর্য আকাশে উজ্জ্বল।,noakhali
sentence_42.wav,dataset/chunks/noakhali/noa_cate_09/sentence_42.wav,আজ বাতাস একটু ঠান্ডা।,noakhali
sentence_43.wav,dataset/chunks/noakhali/noa_cate_09/sentence_43.wav,ঝড়ের সময় কি precautions নিতে হবে?,noakhali
sentence_44.wav,dataset/chunks/noakhali/noa_cate_09/sentence_44.wav,আজকের আবহাওয়া স্বাভাবিক।,noakhali
sentence_45.wav,dataset/chunks/noakhali/noa_cate_09/sentence_45.wav,বৃষ্টি হলে রাস্তা ভিজে যাবে।,noakhali
sentence_46.wav,dataset/chunks/noakhali/noa_cate_09/sentence_46.wav,হাওয়া খুব নরম।,noakhali
sentence_47.wav,dataset/chunks/noakhali/noa_cate_09/sentence_47.wav,আজ সূর্য উঠার সময় দেরি হয়েছে।,noakhali
sentence_48.wav,dataset/chunks/noakhali/noa_cate_09/sentence_48.wav,আবহাওয়া রিপোর্ট কি হয়েছে?,noakhali
sentence_49.wav,dataset/chunks/noakhali/noa_cate_09/sentence_49.wav,আজকের তাপমাত্রা বেশী।,noakhali
sentence_50.wav,dataset/chunks/noakhali/noa_cate_09/sentence_50.wav,রাতে খুব ঠান্ডা হবে।,noakhali
sentence_51.wav,dataset/chunks/noakhali/noa_cate_09/sentence_51.wav,গ্রীষ্মের দিন দীর্ঘ।,noakhali
sentence_52.wav,dataset/chunks/noakhali/noa_cate_09/sentence_52.wav,শীতের রাত ছোট।,noakhali
sentence_53.wav,dataset/chunks/noakhali/noa_cate_09/sentence_53.wav,ঝড়ের কারণে বিদ্যুৎ চলে গেছে।,noakhali
sentence_54.wav,dataset/chunks/noakhali/noa_cate_09/sentence_54.wav,মেঘলা দিনে ছবি তোলা ভালো।,noakhali
sentence_55.wav,dataset/chunks/noakhali/noa_cate_09/sentence_55.wav,বাতাসে আর্দ্রতা বেশি।,noakhali
sentence_56.wav,dataset/chunks/noakhali/noa_cate_09/sentence_56.wav,কি ধরনের বাতাস চলছে?,noakhali
sentence_57.wav,dataset/chunks/noakhali/noa_cate_09/sentence_57.wav,আজ রাতের আকাশ পরিষ্কার।,noakhali
sentence_58.wav,dataset/chunks/noakhali/noa_cate_09/sentence_58.wav,বৃষ্টিপাত কম।,noakhali
sentence_59.wav,dataset/chunks/noakhali/noa_cate_09/sentence_59.wav,আগামীকাল তাপমাত্রা বাড়বে।,noakhali
sentence_60.wav,dataset/chunks/noakhali/noa_cate_09/sentence_60.wav,ঝড়ের সময় সড়ক নিরাপদ নয়।,noakhali
sentence_61.wav,dataset/chunks/noakhali/noa_cate_09/sentence_61.wav,আজ হালকা বৃষ্টি হচ্ছে।,noakhali
sentence_62.wav,dataset/chunks/noakhali/noa_cate_09/sentence_62.wav,বাতাসের তীব্রতা কমেছে।,noakhali
sentence_63.wav,dataset/chunks/noakhali/noa_cate_09/sentence_63.wav,আজকের সূর্যাস্ত সুন্দর।,noakhali
sentence_64.wav,dataset/chunks/noakhali/noa_cate_09/sentence_64.wav,কি সময়ে বৃষ্টি হবে?,noakhali
sentence_65.wav,dataset/chunks/noakhali/noa_cate_09/sentence_65.wav,আকাশে মেঘ অনেক।,noakhali
sentence_66.wav,dataset/chunks/noakhali/noa_cate_09/sentence_66.wav,আজ খুব শীতল দিন।,noakhali
sentence_67.wav,dataset/chunks/noakhali/noa_cate_09/sentence_67.wav,বাতাসের দিক পূর্ব।,noakhali
sentence_68.wav,dataset/chunks/noakhali/noa_cate_09/sentence_68.wav,হঠাৎ ঝড় এসেছে।,noakhali
sentence_69.wav,dataset/chunks/noakhali/noa_cate_09/sentence_69.wav,আজ খুব রৌদ্রজ্জ্বল।,noakhali
sentence_70.wav,dataset/chunks/noakhali/noa_cate_09/sentence_70.wav,আগামীকাল হালকা বাতাস থাকবে।,noakhali
sentence_01.wav,dataset/chunks/noakhali/noa_cate_10/sentence_01.wav,আপনি কিভাবে পহেলা বৈশাখ উদযাপন করেন?,noakhali
sentence_02.wav,dataset/chunks/noakhali/noa_cate_10/sentence_02.wav,আমি পহেলা বৈশাখে নতুন জামা পরি।,noakhali
sentence_03.wav,dataset/chunks/noakhali/noa_cate_10/sentence_03.wav,আমাদের গ্রামে ঈদ খুব বড় উৎসব।,noakhali
sentence_04.wav,dataset/chunks/noakhali/noa_cate_10/sentence_04.wav,আপনি পূজা কিভাবে পালন করেন?,noakhali
sentence_05.wav,dataset/chunks/noakhali/noa_cate_10/sentence_05.wav,আমরা দুর্গাপূজা দেখতে যাই।,noakhali
sentence_06.wav,dataset/chunks/noakhali/noa_cate_10/sentence_06.wav,আমার পরিবার নববর্ষ উদযাপন করে।,noakhali
sentence_07.wav,dataset/chunks/noakhali/noa_cate_10/sentence_07.wav,কি ধরনের খাবার উৎসবে থাকে?,noakhali
sentence_08.wav,dataset/chunks/noakhali/noa_cate_10/sentence_08.wav,আমরা ঈদের দিনে গিয়ে কার্ড দিই।,noakhali
sentence_09.wav,dataset/chunks/noakhali/noa_cate_10/sentence_09.wav,পহেলা বৈশাখে আমরা বাজারে যাই।,noakhali
sentence_10.wav,dataset/chunks/noakhali/noa_cate_10/sentence_10.wav,আমরা পহেলা বৈশাখে রঙিন পোশাক পরি।,noakhali
sentence_11.wav,dataset/chunks/noakhali/noa_cate_10/sentence_11.wav,হোলি আমাদের বন্ধুদের সঙ্গে খেলা হয়।,noakhali
sentence_12.wav,dataset/chunks/noakhali/noa_cate_10/sentence_12.wav,উৎসবে কি ধরনের গান বাজে?,noakhali
sentence_13.wav,dataset/chunks/noakhali/noa_cate_10/sentence_13.wav,আমরা লালবসন্ত উৎসব পালন করি।,noakhali
sentence_14.wav,dataset/chunks/noakhali/noa_cate_10/sentence_14.wav,আমাদের গ্রামে বর্ষবরণ খুব উৎসবমুখর।,noakhali
sentence_15.wav,dataset/chunks/noakhali/noa_cate_10/sentence_15.wav,পহেলা বৈশাখে নতুন বছরের জন্য শুভেচ্ছা বিনিময় করি।,noakhali
sentence_16.wav,dataset/chunks/noakhali/noa_cate_10/sentence_16.wav,আমরা ঈদে পরিবারের সঙ্গে ভ্রমণ করি।,noakhali
sentence_17.wav,dataset/chunks/noakhali/noa_cate_10/sentence_17.wav,দুর্গাপূজায় মন্দিরে ফুল সাজানো হয়।,noakhali
sentence_18.wav,dataset/chunks/noakhali/noa_cate_10/sentence_18.wav,কি ধরনের পোশাক উৎসবে পরা হয়?,noakhali
sentence_19.wav,dataset/chunks/noakhali/noa_cate_10/sentence_19.wav,নববর্ষে আমরা মিষ্টি খাই।,noakhali
sentence_20.wav,dataset/chunks/noakhali/noa_cate_10/sentence_20.wav,আমরা ঈদের সকালে নতুন জামা পরি।,noakhali
sentence_21.wav,dataset/chunks/noakhali/noa_cate_10/sentence_21.wav,পূজার সময় মন্দিরে ভিড় থাকে।,noakhali
sentence_22.wav,dataset/chunks/noakhali/noa_cate_10/sentence_22.wav,পহেলা বৈশাখে আমরা পার্কে যাই।,noakhali
sentence_23.wav,dataset/chunks/noakhali/noa_cate_10/sentence_23.wav,হোলিতে রঙ ব্যবহার করা হয়।,noakhali
sentence_24.wav,dataset/chunks/noakhali/noa_cate_10/sentence_24.wav,আমরা ভোরে পূজার অর্ঘ্য দিই।,noakhali
sentence_25.wav,dataset/chunks/noakhali/noa_cate_10/sentence_25.wav,ঈদে আমরা একে অপরকে শুভেচ্ছা জানাই।,noakhali
sentence_26.wav,dataset/chunks/noakhali/noa_cate_10/sentence_26.wav,উৎসবের জন্য নতুন সাজসজ্জা করা হয়েছে।,noakhali
sentence_27.wav,dataset/chunks/noakhali/noa_cate_10/sentence_27.wav,আমরা নববর্ষে গান গাই।,noakhali
sentence_28.wav,dataset/chunks/noakhali/noa_cate_10/sentence_28.wav,দুর্গাপূজায় কুমারী পূজা হয়।,noakhali
sentence_29.wav,dataset/chunks/noakhali/noa_cate_10/sentence_29.wav,কি ধরনের খেলাধুলা উৎসবে হয়?,noakhali
sentence_30.wav,dataset/chunks/noakhali/noa_cate_10/sentence_30.wav,আমরা হোলিতে একে অপরকে রঙ দিই।,noakhali
sentence_31.wav,dataset/chunks/noakhali/noa_cate_10/sentence_31.wav,উৎসবে আমরা নাচ গান করি।,noakhali
sentence_32.wav,dataset/chunks/noakhali/noa_cate_10/sentence_32.wav,ঈদের দিনে বাজারে ভিড় হয়।,noakhali
sentence_33.wav,dataset/chunks/noakhali/noa_cate_10/sentence_33.wav,পহেলা বৈশাখে আমরা মেলা দেখতে যাই।,noakhali
sentence_34.wav,dataset/chunks/noakhali/noa_cate_10/sentence_34.wav,নববর্ষে আমরা নতুন পরিকল্পনা করি।,noakhali
sentence_35.wav,dataset/chunks/noakhali/noa_cate_10/sentence_35.wav,দুর্গাপূজায় মন্দিরে আলোকসজ্জা করা হয়।,noakhali
sentence_36.wav,dataset/chunks/noakhali/noa_cate_10/sentence_36.wav,হোলিতে আমরা বন্ধুদের সঙ্গে মজা করি।,noakhali
sentence_37.wav,dataset/chunks/noakhali/noa_cate_10/sentence_37.wav,কি ধরনের খাবার পূজায় পরিবেশিত হয়?,noakhali
sentence_38.wav,dataset/chunks/noakhali/noa_cate_10/sentence_38.wav,আমরা নববর্ষে পরিবারকে উপহার দেই।,noakhali
sentence_39.wav,dataset/chunks/noakhali/noa_cate_10/sentence_39.wav,ঈদের সকালে আমরা মসজিদে যাই।,noakhali
sentence_40.wav,dataset/chunks/noakhali/noa_cate_10/sentence_40.wav,উৎসবে আমরা traditional পোশাক পরি।,noakhali
sentence_41.wav,dataset/chunks/noakhali/noa_cate_10/sentence_41.wav,পহেলা বৈশাখে আমরা রঙিন মিছিল করি।,noakhali
sentence_42.wav,dataset/chunks/noakhali/noa_cate_10/sentence_42.wav,হোলিতে আমরা বিভিন্ন রঙের জল ব্যবহার করি।,noakhali
sentence_43.wav,dataset/chunks/noakhali/noa_cate_10/sentence_43.wav,নববর্ষের অনুষ্ঠানে গান বাজানো হয়।,noakhali
sentence_44.wav,dataset/chunks/noakhali/noa_cate_10/sentence_44.wav,আমরা ঈদের দিনে প্রিয়জনের সঙ্গে খাবার খাই।,noakhali
sentence_45.wav,dataset/chunks/noakhali/noa_cate_10/sentence_45.wav,দুর্গাপূজায় প্রতিমা সাজানো হয়।,noakhali
sentence_46.wav,dataset/chunks/noakhali/noa_cate_10/sentence_46.wav,উৎসবে আমরা সবাই একসাথে আনন্দ করি।,noakhali
sentence_47.wav,dataset/chunks/noakhali/noa_cate_10/sentence_47.wav,পহেলা বৈশাখে নতুন বছরের শুরু হয়।,noakhali
sentence_48.wav,dataset/chunks/noakhali/noa_cate_10/sentence_48.wav,নববর্ষে আমরা খোলা আকাশের নিচে অনুষ্ঠান করি।,noakhali
sentence_49.wav,dataset/chunks/noakhali/noa_cate_10/sentence_49.wav,ঈদে আমরা একে অপরকে উপহার দেই।,noakhali
sentence_50.wav,dataset/chunks/noakhali/noa_cate_10/sentence_50.wav,হোলিতে শিশুদের আনন্দ বেশি।,noakhali
sentence_51.wav,dataset/chunks/noakhali/noa_cate_10/sentence_51.wav,আমরা পহেলা বৈশাখে রঙিন পুতুল তৈরি করি।,noakhali
sentence_52.wav,dataset/chunks/noakhali/noa_cate_10/sentence_52.wav,দুর্গাপূজায় মন্দিরে ভক্তদের ভিড় থাকে।,noakhali
sentence_53.wav,dataset/chunks/noakhali/noa_cate_10/sentence_53.wav,নববর্ষের দিনে আমরা traditional খাবার খাই।,noakhali
sentence_54.wav,dataset/chunks/noakhali/noa_cate_10/sentence_54.wav,হোলিতে আমরা গান বাজাই।,noakhali
sentence_55.wav,dataset/chunks/noakhali/noa_cate_10/sentence_55.wav,ঈদে আমরা পরিবারের সঙ্গে আনন্দ করি।,noakhali
sentence_56.wav,dataset/chunks/noakhali/noa_cate_10/sentence_56.wav,পহেলা বৈশাখে আমরা বাজার থেকে খাবার কিনি।,noakhali
sentence_57.wav,dataset/chunks/noakhali/noa_cate_10/sentence_57.wav,নববর্ষে আমরা cultural অনুষ্ঠানে অংশ নিই।,noakhali
sentence_58.wav,dataset/chunks/noakhali/noa_cate_10/sentence_58.wav,দুর্গাপূজায় আমরা মেলা দেখি।,noakhali
sentence_59.wav,dataset/chunks/noakhali/noa_cate_10/sentence_59.wav,হোলিতে আমরা একে অপরকে মিষ্টি দিই।,noakhali
sentence_60.wav,dataset/chunks/noakhali/noa_cate_10/sentence_60.wav,আমরা পহেলা বৈশাখে traditional নাচ করি।,noakhali
sentence_61.wav,dataset/chunks/noakhali/noa_cate_10/sentence_61.wav,নববর্ষে আমরা নতুন বছরের জন্য প্রার্থনা করি।,noakhali
sentence_62.wav,dataset/chunks/noakhali/noa_cate_10/sentence_62.wav,ঈদের সকালে আমরা মসজিদে যাওয়া শুরু করি।,noakhali
sentence_63.wav,dataset/chunks/noakhali/noa_cate_10/sentence_63.wav,হোলিতে আমরা বন্ধুদের সঙ্গে আনন্দ করি।,noakhali
sentence_64.wav,dataset/chunks/noakhali/noa_cate_10/sentence_64.wav,পহেলা বৈশাখে আমাদের গ্রামে মেলা হয়।,noakhali
sentence_65.wav,dataset/chunks/noakhali/noa_cate_10/sentence_65.wav,নববর্ষের অনুষ্ঠান সকাল থেকে শুরু হয়।,noakhali
sentence_66.wav,dataset/chunks/noakhali/noa_cate_10/sentence_66.wav,দুর্গাপূজায় শিশুদের জন্য খেলা হয়।,noakhali
sentence_67.wav,dataset/chunks/noakhali/noa_cate_10/sentence_67.wav,হোলিতে আমরা রঙিন পাউডার ব্যবহার করি।,noakhali
sentence_68.wav,dataset/chunks/noakhali/noa_cate_10/sentence_68.wav,ঈদে আমরা গ্রামের বাড়িতে যাই।,noakhali
sentence_69.wav,dataset/chunks/noakhali/noa_cate_10/sentence_69.wav,পহেলা বৈশাখে আমরা নতুন বছরের জন্য সুইট খাই।,noakhali
sentence_70.wav,dataset/chunks/noakhali/noa_cate_10/sentence_70.wav,নববর্ষে আমরা সকলের সঙ্গে আনন্দ ভাগ করি।,noakhali
sentence_01.wav,dataset/chunks/noakhali/noa_cate_11/sentence_01.wav,আপনার পরীক্ষা কবে?,noakhali
sentence_02.wav,dataset/chunks/noakhali/noa_cate_11/sentence_02.wav,আমি সকাল ৯টায় স্কুলে যাই।,noakhali
sentence_03.wav,dataset/chunks/noakhali/noa_cate_11/sentence_03.wav,আজ কোন বিষয়ের ক্লাস আছে?,noakhali
sentence_04.wav,dataset/chunks/noakhali/noa_cate_11/sentence_04.wav,আমি গণিত পড়াশোনা করছি।,noakhali
sentence_05.wav,dataset/chunks/noakhali/noa_cate_11/sentence_05.wav,আপনার শিক্ষক কে?,noakhali
sentence_06.wav,dataset/chunks/noakhali/noa_cate_11/sentence_06.wav,আমার ক্লাস খুব ছোট।,noakhali
sentence_07.wav,dataset/chunks/noakhali/noa_cate_11/sentence_07.wav,পরীক্ষা কঠিন হবে কি?,noakhali
sentence_08.wav,dataset/chunks/noakhali/noa_cate_11/sentence_08.wav,আমি আজ বাংলা পরীক্ষা দিচ্ছি।,noakhali
sentence_09.wav,dataset/chunks/noakhali/noa_cate_11/sentence_09.wav,আপনি কোন কলেজে পড়েন?,noakhali
sentence_10.wav,dataset/chunks/noakhali/noa_cate_11/sentence_10.wav,আমার বন্ধু বিজ্ঞান পড়ে।,noakhali
sentence_11.wav,dataset/chunks/noakhali/noa_cate_11/sentence_11.wav,আমরা স্কুলে প্রতিদিন ৬ ঘণ্টা পড়ি।,noakhali
sentence_12.wav,dataset/chunks/noakhali/noa_cate_11/sentence_12.wav,আপনার হোমওয়ার্ক শেষ হয়েছে কি?,noakhali
sentence_13.wav,dataset/chunks/noakhali/noa_cate_11/sentence_13.wav,আমি ইতিহাস পড়তে ভালোবাসি।,noakhali
sentence_14.wav,dataset/chunks/noakhali/noa_cate_11/sentence_14.wav,আপনার শিক্ষক ক্লাসে কঠোর কি?,noakhali
sentence_15.wav,dataset/chunks/noakhali/noa_cate_11/sentence_15.wav,আমরা লাইব্রেরিতে বই পড়ি।,noakhali
sentence_16.wav,dataset/chunks/noakhali/noa_cate_11/sentence_16.wav,পরীক্ষা কত নম্বরের?,noakhali
sentence_17.wav,dataset/chunks/noakhali/noa_cate_11/sentence_17.wav,আমার সহপাঠী খুব স্মার্ট।,noakhali
sentence_18.wav,dataset/chunks/noakhali/noa_cate_11/sentence_18.wav,আপনি কোন বিষয়ে দুর্বল?,noakhali
sentence_19.wav,dataset/chunks/noakhali/noa_cate_11/sentence_19.wav,আমি প্রতিদিন ইংরেজি অনুশীলন করি।,noakhali
sentence_20.wav,dataset/chunks/noakhali/noa_cate_11/sentence_20.wav,শিক্ষক আজ নতুন পাঠ শেখালেন।,noakhali
sentence_21.wav,dataset/chunks/noakhali/noa_cate_11/sentence_21.wav,আপনার ক্লাসের সময়সূচি কি?,noakhali
sentence_22.wav,dataset/chunks/noakhali/noa_cate_11/sentence_22.wav,আমি পরীক্ষার জন্য প্রস্তুতি নিচ্ছি।,noakhali
sentence_23.wav,dataset/chunks/noakhali/noa_cate_11/sentence_23.wav,আমরা বিজ্ঞান ল্যাবে পরীক্ষা করি।,noakhali
sentence_24.wav,dataset/chunks/noakhali/noa_cate_11/sentence_24.wav,আপনার স্কুলের নাম কি?,noakhali
sentence_25.wav,dataset/chunks/noakhali/noa_cate_11/sentence_25.wav,আমার প্রিয় শিক্ষক খুব সহায়ক।,noakhali
sentence_26.wav,dataset/chunks/noakhali/noa_cate_11/sentence_26.wav,আমরা গ্রুপ স্টাডি করি।,noakhali
sentence_27.wav,dataset/chunks/noakhali/noa_cate_11/sentence_27.wav,আপনি কোন বিষয়ে ভালো?,noakhali
sentence_28.wav,dataset/chunks/noakhali/noa_cate_11/sentence_28.wav,আমি নতুন বিষয় শিখতে ভালোবাসি।,noakhali
sentence_29.wav,dataset/chunks/noakhali/noa_cate_11/sentence_29.wav,পরীক্ষা শেষ হলে আমরা ছুটি পাই।,noakhali
sentence_30.wav,dataset/chunks/noakhali/noa_cate_11/sentence_30.wav,আমার স্কুলে বড় লাইব্রেরি আছে।,noakhali
sentence_31.wav,dataset/chunks/noakhali/noa_cate_11/sentence_31.wav,আপনার ক্লাসের সংখ্যা কত?,noakhali
sentence_32.wav,dataset/chunks/noakhali/noa_cate_11/sentence_32.wav,আমি প্রতিদিন সকালে পড়াশোনা করি।,noakhali
sentence_33.wav,dataset/chunks/noakhali/noa_cate_11/sentence_33.wav,শিক্ষক আজ গণিতের সমস্যা দেখালেন।,noakhali
sentence_34.wav,dataset/chunks/noakhali/noa_cate_11/sentence_34.wav,আপনার সহপাঠী কি সাহায্য করছে?,noakhali
sentence_35.wav,dataset/chunks/noakhali/noa_cate_11/sentence_35.wav,আমি পরীক্ষার জন্য নোট তৈরি করছি।,noakhali
sentence_36.wav,dataset/chunks/noakhali/noa_cate_11/sentence_36.wav,আমরা স্কুলে বিভিন্ন কার্যক্রম করি।,noakhali
sentence_37.wav,dataset/chunks/noakhali/noa_cate_11/sentence_37.wav,আপনার শিক্ষক কি ভালো ব্যাখ্যা করেন?,noakhali
sentence_38.wav,dataset/chunks/noakhali/noa_cate_11/sentence_38.wav,আমি ইংরেজি বলার অনুশীলন করি।,noakhali
sentence_39.wav,dataset/chunks/noakhali/noa_cate_11/sentence_39.wav,আজ ক্লাসে প্র্যাকটিক্যাল হয়েছে।,noakhali
sentence_40.wav,dataset/chunks/noakhali/noa_cate_11/sentence_40.wav,আপনার হোমওয়ার্ক কত পৃষ্ঠা?,noakhali
sentence_41.wav,dataset/chunks/noakhali/noa_cate_11/sentence_41.wav,আমি পরীক্ষার জন্য প্রশ্ন সমাধান করছি।,noakhali
sentence_42.wav,dataset/chunks/noakhali/noa_cate_11/sentence_42.wav,আমরা স্কুলে বার্ষিক ক্রীড়া প্রতিযোগিতা করি।,noakhali
sentence_43.wav,dataset/chunks/noakhali/noa_cate_11/sentence_43.wav,আপনার শিক্ষক কি কখনও দেরি করেন?,noakhali
sentence_44.wav,dataset/chunks/noakhali/noa_cate_11/sentence_44.wav,আমি নতুন বই কিনেছি।,noakhali
sentence_45.wav,dataset/chunks/noakhali/noa_cate_11/sentence_45.wav,ক্লাসে সবাই খুব মনোযোগী।,noakhali
sentence_46.wav,dataset/chunks/noakhali/noa_cate_11/sentence_46.wav,আপনার স্কুলের সময়সূচি কি?,noakhali
sentence_47.wav,dataset/chunks/noakhali/noa_cate_11/sentence_47.wav,আমরা পরীক্ষার জন্য গ্রুপ স্টাডি করি।,noakhali
sentence_48.wav,dataset/chunks/noakhali/noa_cate_11/sentence_48.wav,শিক্ষক আজ বিজ্ঞান পাঠ করলেন।,noakhali
sentence_49.wav,dataset/chunks/noakhali/noa_cate_11/sentence_49.wav,আপনার প্রিয় বিষয় কোনটি?,noakhali
sentence_50.wav,dataset/chunks/noakhali/noa_cate_11/sentence_50.wav,আমি প্রতিদিন রাতে পড়াশোনা করি।,noakhali
sentence_51.wav,dataset/chunks/noakhali/noa_cate_11/sentence_51.wav,আমরা লাইব্রেরিতে নতুন বই দেখেছি।,noakhali
sentence_52.wav,dataset/chunks/noakhali/noa_cate_11/sentence_52.wav,শিক্ষক আজ পরীক্ষা নেওয়ার পরিকল্পনা করেছেন।,noakhali
sentence_53.wav,dataset/chunks/noakhali/noa_cate_11/sentence_53.wav,আপনার স্কুলের ছুটি কখন?,noakhali
sentence_54.wav,dataset/chunks/noakhali/noa_cate_11/sentence_54.wav,আমি পরীক্ষার জন্য নোটগুলি পুনরায় পড়ছি।,noakhali
sentence_55.wav,dataset/chunks/noakhali/noa_cate_11/sentence_55.wav,আমরা ক্লাসে project কাজ করছি।,noakhali
sentence_56.wav,dataset/chunks/noakhali/noa_cate_11/sentence_56.wav,আপনার সহপাঠী কি সক্রিয়?,noakhali
sentence_57.wav,dataset/chunks/noakhali/noa_cate_11/sentence_57.wav,আমি আজ শিক্ষকের সঙ্গে কথা বলেছি।,noakhali
sentence_58.wav,dataset/chunks/noakhali/noa_cate_11/sentence_58.wav,স্কুলে আমরা বিভিন্ন cultural অনুষ্ঠান করি।,noakhali
sentence_59.wav,dataset/chunks/noakhali/noa_cate_11/sentence_59.wav,আপনার ক্লাসে কত শিক্ষক আছেন?,noakhali
sentence_60.wav,dataset/chunks/noakhali/noa_cate_11/sentence_60.wav,আমি প্রতিদিন নতুন শব্দ শিখি।,noakhali
sentence_61.wav,dataset/chunks/noakhali/noa_cate_11/sentence_61.wav,পরীক্ষা শেষ হলে আমরা আনন্দ করি।,noakhali
sentence_62.wav,dataset/chunks/noakhali/noa_cate_11/sentence_62.wav,শিক্ষক আজ হোমওয়ার্ক দেখেছেন।,noakhali
sentence_63.wav,dataset/chunks/noakhali/noa_cate_11/sentence_63.wav,আপনার স্কুলে কত লাইব্রেরি আছে?,noakhali
sentence_64.wav,dataset/chunks/noakhali/noa_cate_11/sentence_64.wav,আমরা প্রতিদিন ক্লাসে active থাকি।,noakhali
sentence_65.wav,dataset/chunks/noakhali/noa_cate_11/sentence_65.wav,আমি পরীক্ষার জন্য extra practice করি।,noakhali
sentence_66.wav,dataset/chunks/noakhali/noa_cate_11/sentence_66.wav,শিক্ষক নতুন প্রশ্ন দেখিয়েছেন।,noakhali
sentence_67.wav,dataset/chunks/noakhali/noa_cate_11/sentence_67.wav,আপনার স্কুলের বার্ষিক পরীক্ষা কখন?,noakhali
sentence_68.wav,dataset/chunks/noakhali/noa_cate_11/sentence_68.wav,আমি শিক্ষকের পরামর্শ অনুসরণ করি।,noakhali
sentence_69.wav,dataset/chunks/noakhali/noa_cate_11/sentence_69.wav,আমরা প্রতিদিন assignment করি।,noakhali
sentence_70.wav,dataset/chunks/noakhali/noa_cate_11/sentence_70.wav,আপনার প্রিয় শিক্ষক কে?,noakhali
sentence_01.wav,dataset/chunks/noakhali/noa_cate_12/sentence_01.wav,আজকের মিটিং কবে?,noakhali
sentence_02.wav,dataset/chunks/noakhali/noa_cate_12/sentence_02.wav,আমি আমার রিপোর্ট প্রস্তুত করেছি।,noakhali
sentence_03.wav,dataset/chunks/noakhali/noa_cate_12/sentence_03.wav,অফিসে সময়মতো পৌঁছানো উচিত।,noakhali
sentence_04.wav,dataset/chunks/noakhali/noa_cate_12/sentence_04.wav,আপনার সহকর্মী কি সাহায্য করছে?,noakhali
sentence_05.wav,dataset/chunks/noakhali/noa_cate_12/sentence_05.wav,আমরা নতুন প্রকল্প শুরু করছি।,noakhali
sentence_06.wav,dataset/chunks/noakhali/noa_cate_12/sentence_06.wav,আজ অফিসে কি কাজ আছে?,noakhali
sentence_07.wav,dataset/chunks/noakhali/noa_cate_12/sentence_07.wav,আমার কম্পিউটারে সমস্যা হয়েছে।,noakhali
sentence_08.wav,dataset/chunks/noakhali/noa_cate_12/sentence_08.wav,মিটিংটি কত সময়ের জন্য?,noakhali
sentence_09.wav,dataset/chunks/noakhali/noa_cate_12/sentence_09.wav,আমি প্রেজেন্টেশন প্রস্তুত করছি।,noakhali
sentence_10.wav,dataset/chunks/noakhali/noa_cate_12/sentence_10.wav,আপনি কোন দপ্তরে কাজ করেন?,noakhali
sentence_11.wav,dataset/chunks/noakhali/noa_cate_12/sentence_11.wav,অফিসের সময়সূচি কি?,noakhali
sentence_12.wav,dataset/chunks/noakhali/noa_cate_12/sentence_12.wav,আমি নতুন কর্মচারী প্রশিক্ষণ দিচ্ছি।,noakhali
sentence_13.wav,dataset/chunks/noakhali/noa_cate_12/sentence_13.wav,আজ অফিসে তদারকি করা হয়েছে।,noakhali
sentence_14.wav,dataset/chunks/noakhali/noa_cate_12/sentence_14.wav,আমরা ক্লায়েন্টের সঙ্গে মিটিং করেছি।,noakhali
sentence_15.wav,dataset/chunks/noakhali/noa_cate_12/sentence_15.wav,আমার ল্যাপটপ কাজ করছে না।,noakhali
sentence_16.wav,dataset/chunks/noakhali/noa_cate_12/sentence_16.wav,অফিসের কাজ শেষ হয়েছে।,noakhali
sentence_17.wav,dataset/chunks/noakhali/noa_cate_12/sentence_17.wav,কি ধরনের রিপোর্ট আজ জমা দিতে হবে?,noakhali
sentence_18.wav,dataset/chunks/noakhali/noa_cate_12/sentence_18.wav,আমি ইমেইল পাঠাচ্ছি।,noakhali
sentence_19.wav,dataset/chunks/noakhali/noa_cate_12/sentence_19.wav,অফিসে নতুন নীতি প্রয়োগ করা হয়েছে।,noakhali
sentence_20.wav,dataset/chunks/noakhali/noa_cate_12/sentence_20.wav,আপনার সহকর্মী punctual কি?,noakhali
sentence_21.wav,dataset/chunks/noakhali/noa_cate_12/sentence_21.wav,আমরা অফিসে কাজ ভাগ করেছি।,noakhali
sentence_22.wav,dataset/chunks/noakhali/noa_cate_12/sentence_22.wav,আজ অফিসে কি মিটিং আছে?,noakhali
sentence_23.wav,dataset/chunks/noakhali/noa_cate_12/sentence_23.wav,আমি ক্লায়েন্টের জন্য ডকুমেন্ট তৈরি করছি।,noakhali
sentence_24.wav,dataset/chunks/noakhali/noa_cate_12/sentence_24.wav,অফিসের বাতাস ভালো নেই।,noakhali
sentence_25.wav,dataset/chunks/noakhali/noa_cate_12/sentence_25.wav,আমরা নতুন সফটওয়্যার ব্যবহার করছি।,noakhali
sentence_26.wav,dataset/chunks/noakhali/noa_cate_12/sentence_26.wav,কি কাজ দ্রুত শেষ করতে হবে?,noakhali
sentence_27.wav,dataset/chunks/noakhali/noa_cate_12/sentence_27.wav,আমার ডেস্কে অনেক নথি আছে।,noakhali
sentence_28.wav,dataset/chunks/noakhali/noa_cate_12/sentence_28.wav,অফিসে আজ নতুন অতিথি এসেছেন।,noakhali
sentence_29.wav,dataset/chunks/noakhali/noa_cate_12/sentence_29.wav,আমরা টিম মিটিং করছি।,noakhali
sentence_30.wav,dataset/chunks/noakhali/noa_cate_12/sentence_30.wav,আপনার কাজের অগ্রগতি কেমন?,noakhali
sentence_31.wav,dataset/chunks/noakhali/noa_cate_12/sentence_31.wav,আমি নতুন প্রকল্পের পরিকল্পনা করছি।,noakhali
sentence_32.wav,dataset/chunks/noakhali/noa_cate_12/sentence_32.wav,আজ অফিসে অনেক কাজ হয়েছে।,noakhali
sentence_33.wav,dataset/chunks/noakhali/noa_cate_12/sentence_33.wav,আমি ইমেইল চেক করছি।,noakhali
sentence_34.wav,dataset/chunks/noakhali/noa_cate_12/sentence_34.wav,অফিসের কম্পিউটার আপডেট হয়েছে।,noakhali
sentence_35.wav,dataset/chunks/noakhali/noa_cate_12/sentence_35.wav,আপনি আজ কোন দপ্তরে কাজ করছেন?,noakhali
sentence_36.wav,dataset/chunks/noakhali/noa_cate_12/sentence_36.wav,আমরা নতুন টিম মিটিং শুরু করেছি।,noakhali
sentence_37.wav,dataset/chunks/noakhali/noa_cate_12/sentence_37.wav,কি ধরনের রিপোর্ট শেষ হয়েছে?,noakhali
sentence_38.wav,dataset/chunks/noakhali/noa_cate_12/sentence_38.wav,আমি অফিসের জন্য প্রেজেন্টেশন তৈরি করেছি।,noakhali
sentence_39.wav,dataset/chunks/noakhali/noa_cate_12/sentence_39.wav,আমাদের টিমে নতুন সদস্য যোগ হয়েছে।,noakhali
sentence_40.wav,dataset/chunks/noakhali/noa_cate_12/sentence_40.wav,অফিসের কাজের মান খুব ভালো।,noakhali
sentence_41.wav,dataset/chunks/noakhali/noa_cate_12/sentence_41.wav,আজ অফিসে কি মিটিং শিডিউল আছে?,noakhali
sentence_42.wav,dataset/chunks/noakhali/noa_cate_12/sentence_42.wav,আমি অফিসের ডকুমেন্ট স্ক্যান করছি।,noakhali
sentence_43.wav,dataset/chunks/noakhali/noa_cate_12/sentence_43.wav,আপনার সহকর্মী কি ব্যস্ত?,noakhali
sentence_44.wav,dataset/chunks/noakhali/noa_cate_12/sentence_44.wav,আমরা অফিসে নথি আপডেট করেছি।,noakhali
sentence_45.wav,dataset/chunks/noakhali/noa_cate_12/sentence_45.wav,আজ টিমের সঙ্গে আলোচনা হয়েছে।,noakhali
sentence_46.wav,dataset/chunks/noakhali/noa_cate_12/sentence_46.wav,আমি নতুন কর্মচারীর প্রশিক্ষণ দিচ্ছি।,noakhali
sentence_47.wav,dataset/chunks/noakhali/noa_cate_12/sentence_47.wav,অফিসে নতুন নীতি প্রয়োগ করা হয়েছে।,noakhali
sentence_48.wav,dataset/chunks/noakhali/noa_cate_12/sentence_48.wav,আমার কম্পিউটার হ্যাং করেছে।,noakhali
sentence_49.wav,dataset/chunks/noakhali/noa_cate_12/sentence_49.wav,আমরা ক্লায়েন্টের কাছে প্রজেক্ট প্রেজেন্ট করেছি।,noakhali
sentence_50.wav,dataset/chunks/noakhali/noa_cate_12/sentence_50.wav,আপনার অফিসের সময়সূচি কি?,noakhali
sentence_51.wav,dataset/chunks/noakhali/noa_cate_12/sentence_51.wav,আমি আজ নতুন কাজ শিখছি।,noakhali
sentence_52.wav,dataset/chunks/noakhali/noa_cate_12/sentence_52.wav,অফিসে নিরাপত্তা ব্যবস্থা ভালো।,noakhali
sentence_53.wav,dataset/chunks/noakhali/noa_cate_12/sentence_53.wav,আমরা অফিসে নতুন টুল ব্যবহার করছি।,noakhali
sentence_54.wav,dataset/chunks/noakhali/noa_cate_12/sentence_54.wav,আপনার টিম কি প্রস্তুত?,noakhali
sentence_55.wav,dataset/chunks/noakhali/noa_cate_12/sentence_55.wav,আমি অফিসে অনেক নথি সাজাচ্ছি।,noakhali
sentence_56.wav,dataset/chunks/noakhali/noa_cate_12/sentence_56.wav,আজ অফিসে নতুন প্রকল্পের আলোচনা হয়েছে।,noakhali
sentence_57.wav,dataset/chunks/noakhali/noa_cate_12/sentence_57.wav,আমি আজ টিম মিটিং নিয়ে ব্যস্ত।,noakhali
sentence_58.wav,dataset/chunks/noakhali/noa_cate_12/sentence_58.wav,অফিসে নতুন সফটওয়্যার ইনস্টল করা হয়েছে।,noakhali
sentence_59.wav,dataset/chunks/noakhali/noa_cate_12/sentence_59.wav,কি ধরনের অফিস কাজ শেষ করতে হবে?,noakhali
sentence_60.wav,dataset/chunks/noakhali/noa_cate_12/sentence_60.wav,আমি ক্লায়েন্টের জন্য ডকুমেন্ট প্রস্তুত করছি।,noakhali
sentence_61.wav,dataset/chunks/noakhali/noa_cate_12/sentence_61.wav,অফিসে আজ অনেক ইমেইল এসেছে।,noakhali
sentence_62.wav,dataset/chunks/noakhali/noa_cate_12/sentence_62.wav,আমাদের টিমের সদস্য সক্রিয়।,noakhali
sentence_63.wav,dataset/chunks/noakhali/noa_cate_12/sentence_63.wav,আমি অফিসে নতুন প্রকল্প পরিকল্পনা করছি।,noakhali
sentence_64.wav,dataset/chunks/noakhali/noa_cate_12/sentence_64.wav,আজ অফিসে অনেক visitors এসেছে।,noakhali
sentence_65.wav,dataset/chunks/noakhali/noa_cate_12/sentence_65.wav,অফিসে meeting room প্রস্তুত।,noakhali
sentence_66.wav,dataset/chunks/noakhali/noa_cate_12/sentence_66.wav,আমি অফিসের জন্য রিপোর্ট তৈরি করেছি।,noakhali
sentence_67.wav,dataset/chunks/noakhali/noa_cate_12/sentence_67.wav,আমরা নতুন guidelines মেনে চলছি।,noakhali
sentence_68.wav,dataset/chunks/noakhali/noa_cate_12/sentence_68.wav,অফিসে কাজের চাপ বেশি।,noakhali
sentence_69.wav,dataset/chunks/noakhali/noa_cate_12/sentence_69.wav,আমি ক্লায়েন্টের সাথে discussion করেছি।,noakhali
sentence_70.wav,dataset/chunks/noakhali/noa_cate_12/sentence_70.wav,আমাদের অফিসের পরিবেশ খুব ভালো।,noakhali
sentence_01.wav,dataset/chunks/noakhali/noa_cate_13/sentence_01.wav,এই ফোনের দাম কত?,noakhali
sentence_02.wav,dataset/chunks/noakhali/noa_cate_13/sentence_02.wav,আমি নতুন ল্যাপটপ কিনতে চাই।,noakhali
sentence_03.wav,dataset/chunks/noakhali/noa_cate_13/sentence_03.wav,এই চার্জার কি original?,noakhali
sentence_04.wav,dataset/chunks/noakhali/noa_cate_13/sentence_04.wav,SIM কার্ড কীভাবে নিতে হবে?,noakhali
sentence_05.wav,dataset/chunks/noakhali/noa_cate_13/sentence_05.wav,এই ফোনের warranty কত দিন?,noakhali
sentence_06.wav,dataset/chunks/noakhali/noa_cate_13/sentence_06.wav,আমি একটা হেডফোন চাই।,noakhali
sentence_07.wav,dataset/chunks/noakhali/noa_cate_13/sentence_07.wav,এই ফোনে camera ভালো কি?,noakhali
sentence_08.wav,dataset/chunks/noakhali/noa_cate_13/sentence_08.wav,আপনার দোকানে laptop আছে কি?,noakhali
sentence_09.wav,dataset/chunks/noakhali/noa_cate_13/sentence_09.wav,এই চার্জার কত voltage?,noakhali
sentence_10.wav,dataset/chunks/noakhali/noa_cate_13/sentence_10.wav,আমি ফোন comparison করতে চাই।,noakhali
sentence_11.wav,dataset/chunks/noakhali/noa_cate_13/sentence_11.wav,এই ফোনের color কোনটি আছে?,noakhali
sentence_12.wav,dataset/chunks/noakhali/noa_cate_13/sentence_12.wav,SIM card activate করতে কত সময় লাগে?,noakhali
sentence_13.wav,dataset/chunks/noakhali/noa_cate_13/sentence_13.wav,এই ফোনের storage কত GB?,noakhali
sentence_14.wav,dataset/chunks/noakhali/noa_cate_13/sentence_14.wav,আমি power bank চাই।,noakhali
sentence_15.wav,dataset/chunks/noakhali/noa_cate_13/sentence_15.wav,ফোনে নতুন app install করতে পারি কি?,noakhali
sentence_16.wav,dataset/chunks/noakhali/noa_cate_13/sentence_16.wav,এই দোকানে accessories পাওয়া যায়?,noakhali
sentence_17.wav,dataset/chunks/noakhali/noa_cate_13/sentence_17.wav,এই laptop lightweight কি?,noakhali
sentence_18.wav,dataset/chunks/noakhali/noa_cate_13/sentence_18.wav,ফোনের screen protector বিক্রি হয় কি?,noakhali
sentence_19.wav,dataset/chunks/noakhali/noa_cate_13/sentence_19.wav,SIM card recharge করা যায় কি?,noakhali
sentence_20.wav,dataset/chunks/noakhali/noa_cate_13/sentence_20.wav,আমি refurbished phone কিনতে চাই না।,noakhali
sentence_21.wav,dataset/chunks/noakhali/noa_cate_13/sentence_21.wav,ফোনের battery কতক্ষণ চলে?,noakhali
sentence_22.wav,dataset/chunks/noakhali/noa_cate_13/sentence_22.wav,আমি এই smartwatch কিনতে চাই।,noakhali
sentence_23.wav,dataset/chunks/noakhali/noa_cate_13/sentence_23.wav,ফোনের brand কোনটি?,noakhali
sentence_24.wav,dataset/chunks/noakhali/noa_cate_13/sentence_24.wav,এই charger fast charging support করে কি?,noakhali
sentence_25.wav,dataset/chunks/noakhali/noa_cate_13/sentence_25.wav,আমি laptop comparison দেখতে চাই।,noakhali
sentence_26.wav,dataset/chunks/noakhali/noa_cate_13/sentence_26.wav,ফোনের memory card slot আছে কি?,noakhali
sentence_27.wav,dataset/chunks/noakhali/noa_cate_13/sentence_27.wav,SIM card registration করতে কি লাগবে?,noakhali
sentence_28.wav,dataset/chunks/noakhali/noa_cate_13/sentence_28.wav,আমি wireless earphones চাই।,noakhali
sentence_29.wav,dataset/chunks/noakhali/noa_cate_13/sentence_29.wav,এই phone case waterproof কি?,noakhali
sentence_30.wav,dataset/chunks/noakhali/noa_cate_13/sentence_30.wav,আপনার দোকানে projector আছে কি?,noakhali
sentence_31.wav,dataset/chunks/noakhali/noa_cate_13/sentence_31.wav,ফোনের software update হয়েছে কি?,noakhali
sentence_32.wav,dataset/chunks/noakhali/noa_cate_13/sentence_32.wav,আমি gaming laptop দেখতে চাই।,noakhali
sentence_33.wav,dataset/chunks/noakhali/noa_cate_13/sentence_33.wav,ফোনে dual SIM support আছে কি?,noakhali
sentence_34.wav,dataset/chunks/noakhali/noa_cate_13/sentence_34.wav,এই power bank কত mAh?,noakhali
sentence_35.wav,dataset/chunks/noakhali/noa_cate_13/sentence_35.wav,আমি Bluetooth speaker কিনতে চাই।,noakhali
sentence_36.wav,dataset/chunks/noakhali/noa_cate_13/sentence_36.wav,ফোনের price negotiable কি?,noakhali
sentence_37.wav,dataset/chunks/noakhali/noa_cate_13/sentence_37.wav,আমি USB cable চাই।,noakhali
sentence_38.wav,dataset/chunks/noakhali/noa_cate_13/sentence_38.wav,এই tablet lightweight কি?,noakhali
sentence_39.wav,dataset/chunks/noakhali/noa_cate_13/sentence_39.wav,SIM card portability করতে পারি কি?,noakhali
sentence_40.wav,dataset/chunks/noakhali/noa_cate_13/sentence_40.wav,ফোনের warranty card আছে কি?,noakhali
sentence_41.wav,dataset/chunks/noakhali/noa_cate_13/sentence_41.wav,আমি refurbished laptop চাই না।,noakhali
sentence_42.wav,dataset/chunks/noakhali/noa_cate_13/sentence_42.wav,ফোনের charger original কি?,noakhali
sentence_43.wav,dataset/chunks/noakhali/noa_cate_13/sentence_43.wav,আমি tablet accessories চাই।,noakhali
sentence_44.wav,dataset/chunks/noakhali/noa_cate_13/sentence_44.wav,ফোনের camera resolution কত?,noakhali
sentence_45.wav,dataset/chunks/noakhali/noa_cate_13/sentence_45.wav,আমি portable hard drive চাই।,noakhali
sentence_46.wav,dataset/chunks/noakhali/noa_cate_13/sentence_46.wav,ফোনে earphone jack আছে কি?,noakhali
sentence_47.wav,dataset/chunks/noakhali/noa_cate_13/sentence_47.wav,SIM card online recharge করা যায় কি?,noakhali
sentence_48.wav,dataset/chunks/noakhali/noa_cate_13/sentence_48.wav,আমি laptop bag কিনতে চাই।,noakhali
sentence_49.wav,dataset/chunks/noakhali/noa_cate_13/sentence_49.wav,ফোনের display কত inch?,noakhali
sentence_50.wav,dataset/chunks/noakhali/noa_cate_13/sentence_50.wav,আমি smart home device কিনতে চাই।,noakhali
sentence_51.wav,dataset/chunks/noakhali/noa_cate_13/sentence_51.wav,এই charger compatible কি?,noakhali
sentence_52.wav,dataset/chunks/noakhali/noa_cate_13/sentence_52.wav,ফোনের processor কত GHz?,noakhali
sentence_53.wav,dataset/chunks/noakhali/noa_cate_13/sentence_53.wav,আমি wireless mouse চাই।,noakhali
sentence_54.wav,dataset/chunks/noakhali/noa_cate_13/sentence_54.wav,ফোনের screen size বড় কি?,noakhali
sentence_55.wav,dataset/chunks/noakhali/noa_cate_13/sentence_55.wav,SIM card balance check করতে পারি কি?,noakhali
sentence_56.wav,dataset/chunks/noakhali/noa_cate_13/sentence_56.wav,আমি laptop stand চাই।,noakhali
sentence_57.wav,dataset/chunks/noakhali/noa_cate_13/sentence_57.wav,ফোনে fingerprint sensor আছে কি?,noakhali
sentence_58.wav,dataset/chunks/noakhali/noa_cate_13/sentence_58.wav,আমি external keyboard চাই।,noakhali
sentence_59.wav,dataset/chunks/noakhali/noa_cate_13/sentence_59.wav,ফোনের battery replace করতে হয় কি?,noakhali
sentence_60.wav,dataset/chunks/noakhali/noa_cate_13/sentence_60.wav,আমি smartwatch strap চাই।,noakhali
sentence_61.wav,dataset/chunks/noakhali/noa_cate_13/sentence_61.wav,ফোনের price range কি?,noakhali
sentence_62.wav,dataset/chunks/noakhali/noa_cate_13/sentence_62.wav,আমি gaming console কিনতে চাই।,noakhali
sentence_63.wav,dataset/chunks/noakhali/noa_cate_13/sentence_63.wav,ফোনে dual camera আছে কি?,noakhali
sentence_64.wav,dataset/chunks/noakhali/noa_cate_13/sentence_64.wav,আমি USB hub চাই।,noakhali
sentence_65.wav,dataset/chunks/noakhali/noa_cate_13/sentence_65.wav,ফোনের warranty কত বছর?,noakhali
sentence_66.wav,dataset/chunks/noakhali/noa_cate_13/sentence_66.wav,আমি laptop charger চাই।,noakhali
sentence_67.wav,dataset/chunks/noakhali/noa_cate_13/sentence_67.wav,ফোনের weight কত?,noakhali
sentence_68.wav,dataset/chunks/noakhali/noa_cate_13/sentence_68.wav,আমি HDMI cable চাই।,noakhali
sentence_69.wav,dataset/chunks/noakhali/noa_cate_13/sentence_69.wav,ফোনের software version আপডেট হয়েছে কি?,noakhali
sentence_70.wav,dataset/chunks/noakhali/noa_cate_13/sentence_70.wav,আমি smart speaker কিনতে চাই।,noakhali
sentence_01.wav,dataset/chunks/noakhali/noa_cate_14/sentence_01.wav,অনুগ্রহ করে দরজা বন্ধ করবেন।,noakhali
sentence_02.wav,dataset/chunks/noakhali/noa_cate_14/sentence_02.wav,দয়া করে আমাকে সাহায্য করুন।,noakhali
sentence_03.wav,dataset/chunks/noakhali/noa_cate_14/sentence_03.wav,আপনি কি আমাকে বইটা দিতে পারেন?,noakhali
sentence_04.wav,dataset/chunks/noakhali/noa_cate_14/sentence_04.wav,অনুগ্রহ করে ধীরে কথা বলুন।,noakhali
sentence_05.wav,dataset/chunks/noakhali/noa_cate_14/sentence_05.wav,দয়া করে এখানে বসুন।,noakhali
sentence_06.wav,dataset/chunks/noakhali/noa_cate_14/sentence_06.wav,আপনি কি আমার জন্য অপেক্ষা করতে পারেন?,noakhali
sentence_07.wav,dataset/chunks/noakhali/noa_cate_14/sentence_07.wav,অনুগ্রহ করে আবার বলুন।,noakhali
sentence_08.wav,dataset/chunks/noakhali/noa_cate_14/sentence_08.wav,আপনি কি আমাকে রাস্তা দেখাতে পারেন?,noakhali
sentence_09.wav,dataset/chunks/noakhali/noa_cate_14/sentence_09.wav,দয়া করে ফোন ব্যবহার করবেন না।,noakhali
sentence_10.wav,dataset/chunks/noakhali/noa_cate_14/sentence_10.wav,আপনি কি আমার জন্য এটি কিনতে পারবেন?,noakhali
sentence_11.wav,dataset/chunks/noakhali/noa_cate_14/sentence_11.wav,অনুগ্রহ করে আমাকে মনে করিয়ে দিন।,noakhali
sentence_12.wav,dataset/chunks/noakhali/noa_cate_14/sentence_12.wav,আপনি কি আমাকে ছবি তুলতে সাহায্য করবেন?,noakhali
sentence_13.wav,dataset/chunks/noakhali/noa_cate_14/sentence_13.wav,দয়া করে আমাকে অপেক্ষা করতে দিন।,noakhali
sentence_14.wav,dataset/chunks/noakhali/noa_cate_14/sentence_14.wav,অনুগ্রহ করে দরজা খুলে দিন।,noakhali
sentence_15.wav,dataset/chunks/noakhali/noa_cate_14/sentence_15.wav,আপনি কি আমার জন্য কাজটি করতে পারেন?,noakhali
sentence_16.wav,dataset/chunks/noakhali/noa_cate_14/sentence_16.wav,দয়া করে শব্দ কমান।,noakhali
sentence_17.wav,dataset/chunks/noakhali/noa_cate_14/sentence_17.wav,আপনি কি আমাকে জিজ্ঞাসা করতে পারবেন?,noakhali
sentence_18.wav,dataset/chunks/noakhali/noa_cate_14/sentence_18.wav,অনুগ্রহ করে আমাকে আসতে দিন।,noakhali
sentence_19.wav,dataset/chunks/noakhali/noa_cate_14/sentence_19.wav,আপনি কি আমার সঙ্গে কথা বলবেন?,noakhali
sentence_20.wav,dataset/chunks/noakhali/noa_cate_14/sentence_20.wav,দয়া করে আমার দিকে তাকান।,noakhali
sentence_21.wav,dataset/chunks/noakhali/noa_cate_14/sentence_21.wav,অনুগ্রহ করে আমাকে সময় দিন।,noakhali
sentence_22.wav,dataset/chunks/noakhali/noa_cate_14/sentence_22.wav,আপনি কি আমাকে সাহায্য করতে পারেন?,noakhali
sentence_23.wav,dataset/chunks/noakhali/noa_cate_14/sentence_23.wav,দয়া করে আমাকে এটি বোঝান।,noakhali
sentence_24.wav,dataset/chunks/noakhali/noa_cate_14/sentence_24.wav,অনুগ্রহ করে এটিকে ধরুন।,noakhali
sentence_25.wav,dataset/chunks/noakhali/noa_cate_14/sentence_25.wav,আপনি কি আমাকে তথ্য দিতে পারেন?,noakhali
sentence_26.wav,dataset/chunks/noakhali/noa_cate_14/sentence_26.wav,দয়া করে এখানে আসুন।,noakhali
sentence_27.wav,dataset/chunks/noakhali/noa_cate_14/sentence_27.wav,অনুগ্রহ করে আমাকে অপেক্ষা করতে বলুন।,noakhali
sentence_28.wav,dataset/chunks/noakhali/noa_cate_14/sentence_28.wav,আপনি কি আমাকে রাস্তা দেখাবেন?,noakhali
sentence_29.wav,dataset/chunks/noakhali/noa_cate_14/sentence_29.wav,দয়া করে আমার জন্য অপেক্ষা করুন।,noakhali
sentence_30.wav,dataset/chunks/noakhali/noa_cate_14/sentence_30.wav,অনুগ্রহ করে আমাকে সাহায্য করতে বলুন।,noakhali
sentence_31.wav,dataset/chunks/noakhali/noa_cate_14/sentence_31.wav,আপনি কি আমার জন্য এটি আনবেন?,noakhali
sentence_32.wav,dataset/chunks/noakhali/noa_cate_14/sentence_32.wav,দয়া করে আমাকে বসতে দিন।,noakhali
sentence_33.wav,dataset/chunks/noakhali/noa_cate_14/sentence_33.wav,অনুগ্রহ করে আমাকে এটি দেখান।,noakhali
sentence_34.wav,dataset/chunks/noakhali/noa_cate_14/sentence_34.wav,আপনি কি আমার সঙ্গে খাবেন?,noakhali
sentence_35.wav,dataset/chunks/noakhali/noa_cate_14/sentence_35.wav,দয়া করে ধৈর্য ধরুন।,noakhali
sentence_36.wav,dataset/chunks/noakhali/noa_cate_14/sentence_36.wav,অনুগ্রহ করে আমাকে ফোন দিন।,noakhali
sentence_37.wav,dataset/chunks/noakhali/noa_cate_14/sentence_37.wav,আপনি কি আমার জন্য অপেক্ষা করবেন?,noakhali
sentence_38.wav,dataset/chunks/noakhali/noa_cate_14/sentence_38.wav,দয়া করে এটি খুলুন।,noakhali
sentence_39.wav,dataset/chunks/noakhali/noa_cate_14/sentence_39.wav,অনুগ্রহ করে এটি বন্ধ করুন।,noakhali
sentence_40.wav,dataset/chunks/noakhali/noa_cate_14/sentence_40.wav,আপনি কি আমাকে নির্দেশ দিতে পারেন?,noakhali
sentence_41.wav,dataset/chunks/noakhali/noa_cate_14/sentence_41.wav,দয়া করে আমার কথা শোনুন।,noakhali
sentence_42.wav,dataset/chunks/noakhali/noa_cate_14/sentence_42.wav,অনুগ্রহ করে আমাকে সময় দিন।,noakhali
sentence_43.wav,dataset/chunks/noakhali/noa_cate_14/sentence_43.wav,আপনি কি আমার জন্য এটি আনবেন?,noakhali
sentence_44.wav,dataset/chunks/noakhali/noa_cate_14/sentence_44.wav,দয়া করে আমাকে সাহায্য করতে বলুন।,noakhali
sentence_45.wav,dataset/chunks/noakhali/noa_cate_14/sentence_45.wav,অনুগ্রহ করে আমাকে অনুমতি দিন।,noakhali
sentence_46.wav,dataset/chunks/noakhali/noa_cate_14/sentence_46.wav,আপনি কি আমাকে রাস্তা দেখাবেন?,noakhali
sentence_47.wav,dataset/chunks/noakhali/noa_cate_14/sentence_47.wav,দয়া করে এখানে বসুন।,noakhali
sentence_48.wav,dataset/chunks/noakhali/noa_cate_14/sentence_48.wav,অনুগ্রহ করে এটি নিন।,noakhali
sentence_49.wav,dataset/chunks/noakhali/noa_cate_14/sentence_49.wav,আপনি কি আমাকে এটি দেবেন?,noakhali
sentence_50.wav,dataset/chunks/noakhali/noa_cate_14/sentence_50.wav,দয়া করে আমাকে সঙ্গে নিয়ে যান।,noakhali
sentence_51.wav,dataset/chunks/noakhali/noa_cate_14/sentence_51.wav,অনুগ্রহ করে আমাকে বলুন।,noakhali
sentence_52.wav,dataset/chunks/noakhali/noa_cate_14/sentence_52.wav,আপনি কি আমার জন্য অপেক্ষা করতে পারবেন?,noakhali
sentence_53.wav,dataset/chunks/noakhali/noa_cate_14/sentence_53.wav,দয়া করে এটি পরীক্ষা করুন।,noakhali
sentence_54.wav,dataset/chunks/noakhali/noa_cate_14/sentence_54.wav,অনুগ্রহ করে আমাকে এটি লিখে দিন।,noakhali
sentence_55.wav,dataset/chunks/noakhali/noa_cate_14/sentence_55.wav,আপনি কি আমার জন্য এটি করতে পারেন?,noakhali
sentence_56.wav,dataset/chunks/noakhali/noa_cate_14/sentence_56.wav,দয়া করে আমার সঙ্গে যোগাযোগ করুন।,noakhali
sentence_57.wav,dataset/chunks/noakhali/noa_cate_14/sentence_57.wav,অনুগ্রহ করে আমাকে সহায়তা করুন।,noakhali
sentence_58.wav,dataset/chunks/noakhali/noa_cate_14/sentence_58.wav,আপনি কি আমাকে এটি দেখাবেন?,noakhali
sentence_59.wav,dataset/chunks/noakhali/noa_cate_14/sentence_59.wav,দয়া করে আমার জন্য অপেক্ষা করুন।,noakhali
sentence_60.wav,dataset/chunks/noakhali/noa_cate_14/sentence_60.wav,অনুগ্রহ করে আমাকে সাহায্য করুন।,noakhali
sentence_61.wav,dataset/chunks/noakhali/noa_cate_14/sentence_61.wav,আপনি কি আমাকে সাহায্য করবেন?,noakhali
sentence_62.wav,dataset/chunks/noakhali/noa_cate_14/sentence_62.wav,দয়া করে আমাকে এটি বুঝতে দিন।,noakhali
sentence_63.wav,dataset/chunks/noakhali/noa_cate_14/sentence_63.wav,অনুগ্রহ করে এটি রাখুন।,noakhali
sentence_64.wav,dataset/chunks/noakhali/noa_cate_14/sentence_64.wav,আপনি কি আমাকে অনুমতি দেবেন?,noakhali
sentence_65.wav,dataset/chunks/noakhali/noa_cate_14/sentence_65.wav,দয়া করে আমাকে এটি আনতে দিন।,noakhali
sentence_66.wav,dataset/chunks/noakhali/noa_cate_14/sentence_66.wav,অনুগ্রহ করে আমাকে নির্দেশ দিন।,noakhali
sentence_67.wav,dataset/chunks/noakhali/noa_cate_14/sentence_67.wav,আপনি কি আমাকে এটি আনবেন?,noakhali
sentence_68.wav,dataset/chunks/noakhali/noa_cate_14/sentence_68.wav,দয়া করে আমাকে সাহায্য করতে বলুন।,noakhali
sentence_69.wav,dataset/chunks/noakhali/noa_cate_14/sentence_69.wav,অনুগ্রহ করে এটি আমার জন্য রাখুন।,noakhali
sentence_70.wav,dataset/chunks/noakhali/noa_cate_14/sentence_70.wav,আপনি কি আমার জন্য অপেক্ষা করতে পারবেন?,noakhali
sentence_01.wav,dataset/chunks/noakhali/noa_cate_15/sentence_01.wav,আমি সকাল ৬টায় উঠি।,noakhali
sentence_02.wav,dataset/chunks/noakhali/noa_cate_15/sentence_02.wav,তুমি কি বাজারে যাচ্ছো?,noakhali
sentence_03.wav,dataset/chunks/noakhali/noa_cate_15/sentence_03.wav,আমি ভাত রান্না করছি।,noakhali
sentence_04.wav,dataset/chunks/noakhali/noa_cate_15/sentence_04.wav,আমরা প্রতিদিন হাঁটতে যাই।,noakhali
sentence_05.wav,dataset/chunks/noakhali/noa_cate_15/sentence_05.wav,তুমি কি আজ শপিং করতে যাবে?,noakhali
sentence_06.wav,dataset/chunks/noakhali/noa_cate_15/sentence_06.wav,আমি ব্যাগ প্যাক করছি।,noakhali
sentence_07.wav,dataset/chunks/noakhali/noa_cate_15/sentence_07.wav,তুমি কি সকালে নাশতা করেছো?,noakhali
sentence_08.wav,dataset/chunks/noakhali/noa_cate_15/sentence_08.wav,আমি লন্ড্রি করছি।,noakhali
sentence_09.wav,dataset/chunks/noakhali/noa_cate_15/sentence_09.wav,তুমি কি সিনেমা দেখতে যাবে?,noakhali
sentence_10.wav,dataset/chunks/noakhali/noa_cate_15/sentence_10.wav,আমি বই পড়ছি।,noakhali
sentence_11.wav,dataset/chunks/noakhali/noa_cate_15/sentence_11.wav,তুমি কি চা খাবে?,noakhali
sentence_12.wav,dataset/chunks/noakhali/noa_cate_15/sentence_12.wav,আমি বাসায় ক্লিনিং করছি।,noakhali
sentence_13.wav,dataset/chunks/noakhali/noa_cate_15/sentence_13.wav,তুমি কি বাজারে নতুন সবজি পেয়েছো?,noakhali
sentence_14.wav,dataset/chunks/noakhali/noa_cate_15/sentence_14.wav,আমি শুতে যাচ্ছি।,noakhali
sentence_15.wav,dataset/chunks/noakhali/noa_cate_15/sentence_15.wav,আমরা সকালে দৌড়াচ্ছি।,noakhali
sentence_16.wav,dataset/chunks/noakhali/noa_cate_15/sentence_16.wav,তুমি কি কাজ শেষ করেছো?,noakhali
sentence_17.wav,dataset/chunks/noakhali/noa_cate_15/sentence_17.wav,আমি দুপুরের খাবার খাচ্ছি।,noakhali
sentence_18.wav,dataset/chunks/noakhali/noa_cate_15/sentence_18.wav,তুমি কি কুকিং করতে জানো?,noakhali
sentence_19.wav,dataset/chunks/noakhali/noa_cate_15/sentence_19.wav,আমি দোকান যাচ্ছি।,noakhali
sentence_20.wav,dataset/chunks/noakhali/noa_cate_15/sentence_20.wav,তুমি কি আজ বাড়িতে থাকছো?,noakhali
sentence_21.wav,dataset/chunks/noakhali/noa_cate_15/sentence_21.wav,আমি টিভি দেখছি।,noakhali
sentence_22.wav,dataset/chunks/noakhali/noa_cate_15/sentence_22.wav,তুমি কি সাইকেল চালাচ্ছো?,noakhali
sentence_23.wav,dataset/chunks/noakhali/noa_cate_15/sentence_23.wav,আমি জামাকাপড় ধরছি।,noakhali
sentence_24.wav,dataset/chunks/noakhali/noa_cate_15/sentence_24.wav,তুমি কি বাজার থেকে দুধ এনেছো?,noakhali
sentence_25.wav,dataset/chunks/noakhali/noa_cate_15/sentence_25.wav,আমি রাতে ঘুমাতে যাচ্ছি।,noakhali
sentence_26.wav,dataset/chunks/noakhali/noa_cate_15/sentence_26.wav,তুমি কি সকাল ৭টায় উঠে আসবে?,noakhali
sentence_27.wav,dataset/chunks/noakhali/noa_cate_15/sentence_27.wav,আমি রান্নাঘরে কাজ করছি।,noakhali
sentence_28.wav,dataset/chunks/noakhali/noa_cate_15/sentence_28.wav,তুমি কি বাজারে কোন মাংস কিনেছো?,noakhali
sentence_29.wav,dataset/chunks/noakhali/noa_cate_15/sentence_29.wav,আমি দুপুরে বিশ্রাম নিচ্ছি।,noakhali
sentence_30.wav,dataset/chunks/noakhali/noa_cate_15/sentence_30.wav,তুমি কি সন্ধ্যায় হাঁটবে?,noakhali
sentence_31.wav,dataset/chunks/noakhali/noa_cate_15/sentence_31.wav,আমি কফি বানাচ্ছি।,noakhali
sentence_32.wav,dataset/chunks/noakhali/noa_cate_15/sentence_32.wav,তুমি কি নিত্যদিন সকালে জগিং করো?,noakhali
sentence_33.wav,dataset/chunks/noakhali/noa_cate_15/sentence_33.wav,আমি দুধ ফুটাচ্ছি।,noakhali
sentence_34.wav,dataset/chunks/noakhali/noa_cate_15/sentence_34.wav,তুমি কি চা খেতে চাও?,noakhali
sentence_35.wav,dataset/chunks/noakhali/noa_cate_15/sentence_35.wav,আমি বাজারে যাচ্ছি।,noakhali
sentence_36.wav,dataset/chunks/noakhali/noa_cate_15/sentence_36.wav,তুমি কি বই পড়ছো?,noakhali
sentence_37.wav,dataset/chunks/noakhali/noa_cate_15/sentence_37.wav,আমি বাড়ি ঝাড়ু দিচ্ছি।,noakhali
sentence_38.wav,dataset/chunks/noakhali/noa_cate_15/sentence_38.wav,তুমি কি দুপুরের খাবার খেয়েছো?,noakhali
sentence_39.wav,dataset/chunks/noakhali/noa_cate_15/sentence_39.wav,আমি সবজি কাটছি।,noakhali
sentence_40.wav,dataset/chunks/noakhali/noa_cate_15/sentence_40.wav,তুমি কি রাতে শুবে?,noakhali
sentence_41.wav,dataset/chunks/noakhali/noa_cate_15/sentence_41.wav,আমি কলম ও কাগজ সাজাচ্ছি।,noakhali
sentence_42.wav,dataset/chunks/noakhali/noa_cate_15/sentence_42.wav,তুমি কি আজ রান্না করছো?,noakhali
sentence_43.wav,dataset/chunks/noakhali/noa_cate_15/sentence_43.wav,আমি কাপড় ধুয়ে শুকাচ্ছি।,noakhali
sentence_44.wav,dataset/chunks/noakhali/noa_cate_15/sentence_44.wav,তুমি কি বাজারে নতুন ফল এনেছো?,noakhali
sentence_45.wav,dataset/chunks/noakhali/noa_cate_15/sentence_45.wav,আমি সকালের নাশতা খাচ্ছি।,noakhali
sentence_46.wav,dataset/chunks/noakhali/noa_cate_15/sentence_46.wav,তুমি কি আজ ঘুম বেশি করেছো?,noakhali
sentence_47.wav,dataset/chunks/noakhali/noa_cate_15/sentence_47.wav,আমি খাবার টেবিলে বসছি।,noakhali
sentence_48.wav,dataset/chunks/noakhali/noa_cate_15/sentence_48.wav,তুমি কি বাইরে যাচ্ছো?,noakhali
sentence_49.wav,dataset/chunks/noakhali/noa_cate_15/sentence_49.wav,আমি ফ্রিজে খাবার রাখছি।,noakhali
sentence_50.wav,dataset/chunks/noakhali/noa_cate_15/sentence_50.wav,তুমি কি বাজারে যাবার আগে তালিকা লিখেছো?,noakhali
sentence_51.wav,dataset/chunks/noakhali/noa_cate_15/sentence_51.wav,আমি সকালে ব্যায়াম করছি।,noakhali
sentence_52.wav,dataset/chunks/noakhali/noa_cate_15/sentence_52.wav,তুমি কি দুপুরে ঘুমাবে?,noakhali
sentence_53.wav,dataset/chunks/noakhali/noa_cate_15/sentence_53.wav,আমি কাপড় ধরছি।,noakhali
sentence_54.wav,dataset/chunks/noakhali/noa_cate_15/sentence_54.wav,তুমি কি রান্না শেষ করেছো?,noakhali
sentence_55.wav,dataset/chunks/noakhali/noa_cate_15/sentence_55.wav,আমি বাজার থেকে শাক-সবজি এনেছি।,noakhali
sentence_56.wav,dataset/chunks/noakhali/noa_cate_15/sentence_56.wav,তুমি কি ঘরে কাজ করছো?,noakhali
sentence_57.wav,dataset/chunks/noakhali/noa_cate_15/sentence_57.wav,আমি দুপুরে চা খাচ্ছি।,noakhali
sentence_58.wav,dataset/chunks/noakhali/noa_cate_15/sentence_58.wav,তুমি কি রাতের খাবার খাবে?,noakhali
sentence_59.wav,dataset/chunks/noakhali/noa_cate_15/sentence_59.wav,আমি সকালের লিস্ট অনুযায়ী কাজ করছি।,noakhali
sentence_60.wav,dataset/chunks/noakhali/noa_cate_15/sentence_60.wav,তুমি কি বাজার থেকে দুধ এনেছো?,noakhali
sentence_61.wav,dataset/chunks/noakhali/noa_cate_15/sentence_61.wav,আমি সকালে উঠে হাঁটতে যাই।,noakhali
sentence_62.wav,dataset/chunks/noakhali/noa_cate_15/sentence_62.wav,তুমি কি ফ্রিজ খোলেছো?,noakhali
sentence_63.wav,dataset/chunks/noakhali/noa_cate_15/sentence_63.wav,আমি বালিশ ধরছি।,noakhali
sentence_64.wav,dataset/chunks/noakhali/noa_cate_15/sentence_64.wav,তুমি কি রান্না করতে চাও?,noakhali
sentence_65.wav,dataset/chunks/noakhali/noa_cate_15/sentence_65.wav,আমি কাপড় লন্ড্রি করছি।,noakhali
sentence_66.wav,dataset/chunks/noakhali/noa_cate_15/sentence_66.wav,তুমি কি বাজারে নতুন রুটি কিনেছো?,noakhali
sentence_67.wav,dataset/chunks/noakhali/noa_cate_15/sentence_67.wav,আমি রাতের খাবার প্রস্তুত করছি।,noakhali
sentence_68.wav,dataset/chunks/noakhali/noa_cate_15/sentence_68.wav,তুমি কি শপিং করতে যাচ্ছো?,noakhali
sentence_69.wav,dataset/chunks/noakhali/noa_cate_15/sentence_69.wav,আমি খোলা আকাশের নিচে হাঁটছি।,noakhali
sentence_70.wav,dataset/chunks/noakhali/noa_cate_15/sentence_70.wav,তুমি কি আজ সকাল থেকে ব্যস্ত?,noakhali
sentence_01.wav,dataset/chunks/noakhali/noa_cate_16/sentence_01.wav,আমার ফোন কাজ করছে না।,noakhali
sentence_02.wav,dataset/chunks/noakhali/noa_cate_16/sentence_02.wav,বাস ধীর গতিতে চলছে।,noakhali
sentence_03.wav,dataset/chunks/noakhali/noa_cate_16/sentence_03.wav,আমি বিল ঠিকমত পাইনি।,noakhali
sentence_04.wav,dataset/chunks/noakhali/noa_cate_16/sentence_04.wav,পানির চাপ খুব কম।,noakhali
sentence_05.wav,dataset/chunks/noakhali/noa_cate_16/sentence_05.wav,ইন্টারনেট সংযোগ স্থিতিশীল নয়।,noakhali
sentence_06.wav,dataset/chunks/noakhali/noa_cate_16/sentence_06.wav,দোকানে সব পণ্য শেষ।,noakhali
sentence_07.wav,dataset/chunks/noakhali/noa_cate_16/sentence_07.wav,বাতি জ্বলে না।,noakhali
sentence_08.wav,dataset/chunks/noakhali/noa_cate_16/sentence_08.wav,আমি চা খুব গরম পেয়েছি।,noakhali
sentence_09.wav,dataset/chunks/noakhali/noa_cate_16/sentence_09.wav,রিকশা খুব দেরি করছে।,noakhali
sentence_10.wav,dataset/chunks/noakhali/noa_cate_16/sentence_10.wav,লিফট বন্ধ।,noakhali
sentence_11.wav,dataset/chunks/noakhali/noa_cate_16/sentence_11.wav,আমার অ্যাপ্লিকেশন ক্র্যাশ করছে।,noakhali
sentence_12.wav,dataset/chunks/noakhali/noa_cate_16/sentence_12.wav,এই গাড়ি তেল টপ আপ করছে না।,noakhali
sentence_13.wav,dataset/chunks/noakhali/noa_cate_16/sentence_13.wav,বাসে অনেক ভিড়।,noakhali
sentence_14.wav,dataset/chunks/noakhali/noa_cate_16/sentence_14.wav,আমি খাবার ঠিকমত পাইনি।,noakhali
sentence_15.wav,dataset/chunks/noakhali/noa_cate_16/sentence_15.wav,রাস্তায় অনেক ধুলো।,noakhali
sentence_16.wav,dataset/chunks/noakhali/noa_cate_16/sentence_16.wav,আমার কম্পিউটার হ্যাং করেছে।,noakhali
sentence_17.wav,dataset/chunks/noakhali/noa_cate_16/sentence_17.wav,ফোনের ব্যাটারি দ্রুত শেষ হচ্ছে।,noakhali
sentence_18.wav,dataset/chunks/noakhali/noa_cate_16/sentence_18.wav,দোকানের হেডফোন খারাপ।,noakhali
sentence_19.wav,dataset/chunks/noakhali/noa_cate_16/sentence_19.wav,রিকশাচালক দেরি করছে।,noakhali
sentence_20.wav,dataset/chunks/noakhali/noa_cate_16/sentence_20.wav,পানির ট্যাংক ফাঁকা।,noakhali
sentence_21.wav,dataset/chunks/noakhali/noa_cate_16/sentence_21.wav,বাসে এয়ার কন্ডিশনার কাজ করছে না।,noakhali
sentence_22.wav,dataset/chunks/noakhali/noa_cate_16/sentence_22.wav,আমার Wi-Fi কানেকশন গড়বড়।,noakhali
sentence_23.wav,dataset/chunks/noakhali/noa_cate_16/sentence_23.wav,দোকানের কাস্টমার সার্ভিস খারাপ।,noakhali
sentence_24.wav,dataset/chunks/noakhali/noa_cate_16/sentence_24.wav,বাতি ঠিকমত জ্বলে না।,noakhali
sentence_25.wav,dataset/chunks/noakhali/noa_cate_16/sentence_25.wav,খাবারের স্বাদ খারাপ।,noakhali
sentence_26.wav,dataset/chunks/noakhali/noa_cate_16/sentence_26.wav,লিফট খুব ধীরে চলছে।,noakhali
sentence_27.wav,dataset/chunks/noakhali/noa_cate_16/sentence_27.wav,আমার মোবাইল চার্জ হচ্ছে না।,noakhali
sentence_28.wav,dataset/chunks/noakhali/noa_cate_16/sentence_28.wav,বাসের ভাড়া বেশি।,noakhali
sentence_29.wav,dataset/chunks/noakhali/noa_cate_16/sentence_29.wav,দোকানে পণ্য ভালো মানের নয়।,noakhali
sentence_30.wav,dataset/chunks/noakhali/noa_cate_16/sentence_30.wav,রাস্তায় যানজট বেশি।,noakhali
sentence_31.wav,dataset/chunks/noakhali/noa_cate_16/sentence_31.wav,আমি আমার টিকেট হারিয়েছি।,noakhali
sentence_32.wav,dataset/chunks/noakhali/noa_cate_16/sentence_32.wav,খাবারের পরিমাণ কম।,noakhali
sentence_33.wav,dataset/chunks/noakhali/noa_cate_16/sentence_33.wav,আমার কম্পিউটার ধীরগতিতে চলছে।,noakhali
sentence_34.wav,dataset/chunks/noakhali/noa_cate_16/sentence_34.wav,রিকশা খুব পুরোনো।,noakhali
sentence_35.wav,dataset/chunks/noakhali/noa_cate_16/sentence_35.wav,দোকানে নতুন পণ্য নেই।,noakhali
sentence_36.wav,dataset/chunks/noakhali/noa_cate_16/sentence_36.wav,ফোনের সিম কাজ করছে না।,noakhali
sentence_37.wav,dataset/chunks/noakhali/noa_cate_16/sentence_37.wav,বাসে বসার জায়গা নেই।,noakhali
sentence_38.wav,dataset/chunks/noakhali/noa_cate_16/sentence_38.wav,পানির স্বাদ খারাপ।,noakhali
sentence_39.wav,dataset/chunks/noakhali/noa_cate_16/sentence_39.wav,লিফটে শব্দ করছে।,noakhali
sentence_40.wav,dataset/chunks/noakhali/noa_cate_16/sentence_40.wav,দোকানের দাম বেশি।,noakhali
sentence_41.wav,dataset/chunks/noakhali/noa_cate_16/sentence_41.wav,খাবারের স্বাদ পরিবর্তন হয়েছে।,noakhali
sentence_42.wav,dataset/chunks/noakhali/noa_cate_16/sentence_42.wav,আমার ল্যাপটপ হ্যাং করছে।,noakhali
sentence_43.wav,dataset/chunks/noakhali/noa_cate_16/sentence_43.wav,বাসে লোকজন অনেক।,noakhali
sentence_44.wav,dataset/chunks/noakhali/noa_cate_16/sentence_44.wav,রাস্তায় খোলা গর্ত।,noakhali
sentence_45.wav,dataset/chunks/noakhali/noa_cate_16/sentence_45.wav,দোকানে কোনো বিক্রয়কর্মী নেই।,noakhali
sentence_46.wav,dataset/chunks/noakhali/noa_cate_16/sentence_46.wav,আমার ফোন ব্যাটারি নষ্ট।,noakhali
sentence_47.wav,dataset/chunks/noakhali/noa_cate_16/sentence_47.wav,খাবার খুব ঠান্ডা।,noakhali
sentence_48.wav,dataset/chunks/noakhali/noa_cate_16/sentence_48.wav,লিফট খুব দ্রুত চলেছে।,noakhali
sentence_49.wav,dataset/chunks/noakhali/noa_cate_16/sentence_49.wav,রিকশা বাসার সামনে দাঁড়ায় না।,noakhali
sentence_50.wav,dataset/chunks/noakhali/noa_cate_16/sentence_50.wav,দোকানে পরিষ্কার নেই।,noakhali
sentence_51.wav,dataset/chunks/noakhali/noa_cate_16/sentence_51.wav,বাস স্ট্যান্ড দূরে।,noakhali
sentence_52.wav,dataset/chunks/noakhali/noa_cate_16/sentence_52.wav,আমার কম্পিউটার হঠাৎ বন্ধ হয়ে গেছে।,noakhali
sentence_53.wav,dataset/chunks/noakhali/noa_cate_16/sentence_53.wav,ফোনে নেটওয়ার্ক নেই।,noakhali
sentence_54.wav,dataset/chunks/noakhali/noa_cate_16/sentence_54.wav,খাবারের স্বাদ ভালো নয়।,noakhali
sentence_55.wav,dataset/chunks/noakhali/noa_cate_16/sentence_55.wav,লিফট লক হয়ে গেছে।,noakhali
sentence_56.wav,dataset/chunks/noakhali/noa_cate_16/sentence_56.wav,দোকানের হেডফোন ব্রেক।,noakhali
sentence_57.wav,dataset/chunks/noakhali/noa_cate_16/sentence_57.wav,রিকশাচালক রাস্তায় নেই।,noakhali
sentence_58.wav,dataset/chunks/noakhali/noa_cate_16/sentence_58.wav,বাসে শীত নেই।,noakhali
sentence_59.wav,dataset/chunks/noakhali/noa_cate_16/sentence_59.wav,আমার ফোন হ্যাং করছে।,noakhali
sentence_60.wav,dataset/chunks/noakhali/noa_cate_16/sentence_60.wav,দোকানে সঠিক দাম নেই।,noakhali
sentence_61.wav,dataset/chunks/noakhali/noa_cate_16/sentence_61.wav,খাবারের স্বাদ খুব ঝাল।,noakhali
sentence_62.wav,dataset/chunks/noakhali/noa_cate_16/sentence_62.wav,লিফট বেজে যাচ্ছে।,noakhali
sentence_63.wav,dataset/chunks/noakhali/noa_cate_16/sentence_63.wav,আমার ল্যাপটপ কাজ করছে না।,noakhali
sentence_64.wav,dataset/chunks/noakhali/noa_cate_16/sentence_64.wav,দোকানের পণ্য ভাঙা।,noakhali
sentence_65.wav,dataset/chunks/noakhali/noa_cate_16/sentence_65.wav,রিকশা দূরে গেছে।,noakhali
sentence_66.wav,dataset/chunks/noakhali/noa_cate_16/sentence_66.wav,বাস সময়মতো আসেনি।,noakhali
sentence_67.wav,dataset/chunks/noakhali/noa_cate_16/sentence_67.wav,আমার মোবাইল নেটওয়ার্ক নেই।,noakhali
sentence_68.wav,dataset/chunks/noakhali/noa_cate_16/sentence_68.wav,দোকানের সার্ভিস খারাপ।,noakhali
sentence_69.wav,dataset/chunks/noakhali/noa_cate_16/sentence_69.wav,খাবারের পরিমাণ কম।,noakhali
sentence_70.wav,dataset/chunks/noakhali/noa_cate_16/sentence_70.wav,লিফট খুব ধীরে চলছে।,noakhali
sentence_01.wav,dataset/chunks/noakhali/noa_cate_17/sentence_01.wav,আমি একটি নতুন ব্যাংক অ্যাকাউন্ট খুলতে চাই।,noakhali
sentence_02.wav,dataset/chunks/noakhali/noa_cate_17/sentence_02.wav,আমার অ্যাকাউন্ট ব্যালেন্স কত?,noakhali
sentence_03.wav,dataset/chunks/noakhali/noa_cate_17/sentence_03.wav,আমি টাকা পাঠাতে চাই।,noakhali
sentence_04.wav,dataset/chunks/noakhali/noa_cate_17/sentence_04.wav,ATM কার্ড কোথায় পাব?,noakhali
sentence_05.wav,dataset/chunks/noakhali/noa_cate_17/sentence_05.wav,আমি বিকাশে টাকা পাঠাতে চাই।,noakhali
sentence_06.wav,dataset/chunks/noakhali/noa_cate_17/sentence_06.wav,চেক জমা দিতে হবে কি?,noakhali
sentence_07.wav,dataset/chunks/noakhali/noa_cate_17/sentence_07.wav,ব্যাংকের সময়সূচি কী?,noakhali
sentence_08.wav,dataset/chunks/noakhali/noa_cate_17/sentence_08.wav,আমি একটি লোন নিতে চাই।,noakhali
sentence_09.wav,dataset/chunks/noakhali/noa_cate_17/sentence_09.wav,ATM কাজ করছে না।,noakhali
sentence_10.wav,dataset/chunks/noakhali/noa_cate_17/sentence_10.wav,আমি অনলাইন ব্যাংকিং করতে চাই।,noakhali
sentence_11.wav,dataset/chunks/noakhali/noa_cate_17/sentence_11.wav,আমার অ্যাকাউন্টে টাকা ঢুকেনি।,noakhali
sentence_12.wav,dataset/chunks/noakhali/noa_cate_17/sentence_12.wav,ব্যাংক খোলা আছে কি?,noakhali
sentence_13.wav,dataset/chunks/noakhali/noa_cate_17/sentence_13.wav,আমি একটি ডেবিট কার্ড চাই।,noakhali
sentence_14.wav,dataset/chunks/noakhali/noa_cate_17/sentence_14.wav,বিকাশে ট্রান্সফার সফল হয়েছে কি?,noakhali
sentence_15.wav,dataset/chunks/noakhali/noa_cate_17/sentence_15.wav,আমি ক্রেডিট কার্ড আবেদন করতে চাই।,noakhali
sentence_16.wav,dataset/chunks/noakhali/noa_cate_17/sentence_16.wav,ATM থেকে কত টাকা তুলতে পারি?,noakhali
sentence_17.wav,dataset/chunks/noakhali/noa_cate_17/sentence_17.wav,আমার পিন ভুল হয়েছে।,noakhali
sentence_18.wav,dataset/chunks/noakhali/noa_cate_17/sentence_18.wav,ব্যাংক ফি কত?,noakhali
sentence_19.wav,dataset/chunks/noakhali/noa_cate_17/sentence_19.wav,আমি চেকবই চাই।,noakhali
sentence_20.wav,dataset/chunks/noakhali/noa_cate_17/sentence_20.wav,বিকাশে লেনদেন কতক্ষণ সময় নেয়?,noakhali
sentence_21.wav,dataset/chunks/noakhali/noa_cate_17/sentence_21.wav,আমি টাকা তুলতে চাই।,noakhali
sentence_22.wav,dataset/chunks/noakhali/noa_cate_17/sentence_22.wav,আমার অ্যাকাউন্ট ব্লক হয়েছে।,noakhali
sentence_23.wav,dataset/chunks/noakhali/noa_cate_17/sentence_23.wav,ব্যাংকিং সেবা ভালো কি?,noakhali
sentence_24.wav,dataset/chunks/noakhali/noa_cate_17/sentence_24.wav,আমি ফান্ড ট্রান্সফার করতে চাই।,noakhali
sentence_25.wav,dataset/chunks/noakhali/noa_cate_17/sentence_25.wav,ATM কোথায় আছে?,noakhali
sentence_26.wav,dataset/chunks/noakhali/noa_cate_17/sentence_26.wav,আমার ডেবিট কার্ড হারিয়েছে।,noakhali
sentence_27.wav,dataset/chunks/noakhali/noa_cate_17/sentence_27.wav,আমি বিকাশ ব্যালেন্স চেক করতে চাই।,noakhali
sentence_28.wav,dataset/chunks/noakhali/noa_cate_17/sentence_28.wav,ব্যাংক অ্যাকাউন্ট কতদিনে খোলা হয়?,noakhali
sentence_29.wav,dataset/chunks/noakhali/noa_cate_17/sentence_29.wav,আমি মোবাইল ব্যাংকিং ব্যবহার করতে চাই।,noakhali
sentence_30.wav,dataset/chunks/noakhali/noa_cate_17/sentence_30.wav,আমি টাকা পাঠিয়েছি কিন্তু পাওয়া যায়নি।,noakhali
sentence_31.wav,dataset/chunks/noakhali/noa_cate_17/sentence_31.wav,আমি লোন পরিশোধ করতে চাই।,noakhali
sentence_32.wav,dataset/chunks/noakhali/noa_cate_17/sentence_32.wav,ATM থেকে টাকা তুলতে সমস্যা।,noakhali
sentence_33.wav,dataset/chunks/noakhali/noa_cate_17/sentence_33.wav,ব্যাংকের চেক অনুমোদিত হয়েছে কি?,noakhali
sentence_34.wav,dataset/chunks/noakhali/noa_cate_17/sentence_34.wav,আমি বিকাশে টাকা জমা দিতে চাই।,noakhali
sentence_35.wav,dataset/chunks/noakhali/noa_cate_17/sentence_35.wav,আমার ক্রেডিট কার্ড লিমিট কত?,noakhali
sentence_36.wav,dataset/chunks/noakhali/noa_cate_17/sentence_36.wav,আমি ব্যাংক খোলা আছে কিনা জানতে চাই।,noakhali
sentence_37.wav,dataset/chunks/noakhali/noa_cate_17/sentence_37.wav,আমার অ্যাকাউন্ট নম্বর ভুল।,noakhali
sentence_38.wav,dataset/chunks/noakhali/noa_cate_17/sentence_38.wav,আমি ফান্ড রিসিভ করতে পারছি না।,noakhali
sentence_39.wav,dataset/chunks/noakhali/noa_cate_17/sentence_39.wav,ব্যাংক সেবা ধীর।,noakhali
sentence_40.wav,dataset/chunks/noakhali/noa_cate_17/sentence_40.wav,আমি বিকাশের পিন পরিবর্তন করতে চাই।,noakhali
sentence_41.wav,dataset/chunks/noakhali/noa_cate_17/sentence_41.wav,আমি একটি ট্রান্সফার করতে চাই।,noakhali
sentence_42.wav,dataset/chunks/noakhali/noa_cate_17/sentence_42.wav,ব্যাংকের কনসাল্ট্যান্ট কোথায় আছে?,noakhali
sentence_43.wav,dataset/chunks/noakhali/noa_cate_17/sentence_43.wav,আমার অ্যাকাউন্টে লেনদেন দেখা যায় না।,noakhali
sentence_44.wav,dataset/chunks/noakhali/noa_cate_17/sentence_44.wav,আমি নতুন ATM কার্ড চাই।,noakhali
sentence_45.wav,dataset/chunks/noakhali/noa_cate_17/sentence_45.wav,বিকাশে লেনদেন বাতিল হয়েছে।,noakhali
sentence_46.wav,dataset/chunks/noakhali/noa_cate_17/sentence_46.wav,ব্যাংকের চেক যাচাই হয়েছে কি?,noakhali
sentence_47.wav,dataset/chunks/noakhali/noa_cate_17/sentence_47.wav,আমি ফান্ড ট্রান্সফার করতে পারছি না।,noakhali
sentence_48.wav,dataset/chunks/noakhali/noa_cate_17/sentence_48.wav,আমার অ্যাকাউন্টে টাকা কমেছে।,noakhali
sentence_49.wav,dataset/chunks/noakhali/noa_cate_17/sentence_49.wav,আমি লোন স্ট্যাটাস জানতে চাই।,noakhali
sentence_50.wav,dataset/chunks/noakhali/noa_cate_17/sentence_50.wav,ATM খুব ব্যস্ত।,noakhali
sentence_51.wav,dataset/chunks/noakhali/noa_cate_17/sentence_51.wav,আমি বিকাশে নতুন নাম্বার রেজিস্টার করতে চাই।,noakhali
sentence_52.wav,dataset/chunks/noakhali/noa_cate_17/sentence_52.wav,ব্যাংকের ফি খুব বেশি।,noakhali
sentence_53.wav,dataset/chunks/noakhali/noa_cate_17/sentence_53.wav,আমি অনলাইন পেমেন্ট করতে চাই।,noakhali
sentence_54.wav,dataset/chunks/noakhali/noa_cate_17/sentence_54.wav,আমার অ্যাকাউন্টে লেনদেন বন্ধ।,noakhali
sentence_55.wav,dataset/chunks/noakhali/noa_cate_17/sentence_55.wav,আমি চেক জমা দিতে পারছি না।,noakhali
sentence_56.wav,dataset/chunks/noakhali/noa_cate_17/sentence_56.wav,বিকাশে টাকা স্থানান্তর করতে সমস্যা।,noakhali
sentence_57.wav,dataset/chunks/noakhali/noa_cate_17/sentence_57.wav,ব্যাংকের সময়সূচি পরিবর্তন হয়েছে।,noakhali
sentence_58.wav,dataset/chunks/noakhali/noa_cate_17/sentence_58.wav,আমি ক্রেডিট কার্ড একটিভ করতে চাই।,noakhali
sentence_59.wav,dataset/chunks/noakhali/noa_cate_17/sentence_59.wav,আমার লোন অ্যাপ্লিকেশন পেন্ডিং আছে।,noakhali
sentence_60.wav,dataset/chunks/noakhali/noa_cate_17/sentence_60.wav,ATM থেকে লেনদেন বাতিল হয়েছে।,noakhali
sentence_61.wav,dataset/chunks/noakhali/noa_cate_17/sentence_61.wav,আমি বিকাশে টাকা রিফান্ড চাই।,noakhali
sentence_62.wav,dataset/chunks/noakhali/noa_cate_17/sentence_62.wav,ব্যাংকের সার্ভিস খারাপ।,noakhali
sentence_63.wav,dataset/chunks/noakhali/noa_cate_17/sentence_63.wav,আমি আমার অ্যাকাউন্ট বন্ধ করতে চাই।,noakhali
sentence_64.wav,dataset/chunks/noakhali/noa_cate_17/sentence_64.wav,আমার ডেবিট কার্ড ব্লক হয়েছে।,noakhali
sentence_65.wav,dataset/chunks/noakhali/noa_cate_17/sentence_65.wav,আমি ফান্ড রিসিভ করতে পারছি না।,noakhali
sentence_66.wav,dataset/chunks/noakhali/noa_cate_17/sentence_66.wav,ব্যাংকের লাইন অনেক লম্বা।,noakhali
sentence_67.wav,dataset/chunks/noakhali/noa_cate_17/sentence_67.wav,আমি ক্রেডিট কার্ড বন্ধ করতে চাই।,noakhali
sentence_68.wav,dataset/chunks/noakhali/noa_cate_17/sentence_68.wav,আমার অ্যাকাউন্টে টাকা জমা হয়নি।,noakhali
sentence_69.wav,dataset/chunks/noakhali/noa_cate_17/sentence_69.wav,আমি বিকাশে লেনদেনের হিস্ট্রি দেখতে চাই।,noakhali
sentence_70.wav,dataset/chunks/noakhali/noa_cate_17/sentence_70.wav,ব্যাংকের লোন প্রক্রিয়া ধীর।,noakhali
sentence_01.wav,dataset/chunks/noakhali/noa_cate_18/sentence_01.wav,আমি খুব খুশি।,noakhali
sentence_02.wav,dataset/chunks/noakhali/noa_cate_18/sentence_02.wav,তুমি কীভাবে অনুভব করছো?,noakhali
sentence_03.wav,dataset/chunks/noakhali/noa_cate_18/sentence_03.wav,আমি দুঃখিত।,noakhali
sentence_04.wav,dataset/chunks/noakhali/noa_cate_18/sentence_04.wav,এটা সত্যিই দুঃখজনক।,noakhali
sentence_05.wav,dataset/chunks/noakhali/noa_cate_18/sentence_05.wav,আমি রাগান্বিত।,noakhali
sentence_06.wav,dataset/chunks/noakhali/noa_cate_18/sentence_06.wav,তুমি কেন রাগ করছো?,noakhali
sentence_07.wav,dataset/chunks/noakhali/noa_cate_18/sentence_07.wav,আমি উত্তেজিত।,noakhali
sentence_08.wav,dataset/chunks/noakhali/noa_cate_18/sentence_08.wav,এটা আমার জন্য আশ্চর্যজনক।,noakhali
sentence_09.wav,dataset/chunks/noakhali/noa_cate_18/sentence_09.wav,আমি ভীত।,noakhali
sentence_10.wav,dataset/chunks/noakhali/noa_cate_18/sentence_10.wav,তুমি কেন ভয় পাচ্ছো?,noakhali
sentence_11.wav,dataset/chunks/noakhali/noa_cate_18/sentence_11.wav,আমি দারুণ খুশি।,noakhali
sentence_12.wav,dataset/chunks/noakhali/noa_cate_18/sentence_12.wav,এটা সত্যিই আমাকে কষ্ট দিচ্ছে।,noakhali
sentence_13.wav,dataset/chunks/noakhali/noa_cate_18/sentence_13.wav,আমি হতাশ।,noakhali
sentence_14.wav,dataset/chunks/noakhali/noa_cate_18/sentence_14.wav,তুমি খুব আনন্দিত দেখাচ্ছো।,noakhali
sentence_15.wav,dataset/chunks/noakhali/noa_cate_18/sentence_15.wav,আমি অবাক।,noakhali
sentence_16.wav,dataset/chunks/noakhali/noa_cate_18/sentence_16.wav,এটা আমার জন্য দুঃসংবাদ।,noakhali
sentence_17.wav,dataset/chunks/noakhali/noa_cate_18/sentence_17.wav,আমি খুব দুঃখিত।,noakhali
sentence_18.wav,dataset/chunks/noakhali/noa_cate_18/sentence_18.wav,তুমি কি খুশি?,noakhali
sentence_19.wav,dataset/chunks/noakhali/noa_cate_18/sentence_19.wav,আমি উত্তেজিত অনুভব করছি।,noakhali
sentence_20.wav,dataset/chunks/noakhali/noa_cate_18/sentence_20.wav,আমি রাগান্বিত হয়ে যাচ্ছি।,noakhali
sentence_21.wav,dataset/chunks/noakhali/noa_cate_18/sentence_21.wav,এটা সত্যিই অবাক করা।,noakhali
sentence_22.wav,dataset/chunks/noakhali/noa_cate_18/sentence_22.wav,"আমি দুঃখিত, এটা আমার দোষ।",noakhali
sentence_23.wav,dataset/chunks/noakhali/noa_cate_18/sentence_23.wav,তুমি কেমন অনুভব করছো?,noakhali
sentence_24.wav,dataset/chunks/noakhali/noa_cate_18/sentence_24.wav,আমি শান্ত।,noakhali
sentence_25.wav,dataset/chunks/noakhali/noa_cate_18/sentence_25.wav,এটা আমাকে আনন্দিত করছে।,noakhali
sentence_26.wav,dataset/chunks/noakhali/noa_cate_18/sentence_26.wav,আমি চিন্তিত।,noakhali
sentence_27.wav,dataset/chunks/noakhali/noa_cate_18/sentence_27.wav,আমি হতাশ হয়ে যাচ্ছি।,noakhali
sentence_28.wav,dataset/chunks/noakhali/noa_cate_18/sentence_28.wav,তুমি রাগান্বিত না তো?,noakhali
sentence_29.wav,dataset/chunks/noakhali/noa_cate_18/sentence_29.wav,আমি সত্যিই আনন্দিত।,noakhali
sentence_30.wav,dataset/chunks/noakhali/noa_cate_18/sentence_30.wav,এটা আমাকে বিরক্ত করছে।,noakhali
sentence_31.wav,dataset/chunks/noakhali/noa_cate_18/sentence_31.wav,আমি অবাক হয়ে গেলাম।,noakhali
sentence_32.wav,dataset/chunks/noakhali/noa_cate_18/sentence_32.wav,আমি খুব ভীত।,noakhali
sentence_33.wav,dataset/chunks/noakhali/noa_cate_18/sentence_33.wav,তুমি আনন্দিত দেখাচ্ছো।,noakhali
sentence_34.wav,dataset/chunks/noakhali/noa_cate_18/sentence_34.wav,আমি হতাশ অনুভব করছি।,noakhali
sentence_35.wav,dataset/chunks/noakhali/noa_cate_18/sentence_35.wav,আমি রাগান্বিত হয়ে গিয়েছি।,noakhali
sentence_36.wav,dataset/chunks/noakhali/noa_cate_18/sentence_36.wav,এটা আমাকে আনন্দ দিচ্ছে।,noakhali
sentence_37.wav,dataset/chunks/noakhali/noa_cate_18/sentence_37.wav,আমি উদ্বিগ্ন।,noakhali
sentence_38.wav,dataset/chunks/noakhali/noa_cate_18/sentence_38.wav,তুমি কেন দুঃখিত?,noakhali
sentence_39.wav,dataset/chunks/noakhali/noa_cate_18/sentence_39.wav,আমি খুব খুশি অনুভব করছি।,noakhali
sentence_40.wav,dataset/chunks/noakhali/noa_cate_18/sentence_40.wav,এটা সত্যিই বিরক্তিকর।,noakhali
sentence_41.wav,dataset/chunks/noakhali/noa_cate_18/sentence_41.wav,আমি আশ্চর্য।,noakhali
sentence_42.wav,dataset/chunks/noakhali/noa_cate_18/sentence_42.wav,তুমি ভয় পাচ্ছো কেন?,noakhali
sentence_43.wav,dataset/chunks/noakhali/noa_cate_18/sentence_43.wav,আমি খুব আনন্দিত।,noakhali
sentence_44.wav,dataset/chunks/noakhali/noa_cate_18/sentence_44.wav,এটা আমাকে দুঃখিত করছে।,noakhali
sentence_45.wav,dataset/chunks/noakhali/noa_cate_18/sentence_45.wav,আমি রাগ অনুভব করছি।,noakhali
sentence_46.wav,dataset/chunks/noakhali/noa_cate_18/sentence_46.wav,তুমি উত্তেজিত নাকি?,noakhali
sentence_47.wav,dataset/chunks/noakhali/noa_cate_18/sentence_47.wav,আমি অবাক হয়ে যাচ্ছি।,noakhali
sentence_48.wav,dataset/chunks/noakhali/noa_cate_18/sentence_48.wav,এটা সত্যিই দারুণ।,noakhali
sentence_49.wav,dataset/chunks/noakhali/noa_cate_18/sentence_49.wav,আমি শান্ত অনুভব করছি।,noakhali
sentence_50.wav,dataset/chunks/noakhali/noa_cate_18/sentence_50.wav,তুমি দুঃখিত নাকি?,noakhali
sentence_51.wav,dataset/chunks/noakhali/noa_cate_18/sentence_51.wav,আমি খুব চিন্তিত।,noakhali
sentence_52.wav,dataset/chunks/noakhali/noa_cate_18/sentence_52.wav,এটা আমাকে বিরক্ত করছে।,noakhali
sentence_53.wav,dataset/chunks/noakhali/noa_cate_18/sentence_53.wav,আমি আনন্দ অনুভব করছি।,noakhali
sentence_54.wav,dataset/chunks/noakhali/noa_cate_18/sentence_54.wav,তুমি রাগান্বিত নাকি?,noakhali
sentence_55.wav,dataset/chunks/noakhali/noa_cate_18/sentence_55.wav,আমি আশ্চর্য অনুভব করছি।,noakhali
sentence_56.wav,dataset/chunks/noakhali/noa_cate_18/sentence_56.wav,এটা আমাকে উত্তেজিত করছে।,noakhali
sentence_57.wav,dataset/chunks/noakhali/noa_cate_18/sentence_57.wav,"আমি দুঃখিত, আমি কিছু করতে পারিনি।",noakhali
sentence_58.wav,dataset/chunks/noakhali/noa_cate_18/sentence_58.wav,তুমি খুশি নাকি?,noakhali
sentence_59.wav,dataset/chunks/noakhali/noa_cate_18/sentence_59.wav,আমি খুব ভীত অনুভব করছি।,noakhali
sentence_60.wav,dataset/chunks/noakhali/noa_cate_18/sentence_60.wav,এটা সত্যিই দুঃখজনক।,noakhali
sentence_61.wav,dataset/chunks/noakhali/noa_cate_18/sentence_61.wav,আমি রাগান্বিত হয়ে যাচ্ছি।,noakhali
sentence_62.wav,dataset/chunks/noakhali/noa_cate_18/sentence_62.wav,তুমি উদ্বিগ্ন নাকি?,noakhali
sentence_63.wav,dataset/chunks/noakhali/noa_cate_18/sentence_63.wav,আমি খুব আনন্দিত অনুভব করছি।,noakhali
sentence_64.wav,dataset/chunks/noakhali/noa_cate_18/sentence_64.wav,এটা আমাকে হতাশ করছে।,noakhali
sentence_65.wav,dataset/chunks/noakhali/noa_cate_18/sentence_65.wav,আমি শান্ত অনুভব করছি।,noakhali
sentence_66.wav,dataset/chunks/noakhali/noa_cate_18/sentence_66.wav,তুমি দারুণ খুশি দেখাচ্ছো।,noakhali
sentence_67.wav,dataset/chunks/noakhali/noa_cate_18/sentence_67.wav,আমি বিরক্ত অনুভব করছি।,noakhali
sentence_68.wav,dataset/chunks/noakhali/noa_cate_18/sentence_68.wav,এটা আমাকে অবাক করছে।,noakhali
sentence_69.wav,dataset/chunks/noakhali/noa_cate_18/sentence_69.wav,আমি উত্তেজিত হয়ে যাচ্ছি।,noakhali
sentence_70.wav,dataset/chunks/noakhali/noa_cate_18/sentence_70.wav,আমি সত্যিই খুশি।,noakhali
sentence_01.wav,dataset/chunks/noakhali/noa_cate_19/sentence_01.wav,আমি লোকসংগীত শুনতে ভালোবাসি।,noakhali
sentence_02.wav,dataset/chunks/noakhali/noa_cate_19/sentence_02.wav,তুমি কি আজ রাতে নাচ দেখতে যাবে?,noakhali
sentence_03.wav,dataset/chunks/noakhali/noa_cate_19/sentence_03.wav,মেলা খুব সুন্দর।,noakhali
sentence_04.wav,dataset/chunks/noakhali/noa_cate_19/sentence_04.wav,তুমি কি পহেলা বৈশাখ উদযাপন করছো?,noakhali
sentence_05.wav,dataset/chunks/noakhali/noa_cate_19/sentence_05.wav,আমি একটি লোকনৃত্য শিখছি।,noakhali
sentence_06.wav,dataset/chunks/noakhali/noa_cate_19/sentence_06.wav,আজ রাতে আমরা মেলায় যাচ্ছি।,noakhali
sentence_07.wav,dataset/chunks/noakhali/noa_cate_19/sentence_07.wav,তুমি কি বাঁশি বাজাতে পারো?,noakhali
sentence_08.wav,dataset/chunks/noakhali/noa_cate_19/sentence_08.wav,আমরা পুতুলনাচ দেখেছি।,noakhali
sentence_09.wav,dataset/chunks/noakhali/noa_cate_19/sentence_09.wav,মেলায় অনেক লোক আছে।,noakhali
sentence_10.wav,dataset/chunks/noakhali/noa_cate_19/sentence_10.wav,তুমি কি ঢাক বাজাতে চাও?,noakhali
sentence_11.wav,dataset/chunks/noakhali/noa_cate_19/sentence_11.wav,আমি নাটক দেখতে যাচ্ছি।,noakhali
sentence_12.wav,dataset/chunks/noakhali/noa_cate_19/sentence_12.wav,আজকে কাব্য অনুষ্ঠানে যাচ্ছি।,noakhali
sentence_13.wav,dataset/chunks/noakhali/noa_cate_19/sentence_13.wav,তুমি কি গান গাইতে পারো?,noakhali
sentence_14.wav,dataset/chunks/noakhali/noa_cate_19/sentence_14.wav,লোকনৃত্য খুব সুন্দর।,noakhali
sentence_15.wav,dataset/chunks/noakhali/noa_cate_19/sentence_15.wav,আমরা মেলায় পিঠা খেয়েছি।,noakhali
sentence_16.wav,dataset/chunks/noakhali/noa_cate_19/sentence_16.wav,তুমি কি আজকে শিল্প প্রদর্শনী দেখেছো?,noakhali
sentence_17.wav,dataset/chunks/noakhali/noa_cate_19/sentence_17.wav,আমি রবীন্দ্রনাথের গান শুনতে ভালোবাসি।,noakhali
sentence_18.wav,dataset/chunks/noakhali/noa_cate_19/sentence_18.wav,মেলায় খেলার স্টল আছে।,noakhali
sentence_19.wav,dataset/chunks/noakhali/noa_cate_19/sentence_19.wav,তুমি কি আজকে ঢোল বাজাচ্ছো?,noakhali
sentence_20.wav,dataset/chunks/noakhali/noa_cate_19/sentence_20.wav,আমরা একটি রাস্তানাটক দেখেছি।,noakhali
sentence_21.wav,dataset/chunks/noakhali/noa_cate_19/sentence_21.wav,মেলায় অনেক খাবার বিক্রি হচ্ছে।,noakhali
sentence_22.wav,dataset/chunks/noakhali/noa_cate_19/sentence_22.wav,তুমি কি আজকে লোকগীতি শোনাচ্ছো?,noakhali
sentence_23.wav,dataset/chunks/noakhali/noa_cate_19/sentence_23.wav,আমি নৃত্য প্রতিযোগিতায় অংশ নিচ্ছি।,noakhali
sentence_24.wav,dataset/chunks/noakhali/noa_cate_19/sentence_24.wav,মেলায় সাজানো হয়েছে অনেক আলোকসজ্জা।,noakhali
sentence_25.wav,dataset/chunks/noakhali/noa_cate_19/sentence_25.wav,তুমি কি আজকে মেলায় গিয়েছো?,noakhali
sentence_26.wav,dataset/chunks/noakhali/noa_cate_19/sentence_26.wav,আমরা একটি লোককাহিনী শোনেছি।,noakhali
sentence_27.wav,dataset/chunks/noakhali/noa_cate_19/sentence_27.wav,তুমি কি আজকে নাটক দেখেছো?,noakhali
sentence_28.wav,dataset/chunks/noakhali/noa_cate_19/sentence_28.wav,আমি পটচিত্র দেখতে ভালোবাসি।,noakhali
sentence_29.wav,dataset/chunks/noakhali/noa_cate_19/sentence_29.wav,মেলায় অনেক শিশু খেলছে।,noakhali
sentence_30.wav,dataset/chunks/noakhali/noa_cate_19/sentence_30.wav,তুমি কি লোকনৃত্য শিখছো?,noakhali
sentence_31.wav,dataset/chunks/noakhali/noa_cate_19/sentence_31.wav,আমরা পুতুলনাচ প্রদর্শনীতে গিয়েছি।,noakhali
sentence_32.wav,dataset/chunks/noakhali/noa_cate_19/sentence_32.wav,মেলায় গান বাজানো হচ্ছে।,noakhali
sentence_33.wav,dataset/chunks/noakhali/noa_cate_19/sentence_33.wav,তুমি কি শিল্পকর্ম তৈরি করছো?,noakhali
sentence_34.wav,dataset/chunks/noakhali/noa_cate_19/sentence_34.wav,আমি লোকসংগীত শোনাচ্ছি।,noakhali
sentence_35.wav,dataset/chunks/noakhali/noa_cate_19/sentence_35.wav,মেলায় খেলনা বিক্রি হচ্ছে।,noakhali
sentence_36.wav,dataset/chunks/noakhali/noa_cate_19/sentence_36.wav,তুমি কি আজকে পিঠা খেয়েছো?,noakhali
sentence_37.wav,dataset/chunks/noakhali/noa_cate_19/sentence_37.wav,আমরা নৃত্য প্রদর্শনীতে অংশ নিয়েছি।,noakhali
sentence_38.wav,dataset/chunks/noakhali/noa_cate_19/sentence_38.wav,মেলায় বিভিন্ন খাবার রয়েছে।,noakhali
sentence_39.wav,dataset/chunks/noakhali/noa_cate_19/sentence_39.wav,তুমি কি আজকে কাব্য শোনাচ্ছো?,noakhali
sentence_40.wav,dataset/chunks/noakhali/noa_cate_19/sentence_40.wav,আমি রবীন্দ্রনাথের গান গাইছি।,noakhali
sentence_41.wav,dataset/chunks/noakhali/noa_cate_19/sentence_41.wav,মেলায় রঙিন বাতি জ্বলে।,noakhali
sentence_42.wav,dataset/chunks/noakhali/noa_cate_19/sentence_42.wav,তুমি কি আজকে নাটক মঞ্চস্থ করছো?,noakhali
sentence_43.wav,dataset/chunks/noakhali/noa_cate_19/sentence_43.wav,আমরা লোকনৃত্য দেখতে যাচ্ছি।,noakhali
sentence_44.wav,dataset/chunks/noakhali/noa_cate_19/sentence_44.wav,মেলায় অনেক ছবি তোলা হচ্ছে।,noakhali
sentence_45.wav,dataset/chunks/noakhali/noa_cate_19/sentence_45.wav,তুমি কি পুতুলনাচ পছন্দ করো?,noakhali
sentence_46.wav,dataset/chunks/noakhali/noa_cate_19/sentence_46.wav,আমি নৃত্য প্রশিক্ষণ নিচ্ছি।,noakhali
sentence_47.wav,dataset/chunks/noakhali/noa_cate_19/sentence_47.wav,মেলায় লোকশিল্প প্রদর্শিত হচ্ছে।,noakhali
sentence_48.wav,dataset/chunks/noakhali/noa_cate_19/sentence_48.wav,তুমি কি আজকে গান শোনাচ্ছো?,noakhali
sentence_49.wav,dataset/chunks/noakhali/noa_cate_19/sentence_49.wav,আমরা মেলায় হস্তশিল্প কিনেছি।,noakhali
sentence_50.wav,dataset/chunks/noakhali/noa_cate_19/sentence_50.wav,মেলায় অনেক লোক আনন্দ করছে।,noakhali
sentence_51.wav,dataset/chunks/noakhali/noa_cate_19/sentence_51.wav,তুমি কি আজকে মেলার খেলা খেলেছো?,noakhali
sentence_52.wav,dataset/chunks/noakhali/noa_cate_19/sentence_52.wav,আমি লোকনৃত্য প্রদর্শনীতে গিয়েছি।,noakhali
sentence_53.wav,dataset/chunks/noakhali/noa_cate_19/sentence_53.wav,মেলায় মিষ্টি বিক্রি হচ্ছে।,noakhali
sentence_54.wav,dataset/chunks/noakhali/noa_cate_19/sentence_54.wav,তুমি কি আজকে রাস্তানাটক দেখেছো?,noakhali
sentence_55.wav,dataset/chunks/noakhali/noa_cate_19/sentence_55.wav,আমি পুতুলনাচ তৈরি করছি।,noakhali
sentence_56.wav,dataset/chunks/noakhali/noa_cate_19/sentence_56.wav,মেলায় বিভিন্ন নাচ প্রদর্শিত হচ্ছে।,noakhali
sentence_57.wav,dataset/chunks/noakhali/noa_cate_19/sentence_57.wav,তুমি কি আজকে শিল্প প্রদর্শনীতে গিয়েছো?,noakhali
sentence_58.wav,dataset/chunks/noakhali/noa_cate_19/sentence_58.wav,আমরা মেলায় গান শুনেছি।,noakhali
sentence_59.wav,dataset/chunks/noakhali/noa_cate_19/sentence_59.wav,মেলায় লোকসংগীত বাজানো হয়েছে।,noakhali
sentence_60.wav,dataset/chunks/noakhali/noa_cate_19/sentence_60.wav,তুমি কি আজকে পিঠা খেয়েছো?,noakhali
sentence_61.wav,dataset/chunks/noakhali/noa_cate_19/sentence_61.wav,আমি নৃত্য প্রশিক্ষণে অংশ নিচ্ছি।,noakhali
sentence_62.wav,dataset/chunks/noakhali/noa_cate_19/sentence_62.wav,মেলায় খেলা প্রদর্শনী হয়েছে।,noakhali
sentence_63.wav,dataset/chunks/noakhali/noa_cate_19/sentence_63.wav,তুমি কি আজকে রঙিন লাইট দেখেছো?,noakhali
sentence_64.wav,dataset/chunks/noakhali/noa_cate_19/sentence_64.wav,আমরা মেলায় হস্তশিল্প শিখেছি।,noakhali
sentence_65.wav,dataset/chunks/noakhali/noa_cate_19/sentence_65.wav,মেলায় লোককাহিনী বলা হয়েছে।,noakhali
sentence_66.wav,dataset/chunks/noakhali/noa_cate_19/sentence_66.wav,তুমি কি আজকে কাব্য শোনেছো?,noakhali
sentence_67.wav,dataset/chunks/noakhali/noa_cate_19/sentence_67.wav,আমি মেলায় গিয়েছি।,noakhali
sentence_68.wav,dataset/chunks/noakhali/noa_cate_19/sentence_68.wav,মেলায় নাটক প্রদর্শিত হয়েছে।,noakhali
sentence_69.wav,dataset/chunks/noakhali/noa_cate_19/sentence_69.wav,তুমি কি আজকে গান গেয়েছো?,noakhali
sentence_70.wav,dataset/chunks/noakhali/noa_cate_19/sentence_70.wav,আমরা মেলায় নাচ উপভোগ করেছি।,noakhali
sentence_01.wav,dataset/chunks/rangpur/ran_cate_01/sentence_01.wav,আপনি কোথা থেকে এসেছেন?,rangpur
sentence_02.wav,dataset/chunks/rangpur/ran_cate_01/sentence_02.wav,আপনার নাম কী?,rangpur
sentence_03.wav,dataset/chunks/rangpur/ran_cate_01/sentence_03.wav,আমার নাম জন।,rangpur
sentence_04.wav,dataset/chunks/rangpur/ran_cate_01/sentence_04.wav,আপনার সাথে পরিচিত হয়ে ভালো লাগলো।,rangpur
sentence_05.wav,dataset/chunks/rangpur/ran_cate_01/sentence_05.wav,আমি এই এলাকায় নতুন।,rangpur
sentence_06.wav,dataset/chunks/rangpur/ran_cate_01/sentence_06.wav,আপনি কি এখানে থাকেন?,rangpur
sentence_07.wav,dataset/chunks/rangpur/ran_cate_01/sentence_07.wav,আপনি কি প্রথমবার এখানে এসেছেন?,rangpur
sentence_08.wav,dataset/chunks/rangpur/ran_cate_01/sentence_08.wav,আমি বাংলাদেশে ভ্রমণে এসেছি।,rangpur
sentence_09.wav,dataset/chunks/rangpur/ran_cate_01/sentence_09.wav,আপনি কী করেন?,rangpur
sentence_10.wav,dataset/chunks/rangpur/ran_cate_01/sentence_10.wav,আমি একজন ছাত্র।,rangpur
sentence_11.wav,dataset/chunks/rangpur/ran_cate_01/sentence_11.wav,আপনার বাড়ি কোথায়?,rangpur
sentence_12.wav,dataset/chunks/rangpur/ran_cate_01/sentence_12.wav,আপনি কেমন আছেন?,rangpur
sentence_13.wav,dataset/chunks/rangpur/ran_cate_01/sentence_13.wav,আমি ভালো আছি।,rangpur
sentence_14.wav,dataset/chunks/rangpur/ran_cate_01/sentence_14.wav,অনেক দিন পর দেখা হলো।,rangpur
sentence_15.wav,dataset/chunks/rangpur/ran_cate_01/sentence_15.wav,আপনাকে আবার দেখে ভালো লাগছে।,rangpur
sentence_16.wav,dataset/chunks/rangpur/ran_cate_01/sentence_16.wav,আপনি কি আমাকে সাহায্য করতে পারবেন?,rangpur
sentence_17.wav,dataset/chunks/rangpur/ran_cate_01/sentence_17.wav,আপনার সাথে কথা বলে ভালো লাগছে।,rangpur
sentence_18.wav,dataset/chunks/rangpur/ran_cate_01/sentence_18.wav,আমি এখানে কাজের জন্য এসেছি।,rangpur
sentence_19.wav,dataset/chunks/rangpur/ran_cate_01/sentence_19.wav,আপনি কোন দেশ থেকে এসেছেন?,rangpur
sentence_20.wav,dataset/chunks/rangpur/ran_cate_01/sentence_20.wav,আমি ইংরেজি বলতে পারি।,rangpur
sentence_21.wav,dataset/chunks/rangpur/ran_cate_01/sentence_21.wav,আপনি কি বাংলা বলতে পারেন?,rangpur
sentence_22.wav,dataset/chunks/rangpur/ran_cate_01/sentence_22.wav,আমি বাংলা শিখছি।,rangpur
sentence_23.wav,dataset/chunks/rangpur/ran_cate_01/sentence_23.wav,ধন্যবাদ আপনাকে।,rangpur
sentence_24.wav,dataset/chunks/rangpur/ran_cate_01/sentence_24.wav,আপনাকে স্বাগতম।,rangpur
sentence_25.wav,dataset/chunks/rangpur/ran_cate_01/sentence_25.wav,আপনার বয়স কত?,rangpur
sentence_26.wav,dataset/chunks/rangpur/ran_cate_01/sentence_26.wav,আমি এখানে পড়াশোনা করছি।,rangpur
sentence_27.wav,dataset/chunks/rangpur/ran_cate_01/sentence_27.wav,আমি এই শহরটি পছন্দ করি।,rangpur
sentence_28.wav,dataset/chunks/rangpur/ran_cate_01/sentence_28.wav,আপনার পরিবার কেমন আছে?,rangpur
sentence_29.wav,dataset/chunks/rangpur/ran_cate_01/sentence_29.wav,আপনার সাথে দেখা করতে পেরে আনন্দিত।,rangpur
sentence_30.wav,dataset/chunks/rangpur/ran_cate_01/sentence_30.wav,আপনি কি এখানে দীর্ঘদিন থাকবেন?,rangpur
sentence_31.wav,dataset/chunks/rangpur/ran_cate_01/sentence_31.wav,আমি কয়েকদিনের জন্য এসেছি।,rangpur
sentence_32.wav,dataset/chunks/rangpur/ran_cate_01/sentence_32.wav,আপনার সাথে যোগাযোগ রাখতে চাই।,rangpur
sentence_33.wav,dataset/chunks/rangpur/ran_cate_01/sentence_33.wav,এটা আমার প্রথম সফর।,rangpur
sentence_34.wav,dataset/chunks/rangpur/ran_cate_01/sentence_34.wav,আমি আপনার দেশ সম্পর্কে জানতে চাই।,rangpur
sentence_35.wav,dataset/chunks/rangpur/ran_cate_01/sentence_35.wav,আপনি কোথায় কাজ করেন?,rangpur
sentence_36.wav,dataset/chunks/rangpur/ran_cate_01/sentence_36.wav,আপনার ফোন নম্বর দিতে পারেন?,rangpur
sentence_37.wav,dataset/chunks/rangpur/ran_cate_01/sentence_37.wav,আমি আপনার সাথে পরে কথা বলবো।,rangpur
sentence_38.wav,dataset/chunks/rangpur/ran_cate_01/sentence_38.wav,আপনাকে দেখে ভালো লাগলো।,rangpur
sentence_39.wav,dataset/chunks/rangpur/ran_cate_01/sentence_39.wav,আপনি কি এখানে একা এসেছেন?,rangpur
sentence_40.wav,dataset/chunks/rangpur/ran_cate_01/sentence_40.wav,আমি আমার বন্ধুর সাথে এসেছি।,rangpur
sentence_41.wav,dataset/chunks/rangpur/ran_cate_01/sentence_41.wav,আপনার পেশা কী?,rangpur
sentence_42.wav,dataset/chunks/rangpur/ran_cate_01/sentence_42.wav,আমি একজন শিক্ষক।,rangpur
sentence_43.wav,dataset/chunks/rangpur/ran_cate_01/sentence_43.wav,আপনার সাথে কাজ করতে চাই।,rangpur
sentence_44.wav,dataset/chunks/rangpur/ran_cate_01/sentence_44.wav,আজকে আবহাওয়া সুন্দর।,rangpur
sentence_45.wav,dataset/chunks/rangpur/ran_cate_01/sentence_45.wav,আপনি কি এখানে থাকেন নাকি ভ্রমণে এসেছেন?,rangpur
sentence_46.wav,dataset/chunks/rangpur/ran_cate_01/sentence_46.wav,আমি এই জায়গাটি প্রথমবার দেখছি।,rangpur
sentence_47.wav,dataset/chunks/rangpur/ran_cate_01/sentence_47.wav,আপনার সাথে পরিচয় হওয়া আমার জন্য সম্মানের।,rangpur
sentence_48.wav,dataset/chunks/rangpur/ran_cate_01/sentence_48.wav,আপনি কোন ভাষায় কথা বলেন?,rangpur
sentence_49.wav,dataset/chunks/rangpur/ran_cate_01/sentence_49.wav,আমি আপনার কাছ থেকে শিখতে চাই।,rangpur
sentence_50.wav,dataset/chunks/rangpur/ran_cate_01/sentence_50.wav,আমি খুব আনন্দিত।,rangpur
sentence_51.wav,dataset/chunks/rangpur/ran_cate_01/sentence_51.wav,আপনার দিনটি কেমন কাটছে?,rangpur
sentence_52.wav,dataset/chunks/rangpur/ran_cate_01/sentence_52.wav,আমি একটু দেরি করেছি।,rangpur
sentence_53.wav,dataset/chunks/rangpur/ran_cate_01/sentence_53.wav,আপনাকে অপেক্ষা করানোর জন্য দুঃখিত।,rangpur
sentence_54.wav,dataset/chunks/rangpur/ran_cate_01/sentence_54.wav,আপনার সাথে আবার দেখা হবে আশা করি।,rangpur
sentence_55.wav,dataset/chunks/rangpur/ran_cate_01/sentence_55.wav,আপনি কি কাছাকাছি থাকেন?,rangpur
sentence_56.wav,dataset/chunks/rangpur/ran_cate_01/sentence_56.wav,আমি আপনার সাহায্যের জন্য কৃতজ্ঞ।,rangpur
sentence_57.wav,dataset/chunks/rangpur/ran_cate_01/sentence_57.wav,আপনাকে শুভেচ্ছা জানাই।,rangpur
sentence_58.wav,dataset/chunks/rangpur/ran_cate_01/sentence_58.wav,আপনার দিনটি শুভ হোক।,rangpur
sentence_59.wav,dataset/chunks/rangpur/ran_cate_01/sentence_59.wav,আপনার সাথে কথা বলা আনন্দের ছিল।,rangpur
sentence_60.wav,dataset/chunks/rangpur/ran_cate_01/sentence_60.wav,আমি আপনাকে সম্মান করি।,rangpur
sentence_61.wav,dataset/chunks/rangpur/ran_cate_01/sentence_61.wav,আমি এখানে কাজ শুরু করেছি।,rangpur
sentence_62.wav,dataset/chunks/rangpur/ran_cate_01/sentence_62.wav,আপনি কখন এসেছেন?,rangpur
sentence_63.wav,dataset/chunks/rangpur/ran_cate_01/sentence_63.wav,আমি গতকাল এসেছি।,rangpur
sentence_64.wav,dataset/chunks/rangpur/ran_cate_01/sentence_64.wav,আপনি কতদিন থাকবেন?,rangpur
sentence_65.wav,dataset/chunks/rangpur/ran_cate_01/sentence_65.wav,আমি এক সপ্তাহ থাকবো।,rangpur
sentence_66.wav,dataset/chunks/rangpur/ran_cate_01/sentence_66.wav,আপনার সাথে বন্ধুত্ব করতে চাই।,rangpur
sentence_67.wav,dataset/chunks/rangpur/ran_cate_01/sentence_67.wav,আপনি খুব ভদ্র মানুষ।,rangpur
sentence_68.wav,dataset/chunks/rangpur/ran_cate_01/sentence_68.wav,আমি আপনাকে ধন্যবাদ জানাই।,rangpur
sentence_69.wav,dataset/chunks/rangpur/ran_cate_01/sentence_69.wav,আপনার সাথে দেখা হওয়া সৌভাগ্যের।,rangpur
sentence_70.wav,dataset/chunks/rangpur/ran_cate_01/sentence_70.wav,আমি আপনার সাথে আবার যোগাযোগ করবো।,rangpur
sentence_01.wav,dataset/chunks/rangpur/ran_cate_02/sentence_01.wav,বাস স্ট্যান্ড কোথায়?,rangpur
sentence_02.wav,dataset/chunks/rangpur/ran_cate_02/sentence_02.wav,এই রাস্তাটি কোথায় যায়?,rangpur
sentence_03.wav,dataset/chunks/rangpur/ran_cate_02/sentence_03.wav,রেলওয়ে স্টেশন কত দূরে?,rangpur
sentence_04.wav,dataset/chunks/rangpur/ran_cate_02/sentence_04.wav,বিমানবন্দর যাওয়ার রাস্তা কোনটি?,rangpur
sentence_05.wav,dataset/chunks/rangpur/ran_cate_02/sentence_05.wav,বাজারে যেতে কোন বাসে উঠবো?,rangpur
sentence_06.wav,dataset/chunks/rangpur/ran_cate_02/sentence_06.wav,এই বাস কি ঢাকায় যাবে?,rangpur
sentence_07.wav,dataset/chunks/rangpur/ran_cate_02/sentence_07.wav,ভাড়া কত?,rangpur
sentence_08.wav,dataset/chunks/rangpur/ran_cate_02/sentence_08.wav,রিকশার ভাড়া কত নেবেন?,rangpur
sentence_09.wav,dataset/chunks/rangpur/ran_cate_02/sentence_09.wav,আমাকে হাসপাতালে নিয়ে চলুন।,rangpur
sentence_10.wav,dataset/chunks/rangpur/ran_cate_02/sentence_10.wav,এই ট্রেন কখন ছাড়বে?,rangpur
sentence_11.wav,dataset/chunks/rangpur/ran_cate_02/sentence_11.wav,ট্রেন কত নম্বর প্ল্যাটফর্মে আসবে?,rangpur
sentence_12.wav,dataset/chunks/rangpur/ran_cate_02/sentence_12.wav,এখানে কি টিকিট কাউন্টার আছে?,rangpur
sentence_13.wav,dataset/chunks/rangpur/ran_cate_02/sentence_13.wav,"এক টিকিট দিন, চট্টগ্রামের জন্য।",rangpur
sentence_14.wav,dataset/chunks/rangpur/ran_cate_02/sentence_14.wav,বাস কখন ছাড়বে?,rangpur
sentence_15.wav,dataset/chunks/rangpur/ran_cate_02/sentence_15.wav,এই রাস্তায় কি যানজট হয়?,rangpur
sentence_16.wav,dataset/chunks/rangpur/ran_cate_02/sentence_16.wav,সোজা গেলে কি ব্যাংক পাবো?,rangpur
sentence_17.wav,dataset/chunks/rangpur/ran_cate_02/sentence_17.wav,ডানদিকে গেলে কি হাসপাতাল?,rangpur
sentence_18.wav,dataset/chunks/rangpur/ran_cate_02/sentence_18.wav,বামদিকে মোড় নিন।,rangpur
sentence_19.wav,dataset/chunks/rangpur/ran_cate_02/sentence_19.wav,সোজা এগিয়ে যান।,rangpur
sentence_20.wav,dataset/chunks/rangpur/ran_cate_02/sentence_20.wav,এই জায়গাটা কত দূরে?,rangpur
sentence_21.wav,dataset/chunks/rangpur/ran_cate_02/sentence_21.wav,হাঁটলে কত সময় লাগবে?,rangpur
sentence_22.wav,dataset/chunks/rangpur/ran_cate_02/sentence_22.wav,গাড়ি পাওয়া যাবে কোথায়?,rangpur
sentence_23.wav,dataset/chunks/rangpur/ran_cate_02/sentence_23.wav,এখানে কি উবার পাওয়া যায়?,rangpur
sentence_24.wav,dataset/chunks/rangpur/ran_cate_02/sentence_24.wav,আপনি কি আমাকে পথ দেখাতে পারবেন?,rangpur
sentence_25.wav,dataset/chunks/rangpur/ran_cate_02/sentence_25.wav,এই রাস্তা কি নিরাপদ?,rangpur
sentence_26.wav,dataset/chunks/rangpur/ran_cate_02/sentence_26.wav,এখানে কি পার্কিং আছে?,rangpur
sentence_27.wav,dataset/chunks/rangpur/ran_cate_02/sentence_27.wav,গাড়ি রাখার জায়গা কোথায়?,rangpur
sentence_28.wav,dataset/chunks/rangpur/ran_cate_02/sentence_28.wav,এই ট্রেন কি সময়মতো আসবে?,rangpur
sentence_29.wav,dataset/chunks/rangpur/ran_cate_02/sentence_29.wav,বাসে কি সিট খালি আছে?,rangpur
sentence_30.wav,dataset/chunks/rangpur/ran_cate_02/sentence_30.wav,এই বাস কি সরাসরি যাবে?,rangpur
sentence_31.wav,dataset/chunks/rangpur/ran_cate_02/sentence_31.wav,মাঝপথে কি নামতে পারবো?,rangpur
sentence_32.wav,dataset/chunks/rangpur/ran_cate_02/sentence_32.wav,আমাকে পরের স্টপে নামিয়ে দিন।,rangpur
sentence_33.wav,dataset/chunks/rangpur/ran_cate_02/sentence_33.wav,এই রাস্তা কি শর্টকাট?,rangpur
sentence_34.wav,dataset/chunks/rangpur/ran_cate_02/sentence_34.wav,এখানে কি ট্যাক্সি স্ট্যান্ড আছে?,rangpur
sentence_35.wav,dataset/chunks/rangpur/ran_cate_02/sentence_35.wav,গন্তব্যে পৌঁছাতে কত সময় লাগবে?,rangpur
sentence_36.wav,dataset/chunks/rangpur/ran_cate_02/sentence_36.wav,রিকশা কি পাওয়া যাবে?,rangpur
sentence_37.wav,dataset/chunks/rangpur/ran_cate_02/sentence_37.wav,ট্রেন কি দেরি করছে?,rangpur
sentence_38.wav,dataset/chunks/rangpur/ran_cate_02/sentence_38.wav,এই বাস কোথায় থামে?,rangpur
sentence_39.wav,dataset/chunks/rangpur/ran_cate_02/sentence_39.wav,আপনারা কি রাতের বাস চালান?,rangpur
sentence_40.wav,dataset/chunks/rangpur/ran_cate_02/sentence_40.wav,শেষ বাস কখন?,rangpur
sentence_41.wav,dataset/chunks/rangpur/ran_cate_02/sentence_41.wav,এই রাস্তা কি বন্ধ?,rangpur
sentence_42.wav,dataset/chunks/rangpur/ran_cate_02/sentence_42.wav,বিকল্প রাস্তা কোনটি?,rangpur
sentence_43.wav,dataset/chunks/rangpur/ran_cate_02/sentence_43.wav,এখানে কি সিগন্যাল আছে?,rangpur
sentence_44.wav,dataset/chunks/rangpur/ran_cate_02/sentence_44.wav,রাস্তা কি মেরামত হচ্ছে?,rangpur
sentence_45.wav,dataset/chunks/rangpur/ran_cate_02/sentence_45.wav,আমাকে বিশ্ববিদ্যালয়ে যেতে হবে।,rangpur
sentence_46.wav,dataset/chunks/rangpur/ran_cate_02/sentence_46.wav,বিশ্ববিদ্যালয়ের বাস কোথা থেকে ছাড়ে?,rangpur
sentence_47.wav,dataset/chunks/rangpur/ran_cate_02/sentence_47.wav,টিকিটের দাম কত?,rangpur
sentence_48.wav,dataset/chunks/rangpur/ran_cate_02/sentence_48.wav,এখানে কি মেট্রো স্টেশন আছে?,rangpur
sentence_49.wav,dataset/chunks/rangpur/ran_cate_02/sentence_49.wav,মেট্রো কখন ছাড়ে?,rangpur
sentence_50.wav,dataset/chunks/rangpur/ran_cate_02/sentence_50.wav,এই রাস্তা কি প্রধান সড়ক?,rangpur
sentence_51.wav,dataset/chunks/rangpur/ran_cate_02/sentence_51.wav,আমাকে থানায় যেতে হবে।,rangpur
sentence_52.wav,dataset/chunks/rangpur/ran_cate_02/sentence_52.wav,পুলিশ স্টেশন কোথায়?,rangpur
sentence_53.wav,dataset/chunks/rangpur/ran_cate_02/sentence_53.wav,এই এলাকায় কি বাস চলে?,rangpur
sentence_54.wav,dataset/chunks/rangpur/ran_cate_02/sentence_54.wav,এখানে কি সিএনজি পাওয়া যায়?,rangpur
sentence_55.wav,dataset/chunks/rangpur/ran_cate_02/sentence_55.wav,আমাকে দ্রুত পৌঁছাতে হবে।,rangpur
sentence_56.wav,dataset/chunks/rangpur/ran_cate_02/sentence_56.wav,এখানে কি ফেরি ঘাট আছে?,rangpur
sentence_57.wav,dataset/chunks/rangpur/ran_cate_02/sentence_57.wav,ফেরি কখন ছাড়বে?,rangpur
sentence_58.wav,dataset/chunks/rangpur/ran_cate_02/sentence_58.wav,নদী পার হতে কত সময় লাগবে?,rangpur
sentence_59.wav,dataset/chunks/rangpur/ran_cate_02/sentence_59.wav,এই ট্রেন কি এক্সপ্রেস?,rangpur
sentence_60.wav,dataset/chunks/rangpur/ran_cate_02/sentence_60.wav,এখানে কি বাস বদলাতে হবে?,rangpur
sentence_61.wav,dataset/chunks/rangpur/ran_cate_02/sentence_61.wav,এই বাস কি এয়ারকন্ডিশন্ড?,rangpur
sentence_62.wav,dataset/chunks/rangpur/ran_cate_02/sentence_62.wav,রাস্তায় কি টোল দিতে হয়?,rangpur
sentence_63.wav,dataset/chunks/rangpur/ran_cate_02/sentence_63.wav,টোল কত?,rangpur
sentence_64.wav,dataset/chunks/rangpur/ran_cate_02/sentence_64.wav,এখানে কি রাস্তা নিরাপদ রাতে?,rangpur
sentence_65.wav,dataset/chunks/rangpur/ran_cate_02/sentence_65.wav,আমি পথ হারিয়ে ফেলেছি।,rangpur
sentence_66.wav,dataset/chunks/rangpur/ran_cate_02/sentence_66.wav,আমাকে মানচিত্র দেখাতে পারবেন?,rangpur
sentence_67.wav,dataset/chunks/rangpur/ran_cate_02/sentence_67.wav,কাছাকাছি কোন হোটেল আছে?,rangpur
sentence_68.wav,dataset/chunks/rangpur/ran_cate_02/sentence_68.wav,এই এলাকা কি শহরের ভেতরে?,rangpur
sentence_69.wav,dataset/chunks/rangpur/ran_cate_02/sentence_69.wav,এখানে কি ট্রাফিক বেশি?,rangpur
sentence_70.wav,dataset/chunks/rangpur/ran_cate_02/sentence_70.wav,আমাকে সঠিক দিকটি বলুন।,rangpur
sentence_01.wav,dataset/chunks/rangpur/ran_cate_03/sentence_01.wav,এই জিনিসটির দাম কত?,rangpur
sentence_02.wav,dataset/chunks/rangpur/ran_cate_03/sentence_02.wav,দাম একটু কম হবে?,rangpur
sentence_03.wav,dataset/chunks/rangpur/ran_cate_03/sentence_03.wav,এক কেজি চাল দিন।,rangpur
sentence_04.wav,dataset/chunks/rangpur/ran_cate_03/sentence_04.wav,আধা কেজি চিনি দিন।,rangpur
sentence_05.wav,dataset/chunks/rangpur/ran_cate_03/sentence_05.wav,এটা কি দেশি পণ্য?,rangpur
sentence_06.wav,dataset/chunks/rangpur/ran_cate_03/sentence_06.wav,এটা কি বিদেশি পণ্য?,rangpur
sentence_07.wav,dataset/chunks/rangpur/ran_cate_03/sentence_07.wav,একটু ভালো মানের দেখান।,rangpur
sentence_08.wav,dataset/chunks/rangpur/ran_cate_03/sentence_08.wav,এর থেকে সস্তা কিছু আছে?,rangpur
sentence_09.wav,dataset/chunks/rangpur/ran_cate_03/sentence_09.wav,এটা খুব দামী।,rangpur
sentence_10.wav,dataset/chunks/rangpur/ran_cate_03/sentence_10.wav,আমি এটা কিনতে চাই।,rangpur
sentence_11.wav,dataset/chunks/rangpur/ran_cate_03/sentence_11.wav,আপনার কাছে কি তাজা সবজি আছে?,rangpur
sentence_12.wav,dataset/chunks/rangpur/ran_cate_03/sentence_12.wav,এই ফলগুলো কি আজকের?,rangpur
sentence_13.wav,dataset/chunks/rangpur/ran_cate_03/sentence_13.wav,এক ডজন ডিম দিন।,rangpur
sentence_14.wav,dataset/chunks/rangpur/ran_cate_03/sentence_14.wav,কত টাকা হলো?,rangpur
sentence_15.wav,dataset/chunks/rangpur/ran_cate_03/sentence_15.wav,আমি নগদ পরিশোধ করবো।,rangpur
sentence_16.wav,dataset/chunks/rangpur/ran_cate_03/sentence_16.wav,মোবাইল ব্যাংকিং নেওয়া হয়?,rangpur
sentence_17.wav,dataset/chunks/rangpur/ran_cate_03/sentence_17.wav,বিকাশে টাকা দিতে পারি?,rangpur
sentence_18.wav,dataset/chunks/rangpur/ran_cate_03/sentence_18.wav,একটি ব্যাগ দেবেন?,rangpur
sentence_19.wav,dataset/chunks/rangpur/ran_cate_03/sentence_19.wav,এই কাপড়ের রং কি উঠবে?,rangpur
sentence_20.wav,dataset/chunks/rangpur/ran_cate_03/sentence_20.wav,এই শার্টের অন্য সাইজ আছে?,rangpur
sentence_21.wav,dataset/chunks/rangpur/ran_cate_03/sentence_21.wav,ছোট সাইজ দেখান।,rangpur
sentence_22.wav,dataset/chunks/rangpur/ran_cate_03/sentence_22.wav,বড় সাইজ আছে?,rangpur
sentence_23.wav,dataset/chunks/rangpur/ran_cate_03/sentence_23.wav,আমি নীল রঙেরটি চাই।,rangpur
sentence_24.wav,dataset/chunks/rangpur/ran_cate_03/sentence_24.wav,অন্য রং আছে?,rangpur
sentence_25.wav,dataset/chunks/rangpur/ran_cate_03/sentence_25.wav,এটা কি আসল পণ্য?,rangpur
sentence_26.wav,dataset/chunks/rangpur/ran_cate_03/sentence_26.wav,গ্যারান্টি আছে?,rangpur
sentence_27.wav,dataset/chunks/rangpur/ran_cate_03/sentence_27.wav,রসিদ দিন।,rangpur
sentence_28.wav,dataset/chunks/rangpur/ran_cate_03/sentence_28.wav,আমি পরে এসে নেব।,rangpur
sentence_29.wav,dataset/chunks/rangpur/ran_cate_03/sentence_29.wav,এটা কি ছাড়ে দেওয়া যাবে?,rangpur
sentence_30.wav,dataset/chunks/rangpur/ran_cate_03/sentence_30.wav,আজ কি কোনো অফার আছে?,rangpur
sentence_31.wav,dataset/chunks/rangpur/ran_cate_03/sentence_31.wav,আমি পাইকারি কিনতে চাই।,rangpur
sentence_32.wav,dataset/chunks/rangpur/ran_cate_03/sentence_32.wav,পাইকারি দাম কত?,rangpur
sentence_33.wav,dataset/chunks/rangpur/ran_cate_03/sentence_33.wav,এই পণ্যটি নতুন এসেছে?,rangpur
sentence_34.wav,dataset/chunks/rangpur/ran_cate_03/sentence_34.wav,এর মেয়াদ কতদিন?,rangpur
sentence_35.wav,dataset/chunks/rangpur/ran_cate_03/sentence_35.wav,এই ওষুধের মেয়াদ শেষ হয়েছে?,rangpur
sentence_36.wav,dataset/chunks/rangpur/ran_cate_03/sentence_36.wav,আমাকে ভালো মানের চাল দিন।,rangpur
sentence_37.wav,dataset/chunks/rangpur/ran_cate_03/sentence_37.wav,এই মাছটি কি তাজা?,rangpur
sentence_38.wav,dataset/chunks/rangpur/ran_cate_03/sentence_38.wav,এই মাংস কত কেজি?,rangpur
sentence_39.wav,dataset/chunks/rangpur/ran_cate_03/sentence_39.wav,এক কেজির কম হবে না।,rangpur
sentence_40.wav,dataset/chunks/rangpur/ran_cate_03/sentence_40.wav,একটু কম করে দিন।,rangpur
sentence_41.wav,dataset/chunks/rangpur/ran_cate_03/sentence_41.wav,আমি দরদাম করতে চাই।,rangpur
sentence_42.wav,dataset/chunks/rangpur/ran_cate_03/sentence_42.wav,চূড়ান্ত দাম কত?,rangpur
sentence_43.wav,dataset/chunks/rangpur/ran_cate_03/sentence_43.wav,এই জুতাটি কি টেকসই?,rangpur
sentence_44.wav,dataset/chunks/rangpur/ran_cate_03/sentence_44.wav,এই মোবাইলের দাম কত?,rangpur
sentence_45.wav,dataset/chunks/rangpur/ran_cate_03/sentence_45.wav,এই ফোনে কি গ্যারান্টি আছে?,rangpur
sentence_46.wav,dataset/chunks/rangpur/ran_cate_03/sentence_46.wav,চার্জারটি আলাদা কিনতে হবে?,rangpur
sentence_47.wav,dataset/chunks/rangpur/ran_cate_03/sentence_47.wav,এটি কি ক্যাশ অন ডেলিভারি?,rangpur
sentence_48.wav,dataset/chunks/rangpur/ran_cate_03/sentence_48.wav,আমি অর্ডার দিতে চাই।,rangpur
sentence_49.wav,dataset/chunks/rangpur/ran_cate_03/sentence_49.wav,পণ্যটি কখন ডেলিভারি হবে?,rangpur
sentence_50.wav,dataset/chunks/rangpur/ran_cate_03/sentence_50.wav,এই দোকান কখন বন্ধ হয়?,rangpur
sentence_51.wav,dataset/chunks/rangpur/ran_cate_03/sentence_51.wav,আমি একটা উপহার কিনতে চাই।,rangpur
sentence_52.wav,dataset/chunks/rangpur/ran_cate_03/sentence_52.wav,উপহার মোড়ানো হবে?,rangpur
sentence_53.wav,dataset/chunks/rangpur/ran_cate_03/sentence_53.wav,এটি কি ফেরত দেওয়া যাবে?,rangpur
sentence_54.wav,dataset/chunks/rangpur/ran_cate_03/sentence_54.wav,রিটার্ন পলিসি কী?,rangpur
sentence_55.wav,dataset/chunks/rangpur/ran_cate_03/sentence_55.wav,এই কাপড়টি খুব সুন্দর।,rangpur
sentence_56.wav,dataset/chunks/rangpur/ran_cate_03/sentence_56.wav,এটি কি কটন?,rangpur
sentence_57.wav,dataset/chunks/rangpur/ran_cate_03/sentence_57.wav,এই পণ্যটি কোথায় তৈরি?,rangpur
sentence_58.wav,dataset/chunks/rangpur/ran_cate_03/sentence_58.wav,এটি কি ছাড়ে বিক্রি হচ্ছে?,rangpur
sentence_59.wav,dataset/chunks/rangpur/ran_cate_03/sentence_59.wav,আমি আরও কিছু দেখতে চাই।,rangpur
sentence_60.wav,dataset/chunks/rangpur/ran_cate_03/sentence_60.wav,আপনার দোকানে কি কার্ড নেওয়া হয়?,rangpur
sentence_61.wav,dataset/chunks/rangpur/ran_cate_03/sentence_61.wav,মোট বিল কত হলো?,rangpur
sentence_62.wav,dataset/chunks/rangpur/ran_cate_03/sentence_62.wav,আমি টাকা ভাঙাতে চাই।,rangpur
sentence_63.wav,dataset/chunks/rangpur/ran_cate_03/sentence_63.wav,ছোট নোট আছে?,rangpur
sentence_64.wav,dataset/chunks/rangpur/ran_cate_03/sentence_64.wav,এই ফলগুলো ওজন করে দিন।,rangpur
sentence_65.wav,dataset/chunks/rangpur/ran_cate_03/sentence_65.wav,এক কেজির একটু কম দিন।,rangpur
sentence_66.wav,dataset/chunks/rangpur/ran_cate_03/sentence_66.wav,আজকে বাজারে ভিড় বেশি।,rangpur
sentence_67.wav,dataset/chunks/rangpur/ran_cate_03/sentence_67.wav,দাম কেন এত বেশি?,rangpur
sentence_68.wav,dataset/chunks/rangpur/ran_cate_03/sentence_68.wav,কাল কি দাম কম হবে?,rangpur
sentence_69.wav,dataset/chunks/rangpur/ran_cate_03/sentence_69.wav,আমি নিয়মিত ক্রেতা।,rangpur
sentence_70.wav,dataset/chunks/rangpur/ran_cate_03/sentence_70.wav,আবার আসবো।,rangpur
sentence_01.wav,dataset/chunks/rangpur/ran_cate_04/sentence_01.wav,আমি একটি টেবিল বুক করতে চাই।,rangpur
sentence_02.wav,dataset/chunks/rangpur/ran_cate_04/sentence_02.wav,দুই জনের জন্য একটি টেবিল দিন।,rangpur
sentence_03.wav,dataset/chunks/rangpur/ran_cate_04/sentence_03.wav,মেনু কার্ডটি দিন।,rangpur
sentence_04.wav,dataset/chunks/rangpur/ran_cate_04/sentence_04.wav,আজকের বিশেষ খাবার কী?,rangpur
sentence_05.wav,dataset/chunks/rangpur/ran_cate_04/sentence_05.wav,আমি ভাত ও মুরগির মাংস চাই।,rangpur
sentence_06.wav,dataset/chunks/rangpur/ran_cate_04/sentence_06.wav,এই খাবারটি ঝাল কি?,rangpur
sentence_07.wav,dataset/chunks/rangpur/ran_cate_04/sentence_07.wav,কম ঝাল করে দিন।,rangpur
sentence_08.wav,dataset/chunks/rangpur/ran_cate_04/sentence_08.wav,আমি নিরামিষ খাবার চাই।,rangpur
sentence_09.wav,dataset/chunks/rangpur/ran_cate_04/sentence_09.wav,এখানে কি হালাল খাবার পাওয়া যায়?,rangpur
sentence_10.wav,dataset/chunks/rangpur/ran_cate_04/sentence_10.wav,পানি দিন।,rangpur
sentence_11.wav,dataset/chunks/rangpur/ran_cate_04/sentence_11.wav,ঠান্ডা পানি আছে?,rangpur
sentence_12.wav,dataset/chunks/rangpur/ran_cate_04/sentence_12.wav,একটি কোমল পানীয় দিন।,rangpur
sentence_13.wav,dataset/chunks/rangpur/ran_cate_04/sentence_13.wav,এই খাবারটি খুব সুস্বাদু।,rangpur
sentence_14.wav,dataset/chunks/rangpur/ran_cate_04/sentence_14.wav,খাবারটি খুব লবণাক্ত।,rangpur
sentence_15.wav,dataset/chunks/rangpur/ran_cate_04/sentence_15.wav,বিল দিন।,rangpur
sentence_16.wav,dataset/chunks/rangpur/ran_cate_04/sentence_16.wav,আমি নগদে পরিশোধ করবো।,rangpur
sentence_17.wav,dataset/chunks/rangpur/ran_cate_04/sentence_17.wav,কার্ডে পরিশোধ করা যাবে?,rangpur
sentence_18.wav,dataset/chunks/rangpur/ran_cate_04/sentence_18.wav,খাবারটি কতক্ষণে আসবে?,rangpur
sentence_19.wav,dataset/chunks/rangpur/ran_cate_04/sentence_19.wav,আরেকটি প্লেট দিন।,rangpur
sentence_20.wav,dataset/chunks/rangpur/ran_cate_04/sentence_20.wav,চামচ ও কাঁটা দিন।,rangpur
sentence_21.wav,dataset/chunks/rangpur/ran_cate_04/sentence_21.wav,এখানে কি ওয়াইফাই আছে?,rangpur
sentence_22.wav,dataset/chunks/rangpur/ran_cate_04/sentence_22.wav,ওয়াইফাই পাসওয়ার্ড কী?,rangpur
sentence_23.wav,dataset/chunks/rangpur/ran_cate_04/sentence_23.wav,খাবারটি প্যাকেট করে দিন।,rangpur
sentence_24.wav,dataset/chunks/rangpur/ran_cate_04/sentence_24.wav,আমি বাসায় নিয়ে যাব।,rangpur
sentence_25.wav,dataset/chunks/rangpur/ran_cate_04/sentence_25.wav,একটি কফি দিন।,rangpur
sentence_26.wav,dataset/chunks/rangpur/ran_cate_04/sentence_26.wav,চা আছে?,rangpur
sentence_27.wav,dataset/chunks/rangpur/ran_cate_04/sentence_27.wav,দুধ চা দিন।,rangpur
sentence_28.wav,dataset/chunks/rangpur/ran_cate_04/sentence_28.wav,চিনি ছাড়া চা দিন।,rangpur
sentence_29.wav,dataset/chunks/rangpur/ran_cate_04/sentence_29.wav,এখানে কি ব্রেকফাস্ট পাওয়া যায়?,rangpur
sentence_30.wav,dataset/chunks/rangpur/ran_cate_04/sentence_30.wav,দুপুরের খাবার কখন শুরু হয়?,rangpur
sentence_31.wav,dataset/chunks/rangpur/ran_cate_04/sentence_31.wav,রাতের খাবার কখন পরিবেশন করা হয়?,rangpur
sentence_32.wav,dataset/chunks/rangpur/ran_cate_04/sentence_32.wav,আমি মাছের তরকারি চাই।,rangpur
sentence_33.wav,dataset/chunks/rangpur/ran_cate_04/sentence_33.wav,গরুর মাংস আছে?,rangpur
sentence_34.wav,dataset/chunks/rangpur/ran_cate_04/sentence_34.wav,এই স্যুপটি গরম কি?,rangpur
sentence_35.wav,dataset/chunks/rangpur/ran_cate_04/sentence_35.wav,একটু লেবু দিন।,rangpur
sentence_36.wav,dataset/chunks/rangpur/ran_cate_04/sentence_36.wav,এই রেস্টুরেন্ট খুব পরিষ্কার।,rangpur
sentence_37.wav,dataset/chunks/rangpur/ran_cate_04/sentence_37.wav,পরিবেশটি খুব সুন্দর।,rangpur
sentence_38.wav,dataset/chunks/rangpur/ran_cate_04/sentence_38.wav,খাবার পরিবেশন দ্রুত হয়েছে।,rangpur
sentence_39.wav,dataset/chunks/rangpur/ran_cate_04/sentence_39.wav,খাবার পরিবেশন দেরিতে হয়েছে।,rangpur
sentence_40.wav,dataset/chunks/rangpur/ran_cate_04/sentence_40.wav,আর কিছু লাগবে?,rangpur
sentence_41.wav,dataset/chunks/rangpur/ran_cate_04/sentence_41.wav,আমি আরও ভাত চাই।,rangpur
sentence_42.wav,dataset/chunks/rangpur/ran_cate_04/sentence_42.wav,একটু ঝোল দিন।,rangpur
sentence_43.wav,dataset/chunks/rangpur/ran_cate_04/sentence_43.wav,এটি কি তাজা রান্না?,rangpur
sentence_44.wav,dataset/chunks/rangpur/ran_cate_04/sentence_44.wav,এখানে কি পরিবার নিয়ে বসা যায়?,rangpur
sentence_45.wav,dataset/chunks/rangpur/ran_cate_04/sentence_45.wav,শিশুদের জন্য আলাদা চেয়ার আছে?,rangpur
sentence_46.wav,dataset/chunks/rangpur/ran_cate_04/sentence_46.wav,খাবারটি খুব গরম।,rangpur
sentence_47.wav,dataset/chunks/rangpur/ran_cate_04/sentence_47.wav,এটি খুব ঠান্ডা।,rangpur
sentence_48.wav,dataset/chunks/rangpur/ran_cate_04/sentence_48.wav,এখানে কি অনলাইনে অর্ডার করা যায়?,rangpur
sentence_49.wav,dataset/chunks/rangpur/ran_cate_04/sentence_49.wav,ডেলিভারি কত সময় লাগে?,rangpur
sentence_50.wav,dataset/chunks/rangpur/ran_cate_04/sentence_50.wav,এই খাবারটির দাম কত?,rangpur
sentence_51.wav,dataset/chunks/rangpur/ran_cate_04/sentence_51.wav,আমি অল্প পরিমাণ চাই।,rangpur
sentence_52.wav,dataset/chunks/rangpur/ran_cate_04/sentence_52.wav,বড় পরিমাণ দিন।,rangpur
sentence_53.wav,dataset/chunks/rangpur/ran_cate_04/sentence_53.wav,এই খাবারটি খুব মিষ্টি।,rangpur
sentence_54.wav,dataset/chunks/rangpur/ran_cate_04/sentence_54.wav,এটি কি ঝাল কম করা যাবে?,rangpur
sentence_55.wav,dataset/chunks/rangpur/ran_cate_04/sentence_55.wav,আরেক গ্লাস পানি দিন।,rangpur
sentence_56.wav,dataset/chunks/rangpur/ran_cate_04/sentence_56.wav,আমি ধন্যবাদ জানাই।,rangpur
sentence_57.wav,dataset/chunks/rangpur/ran_cate_04/sentence_57.wav,পরিষেবা খুব ভালো ছিল।,rangpur
sentence_58.wav,dataset/chunks/rangpur/ran_cate_04/sentence_58.wav,পরিষেবা উন্নত করা দরকার।,rangpur
sentence_59.wav,dataset/chunks/rangpur/ran_cate_04/sentence_59.wav,আমি এই রেস্টুরেন্টটি পছন্দ করি।,rangpur
sentence_60.wav,dataset/chunks/rangpur/ran_cate_04/sentence_60.wav,এটি কি এয়ার কন্ডিশনড?,rangpur
sentence_61.wav,dataset/chunks/rangpur/ran_cate_04/sentence_61.wav,বাইরে বসার ব্যবস্থা আছে?,rangpur
sentence_62.wav,dataset/chunks/rangpur/ran_cate_04/sentence_62.wav,খাবারে অ্যালার্জির উপাদান আছে?,rangpur
sentence_63.wav,dataset/chunks/rangpur/ran_cate_04/sentence_63.wav,আমি বাদাম খেতে পারি না।,rangpur
sentence_64.wav,dataset/chunks/rangpur/ran_cate_04/sentence_64.wav,এটি কি গ্লুটেন মুক্ত?,rangpur
sentence_65.wav,dataset/chunks/rangpur/ran_cate_04/sentence_65.wav,আমাকে একটি ন্যাপকিন দিন।,rangpur
sentence_66.wav,dataset/chunks/rangpur/ran_cate_04/sentence_66.wav,খাবার খুব ভালো লেগেছে।,rangpur
sentence_67.wav,dataset/chunks/rangpur/ran_cate_04/sentence_67.wav,আবার আসবো।,rangpur
sentence_68.wav,dataset/chunks/rangpur/ran_cate_04/sentence_68.wav,এখানে কি বুফে আছে?,rangpur
sentence_69.wav,dataset/chunks/rangpur/ran_cate_04/sentence_69.wav,বুফের দাম কত?,rangpur
sentence_70.wav,dataset/chunks/rangpur/ran_cate_04/sentence_70.wav,"ধন্যবাদ, বিদায়।",rangpur
sentence_01.wav,dataset/chunks/rangpur/ran_cate_05/sentence_01.wav,আমি বাংলাদেশের কিছু দর্শনীয় স্থান দেখতে চাই।,rangpur
sentence_02.wav,dataset/chunks/rangpur/ran_cate_05/sentence_02.wav,এই জায়গাটি কখন খোলা থাকে?,rangpur
sentence_03.wav,dataset/chunks/rangpur/ran_cate_05/sentence_03.wav,টিকিটের দাম কত?,rangpur
sentence_04.wav,dataset/chunks/rangpur/ran_cate_05/sentence_04.wav,আমাকে একটি গাইড দরকার।,rangpur
sentence_05.wav,dataset/chunks/rangpur/ran_cate_05/sentence_05.wav,আমরা গ্রুপে ঘুরতে এসেছি।,rangpur
sentence_06.wav,dataset/chunks/rangpur/ran_cate_05/sentence_06.wav,ছবি তোলা যাবে কি?,rangpur
sentence_07.wav,dataset/chunks/rangpur/ran_cate_05/sentence_07.wav,এই দর্শনীয় স্থানটি খুব সুন্দর।,rangpur
sentence_08.wav,dataset/chunks/rangpur/ran_cate_05/sentence_08.wav,আমাকে মানচিত্র দেখান।,rangpur
sentence_09.wav,dataset/chunks/rangpur/ran_cate_05/sentence_09.wav,আমি সকাল ১০টায় পৌঁছেছি।,rangpur
sentence_10.wav,dataset/chunks/rangpur/ran_cate_05/sentence_10.wav,পর্যটকরা এখানে খুব বেশি।,rangpur
sentence_11.wav,dataset/chunks/rangpur/ran_cate_05/sentence_11.wav,আমাকে হোটেলের ঠিকানা দিন।,rangpur
sentence_12.wav,dataset/chunks/rangpur/ran_cate_05/sentence_12.wav,এই জায়গায় কি খাবার পাওয়া যায়?,rangpur
sentence_13.wav,dataset/chunks/rangpur/ran_cate_05/sentence_13.wav,আমরা তিন ঘণ্টা থাকবো।,rangpur
sentence_14.wav,dataset/chunks/rangpur/ran_cate_05/sentence_14.wav,জলের পাশে ছবি তুলুন।,rangpur
sentence_15.wav,dataset/chunks/rangpur/ran_cate_05/sentence_15.wav,সুন্দর দিকটি দেখুন।,rangpur
sentence_16.wav,dataset/chunks/rangpur/ran_cate_05/sentence_16.wav,আমাদের গাইড কি বাংলায় কথা বলতে পারে?,rangpur
sentence_17.wav,dataset/chunks/rangpur/ran_cate_05/sentence_17.wav,পার্কিং এর জায়গা কোথায়?,rangpur
sentence_18.wav,dataset/chunks/rangpur/ran_cate_05/sentence_18.wav,এখানে কি নৌকা ভাড়া পাওয়া যায়?,rangpur
sentence_19.wav,dataset/chunks/rangpur/ran_cate_05/sentence_19.wav,আমি নদীর উপর ভ্রমণ করতে চাই।,rangpur
sentence_20.wav,dataset/chunks/rangpur/ran_cate_05/sentence_20.wav,আমাদের আরও তথ্য দরকার।,rangpur
sentence_21.wav,dataset/chunks/rangpur/ran_cate_05/sentence_21.wav,এই জায়গাটি ইতিহাসে গুরুত্বপূর্ণ।,rangpur
sentence_22.wav,dataset/chunks/rangpur/ran_cate_05/sentence_22.wav,আপনি কি গাইড সার্ভিস করেন?,rangpur
sentence_23.wav,dataset/chunks/rangpur/ran_cate_05/sentence_23.wav,আমি সকালবেলা আবার আসব।,rangpur
sentence_24.wav,dataset/chunks/rangpur/ran_cate_05/sentence_24.wav,আমাকে দুইজনের জন্য টিকিট দিন।,rangpur
sentence_25.wav,dataset/chunks/rangpur/ran_cate_05/sentence_25.wav,এখানে কি কোনো ছাড় আছে?,rangpur
sentence_26.wav,dataset/chunks/rangpur/ran_cate_05/sentence_26.wav,আমাদের ছবি তুলতে সাহায্য করুন।,rangpur
sentence_27.wav,dataset/chunks/rangpur/ran_cate_05/sentence_27.wav,এই দিক দিয়ে হাঁটুন।,rangpur
sentence_28.wav,dataset/chunks/rangpur/ran_cate_05/sentence_28.wav,দর্শকরা এখানে অনেক ছবি তুলছে।,rangpur
sentence_29.wav,dataset/chunks/rangpur/ran_cate_05/sentence_29.wav,আমি মিউজিয়াম ঘুরতে চাই।,rangpur
sentence_30.wav,dataset/chunks/rangpur/ran_cate_05/sentence_30.wav,রেস্টুরেন্টটি খুব কাছে।,rangpur
sentence_31.wav,dataset/chunks/rangpur/ran_cate_05/sentence_31.wav,আমরা পিকনিক করতে এসেছি।,rangpur
sentence_32.wav,dataset/chunks/rangpur/ran_cate_05/sentence_32.wav,এই জায়গার ইতিহাস জানতে চাই।,rangpur
sentence_33.wav,dataset/chunks/rangpur/ran_cate_05/sentence_33.wav,বিকেলের দিকে ছবি তুলুন।,rangpur
sentence_34.wav,dataset/chunks/rangpur/ran_cate_05/sentence_34.wav,আমার বন্ধু মানচিত্র পড়তে পারছে না।,rangpur
sentence_35.wav,dataset/chunks/rangpur/ran_cate_05/sentence_35.wav,এখানে কি গাইড পাওয়া যাবে?,rangpur
sentence_36.wav,dataset/chunks/rangpur/ran_cate_05/sentence_36.wav,আমরা পাহাড় দেখতে চাই।,rangpur
sentence_37.wav,dataset/chunks/rangpur/ran_cate_05/sentence_37.wav,সৈকত খুব সুন্দর।,rangpur
sentence_38.wav,dataset/chunks/rangpur/ran_cate_05/sentence_38.wav,জলস্রোতের ছবি তোলা উচিত।,rangpur
sentence_39.wav,dataset/chunks/rangpur/ran_cate_05/sentence_39.wav,গাইড কি আমাদের পথে নিয়ে যাবে?,rangpur
sentence_40.wav,dataset/chunks/rangpur/ran_cate_05/sentence_40.wav,আমরা সকাল ৮টায় বের হব।,rangpur
sentence_41.wav,dataset/chunks/rangpur/ran_cate_05/sentence_41.wav,এখানে কি টিকেট ছাড়া প্রবেশ সম্ভব?,rangpur
sentence_42.wav,dataset/chunks/rangpur/ran_cate_05/sentence_42.wav,ভ্রমণকারীরা খুব আনন্দ করছে।,rangpur
sentence_43.wav,dataset/chunks/rangpur/ran_cate_05/sentence_43.wav,আমি এখানে শপিং করতে চাই।,rangpur
sentence_44.wav,dataset/chunks/rangpur/ran_cate_05/sentence_44.wav,এই দিকটি খুব রোমাঞ্চকর।,rangpur
sentence_45.wav,dataset/chunks/rangpur/ran_cate_05/sentence_45.wav,আমাদের গাইড রাতের দিকে ফেরার সময় বলে।,rangpur
sentence_46.wav,dataset/chunks/rangpur/ran_cate_05/sentence_46.wav,ছবি তোলার জন্য আলো ঠিক আছে।,rangpur
sentence_47.wav,dataset/chunks/rangpur/ran_cate_05/sentence_47.wav,আমাদের গাইড নদের উপর নৌকা ভাড়া দেখিয়েছে।,rangpur
sentence_48.wav,dataset/chunks/rangpur/ran_cate_05/sentence_48.wav,এখানে কি কোনো মিউজিয়াম আছে?,rangpur
sentence_49.wav,dataset/chunks/rangpur/ran_cate_05/sentence_49.wav,আমরা পাহাড়ে ট্রেক করতে চাই।,rangpur
sentence_50.wav,dataset/chunks/rangpur/ran_cate_05/sentence_50.wav,এই স্থানের ইতিহাস অনেক পুরনো।,rangpur
sentence_51.wav,dataset/chunks/rangpur/ran_cate_05/sentence_51.wav,আমাদের ছবি তুলতে সময় লাগছে।,rangpur
sentence_52.wav,dataset/chunks/rangpur/ran_cate_05/sentence_52.wav,আমি সুভর্ণভূমি দেখতে চাই।,rangpur
sentence_53.wav,dataset/chunks/rangpur/ran_cate_05/sentence_53.wav,ট্রিপটি খুব মজার।,rangpur
sentence_54.wav,dataset/chunks/rangpur/ran_cate_05/sentence_54.wav,আমাদের হোটেল থেকে খুব দূরে নয়।,rangpur
sentence_55.wav,dataset/chunks/rangpur/ran_cate_05/sentence_55.wav,আমরা সকালে যাওয়ার পরিকল্পনা করেছি।,rangpur
sentence_56.wav,dataset/chunks/rangpur/ran_cate_05/sentence_56.wav,দিক নির্দেশনা অনুসরণ করুন।,rangpur
sentence_57.wav,dataset/chunks/rangpur/ran_cate_05/sentence_57.wav,দর্শনার্থীরা গাইডের কথা শুনছে।,rangpur
sentence_58.wav,dataset/chunks/rangpur/ran_cate_05/sentence_58.wav,আমি পোর্ট্রেট ছবি তুলতে চাই।,rangpur
sentence_59.wav,dataset/chunks/rangpur/ran_cate_05/sentence_59.wav,এখানে পর্যটন তথ্য কেন্দ্র আছে।,rangpur
sentence_60.wav,dataset/chunks/rangpur/ran_cate_05/sentence_60.wav,আমরা গ্রুপ ছবি তুলব।,rangpur
sentence_61.wav,dataset/chunks/rangpur/ran_cate_05/sentence_61.wav,আমাদের আরও কিছু সময় দরকার।,rangpur
sentence_62.wav,dataset/chunks/rangpur/ran_cate_05/sentence_62.wav,নদীর পাশে হাঁটতে চাই।,rangpur
sentence_63.wav,dataset/chunks/rangpur/ran_cate_05/sentence_63.wav,গাইড আমাদের নৌকায় নিয়ে যাবে।,rangpur
sentence_64.wav,dataset/chunks/rangpur/ran_cate_05/sentence_64.wav,এখানে ঝর্ণার ছবি তোলা যেতে পারে।,rangpur
sentence_65.wav,dataset/chunks/rangpur/ran_cate_05/sentence_65.wav,আমরা সব দর্শনীয় স্থান ঘুরে দেখব।,rangpur
sentence_66.wav,dataset/chunks/rangpur/ran_cate_05/sentence_66.wav,এই জায়গাটি খুব শান্ত।,rangpur
sentence_67.wav,dataset/chunks/rangpur/ran_cate_05/sentence_67.wav,আমি রাতের ভ্রমণ পছন্দ করি।,rangpur
sentence_68.wav,dataset/chunks/rangpur/ran_cate_05/sentence_68.wav,আমাদের হোটেল থেকে বাসস্ট্যান্ড দূরে নয়।,rangpur
sentence_69.wav,dataset/chunks/rangpur/ran_cate_05/sentence_69.wav,আমরা সকালের দিকে ছবি তুলব।,rangpur
sentence_70.wav,dataset/chunks/rangpur/ran_cate_05/sentence_70.wav,এই জায়গা সত্যিই স্মরণীয়।,rangpur
sentence_01.wav,dataset/chunks/rangpur/ran_cate_06/sentence_01.wav,আমার মাথা ব্যথা করছে।,rangpur
sentence_02.wav,dataset/chunks/rangpur/ran_cate_06/sentence_02.wav,কাছাকাছি হাসপাতাল কোথায়?,rangpur
sentence_03.wav,dataset/chunks/rangpur/ran_cate_06/sentence_03.wav,ডাক্তারের জন্য কীভাবে অ্যাপয়েন্টমেন্ট নেব?,rangpur
sentence_04.wav,dataset/chunks/rangpur/ran_cate_06/sentence_04.wav,আমাকে একটি ওষুধের দোকান দেখান।,rangpur
sentence_05.wav,dataset/chunks/rangpur/ran_cate_06/sentence_05.wav,আমি জ্বর অনুভব করছি।,rangpur
sentence_06.wav,dataset/chunks/rangpur/ran_cate_06/sentence_06.wav,আমি দুর্ঘটনার শিকার হয়েছি।,rangpur
sentence_07.wav,dataset/chunks/rangpur/ran_cate_06/sentence_07.wav,হাসপাতালে কত সময় লাগবে পৌঁছাতে?,rangpur
sentence_08.wav,dataset/chunks/rangpur/ran_cate_06/sentence_08.wav,আমার পায়ে চোট লেগেছে।,rangpur
sentence_09.wav,dataset/chunks/rangpur/ran_cate_06/sentence_09.wav,আমাকে হাসপাতালে নিয়ে যান।,rangpur
sentence_10.wav,dataset/chunks/rangpur/ran_cate_06/sentence_10.wav,আমি শ্বাসকষ্ট অনুভব করছি।,rangpur
sentence_11.wav,dataset/chunks/rangpur/ran_cate_06/sentence_11.wav,আমাকে দ্রুত সাহায্য করুন।,rangpur
sentence_12.wav,dataset/chunks/rangpur/ran_cate_06/sentence_12.wav,ডাক্তার কখন উপস্থিত থাকবেন?,rangpur
sentence_13.wav,dataset/chunks/rangpur/ran_cate_06/sentence_13.wav,আমার শিশু অসুস্থ।,rangpur
sentence_14.wav,dataset/chunks/rangpur/ran_cate_06/sentence_14.wav,আমার পেটে ব্যথা করছে।,rangpur
sentence_15.wav,dataset/chunks/rangpur/ran_cate_06/sentence_15.wav,ওষুধের নাম কী?,rangpur
sentence_16.wav,dataset/chunks/rangpur/ran_cate_06/sentence_16.wav,আমি ধমনীতে ব্যথা অনুভব করছি।,rangpur
sentence_17.wav,dataset/chunks/rangpur/ran_cate_06/sentence_17.wav,এটি কি জরুরি অবস্থা?,rangpur
sentence_18.wav,dataset/chunks/rangpur/ran_cate_06/sentence_18.wav,আমি অলস লাগছে।,rangpur
sentence_19.wav,dataset/chunks/rangpur/ran_cate_06/sentence_19.wav,আমার চোখে সমস্যা হচ্ছে।,rangpur
sentence_20.wav,dataset/chunks/rangpur/ran_cate_06/sentence_20.wav,ডাক্তার কি বাংলা বলতে পারেন?,rangpur
sentence_21.wav,dataset/chunks/rangpur/ran_cate_06/sentence_21.wav,আমি অ্যালার্জি আক্রান্ত।,rangpur
sentence_22.wav,dataset/chunks/rangpur/ran_cate_06/sentence_22.wav,আমার সর্দি কাশি আছে।,rangpur
sentence_23.wav,dataset/chunks/rangpur/ran_cate_06/sentence_23.wav,হাসপাতালে কি ভিড় বেশি?,rangpur
sentence_24.wav,dataset/chunks/rangpur/ran_cate_06/sentence_24.wav,আমাকে একটি ব্যান্ডেজ দিন।,rangpur
sentence_25.wav,dataset/chunks/rangpur/ran_cate_06/sentence_25.wav,আমার দাঁতে ব্যথা করছে।,rangpur
sentence_26.wav,dataset/chunks/rangpur/ran_cate_06/sentence_26.wav,এখানে কি জরুরি ওষুধ পাওয়া যায়?,rangpur
sentence_27.wav,dataset/chunks/rangpur/ran_cate_06/sentence_27.wav,"আমি অসুস্থ, আমার বিশ্রাম প্রয়োজন।",rangpur
sentence_28.wav,dataset/chunks/rangpur/ran_cate_06/sentence_28.wav,আপনার ওষুধের পরিমাণ কত?,rangpur
sentence_29.wav,dataset/chunks/rangpur/ran_cate_06/sentence_29.wav,আমার পায়ে জ্বালা অনুভব হচ্ছে।,rangpur
sentence_30.wav,dataset/chunks/rangpur/ran_cate_06/sentence_30.wav,হাসপাতালে কি ডাক্তার সারাদিন থাকে?,rangpur
sentence_31.wav,dataset/chunks/rangpur/ran_cate_06/sentence_31.wav,আমাকে দ্রুত ট্যাক্সি দিন।,rangpur
sentence_32.wav,dataset/chunks/rangpur/ran_cate_06/sentence_32.wav,আমি গলা ব্যথা অনুভব করছি।,rangpur
sentence_33.wav,dataset/chunks/rangpur/ran_cate_06/sentence_33.wav,আমার হাতে কাটা গেছে।,rangpur
sentence_34.wav,dataset/chunks/rangpur/ran_cate_06/sentence_34.wav,এখানে কি স্বাস্থ্য পরীক্ষা করা যায়?,rangpur
sentence_35.wav,dataset/chunks/rangpur/ran_cate_06/sentence_35.wav,আমার পেট খারাপ লাগছে।,rangpur
sentence_36.wav,dataset/chunks/rangpur/ran_cate_06/sentence_36.wav,আমার চুল পড়ছে।,rangpur
sentence_37.wav,dataset/chunks/rangpur/ran_cate_06/sentence_37.wav,কি ওষুধ খাবো?,rangpur
sentence_38.wav,dataset/chunks/rangpur/ran_cate_06/sentence_38.wav,আমার শ্বাসনালি ব্যথা করছে।,rangpur
sentence_39.wav,dataset/chunks/rangpur/ran_cate_06/sentence_39.wav,আমার ডায়াবেটিস আছে।,rangpur
sentence_40.wav,dataset/chunks/rangpur/ran_cate_06/sentence_40.wav,আমাকে ইনজেকশন দেওয়া দরকার।,rangpur
sentence_41.wav,dataset/chunks/rangpur/ran_cate_06/sentence_41.wav,আমাকে ব্যথা উপশমের জন্য কিছু দিন।,rangpur
sentence_42.wav,dataset/chunks/rangpur/ran_cate_06/sentence_42.wav,আমি দুর্বল লাগছি।,rangpur
sentence_43.wav,dataset/chunks/rangpur/ran_cate_06/sentence_43.wav,আমার নাক দিয়ে রক্ত পড়ছে।,rangpur
sentence_44.wav,dataset/chunks/rangpur/ran_cate_06/sentence_44.wav,ডাক্তার কি এখন ফ্রি আছেন?,rangpur
sentence_45.wav,dataset/chunks/rangpur/ran_cate_06/sentence_45.wav,আমার বুক ব্যথা করছে।,rangpur
sentence_46.wav,dataset/chunks/rangpur/ran_cate_06/sentence_46.wav,আমার চোখ লাল হয়ে গেছে।,rangpur
sentence_47.wav,dataset/chunks/rangpur/ran_cate_06/sentence_47.wav,কি টেস্ট করাতে হবে?,rangpur
sentence_48.wav,dataset/chunks/rangpur/ran_cate_06/sentence_48.wav,আমি বুকধড় ধড় করছি।,rangpur
sentence_49.wav,dataset/chunks/rangpur/ran_cate_06/sentence_49.wav,হাসপাতালে কি অ্যাম্বুল্যান্স আছে?,rangpur
sentence_50.wav,dataset/chunks/rangpur/ran_cate_06/sentence_50.wav,আমার চামড়ায় চুলকানি হচ্ছে।,rangpur
sentence_51.wav,dataset/chunks/rangpur/ran_cate_06/sentence_51.wav,ওষুধটি কখন খাবো?,rangpur
sentence_52.wav,dataset/chunks/rangpur/ran_cate_06/sentence_52.wav,আমার কানে ব্যথা করছে।,rangpur
sentence_53.wav,dataset/chunks/rangpur/ran_cate_06/sentence_53.wav,আমাকে রক্ত পরীক্ষা করাতে হবে।,rangpur
sentence_54.wav,dataset/chunks/rangpur/ran_cate_06/sentence_54.wav,আমি গরমে অসুস্থ।,rangpur
sentence_55.wav,dataset/chunks/rangpur/ran_cate_06/sentence_55.wav,আমার দাঁতের ইনফেকশন হয়েছে।,rangpur
sentence_56.wav,dataset/chunks/rangpur/ran_cate_06/sentence_56.wav,এখানে কি স্যালাইন দেওয়া হয়?,rangpur
sentence_57.wav,dataset/chunks/rangpur/ran_cate_06/sentence_57.wav,আমার পায়ের আঙুল ফোলা গেছে।,rangpur
sentence_58.wav,dataset/chunks/rangpur/ran_cate_06/sentence_58.wav,আমাকে ব্যথানাশক দিন।,rangpur
sentence_59.wav,dataset/chunks/rangpur/ran_cate_06/sentence_59.wav,কি খেলে সুস্থতা হবে?,rangpur
sentence_60.wav,dataset/chunks/rangpur/ran_cate_06/sentence_60.wav,আমি মাথা ঘোরাতে লাগছে।,rangpur
sentence_61.wav,dataset/chunks/rangpur/ran_cate_06/sentence_61.wav,হাসপাতালে কি ডাক্তার রাতেও থাকেন?,rangpur
sentence_62.wav,dataset/chunks/rangpur/ran_cate_06/sentence_62.wav,আমার গলার প্রদাহ আছে।,rangpur
sentence_63.wav,dataset/chunks/rangpur/ran_cate_06/sentence_63.wav,আমার শরীরে জ্বালা অনুভূত হচ্ছে।,rangpur
sentence_64.wav,dataset/chunks/rangpur/ran_cate_06/sentence_64.wav,আমাকে ওষুধের রিসিপি দিন।,rangpur
sentence_65.wav,dataset/chunks/rangpur/ran_cate_06/sentence_65.wav,কি ওষুধ বেশি কার্যকর?,rangpur
sentence_66.wav,dataset/chunks/rangpur/ran_cate_06/sentence_66.wav,আমার গায়ে র‍্যাশ হয়েছে।,rangpur
sentence_67.wav,dataset/chunks/rangpur/ran_cate_06/sentence_67.wav,আমি পায়ে ব্যথা অনুভব করছি।,rangpur
sentence_68.wav,dataset/chunks/rangpur/ran_cate_06/sentence_68.wav,হাসপাতালে কি অ্যাপয়েন্টমেন্ট লাগবে?,rangpur
sentence_69.wav,dataset/chunks/rangpur/ran_cate_06/sentence_69.wav,আমাকে দ্রুত দেখুন।,rangpur
sentence_70.wav,dataset/chunks/rangpur/ran_cate_06/sentence_70.wav,আমার পেট খুব ব্যথা করছে।,rangpur
sentence_01.wav,dataset/chunks/rangpur/ran_cate_07/sentence_01.wav,আপনার পরিবারে কয়জন সদস্য আছে?,rangpur
sentence_02.wav,dataset/chunks/rangpur/ran_cate_07/sentence_02.wav,আমার বাবা একজন শিক্ষক।,rangpur
sentence_03.wav,dataset/chunks/rangpur/ran_cate_07/sentence_03.wav,আপনি কোথায় বড় হয়েছেন?,rangpur
sentence_04.wav,dataset/chunks/rangpur/ran_cate_07/sentence_04.wav,আমার মা ঘরে থাকেন।,rangpur
sentence_05.wav,dataset/chunks/rangpur/ran_cate_07/sentence_05.wav,আপনার ভাইবোন আছে কি?,rangpur
sentence_06.wav,dataset/chunks/rangpur/ran_cate_07/sentence_06.wav,আমার এক ভাই ও দুই বোন আছে।,rangpur
sentence_07.wav,dataset/chunks/rangpur/ran_cate_07/sentence_07.wav,আমরা একসাথে ভ্রমণ করতে ভালোবাসি।,rangpur
sentence_08.wav,dataset/chunks/rangpur/ran_cate_07/sentence_08.wav,আপনার পছন্দের খাবার কী?,rangpur
sentence_09.wav,dataset/chunks/rangpur/ran_cate_07/sentence_09.wav,আমার ছোট বোন স্কুলে পড়ে।,rangpur
sentence_10.wav,dataset/chunks/rangpur/ran_cate_07/sentence_10.wav,আপনার বাবা কোথায় কাজ করেন?,rangpur
sentence_11.wav,dataset/chunks/rangpur/ran_cate_07/sentence_11.wav,আমার পরিবার সব সময় একসাথে খেতে বসে।,rangpur
sentence_12.wav,dataset/chunks/rangpur/ran_cate_07/sentence_12.wav,আপনার মা কি রান্না করতে ভালোবাসেন?,rangpur
sentence_13.wav,dataset/chunks/rangpur/ran_cate_07/sentence_13.wav,আমরা প্রতি বছর ঈদে মিলিত হই।,rangpur
sentence_14.wav,dataset/chunks/rangpur/ran_cate_07/sentence_14.wav,আপনার পছন্দের ছুটি কী?,rangpur
sentence_15.wav,dataset/chunks/rangpur/ran_cate_07/sentence_15.wav,আমার বাবা সকালবেলা হাঁটতে যান।,rangpur
sentence_16.wav,dataset/chunks/rangpur/ran_cate_07/sentence_16.wav,আপনার পরিবারে কারা রয়েছেন?,rangpur
sentence_17.wav,dataset/chunks/rangpur/ran_cate_07/sentence_17.wav,আমার দাদা আমাদের সঙ্গে থাকে।,rangpur
sentence_18.wav,dataset/chunks/rangpur/ran_cate_07/sentence_18.wav,আপনি কি বিবাহিত?,rangpur
sentence_19.wav,dataset/chunks/rangpur/ran_cate_07/sentence_19.wav,আমি বিবাহিত এবং আমার দুই সন্তান আছে।,rangpur
sentence_20.wav,dataset/chunks/rangpur/ran_cate_07/sentence_20.wav,আপনার বোন কি বিশ্ববিদ্যালয়ে পড়ে?,rangpur
sentence_21.wav,dataset/chunks/rangpur/ran_cate_07/sentence_21.wav,আমরা রোববার একসাথে সিনেমা দেখি।,rangpur
sentence_22.wav,dataset/chunks/rangpur/ran_cate_07/sentence_22.wav,আপনার পছন্দের পরিবারের অনুষ্ঠান কোনটি?,rangpur
sentence_23.wav,dataset/chunks/rangpur/ran_cate_07/sentence_23.wav,আমার বাবা মা আমাদের জন্য খুব যত্নশীল।,rangpur
sentence_24.wav,dataset/chunks/rangpur/ran_cate_07/sentence_24.wav,আপনার শিশুরা স্কুলে ভালো করছে কি?,rangpur
sentence_25.wav,dataset/chunks/rangpur/ran_cate_07/sentence_25.wav,আমার পরিবারের সবাই স্বাস্থ্যকর জীবনযাপন করে।,rangpur
sentence_26.wav,dataset/chunks/rangpur/ran_cate_07/sentence_26.wav,আপনি কোথায় বেড়ে উঠেছেন?,rangpur
sentence_27.wav,dataset/chunks/rangpur/ran_cate_07/sentence_27.wav,আমার পরিবার গ্রামে থাকে।,rangpur
sentence_28.wav,dataset/chunks/rangpur/ran_cate_07/sentence_28.wav,আপনার বাবা কি বিদেশে কাজ করেন?,rangpur
sentence_29.wav,dataset/chunks/rangpur/ran_cate_07/sentence_29.wav,আমি আমার পরিবারের সঙ্গে ছুটিতে যাই।,rangpur
sentence_30.wav,dataset/chunks/rangpur/ran_cate_07/sentence_30.wav,আপনার পরিবারে ছোট ছোট ভাইবোন আছে কি?,rangpur
sentence_31.wav,dataset/chunks/rangpur/ran_cate_07/sentence_31.wav,আমার ভাই ফুটবল খেলে।,rangpur
sentence_32.wav,dataset/chunks/rangpur/ran_cate_07/sentence_32.wav,আপনার মা কি কাজ করেন?,rangpur
sentence_33.wav,dataset/chunks/rangpur/ran_cate_07/sentence_33.wav,আমরা প্রতি সপ্তাহে একসাথে খাবার করি।,rangpur
sentence_34.wav,dataset/chunks/rangpur/ran_cate_07/sentence_34.wav,আপনার বাবা কি বাসায় থাকেন?,rangpur
sentence_35.wav,dataset/chunks/rangpur/ran_cate_07/sentence_35.wav,আমার পরিবারে সবাই একে অপরকে সাহায্য করে।,rangpur
sentence_36.wav,dataset/chunks/rangpur/ran_cate_07/sentence_36.wav,আপনি কত বছর ধরে বিবাহিত?,rangpur
sentence_37.wav,dataset/chunks/rangpur/ran_cate_07/sentence_37.wav,আমার বোন চিকিৎসা পড়াশোনা করছে।,rangpur
sentence_38.wav,dataset/chunks/rangpur/ran_cate_07/sentence_38.wav,আপনার বাবা মা কি এখনও কাজ করেন?,rangpur
sentence_39.wav,dataset/chunks/rangpur/ran_cate_07/sentence_39.wav,আমরা সবাই একসাথে হোলিডে যাই।,rangpur
sentence_40.wav,dataset/chunks/rangpur/ran_cate_07/sentence_40.wav,আপনার সন্তানদের নাম কী?,rangpur
sentence_41.wav,dataset/chunks/rangpur/ran_cate_07/sentence_41.wav,আমার ছেলে ফুটবল খেলতে ভালোবাসে।,rangpur
sentence_42.wav,dataset/chunks/rangpur/ran_cate_07/sentence_42.wav,আপনার পরিবারের বয়সী সদস্যরা কি সক্রিয়?,rangpur
sentence_43.wav,dataset/chunks/rangpur/ran_cate_07/sentence_43.wav,আমি আমার পরিবারের সঙ্গে সিনেমা দেখতে যাই।,rangpur
sentence_44.wav,dataset/chunks/rangpur/ran_cate_07/sentence_44.wav,আপনার মা কি রান্না ভালো করেন?,rangpur
sentence_45.wav,dataset/chunks/rangpur/ran_cate_07/sentence_45.wav,আমার বাবা সকালবেলা সংবাদ পড়েন।,rangpur
sentence_46.wav,dataset/chunks/rangpur/ran_cate_07/sentence_46.wav,আপনার বোনের পছন্দের কাজ কী?,rangpur
sentence_47.wav,dataset/chunks/rangpur/ran_cate_07/sentence_47.wav,আমরা বড়দিন একসাথে উদযাপন করি।,rangpur
sentence_48.wav,dataset/chunks/rangpur/ran_cate_07/sentence_48.wav,আমার পরিবারে কেউ বিদেশে থাকে।,rangpur
sentence_49.wav,dataset/chunks/rangpur/ran_cate_07/sentence_49.wav,আপনার পরিবারের সদস্যরা কি সুস্থ আছে?,rangpur
sentence_50.wav,dataset/chunks/rangpur/ran_cate_07/sentence_50.wav,আমি পরিবারকে খুব ভালোবাসি।,rangpur
sentence_51.wav,dataset/chunks/rangpur/ran_cate_07/sentence_51.wav,আপনার ভাইবোন কি আপনার সাথে থাকে?,rangpur
sentence_52.wav,dataset/chunks/rangpur/ran_cate_07/sentence_52.wav,আমার বাবা মা গ্রামের বাড়িতে থাকেন।,rangpur
sentence_53.wav,dataset/chunks/rangpur/ran_cate_07/sentence_53.wav,আমরা একসাথে খেলা করি।,rangpur
sentence_54.wav,dataset/chunks/rangpur/ran_cate_07/sentence_54.wav,আপনার পরিবারে কেউ চাকরিতে আছেন কি?,rangpur
sentence_55.wav,dataset/chunks/rangpur/ran_cate_07/sentence_55.wav,আমি আমার পরিবারের জন্য সব করি।,rangpur
sentence_56.wav,dataset/chunks/rangpur/ran_cate_07/sentence_56.wav,আপনার বাবা মা কি অবসরপ্রাপ্ত?,rangpur
sentence_57.wav,dataset/chunks/rangpur/ran_cate_07/sentence_57.wav,আমরা হোলিডেতে গ্রামের বাড়িতে যাই।,rangpur
sentence_58.wav,dataset/chunks/rangpur/ran_cate_07/sentence_58.wav,আমার ছোট ভাই স্কুলে ভালো করছে।,rangpur
sentence_59.wav,dataset/chunks/rangpur/ran_cate_07/sentence_59.wav,আপনার পরিবার কত ঘনিষ্ঠ?,rangpur
sentence_60.wav,dataset/chunks/rangpur/ran_cate_07/sentence_60.wav,আমরা প্রতি মাসে একসাথে বেড়াতে যাই।,rangpur
sentence_61.wav,dataset/chunks/rangpur/ran_cate_07/sentence_61.wav,আমার মা গল্প শুনাতে ভালোবাসেন।,rangpur
sentence_62.wav,dataset/chunks/rangpur/ran_cate_07/sentence_62.wav,আপনার বাবা কি কখনও ভ্রমণে যান?,rangpur
sentence_63.wav,dataset/chunks/rangpur/ran_cate_07/sentence_63.wav,আমি আমার পরিবারকে সব সময় সাহায্য করি।,rangpur
sentence_64.wav,dataset/chunks/rangpur/ran_cate_07/sentence_64.wav,আপনার ভাইবোন কি একে অপরকে সাহায্য করে?,rangpur
sentence_65.wav,dataset/chunks/rangpur/ran_cate_07/sentence_65.wav,আমরা পরিবারে জন্মদিন উদযাপন করি।,rangpur
sentence_66.wav,dataset/chunks/rangpur/ran_cate_07/sentence_66.wav,আমার পরিবারের সঙ্গে সময় কাটানো ভালো লাগে।,rangpur
sentence_67.wav,dataset/chunks/rangpur/ran_cate_07/sentence_67.wav,আপনার মা বাবা কি একসাথে আছেন?,rangpur
sentence_68.wav,dataset/chunks/rangpur/ran_cate_07/sentence_68.wav,আমার বাবা খুব কঠোর কিন্তু ভালো মানুষ।,rangpur
sentence_69.wav,dataset/chunks/rangpur/ran_cate_07/sentence_69.wav,আমরা পারিবারিক ছবি তুলি।,rangpur
sentence_70.wav,dataset/chunks/rangpur/ran_cate_07/sentence_70.wav,আমি আমার পরিবারের সুখের জন্য কাজ করি।,rangpur
sentence_01.wav,dataset/chunks/rangpur/ran_cate_08/sentence_01.wav,এই বছর ধানের ফলন কেমন হবে?,rangpur
sentence_02.wav,dataset/chunks/rangpur/ran_cate_08/sentence_02.wav,আমি মাছ চাষ শুরু করতে চাই।,rangpur
sentence_03.wav,dataset/chunks/rangpur/ran_cate_08/sentence_03.wav,বৃষ্টিপাত ঠিক আছে কি?,rangpur
sentence_04.wav,dataset/chunks/rangpur/ran_cate_08/sentence_04.wav,জমি প্রস্তুত করা হয়েছে।,rangpur
sentence_05.wav,dataset/chunks/rangpur/ran_cate_08/sentence_05.wav,ধানের বীজ কত লাগবে?,rangpur
sentence_06.wav,dataset/chunks/rangpur/ran_cate_08/sentence_06.wav,কীটনাশক প্রয়োগ করতে হবে।,rangpur
sentence_07.wav,dataset/chunks/rangpur/ran_cate_08/sentence_07.wav,আমি সবজি চাষ করি।,rangpur
sentence_08.wav,dataset/chunks/rangpur/ran_cate_08/sentence_08.wav,মাছের পুকুর কত বড়?,rangpur
sentence_09.wav,dataset/chunks/rangpur/ran_cate_08/sentence_09.wav,আমার ধান ভালোভাবে ফলন করছে।,rangpur
sentence_10.wav,dataset/chunks/rangpur/ran_cate_08/sentence_10.wav,সার দেওয়া হয়েছে।,rangpur
sentence_11.wav,dataset/chunks/rangpur/ran_cate_08/sentence_11.wav,কৃষকের জন্য কি সহায়তা আছে?,rangpur
sentence_12.wav,dataset/chunks/rangpur/ran_cate_08/sentence_12.wav,গবাদি পশুদের খাওয়ানো হয়েছে।,rangpur
sentence_13.wav,dataset/chunks/rangpur/ran_cate_08/sentence_13.wav,আবহাওয়া কেমন থাকবে?,rangpur
sentence_14.wav,dataset/chunks/rangpur/ran_cate_08/sentence_14.wav,বৃষ্টির অভাব ধানের জন্য ক্ষতিকর।,rangpur
sentence_15.wav,dataset/chunks/rangpur/ran_cate_08/sentence_15.wav,পুকুরে পানি পরীক্ষা করা হয়েছে।,rangpur
sentence_16.wav,dataset/chunks/rangpur/ran_cate_08/sentence_16.wav,আমি নতুন সার প্রয়োগ করব।,rangpur
sentence_17.wav,dataset/chunks/rangpur/ran_cate_08/sentence_17.wav,কীটপতঙ্গ ধ্বংস করতে হবে।,rangpur
sentence_18.wav,dataset/chunks/rangpur/ran_cate_08/sentence_18.wav,ধানের বীজ ভালো মানের কিনুন।,rangpur
sentence_19.wav,dataset/chunks/rangpur/ran_cate_08/sentence_19.wav,সবজি খুব দ্রুত বড় হচ্ছে।,rangpur
sentence_20.wav,dataset/chunks/rangpur/ran_cate_08/sentence_20.wav,মাছের পুকুরে খাবার দিন।,rangpur
sentence_21.wav,dataset/chunks/rangpur/ran_cate_08/sentence_21.wav,জমিতে আগাছা কাটা হয়েছে।,rangpur
sentence_22.wav,dataset/chunks/rangpur/ran_cate_08/sentence_22.wav,আমি নতুন পুকুর খনন করেছি।,rangpur
sentence_23.wav,dataset/chunks/rangpur/ran_cate_08/sentence_23.wav,এই ফসলের জন্য কত সার লাগবে?,rangpur
sentence_24.wav,dataset/chunks/rangpur/ran_cate_08/sentence_24.wav,গরু খুব ভালো অবস্থায় আছে।,rangpur
sentence_25.wav,dataset/chunks/rangpur/ran_cate_08/sentence_25.wav,ধান কেটে সংগ্রহ করা হয়েছে।,rangpur
sentence_26.wav,dataset/chunks/rangpur/ran_cate_08/sentence_26.wav,আমরা সবজি বাজারে বিক্রি করি।,rangpur
sentence_27.wav,dataset/chunks/rangpur/ran_cate_08/sentence_27.wav,মাটি পরীক্ষা করা হয়েছে।,rangpur
sentence_28.wav,dataset/chunks/rangpur/ran_cate_08/sentence_28.wav,পোকামাকড়ের আক্রমণ হয়েছে।,rangpur
sentence_29.wav,dataset/chunks/rangpur/ran_cate_08/sentence_29.wav,মাছের পুকুর পরিষ্কার করুন।,rangpur
sentence_30.wav,dataset/chunks/rangpur/ran_cate_08/sentence_30.wav,আমরা সার ও বীজ কিনব।,rangpur
sentence_31.wav,dataset/chunks/rangpur/ran_cate_08/sentence_31.wav,গবাদি পশুদের স্বাস্থ্য পরীক্ষা করা হয়েছে।,rangpur
sentence_32.wav,dataset/chunks/rangpur/ran_cate_08/sentence_32.wav,ধানের ফলন ভাল হয়েছে।,rangpur
sentence_33.wav,dataset/chunks/rangpur/ran_cate_08/sentence_33.wav,আমি নতুন চারা রোপণ করব।,rangpur
sentence_34.wav,dataset/chunks/rangpur/ran_cate_08/sentence_34.wav,আবহাওয়া পরিবর্তনশীল।,rangpur
sentence_35.wav,dataset/chunks/rangpur/ran_cate_08/sentence_35.wav,পুকুরে পানি কমে গেছে।,rangpur
sentence_36.wav,dataset/chunks/rangpur/ran_cate_08/sentence_36.wav,আমরা নতুন সার পরীক্ষা করব।,rangpur
sentence_37.wav,dataset/chunks/rangpur/ran_cate_08/sentence_37.wav,কি মাছের প্রজাতি ভালো ফলন দিচ্ছে?,rangpur
sentence_38.wav,dataset/chunks/rangpur/ran_cate_08/sentence_38.wav,জমি উর্বর।,rangpur
sentence_39.wav,dataset/chunks/rangpur/ran_cate_08/sentence_39.wav,ফসল রক্ষা করতে কী ব্যবস্থা নেওয়া হয়েছে?,rangpur
sentence_40.wav,dataset/chunks/rangpur/ran_cate_08/sentence_40.wav,আমরা গবাদি পশু বিক্রি করব।,rangpur
sentence_41.wav,dataset/chunks/rangpur/ran_cate_08/sentence_41.wav,ধানের ফসল শুকিয়ে গেছে।,rangpur
sentence_42.wav,dataset/chunks/rangpur/ran_cate_08/sentence_42.wav,পুকুরে নতুন মাছ ছাড়া হয়েছে।,rangpur
sentence_43.wav,dataset/chunks/rangpur/ran_cate_08/sentence_43.wav,আবহাওয়া খুব খারাপ।,rangpur
sentence_44.wav,dataset/chunks/rangpur/ran_cate_08/sentence_44.wav,আমরা সবজি রোপণ শুরু করেছি।,rangpur
sentence_45.wav,dataset/chunks/rangpur/ran_cate_08/sentence_45.wav,মাটির আর্দ্রতা ঠিক আছে কি?,rangpur
sentence_46.wav,dataset/chunks/rangpur/ran_cate_08/sentence_46.wav,সার দেওয়ার পর পানি দিন।,rangpur
sentence_47.wav,dataset/chunks/rangpur/ran_cate_08/sentence_47.wav,কীটনাশক কত দিন পর প্রয়োগ করতে হবে?,rangpur
sentence_48.wav,dataset/chunks/rangpur/ran_cate_08/sentence_48.wav,আমার ধান এখনও সবুজ।,rangpur
sentence_49.wav,dataset/chunks/rangpur/ran_cate_08/sentence_49.wav,গবাদি পশুদের জন্য খোরাক প্রস্তুত।,rangpur
sentence_50.wav,dataset/chunks/rangpur/ran_cate_08/sentence_50.wav,পুকুরের পানি পরীক্ষা করুন।,rangpur
sentence_51.wav,dataset/chunks/rangpur/ran_cate_08/sentence_51.wav,বৃষ্টি হলে ফসলের জন্য ভালো হবে।,rangpur
sentence_52.wav,dataset/chunks/rangpur/ran_cate_08/sentence_52.wav,আমরা নতুন সার প্রয়োগ করব।,rangpur
sentence_53.wav,dataset/chunks/rangpur/ran_cate_08/sentence_53.wav,কি সময়ে ধান কাটা উচিত?,rangpur
sentence_54.wav,dataset/chunks/rangpur/ran_cate_08/sentence_54.wav,পোকামাকড় ধ্বংস করা হয়েছে।,rangpur
sentence_55.wav,dataset/chunks/rangpur/ran_cate_08/sentence_55.wav,আমরা ফসল বিক্রি করব।,rangpur
sentence_56.wav,dataset/chunks/rangpur/ran_cate_08/sentence_56.wav,গবাদি পশুদের জন্য চিকিৎসা প্রয়োজন।,rangpur
sentence_57.wav,dataset/chunks/rangpur/ran_cate_08/sentence_57.wav,মাছের পুকুরে বেশি পানি ঢালুন।,rangpur
sentence_58.wav,dataset/chunks/rangpur/ran_cate_08/sentence_58.wav,আমরা কৃষি প্রদর্শনীতে যাব।,rangpur
sentence_59.wav,dataset/chunks/rangpur/ran_cate_08/sentence_59.wav,ধানের চারা ভালোভাবে জন্ম নিয়েছে।,rangpur
sentence_60.wav,dataset/chunks/rangpur/ran_cate_08/sentence_60.wav,ফসলের জন্য পানি দেওয়া হচ্ছে।,rangpur
sentence_61.wav,dataset/chunks/rangpur/ran_cate_08/sentence_61.wav,পোকামাকড়ের আক্রমণ কমে গেছে।,rangpur
sentence_62.wav,dataset/chunks/rangpur/ran_cate_08/sentence_62.wav,আমরা নতুন চারা কিনব।,rangpur
sentence_63.wav,dataset/chunks/rangpur/ran_cate_08/sentence_63.wav,কি মাছের খাদ্য ভালো ফলন দিচ্ছে?,rangpur
sentence_64.wav,dataset/chunks/rangpur/ran_cate_08/sentence_64.wav,জমি খুব উর্বর।,rangpur
sentence_65.wav,dataset/chunks/rangpur/ran_cate_08/sentence_65.wav,পুকুরের পানি পরিষ্কার রাখা হয়েছে।,rangpur
sentence_66.wav,dataset/chunks/rangpur/ran_cate_08/sentence_66.wav,আমি ধানের ক্ষেতে যাচ্ছি।,rangpur
sentence_67.wav,dataset/chunks/rangpur/ran_cate_08/sentence_67.wav,ফসল রক্ষা করতে কৃষক সতর্ক।,rangpur
sentence_68.wav,dataset/chunks/rangpur/ran_cate_08/sentence_68.wav,আমরা গবাদি পশু বিক্রির পরিকল্পনা করেছি।,rangpur
sentence_69.wav,dataset/chunks/rangpur/ran_cate_08/sentence_69.wav,ধানের ক্ষেতে জৈব সার প্রয়োগ করা হয়েছে।,rangpur
sentence_70.wav,dataset/chunks/rangpur/ran_cate_08/sentence_70.wav,আমাদের পুকুরে নতুন মাছ এসেছে।,rangpur
sentence_01.wav,dataset/chunks/rangpur/ran_cate_09/sentence_01.wav,আজ খুব গরম।,rangpur
sentence_02.wav,dataset/chunks/rangpur/ran_cate_09/sentence_02.wav,কাল বৃষ্টি হবে কি?,rangpur
sentence_03.wav,dataset/chunks/rangpur/ran_cate_09/sentence_03.wav,বাতাস কেমন চলছে?,rangpur
sentence_04.wav,dataset/chunks/rangpur/ran_cate_09/sentence_04.wav,আজ সূর্য ভালোভাবে উঠেছে।,rangpur
sentence_05.wav,dataset/chunks/rangpur/ran_cate_09/sentence_05.wav,তাপমাত্রা কত?,rangpur
sentence_06.wav,dataset/chunks/rangpur/ran_cate_09/sentence_06.wav,আজ মেঘলা দিন।,rangpur
sentence_07.wav,dataset/chunks/rangpur/ran_cate_09/sentence_07.wav,বাতাস খুব ঠান্ডা।,rangpur
sentence_08.wav,dataset/chunks/rangpur/ran_cate_09/sentence_08.wav,আজ দিনের আলো সুন্দর।,rangpur
sentence_09.wav,dataset/chunks/rangpur/ran_cate_09/sentence_09.wav,ঝড় আসছে কি?,rangpur
sentence_10.wav,dataset/chunks/rangpur/ran_cate_09/sentence_10.wav,আজ রাত খুব ঠান্ডা।,rangpur
sentence_11.wav,dataset/chunks/rangpur/ran_cate_09/sentence_11.wav,আকাশ পরিষ্কার।,rangpur
sentence_12.wav,dataset/chunks/rangpur/ran_cate_09/sentence_12.wav,বৃষ্টি শুরু হয়েছে।,rangpur
sentence_13.wav,dataset/chunks/rangpur/ran_cate_09/sentence_13.wav,তাপমাত্রা বেশি হলে গরম লাগবে।,rangpur
sentence_14.wav,dataset/chunks/rangpur/ran_cate_09/sentence_14.wav,ধুলোবালি কেটে গেছে।,rangpur
sentence_15.wav,dataset/chunks/rangpur/ran_cate_09/sentence_15.wav,জলবায়ু পরিবর্তন হচ্ছে।,rangpur
sentence_16.wav,dataset/chunks/rangpur/ran_cate_09/sentence_16.wav,আজ সূর্য ঝলমল করছে।,rangpur
sentence_17.wav,dataset/chunks/rangpur/ran_cate_09/sentence_17.wav,বাতাস কি বেশি তীব্র?,rangpur
sentence_18.wav,dataset/chunks/rangpur/ran_cate_09/sentence_18.wav,আজ দিনের তাপমাত্রা ৩৫°সেলসিয়াস।,rangpur
sentence_19.wav,dataset/chunks/rangpur/ran_cate_09/sentence_19.wav,আকাশে সবুজ মেঘ।,rangpur
sentence_20.wav,dataset/chunks/rangpur/ran_cate_09/sentence_20.wav,বৃষ্টির পর মাটি ভিজে গেছে।,rangpur
sentence_21.wav,dataset/chunks/rangpur/ran_cate_09/sentence_21.wav,আজ খুব আর্দ্রতা আছে।,rangpur
sentence_22.wav,dataset/chunks/rangpur/ran_cate_09/sentence_22.wav,কি ধরনের আবহাওয়া আপনার পছন্দ?,rangpur
sentence_23.wav,dataset/chunks/rangpur/ran_cate_09/sentence_23.wav,সূর্যাস্ত খুব সুন্দর হয়েছে।,rangpur
sentence_24.wav,dataset/chunks/rangpur/ran_cate_09/sentence_24.wav,আগামীকাল খুব ঠান্ডা হবে।,rangpur
sentence_25.wav,dataset/chunks/rangpur/ran_cate_09/sentence_25.wav,ঝড়ের পূর্বাভাস আছে।,rangpur
sentence_26.wav,dataset/chunks/rangpur/ran_cate_09/sentence_26.wav,বাতাসের দিক পরিবর্তিত হয়েছে।,rangpur
sentence_27.wav,dataset/chunks/rangpur/ran_cate_09/sentence_27.wav,আকাশে সূর্যোদয় দেখা যাচ্ছে।,rangpur
sentence_28.wav,dataset/chunks/rangpur/ran_cate_09/sentence_28.wav,আজ রাতের আকাশে তারা দেখা যাচ্ছে।,rangpur
sentence_29.wav,dataset/chunks/rangpur/ran_cate_09/sentence_29.wav,বাতাসে তীব্রতা আছে কি?,rangpur
sentence_30.wav,dataset/chunks/rangpur/ran_cate_09/sentence_30.wav,গ্রীষ্মকাল খুব গরম।,rangpur
sentence_31.wav,dataset/chunks/rangpur/ran_cate_09/sentence_31.wav,শীতকাল খুব ঠান্ডা।,rangpur
sentence_32.wav,dataset/chunks/rangpur/ran_cate_09/sentence_32.wav,আজকের আর্দ্রতা কেমন?,rangpur
sentence_33.wav,dataset/chunks/rangpur/ran_cate_09/sentence_33.wav,মেঘ কেটে গেছে।,rangpur
sentence_34.wav,dataset/chunks/rangpur/ran_cate_09/sentence_34.wav,ঝড়ের সময় বাইরে যাবেন না।,rangpur
sentence_35.wav,dataset/chunks/rangpur/ran_cate_09/sentence_35.wav,আজকের আকাশ নীল।,rangpur
sentence_36.wav,dataset/chunks/rangpur/ran_cate_09/sentence_36.wav,বাতাসে ধুলো আছে।,rangpur
sentence_37.wav,dataset/chunks/rangpur/ran_cate_09/sentence_37.wav,বৃষ্টির পর সবুজ গাছ আরও সুন্দর।,rangpur
sentence_38.wav,dataset/chunks/rangpur/ran_cate_09/sentence_38.wav,আজ খুব ধোঁয়া আছে।,rangpur
sentence_39.wav,dataset/chunks/rangpur/ran_cate_09/sentence_39.wav,আগামীকাল বৃষ্টি হবে কি?,rangpur
sentence_40.wav,dataset/chunks/rangpur/ran_cate_09/sentence_40.wav,আজ দুপুরে তাপমাত্রা কম।,rangpur
sentence_41.wav,dataset/chunks/rangpur/ran_cate_09/sentence_41.wav,সূর্য আকাশে উজ্জ্বল।,rangpur
sentence_42.wav,dataset/chunks/rangpur/ran_cate_09/sentence_42.wav,আজ বাতাস একটু ঠান্ডা।,rangpur
sentence_43.wav,dataset/chunks/rangpur/ran_cate_09/sentence_43.wav,ঝড়ের সময় কি precautions নিতে হবে?,rangpur
sentence_44.wav,dataset/chunks/rangpur/ran_cate_09/sentence_44.wav,আজকের আবহাওয়া স্বাভাবিক।,rangpur
sentence_45.wav,dataset/chunks/rangpur/ran_cate_09/sentence_45.wav,বৃষ্টি হলে রাস্তা ভিজে যাবে।,rangpur
sentence_46.wav,dataset/chunks/rangpur/ran_cate_09/sentence_46.wav,হাওয়া খুব নরম।,rangpur
sentence_47.wav,dataset/chunks/rangpur/ran_cate_09/sentence_47.wav,আজ সূর্য উঠার সময় দেরি হয়েছে।,rangpur
sentence_48.wav,dataset/chunks/rangpur/ran_cate_09/sentence_48.wav,আবহাওয়া রিপোর্ট কি হয়েছে?,rangpur
sentence_49.wav,dataset/chunks/rangpur/ran_cate_09/sentence_49.wav,আজকের তাপমাত্রা বেশী।,rangpur
sentence_50.wav,dataset/chunks/rangpur/ran_cate_09/sentence_50.wav,রাতে খুব ঠান্ডা হবে।,rangpur
sentence_51.wav,dataset/chunks/rangpur/ran_cate_09/sentence_51.wav,গ্রীষ্মের দিন দীর্ঘ।,rangpur
sentence_52.wav,dataset/chunks/rangpur/ran_cate_09/sentence_52.wav,শীতের রাত ছোট।,rangpur
sentence_53.wav,dataset/chunks/rangpur/ran_cate_09/sentence_53.wav,ঝড়ের কারণে বিদ্যুৎ চলে গেছে।,rangpur
sentence_54.wav,dataset/chunks/rangpur/ran_cate_09/sentence_54.wav,মেঘলা দিনে ছবি তোলা ভালো।,rangpur
sentence_55.wav,dataset/chunks/rangpur/ran_cate_09/sentence_55.wav,বাতাসে আর্দ্রতা বেশি।,rangpur
sentence_56.wav,dataset/chunks/rangpur/ran_cate_09/sentence_56.wav,কি ধরনের বাতাস চলছে?,rangpur
sentence_57.wav,dataset/chunks/rangpur/ran_cate_09/sentence_57.wav,আজ রাতের আকাশ পরিষ্কার।,rangpur
sentence_58.wav,dataset/chunks/rangpur/ran_cate_09/sentence_58.wav,বৃষ্টিপাত কম।,rangpur
sentence_59.wav,dataset/chunks/rangpur/ran_cate_09/sentence_59.wav,আগামীকাল তাপমাত্রা বাড়বে।,rangpur
sentence_60.wav,dataset/chunks/rangpur/ran_cate_09/sentence_60.wav,ঝড়ের সময় সড়ক নিরাপদ নয়।,rangpur
sentence_61.wav,dataset/chunks/rangpur/ran_cate_09/sentence_61.wav,আজ হালকা বৃষ্টি হচ্ছে।,rangpur
sentence_62.wav,dataset/chunks/rangpur/ran_cate_09/sentence_62.wav,বাতাসের তীব্রতা কমেছে।,rangpur
sentence_63.wav,dataset/chunks/rangpur/ran_cate_09/sentence_63.wav,আজকের সূর্যাস্ত সুন্দর।,rangpur
sentence_64.wav,dataset/chunks/rangpur/ran_cate_09/sentence_64.wav,কি সময়ে বৃষ্টি হবে?,rangpur
sentence_65.wav,dataset/chunks/rangpur/ran_cate_09/sentence_65.wav,আকাশে মেঘ অনেক।,rangpur
sentence_66.wav,dataset/chunks/rangpur/ran_cate_09/sentence_66.wav,আজ খুব শীতল দিন।,rangpur
sentence_67.wav,dataset/chunks/rangpur/ran_cate_09/sentence_67.wav,বাতাসের দিক পূর্ব।,rangpur
sentence_68.wav,dataset/chunks/rangpur/ran_cate_09/sentence_68.wav,হঠাৎ ঝড় এসেছে।,rangpur
sentence_69.wav,dataset/chunks/rangpur/ran_cate_09/sentence_69.wav,আজ খুব রৌদ্রজ্জ্বল।,rangpur
sentence_70.wav,dataset/chunks/rangpur/ran_cate_09/sentence_70.wav,আগামীকাল হালকা বাতাস থাকবে।,rangpur
sentence_01.wav,dataset/chunks/rangpur/ran_cate_10/sentence_01.wav,আপনি কিভাবে পহেলা বৈশাখ উদযাপন করেন?,rangpur
sentence_02.wav,dataset/chunks/rangpur/ran_cate_10/sentence_02.wav,আমি পহেলা বৈশাখে নতুন জামা পরি।,rangpur
sentence_03.wav,dataset/chunks/rangpur/ran_cate_10/sentence_03.wav,আমাদের গ্রামে ঈদ খুব বড় উৎসব।,rangpur
sentence_04.wav,dataset/chunks/rangpur/ran_cate_10/sentence_04.wav,আপনি পূজা কিভাবে পালন করেন?,rangpur
sentence_05.wav,dataset/chunks/rangpur/ran_cate_10/sentence_05.wav,আমরা দুর্গাপূজা দেখতে যাই।,rangpur
sentence_06.wav,dataset/chunks/rangpur/ran_cate_10/sentence_06.wav,আমার পরিবার নববর্ষ উদযাপন করে।,rangpur
sentence_07.wav,dataset/chunks/rangpur/ran_cate_10/sentence_07.wav,কি ধরনের খাবার উৎসবে থাকে?,rangpur
sentence_08.wav,dataset/chunks/rangpur/ran_cate_10/sentence_08.wav,আমরা ঈদের দিনে গিয়ে কার্ড দিই।,rangpur
sentence_09.wav,dataset/chunks/rangpur/ran_cate_10/sentence_09.wav,পহেলা বৈশাখে আমরা বাজারে যাই।,rangpur
sentence_10.wav,dataset/chunks/rangpur/ran_cate_10/sentence_10.wav,আমরা পহেলা বৈশাখে রঙিন পোশাক পরি।,rangpur
sentence_11.wav,dataset/chunks/rangpur/ran_cate_10/sentence_11.wav,হোলি আমাদের বন্ধুদের সঙ্গে খেলা হয়।,rangpur
sentence_12.wav,dataset/chunks/rangpur/ran_cate_10/sentence_12.wav,উৎসবে কি ধরনের গান বাজে?,rangpur
sentence_13.wav,dataset/chunks/rangpur/ran_cate_10/sentence_13.wav,আমরা লালবসন্ত উৎসব পালন করি।,rangpur
sentence_14.wav,dataset/chunks/rangpur/ran_cate_10/sentence_14.wav,আমাদের গ্রামে বর্ষবরণ খুব উৎসবমুখর।,rangpur
sentence_15.wav,dataset/chunks/rangpur/ran_cate_10/sentence_15.wav,পহেলা বৈশাখে নতুন বছরের জন্য শুভেচ্ছা বিনিময় করি।,rangpur
sentence_16.wav,dataset/chunks/rangpur/ran_cate_10/sentence_16.wav,আমরা ঈদে পরিবারের সঙ্গে ভ্রমণ করি।,rangpur
sentence_17.wav,dataset/chunks/rangpur/ran_cate_10/sentence_17.wav,দুর্গাপূজায় মন্দিরে ফুল সাজানো হয়।,rangpur
sentence_18.wav,dataset/chunks/rangpur/ran_cate_10/sentence_18.wav,কি ধরনের পোশাক উৎসবে পরা হয়?,rangpur
sentence_19.wav,dataset/chunks/rangpur/ran_cate_10/sentence_19.wav,নববর্ষে আমরা মিষ্টি খাই।,rangpur
sentence_20.wav,dataset/chunks/rangpur/ran_cate_10/sentence_20.wav,আমরা ঈদের সকালে নতুন জামা পরি।,rangpur
sentence_21.wav,dataset/chunks/rangpur/ran_cate_10/sentence_21.wav,পূজার সময় মন্দিরে ভিড় থাকে।,rangpur
sentence_22.wav,dataset/chunks/rangpur/ran_cate_10/sentence_22.wav,পহেলা বৈশাখে আমরা পার্কে যাই।,rangpur
sentence_23.wav,dataset/chunks/rangpur/ran_cate_10/sentence_23.wav,হোলিতে রঙ ব্যবহার করা হয়।,rangpur
sentence_24.wav,dataset/chunks/rangpur/ran_cate_10/sentence_24.wav,আমরা ভোরে পূজার অর্ঘ্য দিই।,rangpur
sentence_25.wav,dataset/chunks/rangpur/ran_cate_10/sentence_25.wav,ঈদে আমরা একে অপরকে শুভেচ্ছা জানাই।,rangpur
sentence_26.wav,dataset/chunks/rangpur/ran_cate_10/sentence_26.wav,উৎসবের জন্য নতুন সাজসজ্জা করা হয়েছে।,rangpur
sentence_27.wav,dataset/chunks/rangpur/ran_cate_10/sentence_27.wav,আমরা নববর্ষে গান গাই।,rangpur
sentence_28.wav,dataset/chunks/rangpur/ran_cate_10/sentence_28.wav,দুর্গাপূজায় কুমারী পূজা হয়।,rangpur
sentence_29.wav,dataset/chunks/rangpur/ran_cate_10/sentence_29.wav,কি ধরনের খেলাধুলা উৎসবে হয়?,rangpur
sentence_30.wav,dataset/chunks/rangpur/ran_cate_10/sentence_30.wav,আমরা হোলিতে একে অপরকে রঙ দিই।,rangpur
sentence_31.wav,dataset/chunks/rangpur/ran_cate_10/sentence_31.wav,উৎসবে আমরা নাচ গান করি।,rangpur
sentence_32.wav,dataset/chunks/rangpur/ran_cate_10/sentence_32.wav,ঈদের দিনে বাজারে ভিড় হয়।,rangpur
sentence_33.wav,dataset/chunks/rangpur/ran_cate_10/sentence_33.wav,পহেলা বৈশাখে আমরা মেলা দেখতে যাই।,rangpur
sentence_34.wav,dataset/chunks/rangpur/ran_cate_10/sentence_34.wav,নববর্ষে আমরা নতুন পরিকল্পনা করি।,rangpur
sentence_35.wav,dataset/chunks/rangpur/ran_cate_10/sentence_35.wav,দুর্গাপূজায় মন্দিরে আলোকসজ্জা করা হয়।,rangpur
sentence_36.wav,dataset/chunks/rangpur/ran_cate_10/sentence_36.wav,হোলিতে আমরা বন্ধুদের সঙ্গে মজা করি।,rangpur
sentence_37.wav,dataset/chunks/rangpur/ran_cate_10/sentence_37.wav,কি ধরনের খাবার পূজায় পরিবেশিত হয়?,rangpur
sentence_38.wav,dataset/chunks/rangpur/ran_cate_10/sentence_38.wav,আমরা নববর্ষে পরিবারকে উপহার দেই।,rangpur
sentence_39.wav,dataset/chunks/rangpur/ran_cate_10/sentence_39.wav,ঈদের সকালে আমরা মসজিদে যাই।,rangpur
sentence_40.wav,dataset/chunks/rangpur/ran_cate_10/sentence_40.wav,উৎসবে আমরা traditional পোশাক পরি।,rangpur
sentence_41.wav,dataset/chunks/rangpur/ran_cate_10/sentence_41.wav,পহেলা বৈশাখে আমরা রঙিন মিছিল করি।,rangpur
sentence_42.wav,dataset/chunks/rangpur/ran_cate_10/sentence_42.wav,হোলিতে আমরা বিভিন্ন রঙের জল ব্যবহার করি।,rangpur
sentence_43.wav,dataset/chunks/rangpur/ran_cate_10/sentence_43.wav,নববর্ষের অনুষ্ঠানে গান বাজানো হয়।,rangpur
sentence_44.wav,dataset/chunks/rangpur/ran_cate_10/sentence_44.wav,আমরা ঈদের দিনে প্রিয়জনের সঙ্গে খাবার খাই।,rangpur
sentence_45.wav,dataset/chunks/rangpur/ran_cate_10/sentence_45.wav,দুর্গাপূজায় প্রতিমা সাজানো হয়।,rangpur
sentence_46.wav,dataset/chunks/rangpur/ran_cate_10/sentence_46.wav,উৎসবে আমরা সবাই একসাথে আনন্দ করি।,rangpur
sentence_47.wav,dataset/chunks/rangpur/ran_cate_10/sentence_47.wav,পহেলা বৈশাখে নতুন বছরের শুরু হয়।,rangpur
sentence_48.wav,dataset/chunks/rangpur/ran_cate_10/sentence_48.wav,নববর্ষে আমরা খোলা আকাশের নিচে অনুষ্ঠান করি।,rangpur
sentence_49.wav,dataset/chunks/rangpur/ran_cate_10/sentence_49.wav,ঈদে আমরা একে অপরকে উপহার দেই।,rangpur
sentence_50.wav,dataset/chunks/rangpur/ran_cate_10/sentence_50.wav,হোলিতে শিশুদের আনন্দ বেশি।,rangpur
sentence_51.wav,dataset/chunks/rangpur/ran_cate_10/sentence_51.wav,আমরা পহেলা বৈশাখে রঙিন পুতুল তৈরি করি।,rangpur
sentence_52.wav,dataset/chunks/rangpur/ran_cate_10/sentence_52.wav,দুর্গাপূজায় মন্দিরে ভক্তদের ভিড় থাকে।,rangpur
sentence_53.wav,dataset/chunks/rangpur/ran_cate_10/sentence_53.wav,নববর্ষের দিনে আমরা traditional খাবার খাই।,rangpur
sentence_54.wav,dataset/chunks/rangpur/ran_cate_10/sentence_54.wav,হোলিতে আমরা গান বাজাই।,rangpur
sentence_55.wav,dataset/chunks/rangpur/ran_cate_10/sentence_55.wav,ঈদে আমরা পরিবারের সঙ্গে আনন্দ করি।,rangpur
sentence_56.wav,dataset/chunks/rangpur/ran_cate_10/sentence_56.wav,পহেলা বৈশাখে আমরা বাজার থেকে খাবার কিনি।,rangpur
sentence_57.wav,dataset/chunks/rangpur/ran_cate_10/sentence_57.wav,নববর্ষে আমরা cultural অনুষ্ঠানে অংশ নিই।,rangpur
sentence_58.wav,dataset/chunks/rangpur/ran_cate_10/sentence_58.wav,দুর্গাপূজায় আমরা মেলা দেখি।,rangpur
sentence_59.wav,dataset/chunks/rangpur/ran_cate_10/sentence_59.wav,হোলিতে আমরা একে অপরকে মিষ্টি দিই।,rangpur
sentence_60.wav,dataset/chunks/rangpur/ran_cate_10/sentence_60.wav,আমরা পহেলা বৈশাখে traditional নাচ করি।,rangpur
sentence_61.wav,dataset/chunks/rangpur/ran_cate_10/sentence_61.wav,নববর্ষে আমরা নতুন বছরের জন্য প্রার্থনা করি।,rangpur
sentence_62.wav,dataset/chunks/rangpur/ran_cate_10/sentence_62.wav,ঈদের সকালে আমরা মসজিদে যাওয়া শুরু করি।,rangpur
sentence_63.wav,dataset/chunks/rangpur/ran_cate_10/sentence_63.wav,হোলিতে আমরা বন্ধুদের সঙ্গে আনন্দ করি।,rangpur
sentence_64.wav,dataset/chunks/rangpur/ran_cate_10/sentence_64.wav,পহেলা বৈশাখে আমাদের গ্রামে মেলা হয়।,rangpur
sentence_65.wav,dataset/chunks/rangpur/ran_cate_10/sentence_65.wav,নববর্ষের অনুষ্ঠান সকাল থেকে শুরু হয়।,rangpur
sentence_66.wav,dataset/chunks/rangpur/ran_cate_10/sentence_66.wav,দুর্গাপূজায় শিশুদের জন্য খেলা হয়।,rangpur
sentence_67.wav,dataset/chunks/rangpur/ran_cate_10/sentence_67.wav,হোলিতে আমরা রঙিন পাউডার ব্যবহার করি।,rangpur
sentence_68.wav,dataset/chunks/rangpur/ran_cate_10/sentence_68.wav,ঈদে আমরা গ্রামের বাড়িতে যাই।,rangpur
sentence_69.wav,dataset/chunks/rangpur/ran_cate_10/sentence_69.wav,পহেলা বৈশাখে আমরা নতুন বছরের জন্য সুইট খাই।,rangpur
sentence_70.wav,dataset/chunks/rangpur/ran_cate_10/sentence_70.wav,নববর্ষে আমরা সকলের সঙ্গে আনন্দ ভাগ করি।,rangpur
sentence_01.wav,dataset/chunks/rangpur/ran_cate_11/sentence_01.wav,আপনার পরীক্ষা কবে?,rangpur
sentence_02.wav,dataset/chunks/rangpur/ran_cate_11/sentence_02.wav,আমি সকাল ৯টায় স্কুলে যাই।,rangpur
sentence_03.wav,dataset/chunks/rangpur/ran_cate_11/sentence_03.wav,আজ কোন বিষয়ের ক্লাস আছে?,rangpur
sentence_04.wav,dataset/chunks/rangpur/ran_cate_11/sentence_04.wav,আমি গণিত পড়াশোনা করছি।,rangpur
sentence_05.wav,dataset/chunks/rangpur/ran_cate_11/sentence_05.wav,আপনার শিক্ষক কে?,rangpur
sentence_06.wav,dataset/chunks/rangpur/ran_cate_11/sentence_06.wav,আমার ক্লাস খুব ছোট।,rangpur
sentence_07.wav,dataset/chunks/rangpur/ran_cate_11/sentence_07.wav,পরীক্ষা কঠিন হবে কি?,rangpur
sentence_08.wav,dataset/chunks/rangpur/ran_cate_11/sentence_08.wav,আমি আজ বাংলা পরীক্ষা দিচ্ছি।,rangpur
sentence_09.wav,dataset/chunks/rangpur/ran_cate_11/sentence_09.wav,আপনি কোন কলেজে পড়েন?,rangpur
sentence_10.wav,dataset/chunks/rangpur/ran_cate_11/sentence_10.wav,আমার বন্ধু বিজ্ঞান পড়ে।,rangpur
sentence_11.wav,dataset/chunks/rangpur/ran_cate_11/sentence_11.wav,আমরা স্কুলে প্রতিদিন ৬ ঘণ্টা পড়ি।,rangpur
sentence_12.wav,dataset/chunks/rangpur/ran_cate_11/sentence_12.wav,আপনার হোমওয়ার্ক শেষ হয়েছে কি?,rangpur
sentence_13.wav,dataset/chunks/rangpur/ran_cate_11/sentence_13.wav,আমি ইতিহাস পড়তে ভালোবাসি।,rangpur
sentence_14.wav,dataset/chunks/rangpur/ran_cate_11/sentence_14.wav,আপনার শিক্ষক ক্লাসে কঠোর কি?,rangpur
sentence_15.wav,dataset/chunks/rangpur/ran_cate_11/sentence_15.wav,আমরা লাইব্রেরিতে বই পড়ি।,rangpur
sentence_16.wav,dataset/chunks/rangpur/ran_cate_11/sentence_16.wav,পরীক্ষা কত নম্বরের?,rangpur
sentence_17.wav,dataset/chunks/rangpur/ran_cate_11/sentence_17.wav,আমার সহপাঠী খুব স্মার্ট।,rangpur
sentence_18.wav,dataset/chunks/rangpur/ran_cate_11/sentence_18.wav,আপনি কোন বিষয়ে দুর্বল?,rangpur
sentence_19.wav,dataset/chunks/rangpur/ran_cate_11/sentence_19.wav,আমি প্রতিদিন ইংরেজি অনুশীলন করি।,rangpur
sentence_20.wav,dataset/chunks/rangpur/ran_cate_11/sentence_20.wav,শিক্ষক আজ নতুন পাঠ শেখালেন।,rangpur
sentence_21.wav,dataset/chunks/rangpur/ran_cate_11/sentence_21.wav,আপনার ক্লাসের সময়সূচি কি?,rangpur
sentence_22.wav,dataset/chunks/rangpur/ran_cate_11/sentence_22.wav,আমি পরীক্ষার জন্য প্রস্তুতি নিচ্ছি।,rangpur
sentence_23.wav,dataset/chunks/rangpur/ran_cate_11/sentence_23.wav,আমরা বিজ্ঞান ল্যাবে পরীক্ষা করি।,rangpur
sentence_24.wav,dataset/chunks/rangpur/ran_cate_11/sentence_24.wav,আপনার স্কুলের নাম কি?,rangpur
sentence_25.wav,dataset/chunks/rangpur/ran_cate_11/sentence_25.wav,আমার প্রিয় শিক্ষক খুব সহায়ক।,rangpur
sentence_26.wav,dataset/chunks/rangpur/ran_cate_11/sentence_26.wav,আমরা গ্রুপ স্টাডি করি।,rangpur
sentence_27.wav,dataset/chunks/rangpur/ran_cate_11/sentence_27.wav,আপনি কোন বিষয়ে ভালো?,rangpur
sentence_28.wav,dataset/chunks/rangpur/ran_cate_11/sentence_28.wav,আমি নতুন বিষয় শিখতে ভালোবাসি।,rangpur
sentence_29.wav,dataset/chunks/rangpur/ran_cate_11/sentence_29.wav,পরীক্ষা শেষ হলে আমরা ছুটি পাই।,rangpur
sentence_30.wav,dataset/chunks/rangpur/ran_cate_11/sentence_30.wav,আমার স্কুলে বড় লাইব্রেরি আছে।,rangpur
sentence_31.wav,dataset/chunks/rangpur/ran_cate_11/sentence_31.wav,আপনার ক্লাসের সংখ্যা কত?,rangpur
sentence_32.wav,dataset/chunks/rangpur/ran_cate_11/sentence_32.wav,আমি প্রতিদিন সকালে পড়াশোনা করি।,rangpur
sentence_33.wav,dataset/chunks/rangpur/ran_cate_11/sentence_33.wav,শিক্ষক আজ গণিতের সমস্যা দেখালেন।,rangpur
sentence_34.wav,dataset/chunks/rangpur/ran_cate_11/sentence_34.wav,আপনার সহপাঠী কি সাহায্য করছে?,rangpur
sentence_35.wav,dataset/chunks/rangpur/ran_cate_11/sentence_35.wav,আমি পরীক্ষার জন্য নোট তৈরি করছি।,rangpur
sentence_36.wav,dataset/chunks/rangpur/ran_cate_11/sentence_36.wav,আমরা স্কুলে বিভিন্ন কার্যক্রম করি।,rangpur
sentence_37.wav,dataset/chunks/rangpur/ran_cate_11/sentence_37.wav,আপনার শিক্ষক কি ভালো ব্যাখ্যা করেন?,rangpur
sentence_38.wav,dataset/chunks/rangpur/ran_cate_11/sentence_38.wav,আমি ইংরেজি বলার অনুশীলন করি।,rangpur
sentence_39.wav,dataset/chunks/rangpur/ran_cate_11/sentence_39.wav,আজ ক্লাসে প্র্যাকটিক্যাল হয়েছে।,rangpur
sentence_40.wav,dataset/chunks/rangpur/ran_cate_11/sentence_40.wav,আপনার হোমওয়ার্ক কত পৃষ্ঠা?,rangpur
sentence_41.wav,dataset/chunks/rangpur/ran_cate_11/sentence_41.wav,আমি পরীক্ষার জন্য প্রশ্ন সমাধান করছি।,rangpur
sentence_42.wav,dataset/chunks/rangpur/ran_cate_11/sentence_42.wav,আমরা স্কুলে বার্ষিক ক্রীড়া প্রতিযোগিতা করি।,rangpur
sentence_43.wav,dataset/chunks/rangpur/ran_cate_11/sentence_43.wav,আপনার শিক্ষক কি কখনও দেরি করেন?,rangpur
sentence_44.wav,dataset/chunks/rangpur/ran_cate_11/sentence_44.wav,আমি নতুন বই কিনেছি।,rangpur
sentence_45.wav,dataset/chunks/rangpur/ran_cate_11/sentence_45.wav,ক্লাসে সবাই খুব মনোযোগী।,rangpur
sentence_46.wav,dataset/chunks/rangpur/ran_cate_11/sentence_46.wav,আপনার স্কুলের সময়সূচি কি?,rangpur
sentence_47.wav,dataset/chunks/rangpur/ran_cate_11/sentence_47.wav,আমরা পরীক্ষার জন্য গ্রুপ স্টাডি করি।,rangpur
sentence_48.wav,dataset/chunks/rangpur/ran_cate_11/sentence_48.wav,শিক্ষক আজ বিজ্ঞান পাঠ করলেন।,rangpur
sentence_49.wav,dataset/chunks/rangpur/ran_cate_11/sentence_49.wav,আপনার প্রিয় বিষয় কোনটি?,rangpur
sentence_50.wav,dataset/chunks/rangpur/ran_cate_11/sentence_50.wav,আমি প্রতিদিন রাতে পড়াশোনা করি।,rangpur
sentence_51.wav,dataset/chunks/rangpur/ran_cate_11/sentence_51.wav,আমরা লাইব্রেরিতে নতুন বই দেখেছি।,rangpur
sentence_52.wav,dataset/chunks/rangpur/ran_cate_11/sentence_52.wav,শিক্ষক আজ পরীক্ষা নেওয়ার পরিকল্পনা করেছেন।,rangpur
sentence_53.wav,dataset/chunks/rangpur/ran_cate_11/sentence_53.wav,আপনার স্কুলের ছুটি কখন?,rangpur
sentence_54.wav,dataset/chunks/rangpur/ran_cate_11/sentence_54.wav,আমি পরীক্ষার জন্য নোটগুলি পুনরায় পড়ছি।,rangpur
sentence_55.wav,dataset/chunks/rangpur/ran_cate_11/sentence_55.wav,আমরা ক্লাসে project কাজ করছি।,rangpur
sentence_56.wav,dataset/chunks/rangpur/ran_cate_11/sentence_56.wav,আপনার সহপাঠী কি সক্রিয়?,rangpur
sentence_57.wav,dataset/chunks/rangpur/ran_cate_11/sentence_57.wav,আমি আজ শিক্ষকের সঙ্গে কথা বলেছি।,rangpur
sentence_58.wav,dataset/chunks/rangpur/ran_cate_11/sentence_58.wav,স্কুলে আমরা বিভিন্ন cultural অনুষ্ঠান করি।,rangpur
sentence_59.wav,dataset/chunks/rangpur/ran_cate_11/sentence_59.wav,আপনার ক্লাসে কত শিক্ষক আছেন?,rangpur
sentence_60.wav,dataset/chunks/rangpur/ran_cate_11/sentence_60.wav,আমি প্রতিদিন নতুন শব্দ শিখি।,rangpur
sentence_61.wav,dataset/chunks/rangpur/ran_cate_11/sentence_61.wav,পরীক্ষা শেষ হলে আমরা আনন্দ করি।,rangpur
sentence_62.wav,dataset/chunks/rangpur/ran_cate_11/sentence_62.wav,শিক্ষক আজ হোমওয়ার্ক দেখেছেন।,rangpur
sentence_63.wav,dataset/chunks/rangpur/ran_cate_11/sentence_63.wav,আপনার স্কুলে কত লাইব্রেরি আছে?,rangpur
sentence_64.wav,dataset/chunks/rangpur/ran_cate_11/sentence_64.wav,আমরা প্রতিদিন ক্লাসে active থাকি।,rangpur
sentence_65.wav,dataset/chunks/rangpur/ran_cate_11/sentence_65.wav,আমি পরীক্ষার জন্য extra practice করি।,rangpur
sentence_66.wav,dataset/chunks/rangpur/ran_cate_11/sentence_66.wav,শিক্ষক নতুন প্রশ্ন দেখিয়েছেন।,rangpur
sentence_67.wav,dataset/chunks/rangpur/ran_cate_11/sentence_67.wav,আপনার স্কুলের বার্ষিক পরীক্ষা কখন?,rangpur
sentence_68.wav,dataset/chunks/rangpur/ran_cate_11/sentence_68.wav,আমি শিক্ষকের পরামর্শ অনুসরণ করি।,rangpur
sentence_69.wav,dataset/chunks/rangpur/ran_cate_11/sentence_69.wav,আমরা প্রতিদিন assignment করি।,rangpur
sentence_70.wav,dataset/chunks/rangpur/ran_cate_11/sentence_70.wav,আপনার প্রিয় শিক্ষক কে?,rangpur
sentence_01.wav,dataset/chunks/rangpur/ran_cate_12/sentence_01.wav,আজকের মিটিং কবে?,rangpur
sentence_02.wav,dataset/chunks/rangpur/ran_cate_12/sentence_02.wav,আমি আমার রিপোর্ট প্রস্তুত করেছি।,rangpur
sentence_03.wav,dataset/chunks/rangpur/ran_cate_12/sentence_03.wav,অফিসে সময়মতো পৌঁছানো উচিত।,rangpur
sentence_04.wav,dataset/chunks/rangpur/ran_cate_12/sentence_04.wav,আপনার সহকর্মী কি সাহায্য করছে?,rangpur
sentence_05.wav,dataset/chunks/rangpur/ran_cate_12/sentence_05.wav,আমরা নতুন প্রকল্প শুরু করছি।,rangpur
sentence_06.wav,dataset/chunks/rangpur/ran_cate_12/sentence_06.wav,আজ অফিসে কি কাজ আছে?,rangpur
sentence_07.wav,dataset/chunks/rangpur/ran_cate_12/sentence_07.wav,আমার কম্পিউটারে সমস্যা হয়েছে।,rangpur
sentence_08.wav,dataset/chunks/rangpur/ran_cate_12/sentence_08.wav,মিটিংটি কত সময়ের জন্য?,rangpur
sentence_09.wav,dataset/chunks/rangpur/ran_cate_12/sentence_09.wav,আমি প্রেজেন্টেশন প্রস্তুত করছি।,rangpur
sentence_10.wav,dataset/chunks/rangpur/ran_cate_12/sentence_10.wav,আপনি কোন দপ্তরে কাজ করেন?,rangpur
sentence_11.wav,dataset/chunks/rangpur/ran_cate_12/sentence_11.wav,অফিসের সময়সূচি কি?,rangpur
sentence_12.wav,dataset/chunks/rangpur/ran_cate_12/sentence_12.wav,আমি নতুন কর্মচারী প্রশিক্ষণ দিচ্ছি।,rangpur
sentence_13.wav,dataset/chunks/rangpur/ran_cate_12/sentence_13.wav,আজ অফিসে তদারকি করা হয়েছে।,rangpur
sentence_14.wav,dataset/chunks/rangpur/ran_cate_12/sentence_14.wav,আমরা ক্লায়েন্টের সঙ্গে মিটিং করেছি।,rangpur
sentence_15.wav,dataset/chunks/rangpur/ran_cate_12/sentence_15.wav,আমার ল্যাপটপ কাজ করছে না।,rangpur
sentence_16.wav,dataset/chunks/rangpur/ran_cate_12/sentence_16.wav,অফিসের কাজ শেষ হয়েছে।,rangpur
sentence_17.wav,dataset/chunks/rangpur/ran_cate_12/sentence_17.wav,কি ধরনের রিপোর্ট আজ জমা দিতে হবে?,rangpur
sentence_18.wav,dataset/chunks/rangpur/ran_cate_12/sentence_18.wav,আমি ইমেইল পাঠাচ্ছি।,rangpur
sentence_19.wav,dataset/chunks/rangpur/ran_cate_12/sentence_19.wav,অফিসে নতুন নীতি প্রয়োগ করা হয়েছে।,rangpur
sentence_20.wav,dataset/chunks/rangpur/ran_cate_12/sentence_20.wav,আপনার সহকর্মী punctual কি?,rangpur
sentence_21.wav,dataset/chunks/rangpur/ran_cate_12/sentence_21.wav,আমরা অফিসে কাজ ভাগ করেছি।,rangpur
sentence_22.wav,dataset/chunks/rangpur/ran_cate_12/sentence_22.wav,আজ অফিসে কি মিটিং আছে?,rangpur
sentence_23.wav,dataset/chunks/rangpur/ran_cate_12/sentence_23.wav,আমি ক্লায়েন্টের জন্য ডকুমেন্ট তৈরি করছি।,rangpur
sentence_24.wav,dataset/chunks/rangpur/ran_cate_12/sentence_24.wav,অফিসের বাতাস ভালো নেই।,rangpur
sentence_25.wav,dataset/chunks/rangpur/ran_cate_12/sentence_25.wav,আমরা নতুন সফটওয়্যার ব্যবহার করছি।,rangpur
sentence_26.wav,dataset/chunks/rangpur/ran_cate_12/sentence_26.wav,কি কাজ দ্রুত শেষ করতে হবে?,rangpur
sentence_27.wav,dataset/chunks/rangpur/ran_cate_12/sentence_27.wav,আমার ডেস্কে অনেক নথি আছে।,rangpur
sentence_28.wav,dataset/chunks/rangpur/ran_cate_12/sentence_28.wav,অফিসে আজ নতুন অতিথি এসেছেন।,rangpur
sentence_29.wav,dataset/chunks/rangpur/ran_cate_12/sentence_29.wav,আমরা টিম মিটিং করছি।,rangpur
sentence_30.wav,dataset/chunks/rangpur/ran_cate_12/sentence_30.wav,আপনার কাজের অগ্রগতি কেমন?,rangpur
sentence_31.wav,dataset/chunks/rangpur/ran_cate_12/sentence_31.wav,আমি নতুন প্রকল্পের পরিকল্পনা করছি।,rangpur
sentence_32.wav,dataset/chunks/rangpur/ran_cate_12/sentence_32.wav,আজ অফিসে অনেক কাজ হয়েছে।,rangpur
sentence_33.wav,dataset/chunks/rangpur/ran_cate_12/sentence_33.wav,আমি ইমেইল চেক করছি।,rangpur
sentence_34.wav,dataset/chunks/rangpur/ran_cate_12/sentence_34.wav,অফিসের কম্পিউটার আপডেট হয়েছে।,rangpur
sentence_35.wav,dataset/chunks/rangpur/ran_cate_12/sentence_35.wav,আপনি আজ কোন দপ্তরে কাজ করছেন?,rangpur
sentence_36.wav,dataset/chunks/rangpur/ran_cate_12/sentence_36.wav,আমরা নতুন টিম মিটিং শুরু করেছি।,rangpur
sentence_37.wav,dataset/chunks/rangpur/ran_cate_12/sentence_37.wav,কি ধরনের রিপোর্ট শেষ হয়েছে?,rangpur
sentence_38.wav,dataset/chunks/rangpur/ran_cate_12/sentence_38.wav,আমি অফিসের জন্য প্রেজেন্টেশন তৈরি করেছি।,rangpur
sentence_39.wav,dataset/chunks/rangpur/ran_cate_12/sentence_39.wav,আমাদের টিমে নতুন সদস্য যোগ হয়েছে।,rangpur
sentence_40.wav,dataset/chunks/rangpur/ran_cate_12/sentence_40.wav,অফিসের কাজের মান খুব ভালো।,rangpur
sentence_41.wav,dataset/chunks/rangpur/ran_cate_12/sentence_41.wav,আজ অফিসে কি মিটিং শিডিউল আছে?,rangpur
sentence_42.wav,dataset/chunks/rangpur/ran_cate_12/sentence_42.wav,আমি অফিসের ডকুমেন্ট স্ক্যান করছি।,rangpur
sentence_43.wav,dataset/chunks/rangpur/ran_cate_12/sentence_43.wav,আপনার সহকর্মী কি ব্যস্ত?,rangpur
sentence_44.wav,dataset/chunks/rangpur/ran_cate_12/sentence_44.wav,আমরা অফিসে নথি আপডেট করেছি।,rangpur
sentence_45.wav,dataset/chunks/rangpur/ran_cate_12/sentence_45.wav,আজ টিমের সঙ্গে আলোচনা হয়েছে।,rangpur
sentence_46.wav,dataset/chunks/rangpur/ran_cate_12/sentence_46.wav,আমি নতুন কর্মচারীর প্রশিক্ষণ দিচ্ছি।,rangpur
sentence_47.wav,dataset/chunks/rangpur/ran_cate_12/sentence_47.wav,অফিসে নতুন নীতি প্রয়োগ করা হয়েছে।,rangpur
sentence_48.wav,dataset/chunks/rangpur/ran_cate_12/sentence_48.wav,আমার কম্পিউটার হ্যাং করেছে।,rangpur
sentence_49.wav,dataset/chunks/rangpur/ran_cate_12/sentence_49.wav,আমরা ক্লায়েন্টের কাছে প্রজেক্ট প্রেজেন্ট করেছি।,rangpur
sentence_50.wav,dataset/chunks/rangpur/ran_cate_12/sentence_50.wav,আপনার অফিসের সময়সূচি কি?,rangpur
sentence_51.wav,dataset/chunks/rangpur/ran_cate_12/sentence_51.wav,আমি আজ নতুন কাজ শিখছি।,rangpur
sentence_52.wav,dataset/chunks/rangpur/ran_cate_12/sentence_52.wav,অফিসে নিরাপত্তা ব্যবস্থা ভালো।,rangpur
sentence_53.wav,dataset/chunks/rangpur/ran_cate_12/sentence_53.wav,আমরা অফিসে নতুন টুল ব্যবহার করছি।,rangpur
sentence_54.wav,dataset/chunks/rangpur/ran_cate_12/sentence_54.wav,আপনার টিম কি প্রস্তুত?,rangpur
sentence_55.wav,dataset/chunks/rangpur/ran_cate_12/sentence_55.wav,আমি অফিসে অনেক নথি সাজাচ্ছি।,rangpur
sentence_56.wav,dataset/chunks/rangpur/ran_cate_12/sentence_56.wav,আজ অফিসে নতুন প্রকল্পের আলোচনা হয়েছে।,rangpur
sentence_57.wav,dataset/chunks/rangpur/ran_cate_12/sentence_57.wav,আমি আজ টিম মিটিং নিয়ে ব্যস্ত।,rangpur
sentence_58.wav,dataset/chunks/rangpur/ran_cate_12/sentence_58.wav,অফিসে নতুন সফটওয়্যার ইনস্টল করা হয়েছে।,rangpur
sentence_59.wav,dataset/chunks/rangpur/ran_cate_12/sentence_59.wav,কি ধরনের অফিস কাজ শেষ করতে হবে?,rangpur
sentence_60.wav,dataset/chunks/rangpur/ran_cate_12/sentence_60.wav,আমি ক্লায়েন্টের জন্য ডকুমেন্ট প্রস্তুত করছি।,rangpur
sentence_61.wav,dataset/chunks/rangpur/ran_cate_12/sentence_61.wav,অফিসে আজ অনেক ইমেইল এসেছে।,rangpur
sentence_62.wav,dataset/chunks/rangpur/ran_cate_12/sentence_62.wav,আমাদের টিমের সদস্য সক্রিয়।,rangpur
sentence_63.wav,dataset/chunks/rangpur/ran_cate_12/sentence_63.wav,আমি অফিসে নতুন প্রকল্প পরিকল্পনা করছি।,rangpur
sentence_64.wav,dataset/chunks/rangpur/ran_cate_12/sentence_64.wav,আজ অফিসে অনেক visitors এসেছে।,rangpur
sentence_65.wav,dataset/chunks/rangpur/ran_cate_12/sentence_65.wav,অফিসে meeting room প্রস্তুত।,rangpur
sentence_66.wav,dataset/chunks/rangpur/ran_cate_12/sentence_66.wav,আমি অফিসের জন্য রিপোর্ট তৈরি করেছি।,rangpur
sentence_67.wav,dataset/chunks/rangpur/ran_cate_12/sentence_67.wav,আমরা নতুন guidelines মেনে চলছি।,rangpur
sentence_68.wav,dataset/chunks/rangpur/ran_cate_12/sentence_68.wav,অফিসে কাজের চাপ বেশি।,rangpur
sentence_69.wav,dataset/chunks/rangpur/ran_cate_12/sentence_69.wav,আমি ক্লায়েন্টের সাথে discussion করেছি।,rangpur
sentence_70.wav,dataset/chunks/rangpur/ran_cate_12/sentence_70.wav,আমাদের অফিসের পরিবেশ খুব ভালো।,rangpur
sentence_01.wav,dataset/chunks/rangpur/ran_cate_13/sentence_01.wav,এই ফোনের দাম কত?,rangpur
sentence_02.wav,dataset/chunks/rangpur/ran_cate_13/sentence_02.wav,আমি নতুন ল্যাপটপ কিনতে চাই।,rangpur
sentence_03.wav,dataset/chunks/rangpur/ran_cate_13/sentence_03.wav,এই চার্জার কি original?,rangpur
sentence_04.wav,dataset/chunks/rangpur/ran_cate_13/sentence_04.wav,SIM কার্ড কীভাবে নিতে হবে?,rangpur
sentence_05.wav,dataset/chunks/rangpur/ran_cate_13/sentence_05.wav,এই ফোনের warranty কত দিন?,rangpur
sentence_06.wav,dataset/chunks/rangpur/ran_cate_13/sentence_06.wav,আমি একটা হেডফোন চাই।,rangpur
sentence_07.wav,dataset/chunks/rangpur/ran_cate_13/sentence_07.wav,এই ফোনে camera ভালো কি?,rangpur
sentence_08.wav,dataset/chunks/rangpur/ran_cate_13/sentence_08.wav,আপনার দোকানে laptop আছে কি?,rangpur
sentence_09.wav,dataset/chunks/rangpur/ran_cate_13/sentence_09.wav,এই চার্জার কত voltage?,rangpur
sentence_10.wav,dataset/chunks/rangpur/ran_cate_13/sentence_10.wav,আমি ফোন comparison করতে চাই।,rangpur
sentence_11.wav,dataset/chunks/rangpur/ran_cate_13/sentence_11.wav,এই ফোনের color কোনটি আছে?,rangpur
sentence_12.wav,dataset/chunks/rangpur/ran_cate_13/sentence_12.wav,SIM card activate করতে কত সময় লাগে?,rangpur
sentence_13.wav,dataset/chunks/rangpur/ran_cate_13/sentence_13.wav,এই ফোনের storage কত GB?,rangpur
sentence_14.wav,dataset/chunks/rangpur/ran_cate_13/sentence_14.wav,আমি power bank চাই।,rangpur
sentence_15.wav,dataset/chunks/rangpur/ran_cate_13/sentence_15.wav,ফোনে নতুন app install করতে পারি কি?,rangpur
sentence_16.wav,dataset/chunks/rangpur/ran_cate_13/sentence_16.wav,এই দোকানে accessories পাওয়া যায়?,rangpur
sentence_17.wav,dataset/chunks/rangpur/ran_cate_13/sentence_17.wav,এই laptop lightweight কি?,rangpur
sentence_18.wav,dataset/chunks/rangpur/ran_cate_13/sentence_18.wav,ফোনের screen protector বিক্রি হয় কি?,rangpur
sentence_19.wav,dataset/chunks/rangpur/ran_cate_13/sentence_19.wav,SIM card recharge করা যায় কি?,rangpur
sentence_20.wav,dataset/chunks/rangpur/ran_cate_13/sentence_20.wav,আমি refurbished phone কিনতে চাই না।,rangpur
sentence_21.wav,dataset/chunks/rangpur/ran_cate_13/sentence_21.wav,ফোনের battery কতক্ষণ চলে?,rangpur
sentence_22.wav,dataset/chunks/rangpur/ran_cate_13/sentence_22.wav,আমি এই smartwatch কিনতে চাই।,rangpur
sentence_23.wav,dataset/chunks/rangpur/ran_cate_13/sentence_23.wav,ফোনের brand কোনটি?,rangpur
sentence_24.wav,dataset/chunks/rangpur/ran_cate_13/sentence_24.wav,এই charger fast charging support করে কি?,rangpur
sentence_25.wav,dataset/chunks/rangpur/ran_cate_13/sentence_25.wav,আমি laptop comparison দেখতে চাই।,rangpur
sentence_26.wav,dataset/chunks/rangpur/ran_cate_13/sentence_26.wav,ফোনের memory card slot আছে কি?,rangpur
sentence_27.wav,dataset/chunks/rangpur/ran_cate_13/sentence_27.wav,SIM card registration করতে কি লাগবে?,rangpur
sentence_28.wav,dataset/chunks/rangpur/ran_cate_13/sentence_28.wav,আমি wireless earphones চাই।,rangpur
sentence_29.wav,dataset/chunks/rangpur/ran_cate_13/sentence_29.wav,এই phone case waterproof কি?,rangpur
sentence_30.wav,dataset/chunks/rangpur/ran_cate_13/sentence_30.wav,আপনার দোকানে projector আছে কি?,rangpur
sentence_31.wav,dataset/chunks/rangpur/ran_cate_13/sentence_31.wav,ফোনের software update হয়েছে কি?,rangpur
sentence_32.wav,dataset/chunks/rangpur/ran_cate_13/sentence_32.wav,আমি gaming laptop দেখতে চাই।,rangpur
sentence_33.wav,dataset/chunks/rangpur/ran_cate_13/sentence_33.wav,ফোনে dual SIM support আছে কি?,rangpur
sentence_34.wav,dataset/chunks/rangpur/ran_cate_13/sentence_34.wav,এই power bank কত mAh?,rangpur
sentence_35.wav,dataset/chunks/rangpur/ran_cate_13/sentence_35.wav,আমি Bluetooth speaker কিনতে চাই।,rangpur
sentence_36.wav,dataset/chunks/rangpur/ran_cate_13/sentence_36.wav,ফোনের price negotiable কি?,rangpur
sentence_37.wav,dataset/chunks/rangpur/ran_cate_13/sentence_37.wav,আমি USB cable চাই।,rangpur
sentence_38.wav,dataset/chunks/rangpur/ran_cate_13/sentence_38.wav,এই tablet lightweight কি?,rangpur
sentence_39.wav,dataset/chunks/rangpur/ran_cate_13/sentence_39.wav,SIM card portability করতে পারি কি?,rangpur
sentence_40.wav,dataset/chunks/rangpur/ran_cate_13/sentence_40.wav,ফোনের warranty card আছে কি?,rangpur
sentence_41.wav,dataset/chunks/rangpur/ran_cate_13/sentence_41.wav,আমি refurbished laptop চাই না।,rangpur
sentence_42.wav,dataset/chunks/rangpur/ran_cate_13/sentence_42.wav,ফোনের charger original কি?,rangpur
sentence_43.wav,dataset/chunks/rangpur/ran_cate_13/sentence_43.wav,আমি tablet accessories চাই।,rangpur
sentence_44.wav,dataset/chunks/rangpur/ran_cate_13/sentence_44.wav,ফোনের camera resolution কত?,rangpur
sentence_45.wav,dataset/chunks/rangpur/ran_cate_13/sentence_45.wav,আমি portable hard drive চাই।,rangpur
sentence_46.wav,dataset/chunks/rangpur/ran_cate_13/sentence_46.wav,ফোনে earphone jack আছে কি?,rangpur
sentence_47.wav,dataset/chunks/rangpur/ran_cate_13/sentence_47.wav,SIM card online recharge করা যায় কি?,rangpur
sentence_48.wav,dataset/chunks/rangpur/ran_cate_13/sentence_48.wav,আমি laptop bag কিনতে চাই।,rangpur
sentence_49.wav,dataset/chunks/rangpur/ran_cate_13/sentence_49.wav,ফোনের display কত inch?,rangpur
sentence_50.wav,dataset/chunks/rangpur/ran_cate_13/sentence_50.wav,আমি smart home device কিনতে চাই।,rangpur
sentence_51.wav,dataset/chunks/rangpur/ran_cate_13/sentence_51.wav,এই charger compatible কি?,rangpur
sentence_52.wav,dataset/chunks/rangpur/ran_cate_13/sentence_52.wav,ফোনের processor কত GHz?,rangpur
sentence_53.wav,dataset/chunks/rangpur/ran_cate_13/sentence_53.wav,আমি wireless mouse চাই।,rangpur
sentence_54.wav,dataset/chunks/rangpur/ran_cate_13/sentence_54.wav,ফোনের screen size বড় কি?,rangpur
sentence_55.wav,dataset/chunks/rangpur/ran_cate_13/sentence_55.wav,SIM card balance check করতে পারি কি?,rangpur
sentence_56.wav,dataset/chunks/rangpur/ran_cate_13/sentence_56.wav,আমি laptop stand চাই।,rangpur
sentence_57.wav,dataset/chunks/rangpur/ran_cate_13/sentence_57.wav,ফোনে fingerprint sensor আছে কি?,rangpur
sentence_58.wav,dataset/chunks/rangpur/ran_cate_13/sentence_58.wav,আমি external keyboard চাই।,rangpur
sentence_59.wav,dataset/chunks/rangpur/ran_cate_13/sentence_59.wav,ফোনের battery replace করতে হয় কি?,rangpur
sentence_60.wav,dataset/chunks/rangpur/ran_cate_13/sentence_60.wav,আমি smartwatch strap চাই।,rangpur
sentence_61.wav,dataset/chunks/rangpur/ran_cate_13/sentence_61.wav,ফোনের price range কি?,rangpur
sentence_62.wav,dataset/chunks/rangpur/ran_cate_13/sentence_62.wav,আমি gaming console কিনতে চাই।,rangpur
sentence_63.wav,dataset/chunks/rangpur/ran_cate_13/sentence_63.wav,ফোনে dual camera আছে কি?,rangpur
sentence_64.wav,dataset/chunks/rangpur/ran_cate_13/sentence_64.wav,আমি USB hub চাই।,rangpur
sentence_65.wav,dataset/chunks/rangpur/ran_cate_13/sentence_65.wav,ফোনের warranty কত বছর?,rangpur
sentence_66.wav,dataset/chunks/rangpur/ran_cate_13/sentence_66.wav,আমি laptop charger চাই।,rangpur
sentence_67.wav,dataset/chunks/rangpur/ran_cate_13/sentence_67.wav,ফোনের weight কত?,rangpur
sentence_68.wav,dataset/chunks/rangpur/ran_cate_13/sentence_68.wav,আমি HDMI cable চাই।,rangpur
sentence_69.wav,dataset/chunks/rangpur/ran_cate_13/sentence_69.wav,ফোনের software version আপডেট হয়েছে কি?,rangpur
sentence_70.wav,dataset/chunks/rangpur/ran_cate_13/sentence_70.wav,আমি smart speaker কিনতে চাই।,rangpur
sentence_01.wav,dataset/chunks/rangpur/ran_cate_14/sentence_01.wav,অনুগ্রহ করে দরজা বন্ধ করবেন।,rangpur
sentence_02.wav,dataset/chunks/rangpur/ran_cate_14/sentence_02.wav,দয়া করে আমাকে সাহায্য করুন।,rangpur
sentence_03.wav,dataset/chunks/rangpur/ran_cate_14/sentence_03.wav,আপনি কি আমাকে বইটা দিতে পারেন?,rangpur
sentence_04.wav,dataset/chunks/rangpur/ran_cate_14/sentence_04.wav,অনুগ্রহ করে ধীরে কথা বলুন।,rangpur
sentence_05.wav,dataset/chunks/rangpur/ran_cate_14/sentence_05.wav,দয়া করে এখানে বসুন।,rangpur
sentence_06.wav,dataset/chunks/rangpur/ran_cate_14/sentence_06.wav,আপনি কি আমার জন্য অপেক্ষা করতে পারেন?,rangpur
sentence_07.wav,dataset/chunks/rangpur/ran_cate_14/sentence_07.wav,অনুগ্রহ করে আবার বলুন।,rangpur
sentence_08.wav,dataset/chunks/rangpur/ran_cate_14/sentence_08.wav,আপনি কি আমাকে রাস্তা দেখাতে পারেন?,rangpur
sentence_09.wav,dataset/chunks/rangpur/ran_cate_14/sentence_09.wav,দয়া করে ফোন ব্যবহার করবেন না।,rangpur
sentence_10.wav,dataset/chunks/rangpur/ran_cate_14/sentence_10.wav,আপনি কি আমার জন্য এটি কিনতে পারবেন?,rangpur
sentence_11.wav,dataset/chunks/rangpur/ran_cate_14/sentence_11.wav,অনুগ্রহ করে আমাকে মনে করিয়ে দিন।,rangpur
sentence_12.wav,dataset/chunks/rangpur/ran_cate_14/sentence_12.wav,আপনি কি আমাকে ছবি তুলতে সাহায্য করবেন?,rangpur
sentence_13.wav,dataset/chunks/rangpur/ran_cate_14/sentence_13.wav,দয়া করে আমাকে অপেক্ষা করতে দিন।,rangpur
sentence_14.wav,dataset/chunks/rangpur/ran_cate_14/sentence_14.wav,অনুগ্রহ করে দরজা খুলে দিন।,rangpur
sentence_15.wav,dataset/chunks/rangpur/ran_cate_14/sentence_15.wav,আপনি কি আমার জন্য কাজটি করতে পারেন?,rangpur
sentence_16.wav,dataset/chunks/rangpur/ran_cate_14/sentence_16.wav,দয়া করে শব্দ কমান।,rangpur
sentence_17.wav,dataset/chunks/rangpur/ran_cate_14/sentence_17.wav,আপনি কি আমাকে জিজ্ঞাসা করতে পারবেন?,rangpur
sentence_18.wav,dataset/chunks/rangpur/ran_cate_14/sentence_18.wav,অনুগ্রহ করে আমাকে আসতে দিন।,rangpur
sentence_19.wav,dataset/chunks/rangpur/ran_cate_14/sentence_19.wav,আপনি কি আমার সঙ্গে কথা বলবেন?,rangpur
sentence_20.wav,dataset/chunks/rangpur/ran_cate_14/sentence_20.wav,দয়া করে আমার দিকে তাকান।,rangpur
sentence_21.wav,dataset/chunks/rangpur/ran_cate_14/sentence_21.wav,অনুগ্রহ করে আমাকে সময় দিন।,rangpur
sentence_22.wav,dataset/chunks/rangpur/ran_cate_14/sentence_22.wav,আপনি কি আমাকে সাহায্য করতে পারেন?,rangpur
sentence_23.wav,dataset/chunks/rangpur/ran_cate_14/sentence_23.wav,দয়া করে আমাকে এটি বোঝান।,rangpur
sentence_24.wav,dataset/chunks/rangpur/ran_cate_14/sentence_24.wav,অনুগ্রহ করে এটিকে ধরুন।,rangpur
sentence_25.wav,dataset/chunks/rangpur/ran_cate_14/sentence_25.wav,আপনি কি আমাকে তথ্য দিতে পারেন?,rangpur
sentence_26.wav,dataset/chunks/rangpur/ran_cate_14/sentence_26.wav,দয়া করে এখানে আসুন।,rangpur
sentence_27.wav,dataset/chunks/rangpur/ran_cate_14/sentence_27.wav,অনুগ্রহ করে আমাকে অপেক্ষা করতে বলুন।,rangpur
sentence_28.wav,dataset/chunks/rangpur/ran_cate_14/sentence_28.wav,আপনি কি আমাকে রাস্তা দেখাবেন?,rangpur
sentence_29.wav,dataset/chunks/rangpur/ran_cate_14/sentence_29.wav,দয়া করে আমার জন্য অপেক্ষা করুন।,rangpur
sentence_30.wav,dataset/chunks/rangpur/ran_cate_14/sentence_30.wav,অনুগ্রহ করে আমাকে সাহায্য করতে বলুন।,rangpur
sentence_31.wav,dataset/chunks/rangpur/ran_cate_14/sentence_31.wav,আপনি কি আমার জন্য এটি আনবেন?,rangpur
sentence_32.wav,dataset/chunks/rangpur/ran_cate_14/sentence_32.wav,দয়া করে আমাকে বসতে দিন।,rangpur
sentence_33.wav,dataset/chunks/rangpur/ran_cate_14/sentence_33.wav,অনুগ্রহ করে আমাকে এটি দেখান।,rangpur
sentence_34.wav,dataset/chunks/rangpur/ran_cate_14/sentence_34.wav,আপনি কি আমার সঙ্গে খাবেন?,rangpur
sentence_35.wav,dataset/chunks/rangpur/ran_cate_14/sentence_35.wav,দয়া করে ধৈর্য ধরুন।,rangpur
sentence_36.wav,dataset/chunks/rangpur/ran_cate_14/sentence_36.wav,অনুগ্রহ করে আমাকে ফোন দিন।,rangpur
sentence_37.wav,dataset/chunks/rangpur/ran_cate_14/sentence_37.wav,আপনি কি আমার জন্য অপেক্ষা করবেন?,rangpur
sentence_38.wav,dataset/chunks/rangpur/ran_cate_14/sentence_38.wav,দয়া করে এটি খুলুন।,rangpur
sentence_39.wav,dataset/chunks/rangpur/ran_cate_14/sentence_39.wav,অনুগ্রহ করে এটি বন্ধ করুন।,rangpur
sentence_40.wav,dataset/chunks/rangpur/ran_cate_14/sentence_40.wav,আপনি কি আমাকে নির্দেশ দিতে পারেন?,rangpur
sentence_41.wav,dataset/chunks/rangpur/ran_cate_14/sentence_41.wav,দয়া করে আমার কথা শোনুন।,rangpur
sentence_42.wav,dataset/chunks/rangpur/ran_cate_14/sentence_42.wav,অনুগ্রহ করে আমাকে সময় দিন।,rangpur
sentence_43.wav,dataset/chunks/rangpur/ran_cate_14/sentence_43.wav,আপনি কি আমার জন্য এটি আনবেন?,rangpur
sentence_44.wav,dataset/chunks/rangpur/ran_cate_14/sentence_44.wav,দয়া করে আমাকে সাহায্য করতে বলুন।,rangpur
sentence_45.wav,dataset/chunks/rangpur/ran_cate_14/sentence_45.wav,অনুগ্রহ করে আমাকে অনুমতি দিন।,rangpur
sentence_46.wav,dataset/chunks/rangpur/ran_cate_14/sentence_46.wav,আপনি কি আমাকে রাস্তা দেখাবেন?,rangpur
sentence_47.wav,dataset/chunks/rangpur/ran_cate_14/sentence_47.wav,দয়া করে এখানে বসুন।,rangpur
sentence_48.wav,dataset/chunks/rangpur/ran_cate_14/sentence_48.wav,অনুগ্রহ করে এটি নিন।,rangpur
sentence_49.wav,dataset/chunks/rangpur/ran_cate_14/sentence_49.wav,আপনি কি আমাকে এটি দেবেন?,rangpur
sentence_50.wav,dataset/chunks/rangpur/ran_cate_14/sentence_50.wav,দয়া করে আমাকে সঙ্গে নিয়ে যান।,rangpur
sentence_51.wav,dataset/chunks/rangpur/ran_cate_14/sentence_51.wav,অনুগ্রহ করে আমাকে বলুন।,rangpur
sentence_52.wav,dataset/chunks/rangpur/ran_cate_14/sentence_52.wav,আপনি কি আমার জন্য অপেক্ষা করতে পারবেন?,rangpur
sentence_53.wav,dataset/chunks/rangpur/ran_cate_14/sentence_53.wav,দয়া করে এটি পরীক্ষা করুন।,rangpur
sentence_54.wav,dataset/chunks/rangpur/ran_cate_14/sentence_54.wav,অনুগ্রহ করে আমাকে এটি লিখে দিন।,rangpur
sentence_55.wav,dataset/chunks/rangpur/ran_cate_14/sentence_55.wav,আপনি কি আমার জন্য এটি করতে পারেন?,rangpur
sentence_56.wav,dataset/chunks/rangpur/ran_cate_14/sentence_56.wav,দয়া করে আমার সঙ্গে যোগাযোগ করুন।,rangpur
sentence_57.wav,dataset/chunks/rangpur/ran_cate_14/sentence_57.wav,অনুগ্রহ করে আমাকে সহায়তা করুন।,rangpur
sentence_58.wav,dataset/chunks/rangpur/ran_cate_14/sentence_58.wav,আপনি কি আমাকে এটি দেখাবেন?,rangpur
sentence_59.wav,dataset/chunks/rangpur/ran_cate_14/sentence_59.wav,দয়া করে আমার জন্য অপেক্ষা করুন।,rangpur
sentence_60.wav,dataset/chunks/rangpur/ran_cate_14/sentence_60.wav,অনুগ্রহ করে আমাকে সাহায্য করুন।,rangpur
sentence_61.wav,dataset/chunks/rangpur/ran_cate_14/sentence_61.wav,আপনি কি আমাকে সাহায্য করবেন?,rangpur
sentence_62.wav,dataset/chunks/rangpur/ran_cate_14/sentence_62.wav,দয়া করে আমাকে এটি বুঝতে দিন।,rangpur
sentence_63.wav,dataset/chunks/rangpur/ran_cate_14/sentence_63.wav,অনুগ্রহ করে এটি রাখুন।,rangpur
sentence_64.wav,dataset/chunks/rangpur/ran_cate_14/sentence_64.wav,আপনি কি আমাকে অনুমতি দেবেন?,rangpur
sentence_65.wav,dataset/chunks/rangpur/ran_cate_14/sentence_65.wav,দয়া করে আমাকে এটি আনতে দিন।,rangpur
sentence_66.wav,dataset/chunks/rangpur/ran_cate_14/sentence_66.wav,অনুগ্রহ করে আমাকে নির্দেশ দিন।,rangpur
sentence_67.wav,dataset/chunks/rangpur/ran_cate_14/sentence_67.wav,আপনি কি আমাকে এটি আনবেন?,rangpur
sentence_68.wav,dataset/chunks/rangpur/ran_cate_14/sentence_68.wav,দয়া করে আমাকে সাহায্য করতে বলুন।,rangpur
sentence_69.wav,dataset/chunks/rangpur/ran_cate_14/sentence_69.wav,অনুগ্রহ করে এটি আমার জন্য রাখুন।,rangpur
sentence_70.wav,dataset/chunks/rangpur/ran_cate_14/sentence_70.wav,আপনি কি আমার জন্য অপেক্ষা করতে পারবেন?,rangpur
sentence_01.wav,dataset/chunks/rangpur/ran_cate_15/sentence_01.wav,আমি সকাল ৬টায় উঠি।,rangpur
sentence_02.wav,dataset/chunks/rangpur/ran_cate_15/sentence_02.wav,তুমি কি বাজারে যাচ্ছো?,rangpur
sentence_03.wav,dataset/chunks/rangpur/ran_cate_15/sentence_03.wav,আমি ভাত রান্না করছি।,rangpur
sentence_04.wav,dataset/chunks/rangpur/ran_cate_15/sentence_04.wav,আমরা প্রতিদিন হাঁটতে যাই।,rangpur
sentence_05.wav,dataset/chunks/rangpur/ran_cate_15/sentence_05.wav,তুমি কি আজ শপিং করতে যাবে?,rangpur
sentence_06.wav,dataset/chunks/rangpur/ran_cate_15/sentence_06.wav,আমি ব্যাগ প্যাক করছি।,rangpur
sentence_07.wav,dataset/chunks/rangpur/ran_cate_15/sentence_07.wav,তুমি কি সকালে নাশতা করেছো?,rangpur
sentence_08.wav,dataset/chunks/rangpur/ran_cate_15/sentence_08.wav,আমি লন্ড্রি করছি।,rangpur
sentence_09.wav,dataset/chunks/rangpur/ran_cate_15/sentence_09.wav,তুমি কি সিনেমা দেখতে যাবে?,rangpur
sentence_10.wav,dataset/chunks/rangpur/ran_cate_15/sentence_10.wav,আমি বই পড়ছি।,rangpur
sentence_11.wav,dataset/chunks/rangpur/ran_cate_15/sentence_11.wav,তুমি কি চা খাবে?,rangpur
sentence_12.wav,dataset/chunks/rangpur/ran_cate_15/sentence_12.wav,আমি বাসায় ক্লিনিং করছি।,rangpur
sentence_13.wav,dataset/chunks/rangpur/ran_cate_15/sentence_13.wav,তুমি কি বাজারে নতুন সবজি পেয়েছো?,rangpur
sentence_14.wav,dataset/chunks/rangpur/ran_cate_15/sentence_14.wav,আমি শুতে যাচ্ছি।,rangpur
sentence_15.wav,dataset/chunks/rangpur/ran_cate_15/sentence_15.wav,আমরা সকালে দৌড়াচ্ছি।,rangpur
sentence_16.wav,dataset/chunks/rangpur/ran_cate_15/sentence_16.wav,তুমি কি কাজ শেষ করেছো?,rangpur
sentence_17.wav,dataset/chunks/rangpur/ran_cate_15/sentence_17.wav,আমি দুপুরের খাবার খাচ্ছি।,rangpur
sentence_18.wav,dataset/chunks/rangpur/ran_cate_15/sentence_18.wav,তুমি কি কুকিং করতে জানো?,rangpur
sentence_19.wav,dataset/chunks/rangpur/ran_cate_15/sentence_19.wav,আমি দোকান যাচ্ছি।,rangpur
sentence_20.wav,dataset/chunks/rangpur/ran_cate_15/sentence_20.wav,তুমি কি আজ বাড়িতে থাকছো?,rangpur
sentence_21.wav,dataset/chunks/rangpur/ran_cate_15/sentence_21.wav,আমি টিভি দেখছি।,rangpur
sentence_22.wav,dataset/chunks/rangpur/ran_cate_15/sentence_22.wav,তুমি কি সাইকেল চালাচ্ছো?,rangpur
sentence_23.wav,dataset/chunks/rangpur/ran_cate_15/sentence_23.wav,আমি জামাকাপড় ধরছি।,rangpur
sentence_24.wav,dataset/chunks/rangpur/ran_cate_15/sentence_24.wav,তুমি কি বাজার থেকে দুধ এনেছো?,rangpur
sentence_25.wav,dataset/chunks/rangpur/ran_cate_15/sentence_25.wav,আমি রাতে ঘুমাতে যাচ্ছি।,rangpur
sentence_26.wav,dataset/chunks/rangpur/ran_cate_15/sentence_26.wav,তুমি কি সকাল ৭টায় উঠে আসবে?,rangpur
sentence_27.wav,dataset/chunks/rangpur/ran_cate_15/sentence_27.wav,আমি রান্নাঘরে কাজ করছি।,rangpur
sentence_28.wav,dataset/chunks/rangpur/ran_cate_15/sentence_28.wav,তুমি কি বাজারে কোন মাংস কিনেছো?,rangpur
sentence_29.wav,dataset/chunks/rangpur/ran_cate_15/sentence_29.wav,আমি দুপুরে বিশ্রাম নিচ্ছি।,rangpur
sentence_30.wav,dataset/chunks/rangpur/ran_cate_15/sentence_30.wav,তুমি কি সন্ধ্যায় হাঁটবে?,rangpur
sentence_31.wav,dataset/chunks/rangpur/ran_cate_15/sentence_31.wav,আমি কফি বানাচ্ছি।,rangpur
sentence_32.wav,dataset/chunks/rangpur/ran_cate_15/sentence_32.wav,তুমি কি নিত্যদিন সকালে জগিং করো?,rangpur
sentence_33.wav,dataset/chunks/rangpur/ran_cate_15/sentence_33.wav,আমি দুধ ফুটাচ্ছি।,rangpur
sentence_34.wav,dataset/chunks/rangpur/ran_cate_15/sentence_34.wav,তুমি কি চা খেতে চাও?,rangpur
sentence_35.wav,dataset/chunks/rangpur/ran_cate_15/sentence_35.wav,আমি বাজারে যাচ্ছি।,rangpur
sentence_36.wav,dataset/chunks/rangpur/ran_cate_15/sentence_36.wav,তুমি কি বই পড়ছো?,rangpur
sentence_37.wav,dataset/chunks/rangpur/ran_cate_15/sentence_37.wav,আমি বাড়ি ঝাড়ু দিচ্ছি।,rangpur
sentence_38.wav,dataset/chunks/rangpur/ran_cate_15/sentence_38.wav,তুমি কি দুপুরের খাবার খেয়েছো?,rangpur
sentence_39.wav,dataset/chunks/rangpur/ran_cate_15/sentence_39.wav,আমি সবজি কাটছি।,rangpur
sentence_40.wav,dataset/chunks/rangpur/ran_cate_15/sentence_40.wav,তুমি কি রাতে শুবে?,rangpur
sentence_41.wav,dataset/chunks/rangpur/ran_cate_15/sentence_41.wav,আমি কলম ও কাগজ সাজাচ্ছি।,rangpur
sentence_42.wav,dataset/chunks/rangpur/ran_cate_15/sentence_42.wav,তুমি কি আজ রান্না করছো?,rangpur
sentence_43.wav,dataset/chunks/rangpur/ran_cate_15/sentence_43.wav,আমি কাপড় ধুয়ে শুকাচ্ছি।,rangpur
sentence_44.wav,dataset/chunks/rangpur/ran_cate_15/sentence_44.wav,তুমি কি বাজারে নতুন ফল এনেছো?,rangpur
sentence_45.wav,dataset/chunks/rangpur/ran_cate_15/sentence_45.wav,আমি সকালের নাশতা খাচ্ছি।,rangpur
sentence_46.wav,dataset/chunks/rangpur/ran_cate_15/sentence_46.wav,তুমি কি আজ ঘুম বেশি করেছো?,rangpur
sentence_47.wav,dataset/chunks/rangpur/ran_cate_15/sentence_47.wav,আমি খাবার টেবিলে বসছি।,rangpur
sentence_48.wav,dataset/chunks/rangpur/ran_cate_15/sentence_48.wav,তুমি কি বাইরে যাচ্ছো?,rangpur
sentence_49.wav,dataset/chunks/rangpur/ran_cate_15/sentence_49.wav,আমি ফ্রিজে খাবার রাখছি।,rangpur
sentence_50.wav,dataset/chunks/rangpur/ran_cate_15/sentence_50.wav,তুমি কি বাজারে যাবার আগে তালিকা লিখেছো?,rangpur
sentence_51.wav,dataset/chunks/rangpur/ran_cate_15/sentence_51.wav,আমি সকালে ব্যায়াম করছি।,rangpur
sentence_52.wav,dataset/chunks/rangpur/ran_cate_15/sentence_52.wav,তুমি কি দুপুরে ঘুমাবে?,rangpur
sentence_53.wav,dataset/chunks/rangpur/ran_cate_15/sentence_53.wav,আমি কাপড় ধরছি।,rangpur
sentence_54.wav,dataset/chunks/rangpur/ran_cate_15/sentence_54.wav,তুমি কি রান্না শেষ করেছো?,rangpur
sentence_55.wav,dataset/chunks/rangpur/ran_cate_15/sentence_55.wav,আমি বাজার থেকে শাক-সবজি এনেছি।,rangpur
sentence_56.wav,dataset/chunks/rangpur/ran_cate_15/sentence_56.wav,তুমি কি ঘরে কাজ করছো?,rangpur
sentence_57.wav,dataset/chunks/rangpur/ran_cate_15/sentence_57.wav,আমি দুপুরে চা খাচ্ছি।,rangpur
sentence_58.wav,dataset/chunks/rangpur/ran_cate_15/sentence_58.wav,তুমি কি রাতের খাবার খাবে?,rangpur
sentence_59.wav,dataset/chunks/rangpur/ran_cate_15/sentence_59.wav,আমি সকালের লিস্ট অনুযায়ী কাজ করছি।,rangpur
sentence_60.wav,dataset/chunks/rangpur/ran_cate_15/sentence_60.wav,তুমি কি বাজার থেকে দুধ এনেছো?,rangpur
sentence_61.wav,dataset/chunks/rangpur/ran_cate_15/sentence_61.wav,আমি সকালে উঠে হাঁটতে যাই।,rangpur
sentence_62.wav,dataset/chunks/rangpur/ran_cate_15/sentence_62.wav,তুমি কি ফ্রিজ খোলেছো?,rangpur
sentence_63.wav,dataset/chunks/rangpur/ran_cate_15/sentence_63.wav,আমি বালিশ ধরছি।,rangpur
sentence_64.wav,dataset/chunks/rangpur/ran_cate_15/sentence_64.wav,তুমি কি রান্না করতে চাও?,rangpur
sentence_65.wav,dataset/chunks/rangpur/ran_cate_15/sentence_65.wav,আমি কাপড় লন্ড্রি করছি।,rangpur
sentence_66.wav,dataset/chunks/rangpur/ran_cate_15/sentence_66.wav,তুমি কি বাজারে নতুন রুটি কিনেছো?,rangpur
sentence_67.wav,dataset/chunks/rangpur/ran_cate_15/sentence_67.wav,আমি রাতের খাবার প্রস্তুত করছি।,rangpur
sentence_68.wav,dataset/chunks/rangpur/ran_cate_15/sentence_68.wav,তুমি কি শপিং করতে যাচ্ছো?,rangpur
sentence_69.wav,dataset/chunks/rangpur/ran_cate_15/sentence_69.wav,আমি খোলা আকাশের নিচে হাঁটছি।,rangpur
sentence_70.wav,dataset/chunks/rangpur/ran_cate_15/sentence_70.wav,তুমি কি আজ সকাল থেকে ব্যস্ত?,rangpur
sentence_01.wav,dataset/chunks/rangpur/ran_cate_16/sentence_01.wav,আমার ফোন কাজ করছে না।,rangpur
sentence_02.wav,dataset/chunks/rangpur/ran_cate_16/sentence_02.wav,বাস ধীর গতিতে চলছে।,rangpur
sentence_03.wav,dataset/chunks/rangpur/ran_cate_16/sentence_03.wav,আমি বিল ঠিকমত পাইনি।,rangpur
sentence_04.wav,dataset/chunks/rangpur/ran_cate_16/sentence_04.wav,পানির চাপ খুব কম।,rangpur
sentence_05.wav,dataset/chunks/rangpur/ran_cate_16/sentence_05.wav,ইন্টারনেট সংযোগ স্থিতিশীল নয়।,rangpur
sentence_06.wav,dataset/chunks/rangpur/ran_cate_16/sentence_06.wav,দোকানে সব পণ্য শেষ।,rangpur
sentence_07.wav,dataset/chunks/rangpur/ran_cate_16/sentence_07.wav,বাতি জ্বলে না।,rangpur
sentence_08.wav,dataset/chunks/rangpur/ran_cate_16/sentence_08.wav,আমি চা খুব গরম পেয়েছি।,rangpur
sentence_09.wav,dataset/chunks/rangpur/ran_cate_16/sentence_09.wav,রিকশা খুব দেরি করছে।,rangpur
sentence_10.wav,dataset/chunks/rangpur/ran_cate_16/sentence_10.wav,লিফট বন্ধ।,rangpur
sentence_11.wav,dataset/chunks/rangpur/ran_cate_16/sentence_11.wav,আমার অ্যাপ্লিকেশন ক্র্যাশ করছে।,rangpur
sentence_12.wav,dataset/chunks/rangpur/ran_cate_16/sentence_12.wav,এই গাড়ি তেল টপ আপ করছে না।,rangpur
sentence_13.wav,dataset/chunks/rangpur/ran_cate_16/sentence_13.wav,বাসে অনেক ভিড়।,rangpur
sentence_14.wav,dataset/chunks/rangpur/ran_cate_16/sentence_14.wav,আমি খাবার ঠিকমত পাইনি।,rangpur
sentence_15.wav,dataset/chunks/rangpur/ran_cate_16/sentence_15.wav,রাস্তায় অনেক ধুলো।,rangpur
sentence_16.wav,dataset/chunks/rangpur/ran_cate_16/sentence_16.wav,আমার কম্পিউটার হ্যাং করেছে।,rangpur
sentence_17.wav,dataset/chunks/rangpur/ran_cate_16/sentence_17.wav,ফোনের ব্যাটারি দ্রুত শেষ হচ্ছে।,rangpur
sentence_18.wav,dataset/chunks/rangpur/ran_cate_16/sentence_18.wav,দোকানের হেডফোন খারাপ।,rangpur
sentence_19.wav,dataset/chunks/rangpur/ran_cate_16/sentence_19.wav,রিকশাচালক দেরি করছে।,rangpur
sentence_20.wav,dataset/chunks/rangpur/ran_cate_16/sentence_20.wav,পানির ট্যাংক ফাঁকা।,rangpur
sentence_21.wav,dataset/chunks/rangpur/ran_cate_16/sentence_21.wav,বাসে এয়ার কন্ডিশনার কাজ করছে না।,rangpur
sentence_22.wav,dataset/chunks/rangpur/ran_cate_16/sentence_22.wav,আমার Wi-Fi কানেকশন গড়বড়।,rangpur
sentence_23.wav,dataset/chunks/rangpur/ran_cate_16/sentence_23.wav,দোকানের কাস্টমার সার্ভিস খারাপ।,rangpur
sentence_24.wav,dataset/chunks/rangpur/ran_cate_16/sentence_24.wav,বাতি ঠিকমত জ্বলে না।,rangpur
sentence_25.wav,dataset/chunks/rangpur/ran_cate_16/sentence_25.wav,খাবারের স্বাদ খারাপ।,rangpur
sentence_26.wav,dataset/chunks/rangpur/ran_cate_16/sentence_26.wav,লিফট খুব ধীরে চলছে।,rangpur
sentence_27.wav,dataset/chunks/rangpur/ran_cate_16/sentence_27.wav,আমার মোবাইল চার্জ হচ্ছে না।,rangpur
sentence_28.wav,dataset/chunks/rangpur/ran_cate_16/sentence_28.wav,বাসের ভাড়া বেশি।,rangpur
sentence_29.wav,dataset/chunks/rangpur/ran_cate_16/sentence_29.wav,দোকানে পণ্য ভালো মানের নয়।,rangpur
sentence_30.wav,dataset/chunks/rangpur/ran_cate_16/sentence_30.wav,রাস্তায় যানজট বেশি।,rangpur
sentence_31.wav,dataset/chunks/rangpur/ran_cate_16/sentence_31.wav,আমি আমার টিকেট হারিয়েছি।,rangpur
sentence_32.wav,dataset/chunks/rangpur/ran_cate_16/sentence_32.wav,খাবারের পরিমাণ কম।,rangpur
sentence_33.wav,dataset/chunks/rangpur/ran_cate_16/sentence_33.wav,আমার কম্পিউটার ধীরগতিতে চলছে।,rangpur
sentence_34.wav,dataset/chunks/rangpur/ran_cate_16/sentence_34.wav,রিকশা খুব পুরোনো।,rangpur
sentence_35.wav,dataset/chunks/rangpur/ran_cate_16/sentence_35.wav,দোকানে নতুন পণ্য নেই।,rangpur
sentence_36.wav,dataset/chunks/rangpur/ran_cate_16/sentence_36.wav,ফোনের সিম কাজ করছে না।,rangpur
sentence_37.wav,dataset/chunks/rangpur/ran_cate_16/sentence_37.wav,বাসে বসার জায়গা নেই।,rangpur
sentence_38.wav,dataset/chunks/rangpur/ran_cate_16/sentence_38.wav,পানির স্বাদ খারাপ।,rangpur
sentence_39.wav,dataset/chunks/rangpur/ran_cate_16/sentence_39.wav,লিফটে শব্দ করছে।,rangpur
sentence_40.wav,dataset/chunks/rangpur/ran_cate_16/sentence_40.wav,দোকানের দাম বেশি।,rangpur
sentence_41.wav,dataset/chunks/rangpur/ran_cate_16/sentence_41.wav,খাবারের স্বাদ পরিবর্তন হয়েছে।,rangpur
sentence_42.wav,dataset/chunks/rangpur/ran_cate_16/sentence_42.wav,আমার ল্যাপটপ হ্যাং করছে।,rangpur
sentence_43.wav,dataset/chunks/rangpur/ran_cate_16/sentence_43.wav,বাসে লোকজন অনেক।,rangpur
sentence_44.wav,dataset/chunks/rangpur/ran_cate_16/sentence_44.wav,রাস্তায় খোলা গর্ত।,rangpur
sentence_45.wav,dataset/chunks/rangpur/ran_cate_16/sentence_45.wav,দোকানে কোনো বিক্রয়কর্মী নেই।,rangpur
sentence_46.wav,dataset/chunks/rangpur/ran_cate_16/sentence_46.wav,আমার ফোন ব্যাটারি নষ্ট।,rangpur
sentence_47.wav,dataset/chunks/rangpur/ran_cate_16/sentence_47.wav,খাবার খুব ঠান্ডা।,rangpur
sentence_48.wav,dataset/chunks/rangpur/ran_cate_16/sentence_48.wav,লিফট খুব দ্রুত চলেছে।,rangpur
sentence_49.wav,dataset/chunks/rangpur/ran_cate_16/sentence_49.wav,রিকশা বাসার সামনে দাঁড়ায় না।,rangpur
sentence_50.wav,dataset/chunks/rangpur/ran_cate_16/sentence_50.wav,দোকানে পরিষ্কার নেই।,rangpur
sentence_51.wav,dataset/chunks/rangpur/ran_cate_16/sentence_51.wav,বাস স্ট্যান্ড দূরে।,rangpur
sentence_52.wav,dataset/chunks/rangpur/ran_cate_16/sentence_52.wav,আমার কম্পিউটার হঠাৎ বন্ধ হয়ে গেছে।,rangpur
sentence_53.wav,dataset/chunks/rangpur/ran_cate_16/sentence_53.wav,ফোনে নেটওয়ার্ক নেই।,rangpur
sentence_54.wav,dataset/chunks/rangpur/ran_cate_16/sentence_54.wav,খাবারের স্বাদ ভালো নয়।,rangpur
sentence_55.wav,dataset/chunks/rangpur/ran_cate_16/sentence_55.wav,লিফট লক হয়ে গেছে।,rangpur
sentence_56.wav,dataset/chunks/rangpur/ran_cate_16/sentence_56.wav,দোকানের হেডফোন ব্রেক।,rangpur
sentence_57.wav,dataset/chunks/rangpur/ran_cate_16/sentence_57.wav,রিকশাচালক রাস্তায় নেই।,rangpur
sentence_58.wav,dataset/chunks/rangpur/ran_cate_16/sentence_58.wav,বাসে শীত নেই।,rangpur
sentence_59.wav,dataset/chunks/rangpur/ran_cate_16/sentence_59.wav,আমার ফোন হ্যাং করছে।,rangpur
sentence_60.wav,dataset/chunks/rangpur/ran_cate_16/sentence_60.wav,দোকানে সঠিক দাম নেই।,rangpur
sentence_61.wav,dataset/chunks/rangpur/ran_cate_16/sentence_61.wav,খাবারের স্বাদ খুব ঝাল।,rangpur
sentence_62.wav,dataset/chunks/rangpur/ran_cate_16/sentence_62.wav,লিফট বেজে যাচ্ছে।,rangpur
sentence_63.wav,dataset/chunks/rangpur/ran_cate_16/sentence_63.wav,আমার ল্যাপটপ কাজ করছে না।,rangpur
sentence_64.wav,dataset/chunks/rangpur/ran_cate_16/sentence_64.wav,দোকানের পণ্য ভাঙা।,rangpur
sentence_65.wav,dataset/chunks/rangpur/ran_cate_16/sentence_65.wav,রিকশা দূরে গেছে।,rangpur
sentence_66.wav,dataset/chunks/rangpur/ran_cate_16/sentence_66.wav,বাস সময়মতো আসেনি।,rangpur
sentence_67.wav,dataset/chunks/rangpur/ran_cate_16/sentence_67.wav,আমার মোবাইল নেটওয়ার্ক নেই।,rangpur
sentence_68.wav,dataset/chunks/rangpur/ran_cate_16/sentence_68.wav,দোকানের সার্ভিস খারাপ।,rangpur
sentence_69.wav,dataset/chunks/rangpur/ran_cate_16/sentence_69.wav,খাবারের পরিমাণ কম।,rangpur
sentence_70.wav,dataset/chunks/rangpur/ran_cate_16/sentence_70.wav,লিফট খুব ধীরে চলছে।,rangpur
sentence_01.wav,dataset/chunks/rangpur/ran_cate_17/sentence_01.wav,আমি একটি নতুন ব্যাংক অ্যাকাউন্ট খুলতে চাই।,rangpur
sentence_02.wav,dataset/chunks/rangpur/ran_cate_17/sentence_02.wav,আমার অ্যাকাউন্ট ব্যালেন্স কত?,rangpur
sentence_03.wav,dataset/chunks/rangpur/ran_cate_17/sentence_03.wav,আমি টাকা পাঠাতে চাই।,rangpur
sentence_04.wav,dataset/chunks/rangpur/ran_cate_17/sentence_04.wav,ATM কার্ড কোথায় পাব?,rangpur
sentence_05.wav,dataset/chunks/rangpur/ran_cate_17/sentence_05.wav,আমি বিকাশে টাকা পাঠাতে চাই।,rangpur
sentence_06.wav,dataset/chunks/rangpur/ran_cate_17/sentence_06.wav,চেক জমা দিতে হবে কি?,rangpur
sentence_07.wav,dataset/chunks/rangpur/ran_cate_17/sentence_07.wav,ব্যাংকের সময়সূচি কী?,rangpur
sentence_08.wav,dataset/chunks/rangpur/ran_cate_17/sentence_08.wav,আমি একটি লোন নিতে চাই।,rangpur
sentence_09.wav,dataset/chunks/rangpur/ran_cate_17/sentence_09.wav,ATM কাজ করছে না।,rangpur
sentence_10.wav,dataset/chunks/rangpur/ran_cate_17/sentence_10.wav,আমি অনলাইন ব্যাংকিং করতে চাই।,rangpur
sentence_11.wav,dataset/chunks/rangpur/ran_cate_17/sentence_11.wav,আমার অ্যাকাউন্টে টাকা ঢুকেনি।,rangpur
sentence_12.wav,dataset/chunks/rangpur/ran_cate_17/sentence_12.wav,ব্যাংক খোলা আছে কি?,rangpur
sentence_13.wav,dataset/chunks/rangpur/ran_cate_17/sentence_13.wav,আমি একটি ডেবিট কার্ড চাই।,rangpur
sentence_14.wav,dataset/chunks/rangpur/ran_cate_17/sentence_14.wav,বিকাশে ট্রান্সফার সফল হয়েছে কি?,rangpur
sentence_15.wav,dataset/chunks/rangpur/ran_cate_17/sentence_15.wav,আমি ক্রেডিট কার্ড আবেদন করতে চাই।,rangpur
sentence_16.wav,dataset/chunks/rangpur/ran_cate_17/sentence_16.wav,ATM থেকে কত টাকা তুলতে পারি?,rangpur
sentence_17.wav,dataset/chunks/rangpur/ran_cate_17/sentence_17.wav,আমার পিন ভুল হয়েছে।,rangpur
sentence_18.wav,dataset/chunks/rangpur/ran_cate_17/sentence_18.wav,ব্যাংক ফি কত?,rangpur
sentence_19.wav,dataset/chunks/rangpur/ran_cate_17/sentence_19.wav,আমি চেকবই চাই।,rangpur
sentence_20.wav,dataset/chunks/rangpur/ran_cate_17/sentence_20.wav,বিকাশে লেনদেন কতক্ষণ সময় নেয়?,rangpur
sentence_21.wav,dataset/chunks/rangpur/ran_cate_17/sentence_21.wav,আমি টাকা তুলতে চাই।,rangpur
sentence_22.wav,dataset/chunks/rangpur/ran_cate_17/sentence_22.wav,আমার অ্যাকাউন্ট ব্লক হয়েছে।,rangpur
sentence_23.wav,dataset/chunks/rangpur/ran_cate_17/sentence_23.wav,ব্যাংকিং সেবা ভালো কি?,rangpur
sentence_24.wav,dataset/chunks/rangpur/ran_cate_17/sentence_24.wav,আমি ফান্ড ট্রান্সফার করতে চাই।,rangpur
sentence_25.wav,dataset/chunks/rangpur/ran_cate_17/sentence_25.wav,ATM কোথায় আছে?,rangpur
sentence_26.wav,dataset/chunks/rangpur/ran_cate_17/sentence_26.wav,আমার ডেবিট কার্ড হারিয়েছে।,rangpur
sentence_27.wav,dataset/chunks/rangpur/ran_cate_17/sentence_27.wav,আমি বিকাশ ব্যালেন্স চেক করতে চাই।,rangpur
sentence_28.wav,dataset/chunks/rangpur/ran_cate_17/sentence_28.wav,ব্যাংক অ্যাকাউন্ট কতদিনে খোলা হয়?,rangpur
sentence_29.wav,dataset/chunks/rangpur/ran_cate_17/sentence_29.wav,আমি মোবাইল ব্যাংকিং ব্যবহার করতে চাই।,rangpur
sentence_30.wav,dataset/chunks/rangpur/ran_cate_17/sentence_30.wav,আমি টাকা পাঠিয়েছি কিন্তু পাওয়া যায়নি।,rangpur
sentence_31.wav,dataset/chunks/rangpur/ran_cate_17/sentence_31.wav,আমি লোন পরিশোধ করতে চাই।,rangpur
sentence_32.wav,dataset/chunks/rangpur/ran_cate_17/sentence_32.wav,ATM থেকে টাকা তুলতে সমস্যা।,rangpur
sentence_33.wav,dataset/chunks/rangpur/ran_cate_17/sentence_33.wav,ব্যাংকের চেক অনুমোদিত হয়েছে কি?,rangpur
sentence_34.wav,dataset/chunks/rangpur/ran_cate_17/sentence_34.wav,আমি বিকাশে টাকা জমা দিতে চাই।,rangpur
sentence_35.wav,dataset/chunks/rangpur/ran_cate_17/sentence_35.wav,আমার ক্রেডিট কার্ড লিমিট কত?,rangpur
sentence_36.wav,dataset/chunks/rangpur/ran_cate_17/sentence_36.wav,আমি ব্যাংক খোলা আছে কিনা জানতে চাই।,rangpur
sentence_37.wav,dataset/chunks/rangpur/ran_cate_17/sentence_37.wav,আমার অ্যাকাউন্ট নম্বর ভুল।,rangpur
sentence_38.wav,dataset/chunks/rangpur/ran_cate_17/sentence_38.wav,আমি ফান্ড রিসিভ করতে পারছি না।,rangpur
sentence_39.wav,dataset/chunks/rangpur/ran_cate_17/sentence_39.wav,ব্যাংক সেবা ধীর।,rangpur
sentence_40.wav,dataset/chunks/rangpur/ran_cate_17/sentence_40.wav,আমি বিকাশের পিন পরিবর্তন করতে চাই।,rangpur
sentence_41.wav,dataset/chunks/rangpur/ran_cate_17/sentence_41.wav,আমি একটি ট্রান্সফার করতে চাই।,rangpur
sentence_42.wav,dataset/chunks/rangpur/ran_cate_17/sentence_42.wav,ব্যাংকের কনসাল্ট্যান্ট কোথায় আছে?,rangpur
sentence_43.wav,dataset/chunks/rangpur/ran_cate_17/sentence_43.wav,আমার অ্যাকাউন্টে লেনদেন দেখা যায় না।,rangpur
sentence_44.wav,dataset/chunks/rangpur/ran_cate_17/sentence_44.wav,আমি নতুন ATM কার্ড চাই।,rangpur
sentence_45.wav,dataset/chunks/rangpur/ran_cate_17/sentence_45.wav,বিকাশে লেনদেন বাতিল হয়েছে।,rangpur
sentence_46.wav,dataset/chunks/rangpur/ran_cate_17/sentence_46.wav,ব্যাংকের চেক যাচাই হয়েছে কি?,rangpur
sentence_47.wav,dataset/chunks/rangpur/ran_cate_17/sentence_47.wav,আমি ফান্ড ট্রান্সফার করতে পারছি না।,rangpur
sentence_48.wav,dataset/chunks/rangpur/ran_cate_17/sentence_48.wav,আমার অ্যাকাউন্টে টাকা কমেছে।,rangpur
sentence_49.wav,dataset/chunks/rangpur/ran_cate_17/sentence_49.wav,আমি লোন স্ট্যাটাস জানতে চাই।,rangpur
sentence_50.wav,dataset/chunks/rangpur/ran_cate_17/sentence_50.wav,ATM খুব ব্যস্ত।,rangpur
sentence_51.wav,dataset/chunks/rangpur/ran_cate_17/sentence_51.wav,আমি বিকাশে নতুন নাম্বার রেজিস্টার করতে চাই।,rangpur
sentence_52.wav,dataset/chunks/rangpur/ran_cate_17/sentence_52.wav,ব্যাংকের ফি খুব বেশি।,rangpur
sentence_53.wav,dataset/chunks/rangpur/ran_cate_17/sentence_53.wav,আমি অনলাইন পেমেন্ট করতে চাই।,rangpur
sentence_54.wav,dataset/chunks/rangpur/ran_cate_17/sentence_54.wav,আমার অ্যাকাউন্টে লেনদেন বন্ধ।,rangpur
sentence_55.wav,dataset/chunks/rangpur/ran_cate_17/sentence_55.wav,আমি চেক জমা দিতে পারছি না।,rangpur
sentence_56.wav,dataset/chunks/rangpur/ran_cate_17/sentence_56.wav,বিকাশে টাকা স্থানান্তর করতে সমস্যা।,rangpur
sentence_57.wav,dataset/chunks/rangpur/ran_cate_17/sentence_57.wav,ব্যাংকের সময়সূচি পরিবর্তন হয়েছে।,rangpur
sentence_58.wav,dataset/chunks/rangpur/ran_cate_17/sentence_58.wav,আমি ক্রেডিট কার্ড একটিভ করতে চাই।,rangpur
sentence_59.wav,dataset/chunks/rangpur/ran_cate_17/sentence_59.wav,আমার লোন অ্যাপ্লিকেশন পেন্ডিং আছে।,rangpur
sentence_60.wav,dataset/chunks/rangpur/ran_cate_17/sentence_60.wav,ATM থেকে লেনদেন বাতিল হয়েছে।,rangpur
sentence_61.wav,dataset/chunks/rangpur/ran_cate_17/sentence_61.wav,আমি বিকাশে টাকা রিফান্ড চাই।,rangpur
sentence_62.wav,dataset/chunks/rangpur/ran_cate_17/sentence_62.wav,ব্যাংকের সার্ভিস খারাপ।,rangpur
sentence_63.wav,dataset/chunks/rangpur/ran_cate_17/sentence_63.wav,আমি আমার অ্যাকাউন্ট বন্ধ করতে চাই।,rangpur
sentence_64.wav,dataset/chunks/rangpur/ran_cate_17/sentence_64.wav,আমার ডেবিট কার্ড ব্লক হয়েছে।,rangpur
sentence_65.wav,dataset/chunks/rangpur/ran_cate_17/sentence_65.wav,আমি ফান্ড রিসিভ করতে পারছি না।,rangpur
sentence_66.wav,dataset/chunks/rangpur/ran_cate_17/sentence_66.wav,ব্যাংকের লাইন অনেক লম্বা।,rangpur
sentence_67.wav,dataset/chunks/rangpur/ran_cate_17/sentence_67.wav,আমি ক্রেডিট কার্ড বন্ধ করতে চাই।,rangpur
sentence_68.wav,dataset/chunks/rangpur/ran_cate_17/sentence_68.wav,আমার অ্যাকাউন্টে টাকা জমা হয়নি।,rangpur
sentence_69.wav,dataset/chunks/rangpur/ran_cate_17/sentence_69.wav,আমি বিকাশে লেনদেনের হিস্ট্রি দেখতে চাই।,rangpur
sentence_70.wav,dataset/chunks/rangpur/ran_cate_17/sentence_70.wav,ব্যাংকের লোন প্রক্রিয়া ধীর।,rangpur
sentence_01.wav,dataset/chunks/rangpur/ran_cate_18/sentence_01.wav,আমি খুব খুশি।,rangpur
sentence_02.wav,dataset/chunks/rangpur/ran_cate_18/sentence_02.wav,তুমি কীভাবে অনুভব করছো?,rangpur
sentence_03.wav,dataset/chunks/rangpur/ran_cate_18/sentence_03.wav,আমি দুঃখিত।,rangpur
sentence_04.wav,dataset/chunks/rangpur/ran_cate_18/sentence_04.wav,এটা সত্যিই দুঃখজনক।,rangpur
sentence_05.wav,dataset/chunks/rangpur/ran_cate_18/sentence_05.wav,আমি রাগান্বিত।,rangpur
sentence_06.wav,dataset/chunks/rangpur/ran_cate_18/sentence_06.wav,তুমি কেন রাগ করছো?,rangpur
sentence_07.wav,dataset/chunks/rangpur/ran_cate_18/sentence_07.wav,আমি উত্তেজিত।,rangpur
sentence_08.wav,dataset/chunks/rangpur/ran_cate_18/sentence_08.wav,এটা আমার জন্য আশ্চর্যজনক।,rangpur
sentence_09.wav,dataset/chunks/rangpur/ran_cate_18/sentence_09.wav,আমি ভীত।,rangpur
sentence_10.wav,dataset/chunks/rangpur/ran_cate_18/sentence_10.wav,তুমি কেন ভয় পাচ্ছো?,rangpur
sentence_11.wav,dataset/chunks/rangpur/ran_cate_18/sentence_11.wav,আমি দারুণ খুশি।,rangpur
sentence_12.wav,dataset/chunks/rangpur/ran_cate_18/sentence_12.wav,এটা সত্যিই আমাকে কষ্ট দিচ্ছে।,rangpur
sentence_13.wav,dataset/chunks/rangpur/ran_cate_18/sentence_13.wav,আমি হতাশ।,rangpur
sentence_14.wav,dataset/chunks/rangpur/ran_cate_18/sentence_14.wav,তুমি খুব আনন্দিত দেখাচ্ছো।,rangpur
sentence_15.wav,dataset/chunks/rangpur/ran_cate_18/sentence_15.wav,আমি অবাক।,rangpur
sentence_16.wav,dataset/chunks/rangpur/ran_cate_18/sentence_16.wav,এটা আমার জন্য দুঃসংবাদ।,rangpur
sentence_17.wav,dataset/chunks/rangpur/ran_cate_18/sentence_17.wav,আমি খুব দুঃখিত।,rangpur
sentence_18.wav,dataset/chunks/rangpur/ran_cate_18/sentence_18.wav,তুমি কি খুশি?,rangpur
sentence_19.wav,dataset/chunks/rangpur/ran_cate_18/sentence_19.wav,আমি উত্তেজিত অনুভব করছি।,rangpur
sentence_20.wav,dataset/chunks/rangpur/ran_cate_18/sentence_20.wav,আমি রাগান্বিত হয়ে যাচ্ছি।,rangpur
sentence_21.wav,dataset/chunks/rangpur/ran_cate_18/sentence_21.wav,এটা সত্যিই অবাক করা।,rangpur
sentence_22.wav,dataset/chunks/rangpur/ran_cate_18/sentence_22.wav,"আমি দুঃখিত, এটা আমার দোষ।",rangpur
sentence_23.wav,dataset/chunks/rangpur/ran_cate_18/sentence_23.wav,তুমি কেমন অনুভব করছো?,rangpur
sentence_24.wav,dataset/chunks/rangpur/ran_cate_18/sentence_24.wav,আমি শান্ত।,rangpur
sentence_25.wav,dataset/chunks/rangpur/ran_cate_18/sentence_25.wav,এটা আমাকে আনন্দিত করছে।,rangpur
sentence_26.wav,dataset/chunks/rangpur/ran_cate_18/sentence_26.wav,আমি চিন্তিত।,rangpur
sentence_27.wav,dataset/chunks/rangpur/ran_cate_18/sentence_27.wav,আমি হতাশ হয়ে যাচ্ছি।,rangpur
sentence_28.wav,dataset/chunks/rangpur/ran_cate_18/sentence_28.wav,তুমি রাগান্বিত না তো?,rangpur
sentence_29.wav,dataset/chunks/rangpur/ran_cate_18/sentence_29.wav,আমি সত্যিই আনন্দিত।,rangpur
sentence_30.wav,dataset/chunks/rangpur/ran_cate_18/sentence_30.wav,এটা আমাকে বিরক্ত করছে।,rangpur
sentence_31.wav,dataset/chunks/rangpur/ran_cate_18/sentence_31.wav,আমি অবাক হয়ে গেলাম।,rangpur
sentence_32.wav,dataset/chunks/rangpur/ran_cate_18/sentence_32.wav,আমি খুব ভীত।,rangpur
sentence_33.wav,dataset/chunks/rangpur/ran_cate_18/sentence_33.wav,তুমি আনন্দিত দেখাচ্ছো।,rangpur
sentence_34.wav,dataset/chunks/rangpur/ran_cate_18/sentence_34.wav,আমি হতাশ অনুভব করছি।,rangpur
sentence_35.wav,dataset/chunks/rangpur/ran_cate_18/sentence_35.wav,আমি রাগান্বিত হয়ে গিয়েছি।,rangpur
sentence_36.wav,dataset/chunks/rangpur/ran_cate_18/sentence_36.wav,এটা আমাকে আনন্দ দিচ্ছে।,rangpur
sentence_37.wav,dataset/chunks/rangpur/ran_cate_18/sentence_37.wav,আমি উদ্বিগ্ন।,rangpur
sentence_38.wav,dataset/chunks/rangpur/ran_cate_18/sentence_38.wav,তুমি কেন দুঃখিত?,rangpur
sentence_39.wav,dataset/chunks/rangpur/ran_cate_18/sentence_39.wav,আমি খুব খুশি অনুভব করছি।,rangpur
sentence_40.wav,dataset/chunks/rangpur/ran_cate_18/sentence_40.wav,এটা সত্যিই বিরক্তিকর।,rangpur
sentence_41.wav,dataset/chunks/rangpur/ran_cate_18/sentence_41.wav,আমি আশ্চর্য।,rangpur
sentence_42.wav,dataset/chunks/rangpur/ran_cate_18/sentence_42.wav,তুমি ভয় পাচ্ছো কেন?,rangpur
sentence_43.wav,dataset/chunks/rangpur/ran_cate_18/sentence_43.wav,আমি খুব আনন্দিত।,rangpur
sentence_44.wav,dataset/chunks/rangpur/ran_cate_18/sentence_44.wav,এটা আমাকে দুঃখিত করছে।,rangpur
sentence_45.wav,dataset/chunks/rangpur/ran_cate_18/sentence_45.wav,আমি রাগ অনুভব করছি।,rangpur
sentence_46.wav,dataset/chunks/rangpur/ran_cate_18/sentence_46.wav,তুমি উত্তেজিত নাকি?,rangpur
sentence_47.wav,dataset/chunks/rangpur/ran_cate_18/sentence_47.wav,আমি অবাক হয়ে যাচ্ছি।,rangpur
sentence_48.wav,dataset/chunks/rangpur/ran_cate_18/sentence_48.wav,এটা সত্যিই দারুণ।,rangpur
sentence_49.wav,dataset/chunks/rangpur/ran_cate_18/sentence_49.wav,আমি শান্ত অনুভব করছি।,rangpur
sentence_50.wav,dataset/chunks/rangpur/ran_cate_18/sentence_50.wav,তুমি দুঃখিত নাকি?,rangpur
sentence_51.wav,dataset/chunks/rangpur/ran_cate_18/sentence_51.wav,আমি খুব চিন্তিত।,rangpur
sentence_52.wav,dataset/chunks/rangpur/ran_cate_18/sentence_52.wav,এটা আমাকে বিরক্ত করছে।,rangpur
sentence_53.wav,dataset/chunks/rangpur/ran_cate_18/sentence_53.wav,আমি আনন্দ অনুভব করছি।,rangpur
sentence_54.wav,dataset/chunks/rangpur/ran_cate_18/sentence_54.wav,তুমি রাগান্বিত নাকি?,rangpur
sentence_55.wav,dataset/chunks/rangpur/ran_cate_18/sentence_55.wav,আমি আশ্চর্য অনুভব করছি।,rangpur
sentence_56.wav,dataset/chunks/rangpur/ran_cate_18/sentence_56.wav,এটা আমাকে উত্তেজিত করছে।,rangpur
sentence_57.wav,dataset/chunks/rangpur/ran_cate_18/sentence_57.wav,"আমি দুঃখিত, আমি কিছু করতে পারিনি।",rangpur
sentence_58.wav,dataset/chunks/rangpur/ran_cate_18/sentence_58.wav,তুমি খুশি নাকি?,rangpur
sentence_59.wav,dataset/chunks/rangpur/ran_cate_18/sentence_59.wav,আমি খুব ভীত অনুভব করছি।,rangpur
sentence_60.wav,dataset/chunks/rangpur/ran_cate_18/sentence_60.wav,এটা সত্যিই দুঃখজনক।,rangpur
sentence_61.wav,dataset/chunks/rangpur/ran_cate_18/sentence_61.wav,আমি রাগান্বিত হয়ে যাচ্ছি।,rangpur
sentence_62.wav,dataset/chunks/rangpur/ran_cate_18/sentence_62.wav,তুমি উদ্বিগ্ন নাকি?,rangpur
sentence_63.wav,dataset/chunks/rangpur/ran_cate_18/sentence_63.wav,আমি খুব আনন্দিত অনুভব করছি।,rangpur
sentence_64.wav,dataset/chunks/rangpur/ran_cate_18/sentence_64.wav,এটা আমাকে হতাশ করছে।,rangpur
sentence_65.wav,dataset/chunks/rangpur/ran_cate_18/sentence_65.wav,আমি শান্ত অনুভব করছি।,rangpur
sentence_66.wav,dataset/chunks/rangpur/ran_cate_18/sentence_66.wav,তুমি দারুণ খুশি দেখাচ্ছো।,rangpur
sentence_67.wav,dataset/chunks/rangpur/ran_cate_18/sentence_67.wav,আমি বিরক্ত অনুভব করছি।,rangpur
sentence_68.wav,dataset/chunks/rangpur/ran_cate_18/sentence_68.wav,এটা আমাকে অবাক করছে।,rangpur
sentence_69.wav,dataset/chunks/rangpur/ran_cate_18/sentence_69.wav,আমি উত্তেজিত হয়ে যাচ্ছি।,rangpur
sentence_70.wav,dataset/chunks/rangpur/ran_cate_18/sentence_70.wav,আমি সত্যিই খুশি।,rangpur
sentence_01.wav,dataset/chunks/rangpur/ran_cate_19/sentence_01.wav,আমি লোকসংগীত শুনতে ভালোবাসি।,rangpur
sentence_02.wav,dataset/chunks/rangpur/ran_cate_19/sentence_02.wav,তুমি কি আজ রাতে নাচ দেখতে যাবে?,rangpur
sentence_03.wav,dataset/chunks/rangpur/ran_cate_19/sentence_03.wav,মেলা খুব সুন্দর।,rangpur
sentence_04.wav,dataset/chunks/rangpur/ran_cate_19/sentence_04.wav,তুমি কি পহেলা বৈশাখ উদযাপন করছো?,rangpur
sentence_05.wav,dataset/chunks/rangpur/ran_cate_19/sentence_05.wav,আমি একটি লোকনৃত্য শিখছি।,rangpur
sentence_06.wav,dataset/chunks/rangpur/ran_cate_19/sentence_06.wav,আজ রাতে আমরা মেলায় যাচ্ছি।,rangpur
sentence_07.wav,dataset/chunks/rangpur/ran_cate_19/sentence_07.wav,তুমি কি বাঁশি বাজাতে পারো?,rangpur
sentence_08.wav,dataset/chunks/rangpur/ran_cate_19/sentence_08.wav,আমরা পুতুলনাচ দেখেছি।,rangpur
sentence_09.wav,dataset/chunks/rangpur/ran_cate_19/sentence_09.wav,মেলায় অনেক লোক আছে।,rangpur
sentence_10.wav,dataset/chunks/rangpur/ran_cate_19/sentence_10.wav,তুমি কি ঢাক বাজাতে চাও?,rangpur
sentence_11.wav,dataset/chunks/rangpur/ran_cate_19/sentence_11.wav,আমি নাটক দেখতে যাচ্ছি।,rangpur
sentence_12.wav,dataset/chunks/rangpur/ran_cate_19/sentence_12.wav,আজকে কাব্য অনুষ্ঠানে যাচ্ছি।,rangpur
sentence_13.wav,dataset/chunks/rangpur/ran_cate_19/sentence_13.wav,তুমি কি গান গাইতে পারো?,rangpur
sentence_14.wav,dataset/chunks/rangpur/ran_cate_19/sentence_14.wav,লোকনৃত্য খুব সুন্দর।,rangpur
sentence_15.wav,dataset/chunks/rangpur/ran_cate_19/sentence_15.wav,আমরা মেলায় পিঠা খেয়েছি।,rangpur
sentence_16.wav,dataset/chunks/rangpur/ran_cate_19/sentence_16.wav,তুমি কি আজকে শিল্প প্রদর্শনী দেখেছো?,rangpur
sentence_17.wav,dataset/chunks/rangpur/ran_cate_19/sentence_17.wav,আমি রবীন্দ্রনাথের গান শুনতে ভালোবাসি।,rangpur
sentence_18.wav,dataset/chunks/rangpur/ran_cate_19/sentence_18.wav,মেলায় খেলার স্টল আছে।,rangpur
sentence_19.wav,dataset/chunks/rangpur/ran_cate_19/sentence_19.wav,তুমি কি আজকে ঢোল বাজাচ্ছো?,rangpur
sentence_20.wav,dataset/chunks/rangpur/ran_cate_19/sentence_20.wav,আমরা একটি রাস্তানাটক দেখেছি।,rangpur
sentence_21.wav,dataset/chunks/rangpur/ran_cate_19/sentence_21.wav,মেলায় অনেক খাবার বিক্রি হচ্ছে।,rangpur
sentence_22.wav,dataset/chunks/rangpur/ran_cate_19/sentence_22.wav,তুমি কি আজকে লোকগীতি শোনাচ্ছো?,rangpur
sentence_23.wav,dataset/chunks/rangpur/ran_cate_19/sentence_23.wav,আমি নৃত্য প্রতিযোগিতায় অংশ নিচ্ছি।,rangpur
sentence_24.wav,dataset/chunks/rangpur/ran_cate_19/sentence_24.wav,মেলায় সাজানো হয়েছে অনেক আলোকসজ্জা।,rangpur
sentence_25.wav,dataset/chunks/rangpur/ran_cate_19/sentence_25.wav,তুমি কি আজকে মেলায় গিয়েছো?,rangpur
sentence_26.wav,dataset/chunks/rangpur/ran_cate_19/sentence_26.wav,আমরা একটি লোককাহিনী শোনেছি।,rangpur
sentence_27.wav,dataset/chunks/rangpur/ran_cate_19/sentence_27.wav,তুমি কি আজকে নাটক দেখেছো?,rangpur
sentence_28.wav,dataset/chunks/rangpur/ran_cate_19/sentence_28.wav,আমি পটচিত্র দেখতে ভালোবাসি।,rangpur
sentence_29.wav,dataset/chunks/rangpur/ran_cate_19/sentence_29.wav,মেলায় অনেক শিশু খেলছে।,rangpur
sentence_30.wav,dataset/chunks/rangpur/ran_cate_19/sentence_30.wav,তুমি কি লোকনৃত্য শিখছো?,rangpur
sentence_31.wav,dataset/chunks/rangpur/ran_cate_19/sentence_31.wav,আমরা পুতুলনাচ প্রদর্শনীতে গিয়েছি।,rangpur
sentence_32.wav,dataset/chunks/rangpur/ran_cate_19/sentence_32.wav,মেলায় গান বাজানো হচ্ছে।,rangpur
sentence_33.wav,dataset/chunks/rangpur/ran_cate_19/sentence_33.wav,তুমি কি শিল্পকর্ম তৈরি করছো?,rangpur
sentence_34.wav,dataset/chunks/rangpur/ran_cate_19/sentence_34.wav,আমি লোকসংগীত শোনাচ্ছি।,rangpur
sentence_35.wav,dataset/chunks/rangpur/ran_cate_19/sentence_35.wav,মেলায় খেলনা বিক্রি হচ্ছে।,rangpur
sentence_36.wav,dataset/chunks/rangpur/ran_cate_19/sentence_36.wav,তুমি কি আজকে পিঠা খেয়েছো?,rangpur
sentence_37.wav,dataset/chunks/rangpur/ran_cate_19/sentence_37.wav,আমরা নৃত্য প্রদর্শনীতে অংশ নিয়েছি।,rangpur
sentence_38.wav,dataset/chunks/rangpur/ran_cate_19/sentence_38.wav,মেলায় বিভিন্ন খাবার রয়েছে।,rangpur
sentence_39.wav,dataset/chunks/rangpur/ran_cate_19/sentence_39.wav,তুমি কি আজকে কাব্য শোনাচ্ছো?,rangpur
sentence_40.wav,dataset/chunks/rangpur/ran_cate_19/sentence_40.wav,আমি রবীন্দ্রনাথের গান গাইছি।,rangpur
sentence_41.wav,dataset/chunks/rangpur/ran_cate_19/sentence_41.wav,মেলায় রঙিন বাতি জ্বলে।,rangpur
sentence_42.wav,dataset/chunks/rangpur/ran_cate_19/sentence_42.wav,তুমি কি আজকে নাটক মঞ্চস্থ করছো?,rangpur
sentence_43.wav,dataset/chunks/rangpur/ran_cate_19/sentence_43.wav,আমরা লোকনৃত্য দেখতে যাচ্ছি।,rangpur
sentence_44.wav,dataset/chunks/rangpur/ran_cate_19/sentence_44.wav,মেলায় অনেক ছবি তোলা হচ্ছে।,rangpur
sentence_45.wav,dataset/chunks/rangpur/ran_cate_19/sentence_45.wav,তুমি কি পুতুলনাচ পছন্দ করো?,rangpur
sentence_46.wav,dataset/chunks/rangpur/ran_cate_19/sentence_46.wav,আমি নৃত্য প্রশিক্ষণ নিচ্ছি।,rangpur
sentence_47.wav,dataset/chunks/rangpur/ran_cate_19/sentence_47.wav,মেলায় লোকশিল্প প্রদর্শিত হচ্ছে।,rangpur
sentence_48.wav,dataset/chunks/rangpur/ran_cate_19/sentence_48.wav,তুমি কি আজকে গান শোনাচ্ছো?,rangpur
sentence_49.wav,dataset/chunks/rangpur/ran_cate_19/sentence_49.wav,আমরা মেলায় হস্তশিল্প কিনেছি।,rangpur
sentence_50.wav,dataset/chunks/rangpur/ran_cate_19/sentence_50.wav,মেলায় অনেক লোক আনন্দ করছে।,rangpur
sentence_51.wav,dataset/chunks/rangpur/ran_cate_19/sentence_51.wav,তুমি কি আজকে মেলার খেলা খেলেছো?,rangpur
sentence_52.wav,dataset/chunks/rangpur/ran_cate_19/sentence_52.wav,আমি লোকনৃত্য প্রদর্শনীতে গিয়েছি।,rangpur
sentence_53.wav,dataset/chunks/rangpur/ran_cate_19/sentence_53.wav,মেলায় মিষ্টি বিক্রি হচ্ছে।,rangpur
sentence_54.wav,dataset/chunks/rangpur/ran_cate_19/sentence_54.wav,তুমি কি আজকে রাস্তানাটক দেখেছো?,rangpur
sentence_55.wav,dataset/chunks/rangpur/ran_cate_19/sentence_55.wav,আমি পুতুলনাচ তৈরি করছি।,rangpur
sentence_56.wav,dataset/chunks/rangpur/ran_cate_19/sentence_56.wav,মেলায় বিভিন্ন নাচ প্রদর্শিত হচ্ছে।,rangpur
sentence_57.wav,dataset/chunks/rangpur/ran_cate_19/sentence_57.wav,তুমি কি আজকে শিল্প প্রদর্শনীতে গিয়েছো?,rangpur
sentence_58.wav,dataset/chunks/rangpur/ran_cate_19/sentence_58.wav,আমরা মেলায় গান শুনেছি।,rangpur
sentence_59.wav,dataset/chunks/rangpur/ran_cate_19/sentence_59.wav,মেলায় লোকসংগীত বাজানো হয়েছে।,rangpur
sentence_60.wav,dataset/chunks/rangpur/ran_cate_19/sentence_60.wav,তুমি কি আজকে পিঠা খেয়েছো?,rangpur
sentence_61.wav,dataset/chunks/rangpur/ran_cate_19/sentence_61.wav,আমি নৃত্য প্রশিক্ষণে অংশ নিচ্ছি।,rangpur
sentence_62.wav,dataset/chunks/rangpur/ran_cate_19/sentence_62.wav,মেলায় খেলা প্রদর্শনী হয়েছে।,rangpur
sentence_63.wav,dataset/chunks/rangpur/ran_cate_19/sentence_63.wav,তুমি কি আজকে রঙিন লাইট দেখেছো?,rangpur
sentence_64.wav,dataset/chunks/rangpur/ran_cate_19/sentence_64.wav,আমরা মেলায় হস্তশিল্প শিখেছি।,rangpur
sentence_65.wav,dataset/chunks/rangpur/ran_cate_19/sentence_65.wav,মেলায় লোককাহিনী বলা হয়েছে।,rangpur
sentence_66.wav,dataset/chunks/rangpur/ran_cate_19/sentence_66.wav,তুমি কি আজকে কাব্য শোনেছো?,rangpur
sentence_67.wav,dataset/chunks/rangpur/ran_cate_19/sentence_67.wav,আমি মেলায় গিয়েছি।,rangpur
sentence_68.wav,dataset/chunks/rangpur/ran_cate_19/sentence_68.wav,মেলায় নাটক প্রদর্শিত হয়েছে।,rangpur
sentence_69.wav,dataset/chunks/rangpur/ran_cate_19/sentence_69.wav,তুমি কি আজকে গান গেয়েছো?,rangpur
sentence_70.wav,dataset/chunks/rangpur/ran_cate_19/sentence_70.wav,আমরা মেলায় নাচ উপভোগ করেছি।,rangpur
sentence_01.wav,dataset/chunks/sylhet/syl_cate_01/sentence_01.wav,আপনি কোথা থেকে এসেছেন?,sylhet
sentence_02.wav,dataset/chunks/sylhet/syl_cate_01/sentence_02.wav,আপনার নাম কী?,sylhet
sentence_03.wav,dataset/chunks/sylhet/syl_cate_01/sentence_03.wav,আমার নাম জন।,sylhet
sentence_04.wav,dataset/chunks/sylhet/syl_cate_01/sentence_04.wav,আপনার সাথে পরিচিত হয়ে ভালো লাগলো।,sylhet
sentence_05.wav,dataset/chunks/sylhet/syl_cate_01/sentence_05.wav,আমি এই এলাকায় নতুন।,sylhet
sentence_06.wav,dataset/chunks/sylhet/syl_cate_01/sentence_06.wav,আপনি কি এখানে থাকেন?,sylhet
sentence_07.wav,dataset/chunks/sylhet/syl_cate_01/sentence_07.wav,আপনি কি প্রথমবার এখানে এসেছেন?,sylhet
sentence_08.wav,dataset/chunks/sylhet/syl_cate_01/sentence_08.wav,আমি বাংলাদেশে ভ্রমণে এসেছি।,sylhet
sentence_09.wav,dataset/chunks/sylhet/syl_cate_01/sentence_09.wav,আপনি কী করেন?,sylhet
sentence_10.wav,dataset/chunks/sylhet/syl_cate_01/sentence_10.wav,আমি একজন ছাত্র।,sylhet
sentence_11.wav,dataset/chunks/sylhet/syl_cate_01/sentence_11.wav,আপনার বাড়ি কোথায়?,sylhet
sentence_12.wav,dataset/chunks/sylhet/syl_cate_01/sentence_12.wav,আপনি কেমন আছেন?,sylhet
sentence_13.wav,dataset/chunks/sylhet/syl_cate_01/sentence_13.wav,আমি ভালো আছি।,sylhet
sentence_14.wav,dataset/chunks/sylhet/syl_cate_01/sentence_14.wav,অনেক দিন পর দেখা হলো।,sylhet
sentence_15.wav,dataset/chunks/sylhet/syl_cate_01/sentence_15.wav,আপনাকে আবার দেখে ভালো লাগছে।,sylhet
sentence_16.wav,dataset/chunks/sylhet/syl_cate_01/sentence_16.wav,আপনি কি আমাকে সাহায্য করতে পারবেন?,sylhet
sentence_17.wav,dataset/chunks/sylhet/syl_cate_01/sentence_17.wav,আপনার সাথে কথা বলে ভালো লাগছে।,sylhet
sentence_18.wav,dataset/chunks/sylhet/syl_cate_01/sentence_18.wav,আমি এখানে কাজের জন্য এসেছি।,sylhet
sentence_19.wav,dataset/chunks/sylhet/syl_cate_01/sentence_19.wav,আপনি কোন দেশ থেকে এসেছেন?,sylhet
sentence_20.wav,dataset/chunks/sylhet/syl_cate_01/sentence_20.wav,আমি ইংরেজি বলতে পারি।,sylhet
sentence_21.wav,dataset/chunks/sylhet/syl_cate_01/sentence_21.wav,আপনি কি বাংলা বলতে পারেন?,sylhet
sentence_22.wav,dataset/chunks/sylhet/syl_cate_01/sentence_22.wav,আমি বাংলা শিখছি।,sylhet
sentence_23.wav,dataset/chunks/sylhet/syl_cate_01/sentence_23.wav,ধন্যবাদ আপনাকে।,sylhet
sentence_24.wav,dataset/chunks/sylhet/syl_cate_01/sentence_24.wav,আপনাকে স্বাগতম।,sylhet
sentence_25.wav,dataset/chunks/sylhet/syl_cate_01/sentence_25.wav,আপনার বয়স কত?,sylhet
sentence_26.wav,dataset/chunks/sylhet/syl_cate_01/sentence_26.wav,আমি এখানে পড়াশোনা করছি।,sylhet
sentence_27.wav,dataset/chunks/sylhet/syl_cate_01/sentence_27.wav,আমি এই শহরটি পছন্দ করি।,sylhet
sentence_28.wav,dataset/chunks/sylhet/syl_cate_01/sentence_28.wav,আপনার পরিবার কেমন আছে?,sylhet
sentence_29.wav,dataset/chunks/sylhet/syl_cate_01/sentence_29.wav,আপনার সাথে দেখা করতে পেরে আনন্দিত।,sylhet
sentence_30.wav,dataset/chunks/sylhet/syl_cate_01/sentence_30.wav,আপনি কি এখানে দীর্ঘদিন থাকবেন?,sylhet
sentence_31.wav,dataset/chunks/sylhet/syl_cate_01/sentence_31.wav,আমি কয়েকদিনের জন্য এসেছি।,sylhet
sentence_32.wav,dataset/chunks/sylhet/syl_cate_01/sentence_32.wav,আপনার সাথে যোগাযোগ রাখতে চাই।,sylhet
sentence_33.wav,dataset/chunks/sylhet/syl_cate_01/sentence_33.wav,এটা আমার প্রথম সফর।,sylhet
sentence_34.wav,dataset/chunks/sylhet/syl_cate_01/sentence_34.wav,আমি আপনার দেশ সম্পর্কে জানতে চাই।,sylhet
sentence_35.wav,dataset/chunks/sylhet/syl_cate_01/sentence_35.wav,আপনি কোথায় কাজ করেন?,sylhet
sentence_36.wav,dataset/chunks/sylhet/syl_cate_01/sentence_36.wav,আপনার ফোন নম্বর দিতে পারেন?,sylhet
sentence_37.wav,dataset/chunks/sylhet/syl_cate_01/sentence_37.wav,আমি আপনার সাথে পরে কথা বলবো।,sylhet
sentence_38.wav,dataset/chunks/sylhet/syl_cate_01/sentence_38.wav,আপনাকে দেখে ভালো লাগলো।,sylhet
sentence_39.wav,dataset/chunks/sylhet/syl_cate_01/sentence_39.wav,আপনি কি এখানে একা এসেছেন?,sylhet
sentence_40.wav,dataset/chunks/sylhet/syl_cate_01/sentence_40.wav,আমি আমার বন্ধুর সাথে এসেছি।,sylhet
sentence_41.wav,dataset/chunks/sylhet/syl_cate_01/sentence_41.wav,আপনার পেশা কী?,sylhet
sentence_42.wav,dataset/chunks/sylhet/syl_cate_01/sentence_42.wav,আমি একজন শিক্ষক।,sylhet
sentence_43.wav,dataset/chunks/sylhet/syl_cate_01/sentence_43.wav,আপনার সাথে কাজ করতে চাই।,sylhet
sentence_44.wav,dataset/chunks/sylhet/syl_cate_01/sentence_44.wav,আজকে আবহাওয়া সুন্দর।,sylhet
sentence_45.wav,dataset/chunks/sylhet/syl_cate_01/sentence_45.wav,আপনি কি এখানে থাকেন নাকি ভ্রমণে এসেছেন?,sylhet
sentence_46.wav,dataset/chunks/sylhet/syl_cate_01/sentence_46.wav,আমি এই জায়গাটি প্রথমবার দেখছি।,sylhet
sentence_47.wav,dataset/chunks/sylhet/syl_cate_01/sentence_47.wav,আপনার সাথে পরিচয় হওয়া আমার জন্য সম্মানের।,sylhet
sentence_48.wav,dataset/chunks/sylhet/syl_cate_01/sentence_48.wav,আপনি কোন ভাষায় কথা বলেন?,sylhet
sentence_49.wav,dataset/chunks/sylhet/syl_cate_01/sentence_49.wav,আমি আপনার কাছ থেকে শিখতে চাই।,sylhet
sentence_50.wav,dataset/chunks/sylhet/syl_cate_01/sentence_50.wav,আমি খুব আনন্দিত।,sylhet
sentence_51.wav,dataset/chunks/sylhet/syl_cate_01/sentence_51.wav,আপনার দিনটি কেমন কাটছে?,sylhet
sentence_52.wav,dataset/chunks/sylhet/syl_cate_01/sentence_52.wav,আমি একটু দেরি করেছি।,sylhet
sentence_53.wav,dataset/chunks/sylhet/syl_cate_01/sentence_53.wav,আপনাকে অপেক্ষা করানোর জন্য দুঃখিত।,sylhet
sentence_54.wav,dataset/chunks/sylhet/syl_cate_01/sentence_54.wav,আপনার সাথে আবার দেখা হবে আশা করি।,sylhet
sentence_55.wav,dataset/chunks/sylhet/syl_cate_01/sentence_55.wav,আপনি কি কাছাকাছি থাকেন?,sylhet
sentence_56.wav,dataset/chunks/sylhet/syl_cate_01/sentence_56.wav,আমি আপনার সাহায্যের জন্য কৃতজ্ঞ।,sylhet
sentence_57.wav,dataset/chunks/sylhet/syl_cate_01/sentence_57.wav,আপনাকে শুভেচ্ছা জানাই।,sylhet
sentence_58.wav,dataset/chunks/sylhet/syl_cate_01/sentence_58.wav,আপনার দিনটি শুভ হোক।,sylhet
sentence_59.wav,dataset/chunks/sylhet/syl_cate_01/sentence_59.wav,আপনার সাথে কথা বলা আনন্দের ছিল।,sylhet
sentence_60.wav,dataset/chunks/sylhet/syl_cate_01/sentence_60.wav,আমি আপনাকে সম্মান করি।,sylhet
sentence_61.wav,dataset/chunks/sylhet/syl_cate_01/sentence_61.wav,আমি এখানে কাজ শুরু করেছি।,sylhet
sentence_62.wav,dataset/chunks/sylhet/syl_cate_01/sentence_62.wav,আপনি কখন এসেছেন?,sylhet
sentence_63.wav,dataset/chunks/sylhet/syl_cate_01/sentence_63.wav,আমি গতকাল এসেছি।,sylhet
sentence_64.wav,dataset/chunks/sylhet/syl_cate_01/sentence_64.wav,আপনি কতদিন থাকবেন?,sylhet
sentence_65.wav,dataset/chunks/sylhet/syl_cate_01/sentence_65.wav,আমি এক সপ্তাহ থাকবো।,sylhet
sentence_66.wav,dataset/chunks/sylhet/syl_cate_01/sentence_66.wav,আপনার সাথে বন্ধুত্ব করতে চাই।,sylhet
sentence_67.wav,dataset/chunks/sylhet/syl_cate_01/sentence_67.wav,আপনি খুব ভদ্র মানুষ।,sylhet
sentence_68.wav,dataset/chunks/sylhet/syl_cate_01/sentence_68.wav,আমি আপনাকে ধন্যবাদ জানাই।,sylhet
sentence_69.wav,dataset/chunks/sylhet/syl_cate_01/sentence_69.wav,আপনার সাথে দেখা হওয়া সৌভাগ্যের।,sylhet
sentence_70.wav,dataset/chunks/sylhet/syl_cate_01/sentence_70.wav,আমি আপনার সাথে আবার যোগাযোগ করবো।,sylhet
sentence_01.wav,dataset/chunks/sylhet/syl_cate_02/sentence_01.wav,বাস স্ট্যান্ড কোথায়?,sylhet
sentence_02.wav,dataset/chunks/sylhet/syl_cate_02/sentence_02.wav,এই রাস্তাটি কোথায় যায়?,sylhet
sentence_03.wav,dataset/chunks/sylhet/syl_cate_02/sentence_03.wav,রেলওয়ে স্টেশন কত দূরে?,sylhet
sentence_04.wav,dataset/chunks/sylhet/syl_cate_02/sentence_04.wav,বিমানবন্দর যাওয়ার রাস্তা কোনটি?,sylhet
sentence_05.wav,dataset/chunks/sylhet/syl_cate_02/sentence_05.wav,বাজারে যেতে কোন বাসে উঠবো?,sylhet
sentence_06.wav,dataset/chunks/sylhet/syl_cate_02/sentence_06.wav,এই বাস কি ঢাকায় যাবে?,sylhet
sentence_07.wav,dataset/chunks/sylhet/syl_cate_02/sentence_07.wav,ভাড়া কত?,sylhet
sentence_08.wav,dataset/chunks/sylhet/syl_cate_02/sentence_08.wav,রিকশার ভাড়া কত নেবেন?,sylhet
sentence_09.wav,dataset/chunks/sylhet/syl_cate_02/sentence_09.wav,আমাকে হাসপাতালে নিয়ে চলুন।,sylhet
sentence_10.wav,dataset/chunks/sylhet/syl_cate_02/sentence_10.wav,এই ট্রেন কখন ছাড়বে?,sylhet
sentence_11.wav,dataset/chunks/sylhet/syl_cate_02/sentence_11.wav,ট্রেন কত নম্বর প্ল্যাটফর্মে আসবে?,sylhet
sentence_12.wav,dataset/chunks/sylhet/syl_cate_02/sentence_12.wav,এখানে কি টিকিট কাউন্টার আছে?,sylhet
sentence_13.wav,dataset/chunks/sylhet/syl_cate_02/sentence_13.wav,"এক টিকিট দিন, চট্টগ্রামের জন্য।",sylhet
sentence_14.wav,dataset/chunks/sylhet/syl_cate_02/sentence_14.wav,বাস কখন ছাড়বে?,sylhet
sentence_15.wav,dataset/chunks/sylhet/syl_cate_02/sentence_15.wav,এই রাস্তায় কি যানজট হয়?,sylhet
sentence_16.wav,dataset/chunks/sylhet/syl_cate_02/sentence_16.wav,সোজা গেলে কি ব্যাংক পাবো?,sylhet
sentence_17.wav,dataset/chunks/sylhet/syl_cate_02/sentence_17.wav,ডানদিকে গেলে কি হাসপাতাল?,sylhet
sentence_18.wav,dataset/chunks/sylhet/syl_cate_02/sentence_18.wav,বামদিকে মোড় নিন।,sylhet
sentence_19.wav,dataset/chunks/sylhet/syl_cate_02/sentence_19.wav,সোজা এগিয়ে যান।,sylhet
sentence_20.wav,dataset/chunks/sylhet/syl_cate_02/sentence_20.wav,এই জায়গাটা কত দূরে?,sylhet
sentence_21.wav,dataset/chunks/sylhet/syl_cate_02/sentence_21.wav,হাঁটলে কত সময় লাগবে?,sylhet
sentence_22.wav,dataset/chunks/sylhet/syl_cate_02/sentence_22.wav,গাড়ি পাওয়া যাবে কোথায়?,sylhet
sentence_23.wav,dataset/chunks/sylhet/syl_cate_02/sentence_23.wav,এখানে কি উবার পাওয়া যায়?,sylhet
sentence_24.wav,dataset/chunks/sylhet/syl_cate_02/sentence_24.wav,আপনি কি আমাকে পথ দেখাতে পারবেন?,sylhet
sentence_25.wav,dataset/chunks/sylhet/syl_cate_02/sentence_25.wav,এই রাস্তা কি নিরাপদ?,sylhet
sentence_26.wav,dataset/chunks/sylhet/syl_cate_02/sentence_26.wav,এখানে কি পার্কিং আছে?,sylhet
sentence_27.wav,dataset/chunks/sylhet/syl_cate_02/sentence_27.wav,গাড়ি রাখার জায়গা কোথায়?,sylhet
sentence_28.wav,dataset/chunks/sylhet/syl_cate_02/sentence_28.wav,এই ট্রেন কি সময়মতো আসবে?,sylhet
sentence_29.wav,dataset/chunks/sylhet/syl_cate_02/sentence_29.wav,বাসে কি সিট খালি আছে?,sylhet
sentence_30.wav,dataset/chunks/sylhet/syl_cate_02/sentence_30.wav,এই বাস কি সরাসরি যাবে?,sylhet
sentence_31.wav,dataset/chunks/sylhet/syl_cate_02/sentence_31.wav,মাঝপথে কি নামতে পারবো?,sylhet
sentence_32.wav,dataset/chunks/sylhet/syl_cate_02/sentence_32.wav,আমাকে পরের স্টপে নামিয়ে দিন।,sylhet
sentence_33.wav,dataset/chunks/sylhet/syl_cate_02/sentence_33.wav,এই রাস্তা কি শর্টকাট?,sylhet
sentence_34.wav,dataset/chunks/sylhet/syl_cate_02/sentence_34.wav,এখানে কি ট্যাক্সি স্ট্যান্ড আছে?,sylhet
sentence_35.wav,dataset/chunks/sylhet/syl_cate_02/sentence_35.wav,গন্তব্যে পৌঁছাতে কত সময় লাগবে?,sylhet
sentence_36.wav,dataset/chunks/sylhet/syl_cate_02/sentence_36.wav,রিকশা কি পাওয়া যাবে?,sylhet
sentence_37.wav,dataset/chunks/sylhet/syl_cate_02/sentence_37.wav,ট্রেন কি দেরি করছে?,sylhet
sentence_38.wav,dataset/chunks/sylhet/syl_cate_02/sentence_38.wav,এই বাস কোথায় থামে?,sylhet
sentence_39.wav,dataset/chunks/sylhet/syl_cate_02/sentence_39.wav,আপনারা কি রাতের বাস চালান?,sylhet
sentence_40.wav,dataset/chunks/sylhet/syl_cate_02/sentence_40.wav,শেষ বাস কখন?,sylhet
sentence_41.wav,dataset/chunks/sylhet/syl_cate_02/sentence_41.wav,এই রাস্তা কি বন্ধ?,sylhet
sentence_42.wav,dataset/chunks/sylhet/syl_cate_02/sentence_42.wav,বিকল্প রাস্তা কোনটি?,sylhet
sentence_43.wav,dataset/chunks/sylhet/syl_cate_02/sentence_43.wav,এখানে কি সিগন্যাল আছে?,sylhet
sentence_44.wav,dataset/chunks/sylhet/syl_cate_02/sentence_44.wav,রাস্তা কি মেরামত হচ্ছে?,sylhet
sentence_45.wav,dataset/chunks/sylhet/syl_cate_02/sentence_45.wav,আমাকে বিশ্ববিদ্যালয়ে যেতে হবে।,sylhet
sentence_46.wav,dataset/chunks/sylhet/syl_cate_02/sentence_46.wav,বিশ্ববিদ্যালয়ের বাস কোথা থেকে ছাড়ে?,sylhet
sentence_47.wav,dataset/chunks/sylhet/syl_cate_02/sentence_47.wav,টিকিটের দাম কত?,sylhet
sentence_48.wav,dataset/chunks/sylhet/syl_cate_02/sentence_48.wav,এখানে কি মেট্রো স্টেশন আছে?,sylhet
sentence_49.wav,dataset/chunks/sylhet/syl_cate_02/sentence_49.wav,মেট্রো কখন ছাড়ে?,sylhet
sentence_50.wav,dataset/chunks/sylhet/syl_cate_02/sentence_50.wav,এই রাস্তা কি প্রধান সড়ক?,sylhet
sentence_51.wav,dataset/chunks/sylhet/syl_cate_02/sentence_51.wav,আমাকে থানায় যেতে হবে।,sylhet
sentence_52.wav,dataset/chunks/sylhet/syl_cate_02/sentence_52.wav,পুলিশ স্টেশন কোথায়?,sylhet
sentence_53.wav,dataset/chunks/sylhet/syl_cate_02/sentence_53.wav,এই এলাকায় কি বাস চলে?,sylhet
sentence_54.wav,dataset/chunks/sylhet/syl_cate_02/sentence_54.wav,এখানে কি সিএনজি পাওয়া যায়?,sylhet
sentence_55.wav,dataset/chunks/sylhet/syl_cate_02/sentence_55.wav,আমাকে দ্রুত পৌঁছাতে হবে।,sylhet
sentence_56.wav,dataset/chunks/sylhet/syl_cate_02/sentence_56.wav,এখানে কি ফেরি ঘাট আছে?,sylhet
sentence_57.wav,dataset/chunks/sylhet/syl_cate_02/sentence_57.wav,ফেরি কখন ছাড়বে?,sylhet
sentence_58.wav,dataset/chunks/sylhet/syl_cate_02/sentence_58.wav,নদী পার হতে কত সময় লাগবে?,sylhet
sentence_59.wav,dataset/chunks/sylhet/syl_cate_02/sentence_59.wav,এই ট্রেন কি এক্সপ্রেস?,sylhet
sentence_60.wav,dataset/chunks/sylhet/syl_cate_02/sentence_60.wav,এখানে কি বাস বদলাতে হবে?,sylhet
sentence_61.wav,dataset/chunks/sylhet/syl_cate_02/sentence_61.wav,এই বাস কি এয়ারকন্ডিশন্ড?,sylhet
sentence_62.wav,dataset/chunks/sylhet/syl_cate_02/sentence_62.wav,রাস্তায় কি টোল দিতে হয়?,sylhet
sentence_63.wav,dataset/chunks/sylhet/syl_cate_02/sentence_63.wav,টোল কত?,sylhet
sentence_64.wav,dataset/chunks/sylhet/syl_cate_02/sentence_64.wav,এখানে কি রাস্তা নিরাপদ রাতে?,sylhet
sentence_65.wav,dataset/chunks/sylhet/syl_cate_02/sentence_65.wav,আমি পথ হারিয়ে ফেলেছি।,sylhet
sentence_66.wav,dataset/chunks/sylhet/syl_cate_02/sentence_66.wav,আমাকে মানচিত্র দেখাতে পারবেন?,sylhet
sentence_67.wav,dataset/chunks/sylhet/syl_cate_02/sentence_67.wav,কাছাকাছি কোন হোটেল আছে?,sylhet
sentence_68.wav,dataset/chunks/sylhet/syl_cate_02/sentence_68.wav,এই এলাকা কি শহরের ভেতরে?,sylhet
sentence_69.wav,dataset/chunks/sylhet/syl_cate_02/sentence_69.wav,এখানে কি ট্রাফিক বেশি?,sylhet
sentence_70.wav,dataset/chunks/sylhet/syl_cate_02/sentence_70.wav,আমাকে সঠিক দিকটি বলুন।,sylhet
sentence_01.wav,dataset/chunks/sylhet/syl_cate_03/sentence_01.wav,এই জিনিসটির দাম কত?,sylhet
sentence_02.wav,dataset/chunks/sylhet/syl_cate_03/sentence_02.wav,দাম একটু কম হবে?,sylhet
sentence_03.wav,dataset/chunks/sylhet/syl_cate_03/sentence_03.wav,এক কেজি চাল দিন।,sylhet
sentence_04.wav,dataset/chunks/sylhet/syl_cate_03/sentence_04.wav,আধা কেজি চিনি দিন।,sylhet
sentence_05.wav,dataset/chunks/sylhet/syl_cate_03/sentence_05.wav,এটা কি দেশি পণ্য?,sylhet
sentence_06.wav,dataset/chunks/sylhet/syl_cate_03/sentence_06.wav,এটা কি বিদেশি পণ্য?,sylhet
sentence_07.wav,dataset/chunks/sylhet/syl_cate_03/sentence_07.wav,একটু ভালো মানের দেখান।,sylhet
sentence_08.wav,dataset/chunks/sylhet/syl_cate_03/sentence_08.wav,এর থেকে সস্তা কিছু আছে?,sylhet
sentence_09.wav,dataset/chunks/sylhet/syl_cate_03/sentence_09.wav,এটা খুব দামী।,sylhet
sentence_10.wav,dataset/chunks/sylhet/syl_cate_03/sentence_10.wav,আমি এটা কিনতে চাই।,sylhet
sentence_11.wav,dataset/chunks/sylhet/syl_cate_03/sentence_11.wav,আপনার কাছে কি তাজা সবজি আছে?,sylhet
sentence_12.wav,dataset/chunks/sylhet/syl_cate_03/sentence_12.wav,এই ফলগুলো কি আজকের?,sylhet
sentence_13.wav,dataset/chunks/sylhet/syl_cate_03/sentence_13.wav,এক ডজন ডিম দিন।,sylhet
sentence_14.wav,dataset/chunks/sylhet/syl_cate_03/sentence_14.wav,কত টাকা হলো?,sylhet
sentence_15.wav,dataset/chunks/sylhet/syl_cate_03/sentence_15.wav,আমি নগদ পরিশোধ করবো।,sylhet
sentence_16.wav,dataset/chunks/sylhet/syl_cate_03/sentence_16.wav,মোবাইল ব্যাংকিং নেওয়া হয়?,sylhet
sentence_17.wav,dataset/chunks/sylhet/syl_cate_03/sentence_17.wav,বিকাশে টাকা দিতে পারি?,sylhet
sentence_18.wav,dataset/chunks/sylhet/syl_cate_03/sentence_18.wav,একটি ব্যাগ দেবেন?,sylhet
sentence_19.wav,dataset/chunks/sylhet/syl_cate_03/sentence_19.wav,এই কাপড়ের রং কি উঠবে?,sylhet
sentence_20.wav,dataset/chunks/sylhet/syl_cate_03/sentence_20.wav,এই শার্টের অন্য সাইজ আছে?,sylhet
sentence_21.wav,dataset/chunks/sylhet/syl_cate_03/sentence_21.wav,ছোট সাইজ দেখান।,sylhet
sentence_22.wav,dataset/chunks/sylhet/syl_cate_03/sentence_22.wav,বড় সাইজ আছে?,sylhet
sentence_23.wav,dataset/chunks/sylhet/syl_cate_03/sentence_23.wav,আমি নীল রঙেরটি চাই।,sylhet
sentence_24.wav,dataset/chunks/sylhet/syl_cate_03/sentence_24.wav,অন্য রং আছে?,sylhet
sentence_25.wav,dataset/chunks/sylhet/syl_cate_03/sentence_25.wav,এটা কি আসল পণ্য?,sylhet
sentence_26.wav,dataset/chunks/sylhet/syl_cate_03/sentence_26.wav,গ্যারান্টি আছে?,sylhet
sentence_27.wav,dataset/chunks/sylhet/syl_cate_03/sentence_27.wav,রসিদ দিন।,sylhet
sentence_28.wav,dataset/chunks/sylhet/syl_cate_03/sentence_28.wav,আমি পরে এসে নেব।,sylhet
sentence_29.wav,dataset/chunks/sylhet/syl_cate_03/sentence_29.wav,এটা কি ছাড়ে দেওয়া যাবে?,sylhet
sentence_30.wav,dataset/chunks/sylhet/syl_cate_03/sentence_30.wav,আজ কি কোনো অফার আছে?,sylhet
sentence_31.wav,dataset/chunks/sylhet/syl_cate_03/sentence_31.wav,আমি পাইকারি কিনতে চাই।,sylhet
sentence_32.wav,dataset/chunks/sylhet/syl_cate_03/sentence_32.wav,পাইকারি দাম কত?,sylhet
sentence_33.wav,dataset/chunks/sylhet/syl_cate_03/sentence_33.wav,এই পণ্যটি নতুন এসেছে?,sylhet
sentence_34.wav,dataset/chunks/sylhet/syl_cate_03/sentence_34.wav,এর মেয়াদ কতদিন?,sylhet
sentence_35.wav,dataset/chunks/sylhet/syl_cate_03/sentence_35.wav,এই ওষুধের মেয়াদ শেষ হয়েছে?,sylhet
sentence_36.wav,dataset/chunks/sylhet/syl_cate_03/sentence_36.wav,আমাকে ভালো মানের চাল দিন।,sylhet
sentence_37.wav,dataset/chunks/sylhet/syl_cate_03/sentence_37.wav,এই মাছটি কি তাজা?,sylhet
sentence_38.wav,dataset/chunks/sylhet/syl_cate_03/sentence_38.wav,এই মাংস কত কেজি?,sylhet
sentence_39.wav,dataset/chunks/sylhet/syl_cate_03/sentence_39.wav,এক কেজির কম হবে না।,sylhet
sentence_40.wav,dataset/chunks/sylhet/syl_cate_03/sentence_40.wav,একটু কম করে দিন।,sylhet
sentence_41.wav,dataset/chunks/sylhet/syl_cate_03/sentence_41.wav,আমি দরদাম করতে চাই।,sylhet
sentence_42.wav,dataset/chunks/sylhet/syl_cate_03/sentence_42.wav,চূড়ান্ত দাম কত?,sylhet
sentence_43.wav,dataset/chunks/sylhet/syl_cate_03/sentence_43.wav,এই জুতাটি কি টেকসই?,sylhet
sentence_44.wav,dataset/chunks/sylhet/syl_cate_03/sentence_44.wav,এই মোবাইলের দাম কত?,sylhet
sentence_45.wav,dataset/chunks/sylhet/syl_cate_03/sentence_45.wav,এই ফোনে কি গ্যারান্টি আছে?,sylhet
sentence_46.wav,dataset/chunks/sylhet/syl_cate_03/sentence_46.wav,চার্জারটি আলাদা কিনতে হবে?,sylhet
sentence_47.wav,dataset/chunks/sylhet/syl_cate_03/sentence_47.wav,এটি কি ক্যাশ অন ডেলিভারি?,sylhet
sentence_48.wav,dataset/chunks/sylhet/syl_cate_03/sentence_48.wav,আমি অর্ডার দিতে চাই।,sylhet
sentence_49.wav,dataset/chunks/sylhet/syl_cate_03/sentence_49.wav,পণ্যটি কখন ডেলিভারি হবে?,sylhet
sentence_50.wav,dataset/chunks/sylhet/syl_cate_03/sentence_50.wav,এই দোকান কখন বন্ধ হয়?,sylhet
sentence_51.wav,dataset/chunks/sylhet/syl_cate_03/sentence_51.wav,আমি একটা উপহার কিনতে চাই।,sylhet
sentence_52.wav,dataset/chunks/sylhet/syl_cate_03/sentence_52.wav,উপহার মোড়ানো হবে?,sylhet
sentence_53.wav,dataset/chunks/sylhet/syl_cate_03/sentence_53.wav,এটি কি ফেরত দেওয়া যাবে?,sylhet
sentence_54.wav,dataset/chunks/sylhet/syl_cate_03/sentence_54.wav,রিটার্ন পলিসি কী?,sylhet
sentence_55.wav,dataset/chunks/sylhet/syl_cate_03/sentence_55.wav,এই কাপড়টি খুব সুন্দর।,sylhet
sentence_56.wav,dataset/chunks/sylhet/syl_cate_03/sentence_56.wav,এটি কি কটন?,sylhet
sentence_57.wav,dataset/chunks/sylhet/syl_cate_03/sentence_57.wav,এই পণ্যটি কোথায় তৈরি?,sylhet
sentence_58.wav,dataset/chunks/sylhet/syl_cate_03/sentence_58.wav,এটি কি ছাড়ে বিক্রি হচ্ছে?,sylhet
sentence_59.wav,dataset/chunks/sylhet/syl_cate_03/sentence_59.wav,আমি আরও কিছু দেখতে চাই।,sylhet
sentence_60.wav,dataset/chunks/sylhet/syl_cate_03/sentence_60.wav,আপনার দোকানে কি কার্ড নেওয়া হয়?,sylhet
sentence_61.wav,dataset/chunks/sylhet/syl_cate_03/sentence_61.wav,মোট বিল কত হলো?,sylhet
sentence_62.wav,dataset/chunks/sylhet/syl_cate_03/sentence_62.wav,আমি টাকা ভাঙাতে চাই।,sylhet
sentence_63.wav,dataset/chunks/sylhet/syl_cate_03/sentence_63.wav,ছোট নোট আছে?,sylhet
sentence_64.wav,dataset/chunks/sylhet/syl_cate_03/sentence_64.wav,এই ফলগুলো ওজন করে দিন।,sylhet
sentence_65.wav,dataset/chunks/sylhet/syl_cate_03/sentence_65.wav,এক কেজির একটু কম দিন।,sylhet
sentence_66.wav,dataset/chunks/sylhet/syl_cate_03/sentence_66.wav,আজকে বাজারে ভিড় বেশি।,sylhet
sentence_67.wav,dataset/chunks/sylhet/syl_cate_03/sentence_67.wav,দাম কেন এত বেশি?,sylhet
sentence_68.wav,dataset/chunks/sylhet/syl_cate_03/sentence_68.wav,কাল কি দাম কম হবে?,sylhet
sentence_69.wav,dataset/chunks/sylhet/syl_cate_03/sentence_69.wav,আমি নিয়মিত ক্রেতা।,sylhet
sentence_70.wav,dataset/chunks/sylhet/syl_cate_03/sentence_70.wav,আবার আসবো।,sylhet
sentence_01.wav,dataset/chunks/sylhet/syl_cate_04/sentence_01.wav,আমি একটি টেবিল বুক করতে চাই।,sylhet
sentence_02.wav,dataset/chunks/sylhet/syl_cate_04/sentence_02.wav,দুই জনের জন্য একটি টেবিল দিন।,sylhet
sentence_03.wav,dataset/chunks/sylhet/syl_cate_04/sentence_03.wav,মেনু কার্ডটি দিন।,sylhet
sentence_04.wav,dataset/chunks/sylhet/syl_cate_04/sentence_04.wav,আজকের বিশেষ খাবার কী?,sylhet
sentence_05.wav,dataset/chunks/sylhet/syl_cate_04/sentence_05.wav,আমি ভাত ও মুরগির মাংস চাই।,sylhet
sentence_06.wav,dataset/chunks/sylhet/syl_cate_04/sentence_06.wav,এই খাবারটি ঝাল কি?,sylhet
sentence_07.wav,dataset/chunks/sylhet/syl_cate_04/sentence_07.wav,কম ঝাল করে দিন।,sylhet
sentence_08.wav,dataset/chunks/sylhet/syl_cate_04/sentence_08.wav,আমি নিরামিষ খাবার চাই।,sylhet
sentence_09.wav,dataset/chunks/sylhet/syl_cate_04/sentence_09.wav,এখানে কি হালাল খাবার পাওয়া যায়?,sylhet
sentence_10.wav,dataset/chunks/sylhet/syl_cate_04/sentence_10.wav,পানি দিন।,sylhet
sentence_11.wav,dataset/chunks/sylhet/syl_cate_04/sentence_11.wav,ঠান্ডা পানি আছে?,sylhet
sentence_12.wav,dataset/chunks/sylhet/syl_cate_04/sentence_12.wav,একটি কোমল পানীয় দিন।,sylhet
sentence_13.wav,dataset/chunks/sylhet/syl_cate_04/sentence_13.wav,এই খাবারটি খুব সুস্বাদু।,sylhet
sentence_14.wav,dataset/chunks/sylhet/syl_cate_04/sentence_14.wav,খাবারটি খুব লবণাক্ত।,sylhet
sentence_15.wav,dataset/chunks/sylhet/syl_cate_04/sentence_15.wav,বিল দিন।,sylhet
sentence_16.wav,dataset/chunks/sylhet/syl_cate_04/sentence_16.wav,আমি নগদে পরিশোধ করবো।,sylhet
sentence_17.wav,dataset/chunks/sylhet/syl_cate_04/sentence_17.wav,কার্ডে পরিশোধ করা যাবে?,sylhet
sentence_18.wav,dataset/chunks/sylhet/syl_cate_04/sentence_18.wav,খাবারটি কতক্ষণে আসবে?,sylhet
sentence_19.wav,dataset/chunks/sylhet/syl_cate_04/sentence_19.wav,আরেকটি প্লেট দিন।,sylhet
sentence_20.wav,dataset/chunks/sylhet/syl_cate_04/sentence_20.wav,চামচ ও কাঁটা দিন।,sylhet
sentence_21.wav,dataset/chunks/sylhet/syl_cate_04/sentence_21.wav,এখানে কি ওয়াইফাই আছে?,sylhet
sentence_22.wav,dataset/chunks/sylhet/syl_cate_04/sentence_22.wav,ওয়াইফাই পাসওয়ার্ড কী?,sylhet
sentence_23.wav,dataset/chunks/sylhet/syl_cate_04/sentence_23.wav,খাবারটি প্যাকেট করে দিন।,sylhet
sentence_24.wav,dataset/chunks/sylhet/syl_cate_04/sentence_24.wav,আমি বাসায় নিয়ে যাব।,sylhet
sentence_25.wav,dataset/chunks/sylhet/syl_cate_04/sentence_25.wav,একটি কফি দিন।,sylhet
sentence_26.wav,dataset/chunks/sylhet/syl_cate_04/sentence_26.wav,চা আছে?,sylhet
sentence_27.wav,dataset/chunks/sylhet/syl_cate_04/sentence_27.wav,দুধ চা দিন।,sylhet
sentence_28.wav,dataset/chunks/sylhet/syl_cate_04/sentence_28.wav,চিনি ছাড়া চা দিন।,sylhet
sentence_29.wav,dataset/chunks/sylhet/syl_cate_04/sentence_29.wav,এখানে কি ব্রেকফাস্ট পাওয়া যায়?,sylhet
sentence_30.wav,dataset/chunks/sylhet/syl_cate_04/sentence_30.wav,দুপুরের খাবার কখন শুরু হয়?,sylhet
sentence_31.wav,dataset/chunks/sylhet/syl_cate_04/sentence_31.wav,রাতের খাবার কখন পরিবেশন করা হয়?,sylhet
sentence_32.wav,dataset/chunks/sylhet/syl_cate_04/sentence_32.wav,আমি মাছের তরকারি চাই।,sylhet
sentence_33.wav,dataset/chunks/sylhet/syl_cate_04/sentence_33.wav,গরুর মাংস আছে?,sylhet
sentence_34.wav,dataset/chunks/sylhet/syl_cate_04/sentence_34.wav,এই স্যুপটি গরম কি?,sylhet
sentence_35.wav,dataset/chunks/sylhet/syl_cate_04/sentence_35.wav,একটু লেবু দিন।,sylhet
sentence_36.wav,dataset/chunks/sylhet/syl_cate_04/sentence_36.wav,এই রেস্টুরেন্ট খুব পরিষ্কার।,sylhet
sentence_37.wav,dataset/chunks/sylhet/syl_cate_04/sentence_37.wav,পরিবেশটি খুব সুন্দর।,sylhet
sentence_38.wav,dataset/chunks/sylhet/syl_cate_04/sentence_38.wav,খাবার পরিবেশন দ্রুত হয়েছে।,sylhet
sentence_39.wav,dataset/chunks/sylhet/syl_cate_04/sentence_39.wav,খাবার পরিবেশন দেরিতে হয়েছে।,sylhet
sentence_40.wav,dataset/chunks/sylhet/syl_cate_04/sentence_40.wav,আর কিছু লাগবে?,sylhet
sentence_41.wav,dataset/chunks/sylhet/syl_cate_04/sentence_41.wav,আমি আরও ভাত চাই।,sylhet
sentence_42.wav,dataset/chunks/sylhet/syl_cate_04/sentence_42.wav,একটু ঝোল দিন।,sylhet
sentence_43.wav,dataset/chunks/sylhet/syl_cate_04/sentence_43.wav,এটি কি তাজা রান্না?,sylhet
sentence_44.wav,dataset/chunks/sylhet/syl_cate_04/sentence_44.wav,এখানে কি পরিবার নিয়ে বসা যায়?,sylhet
sentence_45.wav,dataset/chunks/sylhet/syl_cate_04/sentence_45.wav,শিশুদের জন্য আলাদা চেয়ার আছে?,sylhet
sentence_46.wav,dataset/chunks/sylhet/syl_cate_04/sentence_46.wav,খাবারটি খুব গরম।,sylhet
sentence_47.wav,dataset/chunks/sylhet/syl_cate_04/sentence_47.wav,এটি খুব ঠান্ডা।,sylhet
sentence_48.wav,dataset/chunks/sylhet/syl_cate_04/sentence_48.wav,এখানে কি অনলাইনে অর্ডার করা যায়?,sylhet
sentence_49.wav,dataset/chunks/sylhet/syl_cate_04/sentence_49.wav,ডেলিভারি কত সময় লাগে?,sylhet
sentence_50.wav,dataset/chunks/sylhet/syl_cate_04/sentence_50.wav,এই খাবারটির দাম কত?,sylhet
sentence_51.wav,dataset/chunks/sylhet/syl_cate_04/sentence_51.wav,আমি অল্প পরিমাণ চাই।,sylhet
sentence_52.wav,dataset/chunks/sylhet/syl_cate_04/sentence_52.wav,বড় পরিমাণ দিন।,sylhet
sentence_53.wav,dataset/chunks/sylhet/syl_cate_04/sentence_53.wav,এই খাবারটি খুব মিষ্টি।,sylhet
sentence_54.wav,dataset/chunks/sylhet/syl_cate_04/sentence_54.wav,এটি কি ঝাল কম করা যাবে?,sylhet
sentence_55.wav,dataset/chunks/sylhet/syl_cate_04/sentence_55.wav,আরেক গ্লাস পানি দিন।,sylhet
sentence_56.wav,dataset/chunks/sylhet/syl_cate_04/sentence_56.wav,আমি ধন্যবাদ জানাই।,sylhet
sentence_57.wav,dataset/chunks/sylhet/syl_cate_04/sentence_57.wav,পরিষেবা খুব ভালো ছিল।,sylhet
sentence_58.wav,dataset/chunks/sylhet/syl_cate_04/sentence_58.wav,পরিষেবা উন্নত করা দরকার।,sylhet
sentence_59.wav,dataset/chunks/sylhet/syl_cate_04/sentence_59.wav,আমি এই রেস্টুরেন্টটি পছন্দ করি।,sylhet
sentence_60.wav,dataset/chunks/sylhet/syl_cate_04/sentence_60.wav,এটি কি এয়ার কন্ডিশনড?,sylhet
sentence_61.wav,dataset/chunks/sylhet/syl_cate_04/sentence_61.wav,বাইরে বসার ব্যবস্থা আছে?,sylhet
sentence_62.wav,dataset/chunks/sylhet/syl_cate_04/sentence_62.wav,খাবারে অ্যালার্জির উপাদান আছে?,sylhet
sentence_63.wav,dataset/chunks/sylhet/syl_cate_04/sentence_63.wav,আমি বাদাম খেতে পারি না।,sylhet
sentence_64.wav,dataset/chunks/sylhet/syl_cate_04/sentence_64.wav,এটি কি গ্লুটেন মুক্ত?,sylhet
sentence_65.wav,dataset/chunks/sylhet/syl_cate_04/sentence_65.wav,আমাকে একটি ন্যাপকিন দিন।,sylhet
sentence_66.wav,dataset/chunks/sylhet/syl_cate_04/sentence_66.wav,খাবার খুব ভালো লেগেছে।,sylhet
sentence_67.wav,dataset/chunks/sylhet/syl_cate_04/sentence_67.wav,আবার আসবো।,sylhet
sentence_68.wav,dataset/chunks/sylhet/syl_cate_04/sentence_68.wav,এখানে কি বুফে আছে?,sylhet
sentence_69.wav,dataset/chunks/sylhet/syl_cate_04/sentence_69.wav,বুফের দাম কত?,sylhet
sentence_70.wav,dataset/chunks/sylhet/syl_cate_04/sentence_70.wav,"ধন্যবাদ, বিদায়।",sylhet
sentence_01.wav,dataset/chunks/sylhet/syl_cate_05/sentence_01.wav,আমি বাংলাদেশের কিছু দর্শনীয় স্থান দেখতে চাই।,sylhet
sentence_02.wav,dataset/chunks/sylhet/syl_cate_05/sentence_02.wav,এই জায়গাটি কখন খোলা থাকে?,sylhet
sentence_03.wav,dataset/chunks/sylhet/syl_cate_05/sentence_03.wav,টিকিটের দাম কত?,sylhet
sentence_04.wav,dataset/chunks/sylhet/syl_cate_05/sentence_04.wav,আমাকে একটি গাইড দরকার।,sylhet
sentence_05.wav,dataset/chunks/sylhet/syl_cate_05/sentence_05.wav,আমরা গ্রুপে ঘুরতে এসেছি।,sylhet
sentence_06.wav,dataset/chunks/sylhet/syl_cate_05/sentence_06.wav,ছবি তোলা যাবে কি?,sylhet
sentence_07.wav,dataset/chunks/sylhet/syl_cate_05/sentence_07.wav,এই দর্শনীয় স্থানটি খুব সুন্দর।,sylhet
sentence_08.wav,dataset/chunks/sylhet/syl_cate_05/sentence_08.wav,আমাকে মানচিত্র দেখান।,sylhet
sentence_09.wav,dataset/chunks/sylhet/syl_cate_05/sentence_09.wav,আমি সকাল ১০টায় পৌঁছেছি।,sylhet
sentence_10.wav,dataset/chunks/sylhet/syl_cate_05/sentence_10.wav,পর্যটকরা এখানে খুব বেশি।,sylhet
sentence_11.wav,dataset/chunks/sylhet/syl_cate_05/sentence_11.wav,আমাকে হোটেলের ঠিকানা দিন।,sylhet
sentence_12.wav,dataset/chunks/sylhet/syl_cate_05/sentence_12.wav,এই জায়গায় কি খাবার পাওয়া যায়?,sylhet
sentence_13.wav,dataset/chunks/sylhet/syl_cate_05/sentence_13.wav,আমরা তিন ঘণ্টা থাকবো।,sylhet
sentence_14.wav,dataset/chunks/sylhet/syl_cate_05/sentence_14.wav,জলের পাশে ছবি তুলুন।,sylhet
sentence_15.wav,dataset/chunks/sylhet/syl_cate_05/sentence_15.wav,সুন্দর দিকটি দেখুন।,sylhet
sentence_16.wav,dataset/chunks/sylhet/syl_cate_05/sentence_16.wav,আমাদের গাইড কি বাংলায় কথা বলতে পারে?,sylhet
sentence_17.wav,dataset/chunks/sylhet/syl_cate_05/sentence_17.wav,পার্কিং এর জায়গা কোথায়?,sylhet
sentence_18.wav,dataset/chunks/sylhet/syl_cate_05/sentence_18.wav,এখানে কি নৌকা ভাড়া পাওয়া যায়?,sylhet
sentence_19.wav,dataset/chunks/sylhet/syl_cate_05/sentence_19.wav,আমি নদীর উপর ভ্রমণ করতে চাই।,sylhet
sentence_20.wav,dataset/chunks/sylhet/syl_cate_05/sentence_20.wav,আমাদের আরও তথ্য দরকার।,sylhet
sentence_21.wav,dataset/chunks/sylhet/syl_cate_05/sentence_21.wav,এই জায়গাটি ইতিহাসে গুরুত্বপূর্ণ।,sylhet
sentence_22.wav,dataset/chunks/sylhet/syl_cate_05/sentence_22.wav,আপনি কি গাইড সার্ভিস করেন?,sylhet
sentence_23.wav,dataset/chunks/sylhet/syl_cate_05/sentence_23.wav,আমি সকালবেলা আবার আসব।,sylhet
sentence_24.wav,dataset/chunks/sylhet/syl_cate_05/sentence_24.wav,আমাকে দুইজনের জন্য টিকিট দিন।,sylhet
sentence_25.wav,dataset/chunks/sylhet/syl_cate_05/sentence_25.wav,এখানে কি কোনো ছাড় আছে?,sylhet
sentence_26.wav,dataset/chunks/sylhet/syl_cate_05/sentence_26.wav,আমাদের ছবি তুলতে সাহায্য করুন।,sylhet
sentence_27.wav,dataset/chunks/sylhet/syl_cate_05/sentence_27.wav,এই দিক দিয়ে হাঁটুন।,sylhet
sentence_28.wav,dataset/chunks/sylhet/syl_cate_05/sentence_28.wav,দর্শকরা এখানে অনেক ছবি তুলছে।,sylhet
sentence_29.wav,dataset/chunks/sylhet/syl_cate_05/sentence_29.wav,আমি মিউজিয়াম ঘুরতে চাই।,sylhet
sentence_30.wav,dataset/chunks/sylhet/syl_cate_05/sentence_30.wav,রেস্টুরেন্টটি খুব কাছে।,sylhet
sentence_31.wav,dataset/chunks/sylhet/syl_cate_05/sentence_31.wav,আমরা পিকনিক করতে এসেছি।,sylhet
sentence_32.wav,dataset/chunks/sylhet/syl_cate_05/sentence_32.wav,এই জায়গার ইতিহাস জানতে চাই।,sylhet
sentence_33.wav,dataset/chunks/sylhet/syl_cate_05/sentence_33.wav,বিকেলের দিকে ছবি তুলুন।,sylhet
sentence_34.wav,dataset/chunks/sylhet/syl_cate_05/sentence_34.wav,আমার বন্ধু মানচিত্র পড়তে পারছে না।,sylhet
sentence_35.wav,dataset/chunks/sylhet/syl_cate_05/sentence_35.wav,এখানে কি গাইড পাওয়া যাবে?,sylhet
sentence_36.wav,dataset/chunks/sylhet/syl_cate_05/sentence_36.wav,আমরা পাহাড় দেখতে চাই।,sylhet
sentence_37.wav,dataset/chunks/sylhet/syl_cate_05/sentence_37.wav,সৈকত খুব সুন্দর।,sylhet
sentence_38.wav,dataset/chunks/sylhet/syl_cate_05/sentence_38.wav,জলস্রোতের ছবি তোলা উচিত।,sylhet
sentence_39.wav,dataset/chunks/sylhet/syl_cate_05/sentence_39.wav,গাইড কি আমাদের পথে নিয়ে যাবে?,sylhet
sentence_40.wav,dataset/chunks/sylhet/syl_cate_05/sentence_40.wav,আমরা সকাল ৮টায় বের হব।,sylhet
sentence_41.wav,dataset/chunks/sylhet/syl_cate_05/sentence_41.wav,এখানে কি টিকেট ছাড়া প্রবেশ সম্ভব?,sylhet
sentence_42.wav,dataset/chunks/sylhet/syl_cate_05/sentence_42.wav,ভ্রমণকারীরা খুব আনন্দ করছে।,sylhet
sentence_43.wav,dataset/chunks/sylhet/syl_cate_05/sentence_43.wav,আমি এখানে শপিং করতে চাই।,sylhet
sentence_44.wav,dataset/chunks/sylhet/syl_cate_05/sentence_44.wav,এই দিকটি খুব রোমাঞ্চকর।,sylhet
sentence_45.wav,dataset/chunks/sylhet/syl_cate_05/sentence_45.wav,আমাদের গাইড রাতের দিকে ফেরার সময় বলে।,sylhet
sentence_46.wav,dataset/chunks/sylhet/syl_cate_05/sentence_46.wav,ছবি তোলার জন্য আলো ঠিক আছে।,sylhet
sentence_47.wav,dataset/chunks/sylhet/syl_cate_05/sentence_47.wav,আমাদের গাইড নদের উপর নৌকা ভাড়া দেখিয়েছে।,sylhet
sentence_48.wav,dataset/chunks/sylhet/syl_cate_05/sentence_48.wav,এখানে কি কোনো মিউজিয়াম আছে?,sylhet
sentence_49.wav,dataset/chunks/sylhet/syl_cate_05/sentence_49.wav,আমরা পাহাড়ে ট্রেক করতে চাই।,sylhet
sentence_50.wav,dataset/chunks/sylhet/syl_cate_05/sentence_50.wav,এই স্থানের ইতিহাস অনেক পুরনো।,sylhet
sentence_51.wav,dataset/chunks/sylhet/syl_cate_05/sentence_51.wav,আমাদের ছবি তুলতে সময় লাগছে।,sylhet
sentence_52.wav,dataset/chunks/sylhet/syl_cate_05/sentence_52.wav,আমি সুভর্ণভূমি দেখতে চাই।,sylhet
sentence_53.wav,dataset/chunks/sylhet/syl_cate_05/sentence_53.wav,ট্রিপটি খুব মজার।,sylhet
sentence_54.wav,dataset/chunks/sylhet/syl_cate_05/sentence_54.wav,আমাদের হোটেল থেকে খুব দূরে নয়।,sylhet
sentence_55.wav,dataset/chunks/sylhet/syl_cate_05/sentence_55.wav,আমরা সকালে যাওয়ার পরিকল্পনা করেছি।,sylhet
sentence_56.wav,dataset/chunks/sylhet/syl_cate_05/sentence_56.wav,দিক নির্দেশনা অনুসরণ করুন।,sylhet
sentence_57.wav,dataset/chunks/sylhet/syl_cate_05/sentence_57.wav,দর্শনার্থীরা গাইডের কথা শুনছে।,sylhet
sentence_58.wav,dataset/chunks/sylhet/syl_cate_05/sentence_58.wav,আমি পোর্ট্রেট ছবি তুলতে চাই।,sylhet
sentence_59.wav,dataset/chunks/sylhet/syl_cate_05/sentence_59.wav,এখানে পর্যটন তথ্য কেন্দ্র আছে।,sylhet
sentence_60.wav,dataset/chunks/sylhet/syl_cate_05/sentence_60.wav,আমরা গ্রুপ ছবি তুলব।,sylhet
sentence_61.wav,dataset/chunks/sylhet/syl_cate_05/sentence_61.wav,আমাদের আরও কিছু সময় দরকার।,sylhet
sentence_62.wav,dataset/chunks/sylhet/syl_cate_05/sentence_62.wav,নদীর পাশে হাঁটতে চাই।,sylhet
sentence_63.wav,dataset/chunks/sylhet/syl_cate_05/sentence_63.wav,গাইড আমাদের নৌকায় নিয়ে যাবে।,sylhet
sentence_64.wav,dataset/chunks/sylhet/syl_cate_05/sentence_64.wav,এখানে ঝর্ণার ছবি তোলা যেতে পারে।,sylhet
sentence_65.wav,dataset/chunks/sylhet/syl_cate_05/sentence_65.wav,আমরা সব দর্শনীয় স্থান ঘুরে দেখব।,sylhet
sentence_66.wav,dataset/chunks/sylhet/syl_cate_05/sentence_66.wav,এই জায়গাটি খুব শান্ত।,sylhet
sentence_67.wav,dataset/chunks/sylhet/syl_cate_05/sentence_67.wav,আমি রাতের ভ্রমণ পছন্দ করি।,sylhet
sentence_68.wav,dataset/chunks/sylhet/syl_cate_05/sentence_68.wav,আমাদের হোটেল থেকে বাসস্ট্যান্ড দূরে নয়।,sylhet
sentence_69.wav,dataset/chunks/sylhet/syl_cate_05/sentence_69.wav,আমরা সকালের দিকে ছবি তুলব।,sylhet
sentence_70.wav,dataset/chunks/sylhet/syl_cate_05/sentence_70.wav,এই জায়গা সত্যিই স্মরণীয়।,sylhet
sentence_01.wav,dataset/chunks/sylhet/syl_cate_06/sentence_01.wav,আমার মাথা ব্যথা করছে।,sylhet
sentence_02.wav,dataset/chunks/sylhet/syl_cate_06/sentence_02.wav,কাছাকাছি হাসপাতাল কোথায়?,sylhet
sentence_03.wav,dataset/chunks/sylhet/syl_cate_06/sentence_03.wav,ডাক্তারের জন্য কীভাবে অ্যাপয়েন্টমেন্ট নেব?,sylhet
sentence_04.wav,dataset/chunks/sylhet/syl_cate_06/sentence_04.wav,আমাকে একটি ওষুধের দোকান দেখান।,sylhet
sentence_05.wav,dataset/chunks/sylhet/syl_cate_06/sentence_05.wav,আমি জ্বর অনুভব করছি।,sylhet
sentence_06.wav,dataset/chunks/sylhet/syl_cate_06/sentence_06.wav,আমি দুর্ঘটনার শিকার হয়েছি।,sylhet
sentence_07.wav,dataset/chunks/sylhet/syl_cate_06/sentence_07.wav,হাসপাতালে কত সময় লাগবে পৌঁছাতে?,sylhet
sentence_08.wav,dataset/chunks/sylhet/syl_cate_06/sentence_08.wav,আমার পায়ে চোট লেগেছে।,sylhet
sentence_09.wav,dataset/chunks/sylhet/syl_cate_06/sentence_09.wav,আমাকে হাসপাতালে নিয়ে যান।,sylhet
sentence_10.wav,dataset/chunks/sylhet/syl_cate_06/sentence_10.wav,আমি শ্বাসকষ্ট অনুভব করছি।,sylhet
sentence_11.wav,dataset/chunks/sylhet/syl_cate_06/sentence_11.wav,আমাকে দ্রুত সাহায্য করুন।,sylhet
sentence_12.wav,dataset/chunks/sylhet/syl_cate_06/sentence_12.wav,ডাক্তার কখন উপস্থিত থাকবেন?,sylhet
sentence_13.wav,dataset/chunks/sylhet/syl_cate_06/sentence_13.wav,আমার শিশু অসুস্থ।,sylhet
sentence_14.wav,dataset/chunks/sylhet/syl_cate_06/sentence_14.wav,আমার পেটে ব্যথা করছে।,sylhet
sentence_15.wav,dataset/chunks/sylhet/syl_cate_06/sentence_15.wav,ওষুধের নাম কী?,sylhet
sentence_16.wav,dataset/chunks/sylhet/syl_cate_06/sentence_16.wav,আমি ধমনীতে ব্যথা অনুভব করছি।,sylhet
sentence_17.wav,dataset/chunks/sylhet/syl_cate_06/sentence_17.wav,এটি কি জরুরি অবস্থা?,sylhet
sentence_18.wav,dataset/chunks/sylhet/syl_cate_06/sentence_18.wav,আমি অলস লাগছে।,sylhet
sentence_19.wav,dataset/chunks/sylhet/syl_cate_06/sentence_19.wav,আমার চোখে সমস্যা হচ্ছে।,sylhet
sentence_20.wav,dataset/chunks/sylhet/syl_cate_06/sentence_20.wav,ডাক্তার কি বাংলা বলতে পারেন?,sylhet
sentence_21.wav,dataset/chunks/sylhet/syl_cate_06/sentence_21.wav,আমি অ্যালার্জি আক্রান্ত।,sylhet
sentence_22.wav,dataset/chunks/sylhet/syl_cate_06/sentence_22.wav,আমার সর্দি কাশি আছে।,sylhet
sentence_23.wav,dataset/chunks/sylhet/syl_cate_06/sentence_23.wav,হাসপাতালে কি ভিড় বেশি?,sylhet
sentence_24.wav,dataset/chunks/sylhet/syl_cate_06/sentence_24.wav,আমাকে একটি ব্যান্ডেজ দিন।,sylhet
sentence_25.wav,dataset/chunks/sylhet/syl_cate_06/sentence_25.wav,আমার দাঁতে ব্যথা করছে।,sylhet
sentence_26.wav,dataset/chunks/sylhet/syl_cate_06/sentence_26.wav,এখানে কি জরুরি ওষুধ পাওয়া যায়?,sylhet
sentence_27.wav,dataset/chunks/sylhet/syl_cate_06/sentence_27.wav,"আমি অসুস্থ, আমার বিশ্রাম প্রয়োজন।",sylhet
sentence_28.wav,dataset/chunks/sylhet/syl_cate_06/sentence_28.wav,আপনার ওষুধের পরিমাণ কত?,sylhet
sentence_29.wav,dataset/chunks/sylhet/syl_cate_06/sentence_29.wav,আমার পায়ে জ্বালা অনুভব হচ্ছে।,sylhet
sentence_30.wav,dataset/chunks/sylhet/syl_cate_06/sentence_30.wav,হাসপাতালে কি ডাক্তার সারাদিন থাকে?,sylhet
sentence_31.wav,dataset/chunks/sylhet/syl_cate_06/sentence_31.wav,আমাকে দ্রুত ট্যাক্সি দিন।,sylhet
sentence_32.wav,dataset/chunks/sylhet/syl_cate_06/sentence_32.wav,আমি গলা ব্যথা অনুভব করছি।,sylhet
sentence_33.wav,dataset/chunks/sylhet/syl_cate_06/sentence_33.wav,আমার হাতে কাটা গেছে।,sylhet
sentence_34.wav,dataset/chunks/sylhet/syl_cate_06/sentence_34.wav,এখানে কি স্বাস্থ্য পরীক্ষা করা যায়?,sylhet
sentence_35.wav,dataset/chunks/sylhet/syl_cate_06/sentence_35.wav,আমার পেট খারাপ লাগছে।,sylhet
sentence_36.wav,dataset/chunks/sylhet/syl_cate_06/sentence_36.wav,আমার চুল পড়ছে।,sylhet
sentence_37.wav,dataset/chunks/sylhet/syl_cate_06/sentence_37.wav,কি ওষুধ খাবো?,sylhet
sentence_38.wav,dataset/chunks/sylhet/syl_cate_06/sentence_38.wav,আমার শ্বাসনালি ব্যথা করছে।,sylhet
sentence_39.wav,dataset/chunks/sylhet/syl_cate_06/sentence_39.wav,আমার ডায়াবেটিস আছে।,sylhet
sentence_40.wav,dataset/chunks/sylhet/syl_cate_06/sentence_40.wav,আমাকে ইনজেকশন দেওয়া দরকার।,sylhet
sentence_41.wav,dataset/chunks/sylhet/syl_cate_06/sentence_41.wav,আমাকে ব্যথা উপশমের জন্য কিছু দিন।,sylhet
sentence_42.wav,dataset/chunks/sylhet/syl_cate_06/sentence_42.wav,আমি দুর্বল লাগছি।,sylhet
sentence_43.wav,dataset/chunks/sylhet/syl_cate_06/sentence_43.wav,আমার নাক দিয়ে রক্ত পড়ছে।,sylhet
sentence_44.wav,dataset/chunks/sylhet/syl_cate_06/sentence_44.wav,ডাক্তার কি এখন ফ্রি আছেন?,sylhet
sentence_45.wav,dataset/chunks/sylhet/syl_cate_06/sentence_45.wav,আমার বুক ব্যথা করছে।,sylhet
sentence_46.wav,dataset/chunks/sylhet/syl_cate_06/sentence_46.wav,আমার চোখ লাল হয়ে গেছে।,sylhet
sentence_47.wav,dataset/chunks/sylhet/syl_cate_06/sentence_47.wav,কি টেস্ট করাতে হবে?,sylhet
sentence_48.wav,dataset/chunks/sylhet/syl_cate_06/sentence_48.wav,আমি বুকধড় ধড় করছি।,sylhet
sentence_49.wav,dataset/chunks/sylhet/syl_cate_06/sentence_49.wav,হাসপাতালে কি অ্যাম্বুল্যান্স আছে?,sylhet
sentence_50.wav,dataset/chunks/sylhet/syl_cate_06/sentence_50.wav,আমার চামড়ায় চুলকানি হচ্ছে।,sylhet
sentence_51.wav,dataset/chunks/sylhet/syl_cate_06/sentence_51.wav,ওষুধটি কখন খাবো?,sylhet
sentence_52.wav,dataset/chunks/sylhet/syl_cate_06/sentence_52.wav,আমার কানে ব্যথা করছে।,sylhet
sentence_53.wav,dataset/chunks/sylhet/syl_cate_06/sentence_53.wav,আমাকে রক্ত পরীক্ষা করাতে হবে।,sylhet
sentence_54.wav,dataset/chunks/sylhet/syl_cate_06/sentence_54.wav,আমি গরমে অসুস্থ।,sylhet
sentence_55.wav,dataset/chunks/sylhet/syl_cate_06/sentence_55.wav,আমার দাঁতের ইনফেকশন হয়েছে।,sylhet
sentence_56.wav,dataset/chunks/sylhet/syl_cate_06/sentence_56.wav,এখানে কি স্যালাইন দেওয়া হয়?,sylhet
sentence_57.wav,dataset/chunks/sylhet/syl_cate_06/sentence_57.wav,আমার পায়ের আঙুল ফোলা গেছে।,sylhet
sentence_58.wav,dataset/chunks/sylhet/syl_cate_06/sentence_58.wav,আমাকে ব্যথানাশক দিন।,sylhet
sentence_59.wav,dataset/chunks/sylhet/syl_cate_06/sentence_59.wav,কি খেলে সুস্থতা হবে?,sylhet
sentence_60.wav,dataset/chunks/sylhet/syl_cate_06/sentence_60.wav,আমি মাথা ঘোরাতে লাগছে।,sylhet
sentence_61.wav,dataset/chunks/sylhet/syl_cate_06/sentence_61.wav,হাসপাতালে কি ডাক্তার রাতেও থাকেন?,sylhet
sentence_62.wav,dataset/chunks/sylhet/syl_cate_06/sentence_62.wav,আমার গলার প্রদাহ আছে।,sylhet
sentence_63.wav,dataset/chunks/sylhet/syl_cate_06/sentence_63.wav,আমার শরীরে জ্বালা অনুভূত হচ্ছে।,sylhet
sentence_64.wav,dataset/chunks/sylhet/syl_cate_06/sentence_64.wav,আমাকে ওষুধের রিসিপি দিন।,sylhet
sentence_65.wav,dataset/chunks/sylhet/syl_cate_06/sentence_65.wav,কি ওষুধ বেশি কার্যকর?,sylhet
sentence_66.wav,dataset/chunks/sylhet/syl_cate_06/sentence_66.wav,আমার গায়ে র‍্যাশ হয়েছে।,sylhet
sentence_67.wav,dataset/chunks/sylhet/syl_cate_06/sentence_67.wav,আমি পায়ে ব্যথা অনুভব করছি।,sylhet
sentence_68.wav,dataset/chunks/sylhet/syl_cate_06/sentence_68.wav,হাসপাতালে কি অ্যাপয়েন্টমেন্ট লাগবে?,sylhet
sentence_69.wav,dataset/chunks/sylhet/syl_cate_06/sentence_69.wav,আমাকে দ্রুত দেখুন।,sylhet
sentence_70.wav,dataset/chunks/sylhet/syl_cate_06/sentence_70.wav,আমার পেট খুব ব্যথা করছে।,sylhet
sentence_01.wav,dataset/chunks/sylhet/syl_cate_07/sentence_01.wav,আপনার পরিবারে কয়জন সদস্য আছে?,sylhet
sentence_02.wav,dataset/chunks/sylhet/syl_cate_07/sentence_02.wav,আমার বাবা একজন শিক্ষক।,sylhet
sentence_03.wav,dataset/chunks/sylhet/syl_cate_07/sentence_03.wav,আপনি কোথায় বড় হয়েছেন?,sylhet
sentence_04.wav,dataset/chunks/sylhet/syl_cate_07/sentence_04.wav,আমার মা ঘরে থাকেন।,sylhet
sentence_05.wav,dataset/chunks/sylhet/syl_cate_07/sentence_05.wav,আপনার ভাইবোন আছে কি?,sylhet
sentence_06.wav,dataset/chunks/sylhet/syl_cate_07/sentence_06.wav,আমার এক ভাই ও দুই বোন আছে।,sylhet
sentence_07.wav,dataset/chunks/sylhet/syl_cate_07/sentence_07.wav,আমরা একসাথে ভ্রমণ করতে ভালোবাসি।,sylhet
sentence_08.wav,dataset/chunks/sylhet/syl_cate_07/sentence_08.wav,আপনার পছন্দের খাবার কী?,sylhet
sentence_09.wav,dataset/chunks/sylhet/syl_cate_07/sentence_09.wav,আমার ছোট বোন স্কুলে পড়ে।,sylhet
sentence_10.wav,dataset/chunks/sylhet/syl_cate_07/sentence_10.wav,আপনার বাবা কোথায় কাজ করেন?,sylhet
sentence_11.wav,dataset/chunks/sylhet/syl_cate_07/sentence_11.wav,আমার পরিবার সব সময় একসাথে খেতে বসে।,sylhet
sentence_12.wav,dataset/chunks/sylhet/syl_cate_07/sentence_12.wav,আপনার মা কি রান্না করতে ভালোবাসেন?,sylhet
sentence_13.wav,dataset/chunks/sylhet/syl_cate_07/sentence_13.wav,আমরা প্রতি বছর ঈদে মিলিত হই।,sylhet
sentence_14.wav,dataset/chunks/sylhet/syl_cate_07/sentence_14.wav,আপনার পছন্দের ছুটি কী?,sylhet
sentence_15.wav,dataset/chunks/sylhet/syl_cate_07/sentence_15.wav,আমার বাবা সকালবেলা হাঁটতে যান।,sylhet
sentence_16.wav,dataset/chunks/sylhet/syl_cate_07/sentence_16.wav,আপনার পরিবারে কারা রয়েছেন?,sylhet
sentence_17.wav,dataset/chunks/sylhet/syl_cate_07/sentence_17.wav,আমার দাদা আমাদের সঙ্গে থাকে।,sylhet
sentence_18.wav,dataset/chunks/sylhet/syl_cate_07/sentence_18.wav,আপনি কি বিবাহিত?,sylhet
sentence_19.wav,dataset/chunks/sylhet/syl_cate_07/sentence_19.wav,আমি বিবাহিত এবং আমার দুই সন্তান আছে।,sylhet
sentence_20.wav,dataset/chunks/sylhet/syl_cate_07/sentence_20.wav,আপনার বোন কি বিশ্ববিদ্যালয়ে পড়ে?,sylhet
sentence_21.wav,dataset/chunks/sylhet/syl_cate_07/sentence_21.wav,আমরা রোববার একসাথে সিনেমা দেখি।,sylhet
sentence_22.wav,dataset/chunks/sylhet/syl_cate_07/sentence_22.wav,আপনার পছন্দের পরিবারের অনুষ্ঠান কোনটি?,sylhet
sentence_23.wav,dataset/chunks/sylhet/syl_cate_07/sentence_23.wav,আমার বাবা মা আমাদের জন্য খুব যত্নশীল।,sylhet
sentence_24.wav,dataset/chunks/sylhet/syl_cate_07/sentence_24.wav,আপনার শিশুরা স্কুলে ভালো করছে কি?,sylhet
sentence_25.wav,dataset/chunks/sylhet/syl_cate_07/sentence_25.wav,আমার পরিবারের সবাই স্বাস্থ্যকর জীবনযাপন করে।,sylhet
sentence_26.wav,dataset/chunks/sylhet/syl_cate_07/sentence_26.wav,আপনি কোথায় বেড়ে উঠেছেন?,sylhet
sentence_27.wav,dataset/chunks/sylhet/syl_cate_07/sentence_27.wav,আমার পরিবার গ্রামে থাকে।,sylhet
sentence_28.wav,dataset/chunks/sylhet/syl_cate_07/sentence_28.wav,আপনার বাবা কি বিদেশে কাজ করেন?,sylhet
sentence_29.wav,dataset/chunks/sylhet/syl_cate_07/sentence_29.wav,আমি আমার পরিবারের সঙ্গে ছুটিতে যাই।,sylhet
sentence_30.wav,dataset/chunks/sylhet/syl_cate_07/sentence_30.wav,আপনার পরিবারে ছোট ছোট ভাইবোন আছে কি?,sylhet
sentence_31.wav,dataset/chunks/sylhet/syl_cate_07/sentence_31.wav,আমার ভাই ফুটবল খেলে।,sylhet
sentence_32.wav,dataset/chunks/sylhet/syl_cate_07/sentence_32.wav,আপনার মা কি কাজ করেন?,sylhet
sentence_33.wav,dataset/chunks/sylhet/syl_cate_07/sentence_33.wav,আমরা প্রতি সপ্তাহে একসাথে খাবার করি।,sylhet
sentence_34.wav,dataset/chunks/sylhet/syl_cate_07/sentence_34.wav,আপনার বাবা কি বাসায় থাকেন?,sylhet
sentence_35.wav,dataset/chunks/sylhet/syl_cate_07/sentence_35.wav,আমার পরিবারে সবাই একে অপরকে সাহায্য করে।,sylhet
sentence_36.wav,dataset/chunks/sylhet/syl_cate_07/sentence_36.wav,আপনি কত বছর ধরে বিবাহিত?,sylhet
sentence_37.wav,dataset/chunks/sylhet/syl_cate_07/sentence_37.wav,আমার বোন চিকিৎসা পড়াশোনা করছে।,sylhet
sentence_38.wav,dataset/chunks/sylhet/syl_cate_07/sentence_38.wav,আপনার বাবা মা কি এখনও কাজ করেন?,sylhet
sentence_39.wav,dataset/chunks/sylhet/syl_cate_07/sentence_39.wav,আমরা সবাই একসাথে হোলিডে যাই।,sylhet
sentence_40.wav,dataset/chunks/sylhet/syl_cate_07/sentence_40.wav,আপনার সন্তানদের নাম কী?,sylhet
sentence_41.wav,dataset/chunks/sylhet/syl_cate_07/sentence_41.wav,আমার ছেলে ফুটবল খেলতে ভালোবাসে।,sylhet
sentence_42.wav,dataset/chunks/sylhet/syl_cate_07/sentence_42.wav,আপনার পরিবারের বয়সী সদস্যরা কি সক্রিয়?,sylhet
sentence_43.wav,dataset/chunks/sylhet/syl_cate_07/sentence_43.wav,আমি আমার পরিবারের সঙ্গে সিনেমা দেখতে যাই।,sylhet
sentence_44.wav,dataset/chunks/sylhet/syl_cate_07/sentence_44.wav,আপনার মা কি রান্না ভালো করেন?,sylhet
sentence_45.wav,dataset/chunks/sylhet/syl_cate_07/sentence_45.wav,আমার বাবা সকালবেলা সংবাদ পড়েন।,sylhet
sentence_46.wav,dataset/chunks/sylhet/syl_cate_07/sentence_46.wav,আপনার বোনের পছন্দের কাজ কী?,sylhet
sentence_47.wav,dataset/chunks/sylhet/syl_cate_07/sentence_47.wav,আমরা বড়দিন একসাথে উদযাপন করি।,sylhet
sentence_48.wav,dataset/chunks/sylhet/syl_cate_07/sentence_48.wav,আমার পরিবারে কেউ বিদেশে থাকে।,sylhet
sentence_49.wav,dataset/chunks/sylhet/syl_cate_07/sentence_49.wav,আপনার পরিবারের সদস্যরা কি সুস্থ আছে?,sylhet
sentence_50.wav,dataset/chunks/sylhet/syl_cate_07/sentence_50.wav,আমি পরিবারকে খুব ভালোবাসি।,sylhet
sentence_51.wav,dataset/chunks/sylhet/syl_cate_07/sentence_51.wav,আপনার ভাইবোন কি আপনার সাথে থাকে?,sylhet
sentence_52.wav,dataset/chunks/sylhet/syl_cate_07/sentence_52.wav,আমার বাবা মা গ্রামের বাড়িতে থাকেন।,sylhet
sentence_53.wav,dataset/chunks/sylhet/syl_cate_07/sentence_53.wav,আমরা একসাথে খেলা করি।,sylhet
sentence_54.wav,dataset/chunks/sylhet/syl_cate_07/sentence_54.wav,আপনার পরিবারে কেউ চাকরিতে আছেন কি?,sylhet
sentence_55.wav,dataset/chunks/sylhet/syl_cate_07/sentence_55.wav,আমি আমার পরিবারের জন্য সব করি।,sylhet
sentence_56.wav,dataset/chunks/sylhet/syl_cate_07/sentence_56.wav,আপনার বাবা মা কি অবসরপ্রাপ্ত?,sylhet
sentence_57.wav,dataset/chunks/sylhet/syl_cate_07/sentence_57.wav,আমরা হোলিডেতে গ্রামের বাড়িতে যাই।,sylhet
sentence_58.wav,dataset/chunks/sylhet/syl_cate_07/sentence_58.wav,আমার ছোট ভাই স্কুলে ভালো করছে।,sylhet
sentence_59.wav,dataset/chunks/sylhet/syl_cate_07/sentence_59.wav,আপনার পরিবার কত ঘনিষ্ঠ?,sylhet
sentence_60.wav,dataset/chunks/sylhet/syl_cate_07/sentence_60.wav,আমরা প্রতি মাসে একসাথে বেড়াতে যাই।,sylhet
sentence_61.wav,dataset/chunks/sylhet/syl_cate_07/sentence_61.wav,আমার মা গল্প শুনাতে ভালোবাসেন।,sylhet
sentence_62.wav,dataset/chunks/sylhet/syl_cate_07/sentence_62.wav,আপনার বাবা কি কখনও ভ্রমণে যান?,sylhet
sentence_63.wav,dataset/chunks/sylhet/syl_cate_07/sentence_63.wav,আমি আমার পরিবারকে সব সময় সাহায্য করি।,sylhet
sentence_64.wav,dataset/chunks/sylhet/syl_cate_07/sentence_64.wav,আপনার ভাইবোন কি একে অপরকে সাহায্য করে?,sylhet
sentence_65.wav,dataset/chunks/sylhet/syl_cate_07/sentence_65.wav,আমরা পরিবারে জন্মদিন উদযাপন করি।,sylhet
sentence_66.wav,dataset/chunks/sylhet/syl_cate_07/sentence_66.wav,আমার পরিবারের সঙ্গে সময় কাটানো ভালো লাগে।,sylhet
sentence_67.wav,dataset/chunks/sylhet/syl_cate_07/sentence_67.wav,আপনার মা বাবা কি একসাথে আছেন?,sylhet
sentence_68.wav,dataset/chunks/sylhet/syl_cate_07/sentence_68.wav,আমার বাবা খুব কঠোর কিন্তু ভালো মানুষ।,sylhet
sentence_69.wav,dataset/chunks/sylhet/syl_cate_07/sentence_69.wav,আমরা পারিবারিক ছবি তুলি।,sylhet
sentence_70.wav,dataset/chunks/sylhet/syl_cate_07/sentence_70.wav,আমি আমার পরিবারের সুখের জন্য কাজ করি।,sylhet
sentence_01.wav,dataset/chunks/sylhet/syl_cate_08/sentence_01.wav,এই বছর ধানের ফলন কেমন হবে?,sylhet
sentence_02.wav,dataset/chunks/sylhet/syl_cate_08/sentence_02.wav,আমি মাছ চাষ শুরু করতে চাই।,sylhet
sentence_03.wav,dataset/chunks/sylhet/syl_cate_08/sentence_03.wav,বৃষ্টিপাত ঠিক আছে কি?,sylhet
sentence_04.wav,dataset/chunks/sylhet/syl_cate_08/sentence_04.wav,জমি প্রস্তুত করা হয়েছে।,sylhet
sentence_05.wav,dataset/chunks/sylhet/syl_cate_08/sentence_05.wav,ধানের বীজ কত লাগবে?,sylhet
sentence_06.wav,dataset/chunks/sylhet/syl_cate_08/sentence_06.wav,কীটনাশক প্রয়োগ করতে হবে।,sylhet
sentence_07.wav,dataset/chunks/sylhet/syl_cate_08/sentence_07.wav,আমি সবজি চাষ করি।,sylhet
sentence_08.wav,dataset/chunks/sylhet/syl_cate_08/sentence_08.wav,মাছের পুকুর কত বড়?,sylhet
sentence_09.wav,dataset/chunks/sylhet/syl_cate_08/sentence_09.wav,আমার ধান ভালোভাবে ফলন করছে।,sylhet
sentence_10.wav,dataset/chunks/sylhet/syl_cate_08/sentence_10.wav,সার দেওয়া হয়েছে।,sylhet
sentence_11.wav,dataset/chunks/sylhet/syl_cate_08/sentence_11.wav,কৃষকের জন্য কি সহায়তা আছে?,sylhet
sentence_12.wav,dataset/chunks/sylhet/syl_cate_08/sentence_12.wav,গবাদি পশুদের খাওয়ানো হয়েছে।,sylhet
sentence_13.wav,dataset/chunks/sylhet/syl_cate_08/sentence_13.wav,আবহাওয়া কেমন থাকবে?,sylhet
sentence_14.wav,dataset/chunks/sylhet/syl_cate_08/sentence_14.wav,বৃষ্টির অভাব ধানের জন্য ক্ষতিকর।,sylhet
sentence_15.wav,dataset/chunks/sylhet/syl_cate_08/sentence_15.wav,পুকুরে পানি পরীক্ষা করা হয়েছে।,sylhet
sentence_16.wav,dataset/chunks/sylhet/syl_cate_08/sentence_16.wav,আমি নতুন সার প্রয়োগ করব।,sylhet
sentence_17.wav,dataset/chunks/sylhet/syl_cate_08/sentence_17.wav,কীটপতঙ্গ ধ্বংস করতে হবে।,sylhet
sentence_18.wav,dataset/chunks/sylhet/syl_cate_08/sentence_18.wav,ধানের বীজ ভালো মানের কিনুন।,sylhet
sentence_19.wav,dataset/chunks/sylhet/syl_cate_08/sentence_19.wav,সবজি খুব দ্রুত বড় হচ্ছে।,sylhet
sentence_20.wav,dataset/chunks/sylhet/syl_cate_08/sentence_20.wav,মাছের পুকুরে খাবার দিন।,sylhet
sentence_21.wav,dataset/chunks/sylhet/syl_cate_08/sentence_21.wav,জমিতে আগাছা কাটা হয়েছে।,sylhet
sentence_22.wav,dataset/chunks/sylhet/syl_cate_08/sentence_22.wav,আমি নতুন পুকুর খনন করেছি।,sylhet
sentence_23.wav,dataset/chunks/sylhet/syl_cate_08/sentence_23.wav,এই ফসলের জন্য কত সার লাগবে?,sylhet
sentence_24.wav,dataset/chunks/sylhet/syl_cate_08/sentence_24.wav,গরু খুব ভালো অবস্থায় আছে।,sylhet
sentence_25.wav,dataset/chunks/sylhet/syl_cate_08/sentence_25.wav,ধান কেটে সংগ্রহ করা হয়েছে।,sylhet
sentence_26.wav,dataset/chunks/sylhet/syl_cate_08/sentence_26.wav,আমরা সবজি বাজারে বিক্রি করি।,sylhet
sentence_27.wav,dataset/chunks/sylhet/syl_cate_08/sentence_27.wav,মাটি পরীক্ষা করা হয়েছে।,sylhet
sentence_28.wav,dataset/chunks/sylhet/syl_cate_08/sentence_28.wav,পোকামাকড়ের আক্রমণ হয়েছে।,sylhet
sentence_29.wav,dataset/chunks/sylhet/syl_cate_08/sentence_29.wav,মাছের পুকুর পরিষ্কার করুন।,sylhet
sentence_30.wav,dataset/chunks/sylhet/syl_cate_08/sentence_30.wav,আমরা সার ও বীজ কিনব।,sylhet
sentence_31.wav,dataset/chunks/sylhet/syl_cate_08/sentence_31.wav,গবাদি পশুদের স্বাস্থ্য পরীক্ষা করা হয়েছে।,sylhet
sentence_32.wav,dataset/chunks/sylhet/syl_cate_08/sentence_32.wav,ধানের ফলন ভাল হয়েছে।,sylhet
sentence_33.wav,dataset/chunks/sylhet/syl_cate_08/sentence_33.wav,আমি নতুন চারা রোপণ করব।,sylhet
sentence_34.wav,dataset/chunks/sylhet/syl_cate_08/sentence_34.wav,আবহাওয়া পরিবর্তনশীল।,sylhet
sentence_35.wav,dataset/chunks/sylhet/syl_cate_08/sentence_35.wav,পুকুরে পানি কমে গেছে।,sylhet
sentence_36.wav,dataset/chunks/sylhet/syl_cate_08/sentence_36.wav,আমরা নতুন সার পরীক্ষা করব।,sylhet
sentence_37.wav,dataset/chunks/sylhet/syl_cate_08/sentence_37.wav,কি মাছের প্রজাতি ভালো ফলন দিচ্ছে?,sylhet
sentence_38.wav,dataset/chunks/sylhet/syl_cate_08/sentence_38.wav,জমি উর্বর।,sylhet
sentence_39.wav,dataset/chunks/sylhet/syl_cate_08/sentence_39.wav,ফসল রক্ষা করতে কী ব্যবস্থা নেওয়া হয়েছে?,sylhet
sentence_40.wav,dataset/chunks/sylhet/syl_cate_08/sentence_40.wav,আমরা গবাদি পশু বিক্রি করব।,sylhet
sentence_41.wav,dataset/chunks/sylhet/syl_cate_08/sentence_41.wav,ধানের ফসল শুকিয়ে গেছে।,sylhet
sentence_42.wav,dataset/chunks/sylhet/syl_cate_08/sentence_42.wav,পুকুরে নতুন মাছ ছাড়া হয়েছে।,sylhet
sentence_43.wav,dataset/chunks/sylhet/syl_cate_08/sentence_43.wav,আবহাওয়া খুব খারাপ।,sylhet
sentence_44.wav,dataset/chunks/sylhet/syl_cate_08/sentence_44.wav,আমরা সবজি রোপণ শুরু করেছি।,sylhet
sentence_45.wav,dataset/chunks/sylhet/syl_cate_08/sentence_45.wav,মাটির আর্দ্রতা ঠিক আছে কি?,sylhet
sentence_46.wav,dataset/chunks/sylhet/syl_cate_08/sentence_46.wav,সার দেওয়ার পর পানি দিন।,sylhet
sentence_47.wav,dataset/chunks/sylhet/syl_cate_08/sentence_47.wav,কীটনাশক কত দিন পর প্রয়োগ করতে হবে?,sylhet
sentence_48.wav,dataset/chunks/sylhet/syl_cate_08/sentence_48.wav,আমার ধান এখনও সবুজ।,sylhet
sentence_49.wav,dataset/chunks/sylhet/syl_cate_08/sentence_49.wav,গবাদি পশুদের জন্য খোরাক প্রস্তুত।,sylhet
sentence_50.wav,dataset/chunks/sylhet/syl_cate_08/sentence_50.wav,পুকুরের পানি পরীক্ষা করুন।,sylhet
sentence_51.wav,dataset/chunks/sylhet/syl_cate_08/sentence_51.wav,বৃষ্টি হলে ফসলের জন্য ভালো হবে।,sylhet
sentence_52.wav,dataset/chunks/sylhet/syl_cate_08/sentence_52.wav,আমরা নতুন সার প্রয়োগ করব।,sylhet
sentence_53.wav,dataset/chunks/sylhet/syl_cate_08/sentence_53.wav,কি সময়ে ধান কাটা উচিত?,sylhet
sentence_54.wav,dataset/chunks/sylhet/syl_cate_08/sentence_54.wav,পোকামাকড় ধ্বংস করা হয়েছে।,sylhet
sentence_55.wav,dataset/chunks/sylhet/syl_cate_08/sentence_55.wav,আমরা ফসল বিক্রি করব।,sylhet
sentence_56.wav,dataset/chunks/sylhet/syl_cate_08/sentence_56.wav,গবাদি পশুদের জন্য চিকিৎসা প্রয়োজন।,sylhet
sentence_57.wav,dataset/chunks/sylhet/syl_cate_08/sentence_57.wav,মাছের পুকুরে বেশি পানি ঢালুন।,sylhet
sentence_58.wav,dataset/chunks/sylhet/syl_cate_08/sentence_58.wav,আমরা কৃষি প্রদর্শনীতে যাব।,sylhet
sentence_59.wav,dataset/chunks/sylhet/syl_cate_08/sentence_59.wav,ধানের চারা ভালোভাবে জন্ম নিয়েছে।,sylhet
sentence_60.wav,dataset/chunks/sylhet/syl_cate_08/sentence_60.wav,ফসলের জন্য পানি দেওয়া হচ্ছে।,sylhet
sentence_61.wav,dataset/chunks/sylhet/syl_cate_08/sentence_61.wav,পোকামাকড়ের আক্রমণ কমে গেছে।,sylhet
sentence_62.wav,dataset/chunks/sylhet/syl_cate_08/sentence_62.wav,আমরা নতুন চারা কিনব।,sylhet
sentence_63.wav,dataset/chunks/sylhet/syl_cate_08/sentence_63.wav,কি মাছের খাদ্য ভালো ফলন দিচ্ছে?,sylhet
sentence_64.wav,dataset/chunks/sylhet/syl_cate_08/sentence_64.wav,জমি খুব উর্বর।,sylhet
sentence_65.wav,dataset/chunks/sylhet/syl_cate_08/sentence_65.wav,পুকুরের পানি পরিষ্কার রাখা হয়েছে।,sylhet
sentence_66.wav,dataset/chunks/sylhet/syl_cate_08/sentence_66.wav,আমি ধানের ক্ষেতে যাচ্ছি।,sylhet
sentence_67.wav,dataset/chunks/sylhet/syl_cate_08/sentence_67.wav,ফসল রক্ষা করতে কৃষক সতর্ক।,sylhet
sentence_68.wav,dataset/chunks/sylhet/syl_cate_08/sentence_68.wav,আমরা গবাদি পশু বিক্রির পরিকল্পনা করেছি।,sylhet
sentence_69.wav,dataset/chunks/sylhet/syl_cate_08/sentence_69.wav,ধানের ক্ষেতে জৈব সার প্রয়োগ করা হয়েছে।,sylhet
sentence_70.wav,dataset/chunks/sylhet/syl_cate_08/sentence_70.wav,আমাদের পুকুরে নতুন মাছ এসেছে।,sylhet
sentence_01.wav,dataset/chunks/sylhet/syl_cate_09/sentence_01.wav,আজ খুব গরম।,sylhet
sentence_02.wav,dataset/chunks/sylhet/syl_cate_09/sentence_02.wav,কাল বৃষ্টি হবে কি?,sylhet
sentence_03.wav,dataset/chunks/sylhet/syl_cate_09/sentence_03.wav,বাতাস কেমন চলছে?,sylhet
sentence_04.wav,dataset/chunks/sylhet/syl_cate_09/sentence_04.wav,আজ সূর্য ভালোভাবে উঠেছে।,sylhet
sentence_05.wav,dataset/chunks/sylhet/syl_cate_09/sentence_05.wav,তাপমাত্রা কত?,sylhet
sentence_06.wav,dataset/chunks/sylhet/syl_cate_09/sentence_06.wav,আজ মেঘলা দিন।,sylhet
sentence_07.wav,dataset/chunks/sylhet/syl_cate_09/sentence_07.wav,বাতাস খুব ঠান্ডা।,sylhet
sentence_08.wav,dataset/chunks/sylhet/syl_cate_09/sentence_08.wav,আজ দিনের আলো সুন্দর।,sylhet
sentence_09.wav,dataset/chunks/sylhet/syl_cate_09/sentence_09.wav,ঝড় আসছে কি?,sylhet
sentence_10.wav,dataset/chunks/sylhet/syl_cate_09/sentence_10.wav,আজ রাত খুব ঠান্ডা।,sylhet
sentence_11.wav,dataset/chunks/sylhet/syl_cate_09/sentence_11.wav,আকাশ পরিষ্কার।,sylhet
sentence_12.wav,dataset/chunks/sylhet/syl_cate_09/sentence_12.wav,বৃষ্টি শুরু হয়েছে।,sylhet
sentence_13.wav,dataset/chunks/sylhet/syl_cate_09/sentence_13.wav,তাপমাত্রা বেশি হলে গরম লাগবে।,sylhet
sentence_14.wav,dataset/chunks/sylhet/syl_cate_09/sentence_14.wav,ধুলোবালি কেটে গেছে।,sylhet
sentence_15.wav,dataset/chunks/sylhet/syl_cate_09/sentence_15.wav,জলবায়ু পরিবর্তন হচ্ছে।,sylhet
sentence_16.wav,dataset/chunks/sylhet/syl_cate_09/sentence_16.wav,আজ সূর্য ঝলমল করছে।,sylhet
sentence_17.wav,dataset/chunks/sylhet/syl_cate_09/sentence_17.wav,বাতাস কি বেশি তীব্র?,sylhet
sentence_18.wav,dataset/chunks/sylhet/syl_cate_09/sentence_18.wav,আজ দিনের তাপমাত্রা ৩৫°সেলসিয়াস।,sylhet
sentence_19.wav,dataset/chunks/sylhet/syl_cate_09/sentence_19.wav,আকাশে সবুজ মেঘ।,sylhet
sentence_20.wav,dataset/chunks/sylhet/syl_cate_09/sentence_20.wav,বৃষ্টির পর মাটি ভিজে গেছে।,sylhet
sentence_21.wav,dataset/chunks/sylhet/syl_cate_09/sentence_21.wav,আজ খুব আর্দ্রতা আছে।,sylhet
sentence_22.wav,dataset/chunks/sylhet/syl_cate_09/sentence_22.wav,কি ধরনের আবহাওয়া আপনার পছন্দ?,sylhet
sentence_23.wav,dataset/chunks/sylhet/syl_cate_09/sentence_23.wav,সূর্যাস্ত খুব সুন্দর হয়েছে।,sylhet
sentence_24.wav,dataset/chunks/sylhet/syl_cate_09/sentence_24.wav,আগামীকাল খুব ঠান্ডা হবে।,sylhet
sentence_25.wav,dataset/chunks/sylhet/syl_cate_09/sentence_25.wav,ঝড়ের পূর্বাভাস আছে।,sylhet
sentence_26.wav,dataset/chunks/sylhet/syl_cate_09/sentence_26.wav,বাতাসের দিক পরিবর্তিত হয়েছে।,sylhet
sentence_27.wav,dataset/chunks/sylhet/syl_cate_09/sentence_27.wav,আকাশে সূর্যোদয় দেখা যাচ্ছে।,sylhet
sentence_28.wav,dataset/chunks/sylhet/syl_cate_09/sentence_28.wav,আজ রাতের আকাশে তারা দেখা যাচ্ছে।,sylhet
sentence_29.wav,dataset/chunks/sylhet/syl_cate_09/sentence_29.wav,বাতাসে তীব্রতা আছে কি?,sylhet
sentence_30.wav,dataset/chunks/sylhet/syl_cate_09/sentence_30.wav,গ্রীষ্মকাল খুব গরম।,sylhet
sentence_31.wav,dataset/chunks/sylhet/syl_cate_09/sentence_31.wav,শীতকাল খুব ঠান্ডা।,sylhet
sentence_32.wav,dataset/chunks/sylhet/syl_cate_09/sentence_32.wav,আজকের আর্দ্রতা কেমন?,sylhet
sentence_33.wav,dataset/chunks/sylhet/syl_cate_09/sentence_33.wav,মেঘ কেটে গেছে।,sylhet
sentence_34.wav,dataset/chunks/sylhet/syl_cate_09/sentence_34.wav,ঝড়ের সময় বাইরে যাবেন না।,sylhet
sentence_35.wav,dataset/chunks/sylhet/syl_cate_09/sentence_35.wav,আজকের আকাশ নীল।,sylhet
sentence_36.wav,dataset/chunks/sylhet/syl_cate_09/sentence_36.wav,বাতাসে ধুলো আছে।,sylhet
sentence_37.wav,dataset/chunks/sylhet/syl_cate_09/sentence_37.wav,বৃষ্টির পর সবুজ গাছ আরও সুন্দর।,sylhet
sentence_38.wav,dataset/chunks/sylhet/syl_cate_09/sentence_38.wav,আজ খুব ধোঁয়া আছে।,sylhet
sentence_39.wav,dataset/chunks/sylhet/syl_cate_09/sentence_39.wav,আগামীকাল বৃষ্টি হবে কি?,sylhet
sentence_40.wav,dataset/chunks/sylhet/syl_cate_09/sentence_40.wav,আজ দুপুরে তাপমাত্রা কম।,sylhet
sentence_41.wav,dataset/chunks/sylhet/syl_cate_09/sentence_41.wav,সূর্য আকাশে উজ্জ্বল।,sylhet
sentence_42.wav,dataset/chunks/sylhet/syl_cate_09/sentence_42.wav,আজ বাতাস একটু ঠান্ডা।,sylhet
sentence_43.wav,dataset/chunks/sylhet/syl_cate_09/sentence_43.wav,ঝড়ের সময় কি precautions নিতে হবে?,sylhet
sentence_44.wav,dataset/chunks/sylhet/syl_cate_09/sentence_44.wav,আজকের আবহাওয়া স্বাভাবিক।,sylhet
sentence_45.wav,dataset/chunks/sylhet/syl_cate_09/sentence_45.wav,বৃষ্টি হলে রাস্তা ভিজে যাবে।,sylhet
sentence_46.wav,dataset/chunks/sylhet/syl_cate_09/sentence_46.wav,হাওয়া খুব নরম।,sylhet
sentence_47.wav,dataset/chunks/sylhet/syl_cate_09/sentence_47.wav,আজ সূর্য উঠার সময় দেরি হয়েছে।,sylhet
sentence_48.wav,dataset/chunks/sylhet/syl_cate_09/sentence_48.wav,আবহাওয়া রিপোর্ট কি হয়েছে?,sylhet
sentence_49.wav,dataset/chunks/sylhet/syl_cate_09/sentence_49.wav,আজকের তাপমাত্রা বেশী।,sylhet
sentence_50.wav,dataset/chunks/sylhet/syl_cate_09/sentence_50.wav,রাতে খুব ঠান্ডা হবে।,sylhet
sentence_51.wav,dataset/chunks/sylhet/syl_cate_09/sentence_51.wav,গ্রীষ্মের দিন দীর্ঘ।,sylhet
sentence_52.wav,dataset/chunks/sylhet/syl_cate_09/sentence_52.wav,শীতের রাত ছোট।,sylhet
sentence_53.wav,dataset/chunks/sylhet/syl_cate_09/sentence_53.wav,ঝড়ের কারণে বিদ্যুৎ চলে গেছে।,sylhet
sentence_54.wav,dataset/chunks/sylhet/syl_cate_09/sentence_54.wav,মেঘলা দিনে ছবি তোলা ভালো।,sylhet
sentence_55.wav,dataset/chunks/sylhet/syl_cate_09/sentence_55.wav,বাতাসে আর্দ্রতা বেশি।,sylhet
sentence_56.wav,dataset/chunks/sylhet/syl_cate_09/sentence_56.wav,কি ধরনের বাতাস চলছে?,sylhet
sentence_57.wav,dataset/chunks/sylhet/syl_cate_09/sentence_57.wav,আজ রাতের আকাশ পরিষ্কার।,sylhet
sentence_58.wav,dataset/chunks/sylhet/syl_cate_09/sentence_58.wav,বৃষ্টিপাত কম।,sylhet
sentence_59.wav,dataset/chunks/sylhet/syl_cate_09/sentence_59.wav,আগামীকাল তাপমাত্রা বাড়বে।,sylhet
sentence_60.wav,dataset/chunks/sylhet/syl_cate_09/sentence_60.wav,ঝড়ের সময় সড়ক নিরাপদ নয়।,sylhet
sentence_61.wav,dataset/chunks/sylhet/syl_cate_09/sentence_61.wav,আজ হালকা বৃষ্টি হচ্ছে।,sylhet
sentence_62.wav,dataset/chunks/sylhet/syl_cate_09/sentence_62.wav,বাতাসের তীব্রতা কমেছে।,sylhet
sentence_63.wav,dataset/chunks/sylhet/syl_cate_09/sentence_63.wav,আজকের সূর্যাস্ত সুন্দর।,sylhet
sentence_64.wav,dataset/chunks/sylhet/syl_cate_09/sentence_64.wav,কি সময়ে বৃষ্টি হবে?,sylhet
sentence_65.wav,dataset/chunks/sylhet/syl_cate_09/sentence_65.wav,আকাশে মেঘ অনেক।,sylhet
sentence_66.wav,dataset/chunks/sylhet/syl_cate_09/sentence_66.wav,আজ খুব শীতল দিন।,sylhet
sentence_67.wav,dataset/chunks/sylhet/syl_cate_09/sentence_67.wav,বাতাসের দিক পূর্ব।,sylhet
sentence_68.wav,dataset/chunks/sylhet/syl_cate_09/sentence_68.wav,হঠাৎ ঝড় এসেছে।,sylhet
sentence_69.wav,dataset/chunks/sylhet/syl_cate_09/sentence_69.wav,আজ খুব রৌদ্রজ্জ্বল।,sylhet
sentence_70.wav,dataset/chunks/sylhet/syl_cate_09/sentence_70.wav,আগামীকাল হালকা বাতাস থাকবে।,sylhet
sentence_01.wav,dataset/chunks/sylhet/syl_cate_10/sentence_01.wav,আপনি কিভাবে পহেলা বৈশাখ উদযাপন করেন?,sylhet
sentence_02.wav,dataset/chunks/sylhet/syl_cate_10/sentence_02.wav,আমি পহেলা বৈশাখে নতুন জামা পরি।,sylhet
sentence_03.wav,dataset/chunks/sylhet/syl_cate_10/sentence_03.wav,আমাদের গ্রামে ঈদ খুব বড় উৎসব।,sylhet
sentence_04.wav,dataset/chunks/sylhet/syl_cate_10/sentence_04.wav,আপনি পূজা কিভাবে পালন করেন?,sylhet
sentence_05.wav,dataset/chunks/sylhet/syl_cate_10/sentence_05.wav,আমরা দুর্গাপূজা দেখতে যাই।,sylhet
sentence_06.wav,dataset/chunks/sylhet/syl_cate_10/sentence_06.wav,আমার পরিবার নববর্ষ উদযাপন করে।,sylhet
sentence_07.wav,dataset/chunks/sylhet/syl_cate_10/sentence_07.wav,কি ধরনের খাবার উৎসবে থাকে?,sylhet
sentence_08.wav,dataset/chunks/sylhet/syl_cate_10/sentence_08.wav,আমরা ঈদের দিনে গিয়ে কার্ড দিই।,sylhet
sentence_09.wav,dataset/chunks/sylhet/syl_cate_10/sentence_09.wav,পহেলা বৈশাখে আমরা বাজারে যাই।,sylhet
sentence_10.wav,dataset/chunks/sylhet/syl_cate_10/sentence_10.wav,আমরা পহেলা বৈশাখে রঙিন পোশাক পরি।,sylhet
sentence_11.wav,dataset/chunks/sylhet/syl_cate_10/sentence_11.wav,হোলি আমাদের বন্ধুদের সঙ্গে খেলা হয়।,sylhet
sentence_12.wav,dataset/chunks/sylhet/syl_cate_10/sentence_12.wav,উৎসবে কি ধরনের গান বাজে?,sylhet
sentence_13.wav,dataset/chunks/sylhet/syl_cate_10/sentence_13.wav,আমরা লালবসন্ত উৎসব পালন করি।,sylhet
sentence_14.wav,dataset/chunks/sylhet/syl_cate_10/sentence_14.wav,আমাদের গ্রামে বর্ষবরণ খুব উৎসবমুখর।,sylhet
sentence_15.wav,dataset/chunks/sylhet/syl_cate_10/sentence_15.wav,পহেলা বৈশাখে নতুন বছরের জন্য শুভেচ্ছা বিনিময় করি।,sylhet
sentence_16.wav,dataset/chunks/sylhet/syl_cate_10/sentence_16.wav,আমরা ঈদে পরিবারের সঙ্গে ভ্রমণ করি।,sylhet
sentence_17.wav,dataset/chunks/sylhet/syl_cate_10/sentence_17.wav,দুর্গাপূজায় মন্দিরে ফুল সাজানো হয়।,sylhet
sentence_18.wav,dataset/chunks/sylhet/syl_cate_10/sentence_18.wav,কি ধরনের পোশাক উৎসবে পরা হয়?,sylhet
sentence_19.wav,dataset/chunks/sylhet/syl_cate_10/sentence_19.wav,নববর্ষে আমরা মিষ্টি খাই।,sylhet
sentence_20.wav,dataset/chunks/sylhet/syl_cate_10/sentence_20.wav,আমরা ঈদের সকালে নতুন জামা পরি।,sylhet
sentence_21.wav,dataset/chunks/sylhet/syl_cate_10/sentence_21.wav,পূজার সময় মন্দিরে ভিড় থাকে।,sylhet
sentence_22.wav,dataset/chunks/sylhet/syl_cate_10/sentence_22.wav,পহেলা বৈশাখে আমরা পার্কে যাই।,sylhet
sentence_23.wav,dataset/chunks/sylhet/syl_cate_10/sentence_23.wav,হোলিতে রঙ ব্যবহার করা হয়।,sylhet
sentence_24.wav,dataset/chunks/sylhet/syl_cate_10/sentence_24.wav,আমরা ভোরে পূজার অর্ঘ্য দিই।,sylhet
sentence_25.wav,dataset/chunks/sylhet/syl_cate_10/sentence_25.wav,ঈদে আমরা একে অপরকে শুভেচ্ছা জানাই।,sylhet
sentence_26.wav,dataset/chunks/sylhet/syl_cate_10/sentence_26.wav,উৎসবের জন্য নতুন সাজসজ্জা করা হয়েছে।,sylhet
sentence_27.wav,dataset/chunks/sylhet/syl_cate_10/sentence_27.wav,আমরা নববর্ষে গান গাই।,sylhet
sentence_28.wav,dataset/chunks/sylhet/syl_cate_10/sentence_28.wav,দুর্গাপূজায় কুমারী পূজা হয়।,sylhet
sentence_29.wav,dataset/chunks/sylhet/syl_cate_10/sentence_29.wav,কি ধরনের খেলাধুলা উৎসবে হয়?,sylhet
sentence_30.wav,dataset/chunks/sylhet/syl_cate_10/sentence_30.wav,আমরা হোলিতে একে অপরকে রঙ দিই।,sylhet
sentence_31.wav,dataset/chunks/sylhet/syl_cate_10/sentence_31.wav,উৎসবে আমরা নাচ গান করি।,sylhet
sentence_32.wav,dataset/chunks/sylhet/syl_cate_10/sentence_32.wav,ঈদের দিনে বাজারে ভিড় হয়।,sylhet
sentence_33.wav,dataset/chunks/sylhet/syl_cate_10/sentence_33.wav,পহেলা বৈশাখে আমরা মেলা দেখতে যাই।,sylhet
sentence_34.wav,dataset/chunks/sylhet/syl_cate_10/sentence_34.wav,নববর্ষে আমরা নতুন পরিকল্পনা করি।,sylhet
sentence_35.wav,dataset/chunks/sylhet/syl_cate_10/sentence_35.wav,দুর্গাপূজায় মন্দিরে আলোকসজ্জা করা হয়।,sylhet
sentence_36.wav,dataset/chunks/sylhet/syl_cate_10/sentence_36.wav,হোলিতে আমরা বন্ধুদের সঙ্গে মজা করি।,sylhet
sentence_37.wav,dataset/chunks/sylhet/syl_cate_10/sentence_37.wav,কি ধরনের খাবার পূজায় পরিবেশিত হয়?,sylhet
sentence_38.wav,dataset/chunks/sylhet/syl_cate_10/sentence_38.wav,আমরা নববর্ষে পরিবারকে উপহার দেই।,sylhet
sentence_39.wav,dataset/chunks/sylhet/syl_cate_10/sentence_39.wav,ঈদের সকালে আমরা মসজিদে যাই।,sylhet
sentence_40.wav,dataset/chunks/sylhet/syl_cate_10/sentence_40.wav,উৎসবে আমরা traditional পোশাক পরি।,sylhet
sentence_41.wav,dataset/chunks/sylhet/syl_cate_10/sentence_41.wav,পহেলা বৈশাখে আমরা রঙিন মিছিল করি।,sylhet
sentence_42.wav,dataset/chunks/sylhet/syl_cate_10/sentence_42.wav,হোলিতে আমরা বিভিন্ন রঙের জল ব্যবহার করি।,sylhet
sentence_43.wav,dataset/chunks/sylhet/syl_cate_10/sentence_43.wav,নববর্ষের অনুষ্ঠানে গান বাজানো হয়।,sylhet
sentence_44.wav,dataset/chunks/sylhet/syl_cate_10/sentence_44.wav,আমরা ঈদের দিনে প্রিয়জনের সঙ্গে খাবার খাই।,sylhet
sentence_45.wav,dataset/chunks/sylhet/syl_cate_10/sentence_45.wav,দুর্গাপূজায় প্রতিমা সাজানো হয়।,sylhet
sentence_46.wav,dataset/chunks/sylhet/syl_cate_10/sentence_46.wav,উৎসবে আমরা সবাই একসাথে আনন্দ করি।,sylhet
sentence_47.wav,dataset/chunks/sylhet/syl_cate_10/sentence_47.wav,পহেলা বৈশাখে নতুন বছরের শুরু হয়।,sylhet
sentence_48.wav,dataset/chunks/sylhet/syl_cate_10/sentence_48.wav,নববর্ষে আমরা খোলা আকাশের নিচে অনুষ্ঠান করি।,sylhet
sentence_49.wav,dataset/chunks/sylhet/syl_cate_10/sentence_49.wav,ঈদে আমরা একে অপরকে উপহার দেই।,sylhet
sentence_50.wav,dataset/chunks/sylhet/syl_cate_10/sentence_50.wav,হোলিতে শিশুদের আনন্দ বেশি।,sylhet
sentence_51.wav,dataset/chunks/sylhet/syl_cate_10/sentence_51.wav,আমরা পহেলা বৈশাখে রঙিন পুতুল তৈরি করি।,sylhet
sentence_52.wav,dataset/chunks/sylhet/syl_cate_10/sentence_52.wav,দুর্গাপূজায় মন্দিরে ভক্তদের ভিড় থাকে।,sylhet
sentence_53.wav,dataset/chunks/sylhet/syl_cate_10/sentence_53.wav,নববর্ষের দিনে আমরা traditional খাবার খাই।,sylhet
sentence_54.wav,dataset/chunks/sylhet/syl_cate_10/sentence_54.wav,হোলিতে আমরা গান বাজাই।,sylhet
sentence_55.wav,dataset/chunks/sylhet/syl_cate_10/sentence_55.wav,ঈদে আমরা পরিবারের সঙ্গে আনন্দ করি।,sylhet
sentence_56.wav,dataset/chunks/sylhet/syl_cate_10/sentence_56.wav,পহেলা বৈশাখে আমরা বাজার থেকে খাবার কিনি।,sylhet
sentence_57.wav,dataset/chunks/sylhet/syl_cate_10/sentence_57.wav,নববর্ষে আমরা cultural অনুষ্ঠানে অংশ নিই।,sylhet
sentence_58.wav,dataset/chunks/sylhet/syl_cate_10/sentence_58.wav,দুর্গাপূজায় আমরা মেলা দেখি।,sylhet
sentence_59.wav,dataset/chunks/sylhet/syl_cate_10/sentence_59.wav,হোলিতে আমরা একে অপরকে মিষ্টি দিই।,sylhet
sentence_60.wav,dataset/chunks/sylhet/syl_cate_10/sentence_60.wav,আমরা পহেলা বৈশাখে traditional নাচ করি।,sylhet
sentence_61.wav,dataset/chunks/sylhet/syl_cate_10/sentence_61.wav,নববর্ষে আমরা নতুন বছরের জন্য প্রার্থনা করি।,sylhet
sentence_62.wav,dataset/chunks/sylhet/syl_cate_10/sentence_62.wav,ঈদের সকালে আমরা মসজিদে যাওয়া শুরু করি।,sylhet
sentence_63.wav,dataset/chunks/sylhet/syl_cate_10/sentence_63.wav,হোলিতে আমরা বন্ধুদের সঙ্গে আনন্দ করি।,sylhet
sentence_64.wav,dataset/chunks/sylhet/syl_cate_10/sentence_64.wav,পহেলা বৈশাখে আমাদের গ্রামে মেলা হয়।,sylhet
sentence_65.wav,dataset/chunks/sylhet/syl_cate_10/sentence_65.wav,নববর্ষের অনুষ্ঠান সকাল থেকে শুরু হয়।,sylhet
sentence_66.wav,dataset/chunks/sylhet/syl_cate_10/sentence_66.wav,দুর্গাপূজায় শিশুদের জন্য খেলা হয়।,sylhet
sentence_67.wav,dataset/chunks/sylhet/syl_cate_10/sentence_67.wav,হোলিতে আমরা রঙিন পাউডার ব্যবহার করি।,sylhet
sentence_68.wav,dataset/chunks/sylhet/syl_cate_10/sentence_68.wav,ঈদে আমরা গ্রামের বাড়িতে যাই।,sylhet
sentence_69.wav,dataset/chunks/sylhet/syl_cate_10/sentence_69.wav,পহেলা বৈশাখে আমরা নতুন বছরের জন্য সুইট খাই।,sylhet
sentence_70.wav,dataset/chunks/sylhet/syl_cate_10/sentence_70.wav,নববর্ষে আমরা সকলের সঙ্গে আনন্দ ভাগ করি।,sylhet
sentence_01.wav,dataset/chunks/sylhet/syl_cate_11/sentence_01.wav,আপনার পরীক্ষা কবে?,sylhet
sentence_02.wav,dataset/chunks/sylhet/syl_cate_11/sentence_02.wav,আমি সকাল ৯টায় স্কুলে যাই।,sylhet
sentence_03.wav,dataset/chunks/sylhet/syl_cate_11/sentence_03.wav,আজ কোন বিষয়ের ক্লাস আছে?,sylhet
sentence_04.wav,dataset/chunks/sylhet/syl_cate_11/sentence_04.wav,আমি গণিত পড়াশোনা করছি।,sylhet
sentence_05.wav,dataset/chunks/sylhet/syl_cate_11/sentence_05.wav,আপনার শিক্ষক কে?,sylhet
sentence_06.wav,dataset/chunks/sylhet/syl_cate_11/sentence_06.wav,আমার ক্লাস খুব ছোট।,sylhet
sentence_07.wav,dataset/chunks/sylhet/syl_cate_11/sentence_07.wav,পরীক্ষা কঠিন হবে কি?,sylhet
sentence_08.wav,dataset/chunks/sylhet/syl_cate_11/sentence_08.wav,আমি আজ বাংলা পরীক্ষা দিচ্ছি।,sylhet
sentence_09.wav,dataset/chunks/sylhet/syl_cate_11/sentence_09.wav,আপনি কোন কলেজে পড়েন?,sylhet
sentence_10.wav,dataset/chunks/sylhet/syl_cate_11/sentence_10.wav,আমার বন্ধু বিজ্ঞান পড়ে।,sylhet
sentence_11.wav,dataset/chunks/sylhet/syl_cate_11/sentence_11.wav,আমরা স্কুলে প্রতিদিন ৬ ঘণ্টা পড়ি।,sylhet
sentence_12.wav,dataset/chunks/sylhet/syl_cate_11/sentence_12.wav,আপনার হোমওয়ার্ক শেষ হয়েছে কি?,sylhet
sentence_13.wav,dataset/chunks/sylhet/syl_cate_11/sentence_13.wav,আমি ইতিহাস পড়তে ভালোবাসি।,sylhet
sentence_14.wav,dataset/chunks/sylhet/syl_cate_11/sentence_14.wav,আপনার শিক্ষক ক্লাসে কঠোর কি?,sylhet
sentence_15.wav,dataset/chunks/sylhet/syl_cate_11/sentence_15.wav,আমরা লাইব্রেরিতে বই পড়ি।,sylhet
sentence_16.wav,dataset/chunks/sylhet/syl_cate_11/sentence_16.wav,পরীক্ষা কত নম্বরের?,sylhet
sentence_17.wav,dataset/chunks/sylhet/syl_cate_11/sentence_17.wav,আমার সহপাঠী খুব স্মার্ট।,sylhet
sentence_18.wav,dataset/chunks/sylhet/syl_cate_11/sentence_18.wav,আপনি কোন বিষয়ে দুর্বল?,sylhet
sentence_19.wav,dataset/chunks/sylhet/syl_cate_11/sentence_19.wav,আমি প্রতিদিন ইংরেজি অনুশীলন করি।,sylhet
sentence_20.wav,dataset/chunks/sylhet/syl_cate_11/sentence_20.wav,শিক্ষক আজ নতুন পাঠ শেখালেন।,sylhet
sentence_21.wav,dataset/chunks/sylhet/syl_cate_11/sentence_21.wav,আপনার ক্লাসের সময়সূচি কি?,sylhet
sentence_22.wav,dataset/chunks/sylhet/syl_cate_11/sentence_22.wav,আমি পরীক্ষার জন্য প্রস্তুতি নিচ্ছি।,sylhet
sentence_23.wav,dataset/chunks/sylhet/syl_cate_11/sentence_23.wav,আমরা বিজ্ঞান ল্যাবে পরীক্ষা করি।,sylhet
sentence_24.wav,dataset/chunks/sylhet/syl_cate_11/sentence_24.wav,আপনার স্কুলের নাম কি?,sylhet
sentence_25.wav,dataset/chunks/sylhet/syl_cate_11/sentence_25.wav,আমার প্রিয় শিক্ষক খুব সহায়ক।,sylhet
sentence_26.wav,dataset/chunks/sylhet/syl_cate_11/sentence_26.wav,আমরা গ্রুপ স্টাডি করি।,sylhet
sentence_27.wav,dataset/chunks/sylhet/syl_cate_11/sentence_27.wav,আপনি কোন বিষয়ে ভালো?,sylhet
sentence_28.wav,dataset/chunks/sylhet/syl_cate_11/sentence_28.wav,আমি নতুন বিষয় শিখতে ভালোবাসি।,sylhet
sentence_29.wav,dataset/chunks/sylhet/syl_cate_11/sentence_29.wav,পরীক্ষা শেষ হলে আমরা ছুটি পাই।,sylhet
sentence_30.wav,dataset/chunks/sylhet/syl_cate_11/sentence_30.wav,আমার স্কুলে বড় লাইব্রেরি আছে।,sylhet
sentence_31.wav,dataset/chunks/sylhet/syl_cate_11/sentence_31.wav,আপনার ক্লাসের সংখ্যা কত?,sylhet
sentence_32.wav,dataset/chunks/sylhet/syl_cate_11/sentence_32.wav,আমি প্রতিদিন সকালে পড়াশোনা করি।,sylhet
sentence_33.wav,dataset/chunks/sylhet/syl_cate_11/sentence_33.wav,শিক্ষক আজ গণিতের সমস্যা দেখালেন।,sylhet
sentence_34.wav,dataset/chunks/sylhet/syl_cate_11/sentence_34.wav,আপনার সহপাঠী কি সাহায্য করছে?,sylhet
sentence_35.wav,dataset/chunks/sylhet/syl_cate_11/sentence_35.wav,আমি পরীক্ষার জন্য নোট তৈরি করছি।,sylhet
sentence_36.wav,dataset/chunks/sylhet/syl_cate_11/sentence_36.wav,আমরা স্কুলে বিভিন্ন কার্যক্রম করি।,sylhet
sentence_37.wav,dataset/chunks/sylhet/syl_cate_11/sentence_37.wav,আপনার শিক্ষক কি ভালো ব্যাখ্যা করেন?,sylhet
sentence_38.wav,dataset/chunks/sylhet/syl_cate_11/sentence_38.wav,আমি ইংরেজি বলার অনুশীলন করি।,sylhet
sentence_39.wav,dataset/chunks/sylhet/syl_cate_11/sentence_39.wav,আজ ক্লাসে প্র্যাকটিক্যাল হয়েছে।,sylhet
sentence_40.wav,dataset/chunks/sylhet/syl_cate_11/sentence_40.wav,আপনার হোমওয়ার্ক কত পৃষ্ঠা?,sylhet
sentence_41.wav,dataset/chunks/sylhet/syl_cate_11/sentence_41.wav,আমি পরীক্ষার জন্য প্রশ্ন সমাধান করছি।,sylhet
sentence_42.wav,dataset/chunks/sylhet/syl_cate_11/sentence_42.wav,আমরা স্কুলে বার্ষিক ক্রীড়া প্রতিযোগিতা করি।,sylhet
sentence_43.wav,dataset/chunks/sylhet/syl_cate_11/sentence_43.wav,আপনার শিক্ষক কি কখনও দেরি করেন?,sylhet
sentence_44.wav,dataset/chunks/sylhet/syl_cate_11/sentence_44.wav,আমি নতুন বই কিনেছি।,sylhet
sentence_45.wav,dataset/chunks/sylhet/syl_cate_11/sentence_45.wav,ক্লাসে সবাই খুব মনোযোগী।,sylhet
sentence_46.wav,dataset/chunks/sylhet/syl_cate_11/sentence_46.wav,আপনার স্কুলের সময়সূচি কি?,sylhet
sentence_47.wav,dataset/chunks/sylhet/syl_cate_11/sentence_47.wav,আমরা পরীক্ষার জন্য গ্রুপ স্টাডি করি।,sylhet
sentence_48.wav,dataset/chunks/sylhet/syl_cate_11/sentence_48.wav,শিক্ষক আজ বিজ্ঞান পাঠ করলেন।,sylhet
sentence_49.wav,dataset/chunks/sylhet/syl_cate_11/sentence_49.wav,আপনার প্রিয় বিষয় কোনটি?,sylhet
sentence_50.wav,dataset/chunks/sylhet/syl_cate_11/sentence_50.wav,আমি প্রতিদিন রাতে পড়াশোনা করি।,sylhet
sentence_51.wav,dataset/chunks/sylhet/syl_cate_11/sentence_51.wav,আমরা লাইব্রেরিতে নতুন বই দেখেছি।,sylhet
sentence_52.wav,dataset/chunks/sylhet/syl_cate_11/sentence_52.wav,শিক্ষক আজ পরীক্ষা নেওয়ার পরিকল্পনা করেছেন।,sylhet
sentence_53.wav,dataset/chunks/sylhet/syl_cate_11/sentence_53.wav,আপনার স্কুলের ছুটি কখন?,sylhet
sentence_54.wav,dataset/chunks/sylhet/syl_cate_11/sentence_54.wav,আমি পরীক্ষার জন্য নোটগুলি পুনরায় পড়ছি।,sylhet
sentence_55.wav,dataset/chunks/sylhet/syl_cate_11/sentence_55.wav,আমরা ক্লাসে project কাজ করছি।,sylhet
sentence_56.wav,dataset/chunks/sylhet/syl_cate_11/sentence_56.wav,আপনার সহপাঠী কি সক্রিয়?,sylhet
sentence_57.wav,dataset/chunks/sylhet/syl_cate_11/sentence_57.wav,আমি আজ শিক্ষকের সঙ্গে কথা বলেছি।,sylhet
sentence_58.wav,dataset/chunks/sylhet/syl_cate_11/sentence_58.wav,স্কুলে আমরা বিভিন্ন cultural অনুষ্ঠান করি।,sylhet
sentence_59.wav,dataset/chunks/sylhet/syl_cate_11/sentence_59.wav,আপনার ক্লাসে কত শিক্ষক আছেন?,sylhet
sentence_60.wav,dataset/chunks/sylhet/syl_cate_11/sentence_60.wav,আমি প্রতিদিন নতুন শব্দ শিখি।,sylhet
sentence_61.wav,dataset/chunks/sylhet/syl_cate_11/sentence_61.wav,পরীক্ষা শেষ হলে আমরা আনন্দ করি।,sylhet
sentence_62.wav,dataset/chunks/sylhet/syl_cate_11/sentence_62.wav,শিক্ষক আজ হোমওয়ার্ক দেখেছেন।,sylhet
sentence_63.wav,dataset/chunks/sylhet/syl_cate_11/sentence_63.wav,আপনার স্কুলে কত লাইব্রেরি আছে?,sylhet
sentence_64.wav,dataset/chunks/sylhet/syl_cate_11/sentence_64.wav,আমরা প্রতিদিন ক্লাসে active থাকি।,sylhet
sentence_65.wav,dataset/chunks/sylhet/syl_cate_11/sentence_65.wav,আমি পরীক্ষার জন্য extra practice করি।,sylhet
sentence_66.wav,dataset/chunks/sylhet/syl_cate_11/sentence_66.wav,শিক্ষক নতুন প্রশ্ন দেখিয়েছেন।,sylhet
sentence_67.wav,dataset/chunks/sylhet/syl_cate_11/sentence_67.wav,আপনার স্কুলের বার্ষিক পরীক্ষা কখন?,sylhet
sentence_68.wav,dataset/chunks/sylhet/syl_cate_11/sentence_68.wav,আমি শিক্ষকের পরামর্শ অনুসরণ করি।,sylhet
sentence_69.wav,dataset/chunks/sylhet/syl_cate_11/sentence_69.wav,আমরা প্রতিদিন assignment করি।,sylhet
sentence_70.wav,dataset/chunks/sylhet/syl_cate_11/sentence_70.wav,আপনার প্রিয় শিক্ষক কে?,sylhet
sentence_01.wav,dataset/chunks/sylhet/syl_cate_12/sentence_01.wav,আজকের মিটিং কবে?,sylhet
sentence_02.wav,dataset/chunks/sylhet/syl_cate_12/sentence_02.wav,আমি আমার রিপোর্ট প্রস্তুত করেছি।,sylhet
sentence_03.wav,dataset/chunks/sylhet/syl_cate_12/sentence_03.wav,অফিসে সময়মতো পৌঁছানো উচিত।,sylhet
sentence_04.wav,dataset/chunks/sylhet/syl_cate_12/sentence_04.wav,আপনার সহকর্মী কি সাহায্য করছে?,sylhet
sentence_05.wav,dataset/chunks/sylhet/syl_cate_12/sentence_05.wav,আমরা নতুন প্রকল্প শুরু করছি।,sylhet
sentence_06.wav,dataset/chunks/sylhet/syl_cate_12/sentence_06.wav,আজ অফিসে কি কাজ আছে?,sylhet
sentence_07.wav,dataset/chunks/sylhet/syl_cate_12/sentence_07.wav,আমার কম্পিউটারে সমস্যা হয়েছে।,sylhet
sentence_08.wav,dataset/chunks/sylhet/syl_cate_12/sentence_08.wav,মিটিংটি কত সময়ের জন্য?,sylhet
sentence_09.wav,dataset/chunks/sylhet/syl_cate_12/sentence_09.wav,আমি প্রেজেন্টেশন প্রস্তুত করছি।,sylhet
sentence_10.wav,dataset/chunks/sylhet/syl_cate_12/sentence_10.wav,আপনি কোন দপ্তরে কাজ করেন?,sylhet
sentence_11.wav,dataset/chunks/sylhet/syl_cate_12/sentence_11.wav,অফিসের সময়সূচি কি?,sylhet
sentence_12.wav,dataset/chunks/sylhet/syl_cate_12/sentence_12.wav,আমি নতুন কর্মচারী প্রশিক্ষণ দিচ্ছি।,sylhet
sentence_13.wav,dataset/chunks/sylhet/syl_cate_12/sentence_13.wav,আজ অফিসে তদারকি করা হয়েছে।,sylhet
sentence_14.wav,dataset/chunks/sylhet/syl_cate_12/sentence_14.wav,আমরা ক্লায়েন্টের সঙ্গে মিটিং করেছি।,sylhet
sentence_15.wav,dataset/chunks/sylhet/syl_cate_12/sentence_15.wav,আমার ল্যাপটপ কাজ করছে না।,sylhet
sentence_16.wav,dataset/chunks/sylhet/syl_cate_12/sentence_16.wav,অফিসের কাজ শেষ হয়েছে।,sylhet
sentence_17.wav,dataset/chunks/sylhet/syl_cate_12/sentence_17.wav,কি ধরনের রিপোর্ট আজ জমা দিতে হবে?,sylhet
sentence_18.wav,dataset/chunks/sylhet/syl_cate_12/sentence_18.wav,আমি ইমেইল পাঠাচ্ছি।,sylhet
sentence_19.wav,dataset/chunks/sylhet/syl_cate_12/sentence_19.wav,অফিসে নতুন নীতি প্রয়োগ করা হয়েছে।,sylhet
sentence_20.wav,dataset/chunks/sylhet/syl_cate_12/sentence_20.wav,আপনার সহকর্মী punctual কি?,sylhet
sentence_21.wav,dataset/chunks/sylhet/syl_cate_12/sentence_21.wav,আমরা অফিসে কাজ ভাগ করেছি।,sylhet
sentence_22.wav,dataset/chunks/sylhet/syl_cate_12/sentence_22.wav,আজ অফিসে কি মিটিং আছে?,sylhet
sentence_23.wav,dataset/chunks/sylhet/syl_cate_12/sentence_23.wav,আমি ক্লায়েন্টের জন্য ডকুমেন্ট তৈরি করছি।,sylhet
sentence_24.wav,dataset/chunks/sylhet/syl_cate_12/sentence_24.wav,অফিসের বাতাস ভালো নেই।,sylhet
sentence_25.wav,dataset/chunks/sylhet/syl_cate_12/sentence_25.wav,আমরা নতুন সফটওয়্যার ব্যবহার করছি।,sylhet
sentence_26.wav,dataset/chunks/sylhet/syl_cate_12/sentence_26.wav,কি কাজ দ্রুত শেষ করতে হবে?,sylhet
sentence_27.wav,dataset/chunks/sylhet/syl_cate_12/sentence_27.wav,আমার ডেস্কে অনেক নথি আছে।,sylhet
sentence_28.wav,dataset/chunks/sylhet/syl_cate_12/sentence_28.wav,অফিসে আজ নতুন অতিথি এসেছেন।,sylhet
sentence_29.wav,dataset/chunks/sylhet/syl_cate_12/sentence_29.wav,আমরা টিম মিটিং করছি।,sylhet
sentence_30.wav,dataset/chunks/sylhet/syl_cate_12/sentence_30.wav,আপনার কাজের অগ্রগতি কেমন?,sylhet
sentence_31.wav,dataset/chunks/sylhet/syl_cate_12/sentence_31.wav,আমি নতুন প্রকল্পের পরিকল্পনা করছি।,sylhet
sentence_32.wav,dataset/chunks/sylhet/syl_cate_12/sentence_32.wav,আজ অফিসে অনেক কাজ হয়েছে।,sylhet
sentence_33.wav,dataset/chunks/sylhet/syl_cate_12/sentence_33.wav,আমি ইমেইল চেক করছি।,sylhet
sentence_34.wav,dataset/chunks/sylhet/syl_cate_12/sentence_34.wav,অফিসের কম্পিউটার আপডেট হয়েছে।,sylhet
sentence_35.wav,dataset/chunks/sylhet/syl_cate_12/sentence_35.wav,আপনি আজ কোন দপ্তরে কাজ করছেন?,sylhet
sentence_36.wav,dataset/chunks/sylhet/syl_cate_12/sentence_36.wav,আমরা নতুন টিম মিটিং শুরু করেছি।,sylhet
sentence_37.wav,dataset/chunks/sylhet/syl_cate_12/sentence_37.wav,কি ধরনের রিপোর্ট শেষ হয়েছে?,sylhet
sentence_38.wav,dataset/chunks/sylhet/syl_cate_12/sentence_38.wav,আমি অফিসের জন্য প্রেজেন্টেশন তৈরি করেছি।,sylhet
sentence_39.wav,dataset/chunks/sylhet/syl_cate_12/sentence_39.wav,আমাদের টিমে নতুন সদস্য যোগ হয়েছে।,sylhet
sentence_40.wav,dataset/chunks/sylhet/syl_cate_12/sentence_40.wav,অফিসের কাজের মান খুব ভালো।,sylhet
sentence_41.wav,dataset/chunks/sylhet/syl_cate_12/sentence_41.wav,আজ অফিসে কি মিটিং শিডিউল আছে?,sylhet
sentence_42.wav,dataset/chunks/sylhet/syl_cate_12/sentence_42.wav,আমি অফিসের ডকুমেন্ট স্ক্যান করছি।,sylhet
sentence_43.wav,dataset/chunks/sylhet/syl_cate_12/sentence_43.wav,আপনার সহকর্মী কি ব্যস্ত?,sylhet
sentence_44.wav,dataset/chunks/sylhet/syl_cate_12/sentence_44.wav,আমরা অফিসে নথি আপডেট করেছি।,sylhet
sentence_45.wav,dataset/chunks/sylhet/syl_cate_12/sentence_45.wav,আজ টিমের সঙ্গে আলোচনা হয়েছে।,sylhet
sentence_46.wav,dataset/chunks/sylhet/syl_cate_12/sentence_46.wav,আমি নতুন কর্মচারীর প্রশিক্ষণ দিচ্ছি।,sylhet
sentence_47.wav,dataset/chunks/sylhet/syl_cate_12/sentence_47.wav,অফিসে নতুন নীতি প্রয়োগ করা হয়েছে।,sylhet
sentence_48.wav,dataset/chunks/sylhet/syl_cate_12/sentence_48.wav,আমার কম্পিউটার হ্যাং করেছে।,sylhet
sentence_49.wav,dataset/chunks/sylhet/syl_cate_12/sentence_49.wav,আমরা ক্লায়েন্টের কাছে প্রজেক্ট প্রেজেন্ট করেছি।,sylhet
sentence_50.wav,dataset/chunks/sylhet/syl_cate_12/sentence_50.wav,আপনার অফিসের সময়সূচি কি?,sylhet
sentence_51.wav,dataset/chunks/sylhet/syl_cate_12/sentence_51.wav,আমি আজ নতুন কাজ শিখছি।,sylhet
sentence_52.wav,dataset/chunks/sylhet/syl_cate_12/sentence_52.wav,অফিসে নিরাপত্তা ব্যবস্থা ভালো।,sylhet
sentence_53.wav,dataset/chunks/sylhet/syl_cate_12/sentence_53.wav,আমরা অফিসে নতুন টুল ব্যবহার করছি।,sylhet
sentence_54.wav,dataset/chunks/sylhet/syl_cate_12/sentence_54.wav,আপনার টিম কি প্রস্তুত?,sylhet
sentence_55.wav,dataset/chunks/sylhet/syl_cate_12/sentence_55.wav,আমি অফিসে অনেক নথি সাজাচ্ছি।,sylhet
sentence_56.wav,dataset/chunks/sylhet/syl_cate_12/sentence_56.wav,আজ অফিসে নতুন প্রকল্পের আলোচনা হয়েছে।,sylhet
sentence_57.wav,dataset/chunks/sylhet/syl_cate_12/sentence_57.wav,আমি আজ টিম মিটিং নিয়ে ব্যস্ত।,sylhet
sentence_58.wav,dataset/chunks/sylhet/syl_cate_12/sentence_58.wav,অফিসে নতুন সফটওয়্যার ইনস্টল করা হয়েছে।,sylhet
sentence_59.wav,dataset/chunks/sylhet/syl_cate_12/sentence_59.wav,কি ধরনের অফিস কাজ শেষ করতে হবে?,sylhet
sentence_60.wav,dataset/chunks/sylhet/syl_cate_12/sentence_60.wav,আমি ক্লায়েন্টের জন্য ডকুমেন্ট প্রস্তুত করছি।,sylhet
sentence_61.wav,dataset/chunks/sylhet/syl_cate_12/sentence_61.wav,অফিসে আজ অনেক ইমেইল এসেছে।,sylhet
sentence_62.wav,dataset/chunks/sylhet/syl_cate_12/sentence_62.wav,আমাদের টিমের সদস্য সক্রিয়।,sylhet
sentence_63.wav,dataset/chunks/sylhet/syl_cate_12/sentence_63.wav,আমি অফিসে নতুন প্রকল্প পরিকল্পনা করছি।,sylhet
sentence_64.wav,dataset/chunks/sylhet/syl_cate_12/sentence_64.wav,আজ অফিসে অনেক visitors এসেছে।,sylhet
sentence_65.wav,dataset/chunks/sylhet/syl_cate_12/sentence_65.wav,অফিসে meeting room প্রস্তুত।,sylhet
sentence_66.wav,dataset/chunks/sylhet/syl_cate_12/sentence_66.wav,আমি অফিসের জন্য রিপোর্ট তৈরি করেছি।,sylhet
sentence_67.wav,dataset/chunks/sylhet/syl_cate_12/sentence_67.wav,আমরা নতুন guidelines মেনে চলছি।,sylhet
sentence_68.wav,dataset/chunks/sylhet/syl_cate_12/sentence_68.wav,অফিসে কাজের চাপ বেশি।,sylhet
sentence_69.wav,dataset/chunks/sylhet/syl_cate_12/sentence_69.wav,আমি ক্লায়েন্টের সাথে discussion করেছি।,sylhet
sentence_70.wav,dataset/chunks/sylhet/syl_cate_12/sentence_70.wav,আমাদের অফিসের পরিবেশ খুব ভালো।,sylhet
sentence_01.wav,dataset/chunks/sylhet/syl_cate_13/sentence_01.wav,এই ফোনের দাম কত?,sylhet
sentence_02.wav,dataset/chunks/sylhet/syl_cate_13/sentence_02.wav,আমি নতুন ল্যাপটপ কিনতে চাই।,sylhet
sentence_03.wav,dataset/chunks/sylhet/syl_cate_13/sentence_03.wav,এই চার্জার কি original?,sylhet
sentence_04.wav,dataset/chunks/sylhet/syl_cate_13/sentence_04.wav,SIM কার্ড কীভাবে নিতে হবে?,sylhet
sentence_05.wav,dataset/chunks/sylhet/syl_cate_13/sentence_05.wav,এই ফোনের warranty কত দিন?,sylhet
sentence_06.wav,dataset/chunks/sylhet/syl_cate_13/sentence_06.wav,আমি একটা হেডফোন চাই।,sylhet
sentence_07.wav,dataset/chunks/sylhet/syl_cate_13/sentence_07.wav,এই ফোনে camera ভালো কি?,sylhet
sentence_08.wav,dataset/chunks/sylhet/syl_cate_13/sentence_08.wav,আপনার দোকানে laptop আছে কি?,sylhet
sentence_09.wav,dataset/chunks/sylhet/syl_cate_13/sentence_09.wav,এই চার্জার কত voltage?,sylhet
sentence_10.wav,dataset/chunks/sylhet/syl_cate_13/sentence_10.wav,আমি ফোন comparison করতে চাই।,sylhet
sentence_11.wav,dataset/chunks/sylhet/syl_cate_13/sentence_11.wav,এই ফোনের color কোনটি আছে?,sylhet
sentence_12.wav,dataset/chunks/sylhet/syl_cate_13/sentence_12.wav,SIM card activate করতে কত সময় লাগে?,sylhet
sentence_13.wav,dataset/chunks/sylhet/syl_cate_13/sentence_13.wav,এই ফোনের storage কত GB?,sylhet
sentence_14.wav,dataset/chunks/sylhet/syl_cate_13/sentence_14.wav,আমি power bank চাই।,sylhet
sentence_15.wav,dataset/chunks/sylhet/syl_cate_13/sentence_15.wav,ফোনে নতুন app install করতে পারি কি?,sylhet
sentence_16.wav,dataset/chunks/sylhet/syl_cate_13/sentence_16.wav,এই দোকানে accessories পাওয়া যায়?,sylhet
sentence_17.wav,dataset/chunks/sylhet/syl_cate_13/sentence_17.wav,এই laptop lightweight কি?,sylhet
sentence_18.wav,dataset/chunks/sylhet/syl_cate_13/sentence_18.wav,ফোনের screen protector বিক্রি হয় কি?,sylhet
sentence_19.wav,dataset/chunks/sylhet/syl_cate_13/sentence_19.wav,SIM card recharge করা যায় কি?,sylhet
sentence_20.wav,dataset/chunks/sylhet/syl_cate_13/sentence_20.wav,আমি refurbished phone কিনতে চাই না।,sylhet
sentence_21.wav,dataset/chunks/sylhet/syl_cate_13/sentence_21.wav,ফোনের battery কতক্ষণ চলে?,sylhet
sentence_22.wav,dataset/chunks/sylhet/syl_cate_13/sentence_22.wav,আমি এই smartwatch কিনতে চাই।,sylhet
sentence_23.wav,dataset/chunks/sylhet/syl_cate_13/sentence_23.wav,ফোনের brand কোনটি?,sylhet
sentence_24.wav,dataset/chunks/sylhet/syl_cate_13/sentence_24.wav,এই charger fast charging support করে কি?,sylhet
sentence_25.wav,dataset/chunks/sylhet/syl_cate_13/sentence_25.wav,আমি laptop comparison দেখতে চাই।,sylhet
sentence_26.wav,dataset/chunks/sylhet/syl_cate_13/sentence_26.wav,ফোনের memory card slot আছে কি?,sylhet
sentence_27.wav,dataset/chunks/sylhet/syl_cate_13/sentence_27.wav,SIM card registration করতে কি লাগবে?,sylhet
sentence_28.wav,dataset/chunks/sylhet/syl_cate_13/sentence_28.wav,আমি wireless earphones চাই।,sylhet
sentence_29.wav,dataset/chunks/sylhet/syl_cate_13/sentence_29.wav,এই phone case waterproof কি?,sylhet
sentence_30.wav,dataset/chunks/sylhet/syl_cate_13/sentence_30.wav,আপনার দোকানে projector আছে কি?,sylhet
sentence_31.wav,dataset/chunks/sylhet/syl_cate_13/sentence_31.wav,ফোনের software update হয়েছে কি?,sylhet
sentence_32.wav,dataset/chunks/sylhet/syl_cate_13/sentence_32.wav,আমি gaming laptop দেখতে চাই।,sylhet
sentence_33.wav,dataset/chunks/sylhet/syl_cate_13/sentence_33.wav,ফোনে dual SIM support আছে কি?,sylhet
sentence_34.wav,dataset/chunks/sylhet/syl_cate_13/sentence_34.wav,এই power bank কত mAh?,sylhet
sentence_35.wav,dataset/chunks/sylhet/syl_cate_13/sentence_35.wav,আমি Bluetooth speaker কিনতে চাই।,sylhet
sentence_36.wav,dataset/chunks/sylhet/syl_cate_13/sentence_36.wav,ফোনের price negotiable কি?,sylhet
sentence_37.wav,dataset/chunks/sylhet/syl_cate_13/sentence_37.wav,আমি USB cable চাই।,sylhet
sentence_38.wav,dataset/chunks/sylhet/syl_cate_13/sentence_38.wav,এই tablet lightweight কি?,sylhet
sentence_39.wav,dataset/chunks/sylhet/syl_cate_13/sentence_39.wav,SIM card portability করতে পারি কি?,sylhet
sentence_40.wav,dataset/chunks/sylhet/syl_cate_13/sentence_40.wav,ফোনের warranty card আছে কি?,sylhet
sentence_41.wav,dataset/chunks/sylhet/syl_cate_13/sentence_41.wav,আমি refurbished laptop চাই না।,sylhet
sentence_42.wav,dataset/chunks/sylhet/syl_cate_13/sentence_42.wav,ফোনের charger original কি?,sylhet
sentence_43.wav,dataset/chunks/sylhet/syl_cate_13/sentence_43.wav,আমি tablet accessories চাই।,sylhet
sentence_44.wav,dataset/chunks/sylhet/syl_cate_13/sentence_44.wav,ফোনের camera resolution কত?,sylhet
sentence_45.wav,dataset/chunks/sylhet/syl_cate_13/sentence_45.wav,আমি portable hard drive চাই।,sylhet
sentence_46.wav,dataset/chunks/sylhet/syl_cate_13/sentence_46.wav,ফোনে earphone jack আছে কি?,sylhet
sentence_47.wav,dataset/chunks/sylhet/syl_cate_13/sentence_47.wav,SIM card online recharge করা যায় কি?,sylhet
sentence_48.wav,dataset/chunks/sylhet/syl_cate_13/sentence_48.wav,আমি laptop bag কিনতে চাই।,sylhet
sentence_49.wav,dataset/chunks/sylhet/syl_cate_13/sentence_49.wav,ফোনের display কত inch?,sylhet
sentence_50.wav,dataset/chunks/sylhet/syl_cate_13/sentence_50.wav,আমি smart home device কিনতে চাই।,sylhet
sentence_51.wav,dataset/chunks/sylhet/syl_cate_13/sentence_51.wav,এই charger compatible কি?,sylhet
sentence_52.wav,dataset/chunks/sylhet/syl_cate_13/sentence_52.wav,ফোনের processor কত GHz?,sylhet
sentence_53.wav,dataset/chunks/sylhet/syl_cate_13/sentence_53.wav,আমি wireless mouse চাই।,sylhet
sentence_54.wav,dataset/chunks/sylhet/syl_cate_13/sentence_54.wav,ফোনের screen size বড় কি?,sylhet
sentence_55.wav,dataset/chunks/sylhet/syl_cate_13/sentence_55.wav,SIM card balance check করতে পারি কি?,sylhet
sentence_56.wav,dataset/chunks/sylhet/syl_cate_13/sentence_56.wav,আমি laptop stand চাই।,sylhet
sentence_57.wav,dataset/chunks/sylhet/syl_cate_13/sentence_57.wav,ফোনে fingerprint sensor আছে কি?,sylhet
sentence_58.wav,dataset/chunks/sylhet/syl_cate_13/sentence_58.wav,আমি external keyboard চাই।,sylhet
sentence_59.wav,dataset/chunks/sylhet/syl_cate_13/sentence_59.wav,ফোনের battery replace করতে হয় কি?,sylhet
sentence_60.wav,dataset/chunks/sylhet/syl_cate_13/sentence_60.wav,আমি smartwatch strap চাই।,sylhet
sentence_61.wav,dataset/chunks/sylhet/syl_cate_13/sentence_61.wav,ফোনের price range কি?,sylhet
sentence_62.wav,dataset/chunks/sylhet/syl_cate_13/sentence_62.wav,আমি gaming console কিনতে চাই।,sylhet
sentence_63.wav,dataset/chunks/sylhet/syl_cate_13/sentence_63.wav,ফোনে dual camera আছে কি?,sylhet
sentence_64.wav,dataset/chunks/sylhet/syl_cate_13/sentence_64.wav,আমি USB hub চাই।,sylhet
sentence_65.wav,dataset/chunks/sylhet/syl_cate_13/sentence_65.wav,ফোনের warranty কত বছর?,sylhet
sentence_66.wav,dataset/chunks/sylhet/syl_cate_13/sentence_66.wav,আমি laptop charger চাই।,sylhet
sentence_67.wav,dataset/chunks/sylhet/syl_cate_13/sentence_67.wav,ফোনের weight কত?,sylhet
sentence_68.wav,dataset/chunks/sylhet/syl_cate_13/sentence_68.wav,আমি HDMI cable চাই।,sylhet
sentence_69.wav,dataset/chunks/sylhet/syl_cate_13/sentence_69.wav,ফোনের software version আপডেট হয়েছে কি?,sylhet
sentence_70.wav,dataset/chunks/sylhet/syl_cate_13/sentence_70.wav,আমি smart speaker কিনতে চাই।,sylhet
sentence_01.wav,dataset/chunks/sylhet/syl_cate_14/sentence_01.wav,অনুগ্রহ করে দরজা বন্ধ করবেন।,sylhet
sentence_02.wav,dataset/chunks/sylhet/syl_cate_14/sentence_02.wav,দয়া করে আমাকে সাহায্য করুন।,sylhet
sentence_03.wav,dataset/chunks/sylhet/syl_cate_14/sentence_03.wav,আপনি কি আমাকে বইটা দিতে পারেন?,sylhet
sentence_04.wav,dataset/chunks/sylhet/syl_cate_14/sentence_04.wav,অনুগ্রহ করে ধীরে কথা বলুন।,sylhet
sentence_05.wav,dataset/chunks/sylhet/syl_cate_14/sentence_05.wav,দয়া করে এখানে বসুন।,sylhet
sentence_06.wav,dataset/chunks/sylhet/syl_cate_14/sentence_06.wav,আপনি কি আমার জন্য অপেক্ষা করতে পারেন?,sylhet
sentence_07.wav,dataset/chunks/sylhet/syl_cate_14/sentence_07.wav,অনুগ্রহ করে আবার বলুন।,sylhet
sentence_08.wav,dataset/chunks/sylhet/syl_cate_14/sentence_08.wav,আপনি কি আমাকে রাস্তা দেখাতে পারেন?,sylhet
sentence_09.wav,dataset/chunks/sylhet/syl_cate_14/sentence_09.wav,দয়া করে ফোন ব্যবহার করবেন না।,sylhet
sentence_10.wav,dataset/chunks/sylhet/syl_cate_14/sentence_10.wav,আপনি কি আমার জন্য এটি কিনতে পারবেন?,sylhet
sentence_11.wav,dataset/chunks/sylhet/syl_cate_14/sentence_11.wav,অনুগ্রহ করে আমাকে মনে করিয়ে দিন।,sylhet
sentence_12.wav,dataset/chunks/sylhet/syl_cate_14/sentence_12.wav,আপনি কি আমাকে ছবি তুলতে সাহায্য করবেন?,sylhet
sentence_13.wav,dataset/chunks/sylhet/syl_cate_14/sentence_13.wav,দয়া করে আমাকে অপেক্ষা করতে দিন।,sylhet
sentence_14.wav,dataset/chunks/sylhet/syl_cate_14/sentence_14.wav,অনুগ্রহ করে দরজা খুলে দিন।,sylhet
sentence_15.wav,dataset/chunks/sylhet/syl_cate_14/sentence_15.wav,আপনি কি আমার জন্য কাজটি করতে পারেন?,sylhet
sentence_16.wav,dataset/chunks/sylhet/syl_cate_14/sentence_16.wav,দয়া করে শব্দ কমান।,sylhet
sentence_17.wav,dataset/chunks/sylhet/syl_cate_14/sentence_17.wav,আপনি কি আমাকে জিজ্ঞাসা করতে পারবেন?,sylhet
sentence_18.wav,dataset/chunks/sylhet/syl_cate_14/sentence_18.wav,অনুগ্রহ করে আমাকে আসতে দিন।,sylhet
sentence_19.wav,dataset/chunks/sylhet/syl_cate_14/sentence_19.wav,আপনি কি আমার সঙ্গে কথা বলবেন?,sylhet
sentence_20.wav,dataset/chunks/sylhet/syl_cate_14/sentence_20.wav,দয়া করে আমার দিকে তাকান।,sylhet
sentence_21.wav,dataset/chunks/sylhet/syl_cate_14/sentence_21.wav,অনুগ্রহ করে আমাকে সময় দিন।,sylhet
sentence_22.wav,dataset/chunks/sylhet/syl_cate_14/sentence_22.wav,আপনি কি আমাকে সাহায্য করতে পারেন?,sylhet
sentence_23.wav,dataset/chunks/sylhet/syl_cate_14/sentence_23.wav,দয়া করে আমাকে এটি বোঝান।,sylhet
sentence_24.wav,dataset/chunks/sylhet/syl_cate_14/sentence_24.wav,অনুগ্রহ করে এটিকে ধরুন।,sylhet
sentence_25.wav,dataset/chunks/sylhet/syl_cate_14/sentence_25.wav,আপনি কি আমাকে তথ্য দিতে পারেন?,sylhet
sentence_26.wav,dataset/chunks/sylhet/syl_cate_14/sentence_26.wav,দয়া করে এখানে আসুন।,sylhet
sentence_27.wav,dataset/chunks/sylhet/syl_cate_14/sentence_27.wav,অনুগ্রহ করে আমাকে অপেক্ষা করতে বলুন।,sylhet
sentence_28.wav,dataset/chunks/sylhet/syl_cate_14/sentence_28.wav,আপনি কি আমাকে রাস্তা দেখাবেন?,sylhet
sentence_29.wav,dataset/chunks/sylhet/syl_cate_14/sentence_29.wav,দয়া করে আমার জন্য অপেক্ষা করুন।,sylhet
sentence_30.wav,dataset/chunks/sylhet/syl_cate_14/sentence_30.wav,অনুগ্রহ করে আমাকে সাহায্য করতে বলুন।,sylhet
sentence_31.wav,dataset/chunks/sylhet/syl_cate_14/sentence_31.wav,আপনি কি আমার জন্য এটি আনবেন?,sylhet
sentence_32.wav,dataset/chunks/sylhet/syl_cate_14/sentence_32.wav,দয়া করে আমাকে বসতে দিন।,sylhet
sentence_33.wav,dataset/chunks/sylhet/syl_cate_14/sentence_33.wav,অনুগ্রহ করে আমাকে এটি দেখান।,sylhet
sentence_34.wav,dataset/chunks/sylhet/syl_cate_14/sentence_34.wav,আপনি কি আমার সঙ্গে খাবেন?,sylhet
sentence_35.wav,dataset/chunks/sylhet/syl_cate_14/sentence_35.wav,দয়া করে ধৈর্য ধরুন।,sylhet
sentence_36.wav,dataset/chunks/sylhet/syl_cate_14/sentence_36.wav,অনুগ্রহ করে আমাকে ফোন দিন।,sylhet
sentence_37.wav,dataset/chunks/sylhet/syl_cate_14/sentence_37.wav,আপনি কি আমার জন্য অপেক্ষা করবেন?,sylhet
sentence_38.wav,dataset/chunks/sylhet/syl_cate_14/sentence_38.wav,দয়া করে এটি খুলুন।,sylhet
sentence_39.wav,dataset/chunks/sylhet/syl_cate_14/sentence_39.wav,অনুগ্রহ করে এটি বন্ধ করুন।,sylhet
sentence_40.wav,dataset/chunks/sylhet/syl_cate_14/sentence_40.wav,আপনি কি আমাকে নির্দেশ দিতে পারেন?,sylhet
sentence_41.wav,dataset/chunks/sylhet/syl_cate_14/sentence_41.wav,দয়া করে আমার কথা শোনুন।,sylhet
sentence_42.wav,dataset/chunks/sylhet/syl_cate_14/sentence_42.wav,অনুগ্রহ করে আমাকে সময় দিন।,sylhet
sentence_43.wav,dataset/chunks/sylhet/syl_cate_14/sentence_43.wav,আপনি কি আমার জন্য এটি আনবেন?,sylhet
sentence_44.wav,dataset/chunks/sylhet/syl_cate_14/sentence_44.wav,দয়া করে আমাকে সাহায্য করতে বলুন।,sylhet
sentence_45.wav,dataset/chunks/sylhet/syl_cate_14/sentence_45.wav,অনুগ্রহ করে আমাকে অনুমতি দিন।,sylhet
sentence_46.wav,dataset/chunks/sylhet/syl_cate_14/sentence_46.wav,আপনি কি আমাকে রাস্তা দেখাবেন?,sylhet
sentence_47.wav,dataset/chunks/sylhet/syl_cate_14/sentence_47.wav,দয়া করে এখানে বসুন।,sylhet
sentence_48.wav,dataset/chunks/sylhet/syl_cate_14/sentence_48.wav,অনুগ্রহ করে এটি নিন।,sylhet
sentence_49.wav,dataset/chunks/sylhet/syl_cate_14/sentence_49.wav,আপনি কি আমাকে এটি দেবেন?,sylhet
sentence_50.wav,dataset/chunks/sylhet/syl_cate_14/sentence_50.wav,দয়া করে আমাকে সঙ্গে নিয়ে যান।,sylhet
sentence_51.wav,dataset/chunks/sylhet/syl_cate_14/sentence_51.wav,অনুগ্রহ করে আমাকে বলুন।,sylhet
sentence_52.wav,dataset/chunks/sylhet/syl_cate_14/sentence_52.wav,আপনি কি আমার জন্য অপেক্ষা করতে পারবেন?,sylhet
sentence_53.wav,dataset/chunks/sylhet/syl_cate_14/sentence_53.wav,দয়া করে এটি পরীক্ষা করুন।,sylhet
sentence_54.wav,dataset/chunks/sylhet/syl_cate_14/sentence_54.wav,অনুগ্রহ করে আমাকে এটি লিখে দিন।,sylhet
sentence_55.wav,dataset/chunks/sylhet/syl_cate_14/sentence_55.wav,আপনি কি আমার জন্য এটি করতে পারেন?,sylhet
sentence_56.wav,dataset/chunks/sylhet/syl_cate_14/sentence_56.wav,দয়া করে আমার সঙ্গে যোগাযোগ করুন।,sylhet
sentence_57.wav,dataset/chunks/sylhet/syl_cate_14/sentence_57.wav,অনুগ্রহ করে আমাকে সহায়তা করুন।,sylhet
sentence_58.wav,dataset/chunks/sylhet/syl_cate_14/sentence_58.wav,আপনি কি আমাকে এটি দেখাবেন?,sylhet
sentence_59.wav,dataset/chunks/sylhet/syl_cate_14/sentence_59.wav,দয়া করে আমার জন্য অপেক্ষা করুন।,sylhet
sentence_60.wav,dataset/chunks/sylhet/syl_cate_14/sentence_60.wav,অনুগ্রহ করে আমাকে সাহায্য করুন।,sylhet
sentence_61.wav,dataset/chunks/sylhet/syl_cate_14/sentence_61.wav,আপনি কি আমাকে সাহায্য করবেন?,sylhet
sentence_62.wav,dataset/chunks/sylhet/syl_cate_14/sentence_62.wav,দয়া করে আমাকে এটি বুঝতে দিন।,sylhet
sentence_63.wav,dataset/chunks/sylhet/syl_cate_14/sentence_63.wav,অনুগ্রহ করে এটি রাখুন।,sylhet
sentence_64.wav,dataset/chunks/sylhet/syl_cate_14/sentence_64.wav,আপনি কি আমাকে অনুমতি দেবেন?,sylhet
sentence_65.wav,dataset/chunks/sylhet/syl_cate_14/sentence_65.wav,দয়া করে আমাকে এটি আনতে দিন।,sylhet
sentence_66.wav,dataset/chunks/sylhet/syl_cate_14/sentence_66.wav,অনুগ্রহ করে আমাকে নির্দেশ দিন।,sylhet
sentence_67.wav,dataset/chunks/sylhet/syl_cate_14/sentence_67.wav,আপনি কি আমাকে এটি আনবেন?,sylhet
sentence_68.wav,dataset/chunks/sylhet/syl_cate_14/sentence_68.wav,দয়া করে আমাকে সাহায্য করতে বলুন।,sylhet
sentence_69.wav,dataset/chunks/sylhet/syl_cate_14/sentence_69.wav,অনুগ্রহ করে এটি আমার জন্য রাখুন।,sylhet
sentence_70.wav,dataset/chunks/sylhet/syl_cate_14/sentence_70.wav,আপনি কি আমার জন্য অপেক্ষা করতে পারবেন?,sylhet
sentence_01.wav,dataset/chunks/sylhet/syl_cate_15/sentence_01.wav,আমি সকাল ৬টায় উঠি।,sylhet
sentence_02.wav,dataset/chunks/sylhet/syl_cate_15/sentence_02.wav,তুমি কি বাজারে যাচ্ছো?,sylhet
sentence_03.wav,dataset/chunks/sylhet/syl_cate_15/sentence_03.wav,আমি ভাত রান্না করছি।,sylhet
sentence_04.wav,dataset/chunks/sylhet/syl_cate_15/sentence_04.wav,আমরা প্রতিদিন হাঁটতে যাই।,sylhet
sentence_05.wav,dataset/chunks/sylhet/syl_cate_15/sentence_05.wav,তুমি কি আজ শপিং করতে যাবে?,sylhet
sentence_06.wav,dataset/chunks/sylhet/syl_cate_15/sentence_06.wav,আমি ব্যাগ প্যাক করছি।,sylhet
sentence_07.wav,dataset/chunks/sylhet/syl_cate_15/sentence_07.wav,তুমি কি সকালে নাশতা করেছো?,sylhet
sentence_08.wav,dataset/chunks/sylhet/syl_cate_15/sentence_08.wav,আমি লন্ড্রি করছি।,sylhet
sentence_09.wav,dataset/chunks/sylhet/syl_cate_15/sentence_09.wav,তুমি কি সিনেমা দেখতে যাবে?,sylhet
sentence_10.wav,dataset/chunks/sylhet/syl_cate_15/sentence_10.wav,আমি বই পড়ছি।,sylhet
sentence_11.wav,dataset/chunks/sylhet/syl_cate_15/sentence_11.wav,তুমি কি চা খাবে?,sylhet
sentence_12.wav,dataset/chunks/sylhet/syl_cate_15/sentence_12.wav,আমি বাসায় ক্লিনিং করছি।,sylhet
sentence_13.wav,dataset/chunks/sylhet/syl_cate_15/sentence_13.wav,তুমি কি বাজারে নতুন সবজি পেয়েছো?,sylhet
sentence_14.wav,dataset/chunks/sylhet/syl_cate_15/sentence_14.wav,আমি শুতে যাচ্ছি।,sylhet
sentence_15.wav,dataset/chunks/sylhet/syl_cate_15/sentence_15.wav,আমরা সকালে দৌড়াচ্ছি।,sylhet
sentence_16.wav,dataset/chunks/sylhet/syl_cate_15/sentence_16.wav,তুমি কি কাজ শেষ করেছো?,sylhet
sentence_17.wav,dataset/chunks/sylhet/syl_cate_15/sentence_17.wav,আমি দুপুরের খাবার খাচ্ছি।,sylhet
sentence_18.wav,dataset/chunks/sylhet/syl_cate_15/sentence_18.wav,তুমি কি কুকিং করতে জানো?,sylhet
sentence_19.wav,dataset/chunks/sylhet/syl_cate_15/sentence_19.wav,আমি দোকান যাচ্ছি।,sylhet
sentence_20.wav,dataset/chunks/sylhet/syl_cate_15/sentence_20.wav,তুমি কি আজ বাড়িতে থাকছো?,sylhet
sentence_21.wav,dataset/chunks/sylhet/syl_cate_15/sentence_21.wav,আমি টিভি দেখছি।,sylhet
sentence_22.wav,dataset/chunks/sylhet/syl_cate_15/sentence_22.wav,তুমি কি সাইকেল চালাচ্ছো?,sylhet
sentence_23.wav,dataset/chunks/sylhet/syl_cate_15/sentence_23.wav,আমি জামাকাপড় ধরছি।,sylhet
sentence_24.wav,dataset/chunks/sylhet/syl_cate_15/sentence_24.wav,তুমি কি বাজার থেকে দুধ এনেছো?,sylhet
sentence_25.wav,dataset/chunks/sylhet/syl_cate_15/sentence_25.wav,আমি রাতে ঘুমাতে যাচ্ছি।,sylhet
sentence_26.wav,dataset/chunks/sylhet/syl_cate_15/sentence_26.wav,তুমি কি সকাল ৭টায় উঠে আসবে?,sylhet
sentence_27.wav,dataset/chunks/sylhet/syl_cate_15/sentence_27.wav,আমি রান্নাঘরে কাজ করছি।,sylhet
sentence_28.wav,dataset/chunks/sylhet/syl_cate_15/sentence_28.wav,তুমি কি বাজারে কোন মাংস কিনেছো?,sylhet
sentence_29.wav,dataset/chunks/sylhet/syl_cate_15/sentence_29.wav,আমি দুপুরে বিশ্রাম নিচ্ছি।,sylhet
sentence_30.wav,dataset/chunks/sylhet/syl_cate_15/sentence_30.wav,তুমি কি সন্ধ্যায় হাঁটবে?,sylhet
sentence_31.wav,dataset/chunks/sylhet/syl_cate_15/sentence_31.wav,আমি কফি বানাচ্ছি।,sylhet
sentence_32.wav,dataset/chunks/sylhet/syl_cate_15/sentence_32.wav,তুমি কি নিত্যদিন সকালে জগিং করো?,sylhet
sentence_33.wav,dataset/chunks/sylhet/syl_cate_15/sentence_33.wav,আমি দুধ ফুটাচ্ছি।,sylhet
sentence_34.wav,dataset/chunks/sylhet/syl_cate_15/sentence_34.wav,তুমি কি চা খেতে চাও?,sylhet
sentence_35.wav,dataset/chunks/sylhet/syl_cate_15/sentence_35.wav,আমি বাজারে যাচ্ছি।,sylhet
sentence_36.wav,dataset/chunks/sylhet/syl_cate_15/sentence_36.wav,তুমি কি বই পড়ছো?,sylhet
sentence_37.wav,dataset/chunks/sylhet/syl_cate_15/sentence_37.wav,আমি বাড়ি ঝাড়ু দিচ্ছি।,sylhet
sentence_38.wav,dataset/chunks/sylhet/syl_cate_15/sentence_38.wav,তুমি কি দুপুরের খাবার খেয়েছো?,sylhet
sentence_39.wav,dataset/chunks/sylhet/syl_cate_15/sentence_39.wav,আমি সবজি কাটছি।,sylhet
sentence_40.wav,dataset/chunks/sylhet/syl_cate_15/sentence_40.wav,তুমি কি রাতে শুবে?,sylhet
sentence_41.wav,dataset/chunks/sylhet/syl_cate_15/sentence_41.wav,আমি কলম ও কাগজ সাজাচ্ছি।,sylhet
sentence_42.wav,dataset/chunks/sylhet/syl_cate_15/sentence_42.wav,তুমি কি আজ রান্না করছো?,sylhet
sentence_43.wav,dataset/chunks/sylhet/syl_cate_15/sentence_43.wav,আমি কাপড় ধুয়ে শুকাচ্ছি।,sylhet
sentence_44.wav,dataset/chunks/sylhet/syl_cate_15/sentence_44.wav,তুমি কি বাজারে নতুন ফল এনেছো?,sylhet
sentence_45.wav,dataset/chunks/sylhet/syl_cate_15/sentence_45.wav,আমি সকালের নাশতা খাচ্ছি।,sylhet
sentence_46.wav,dataset/chunks/sylhet/syl_cate_15/sentence_46.wav,তুমি কি আজ ঘুম বেশি করেছো?,sylhet
sentence_47.wav,dataset/chunks/sylhet/syl_cate_15/sentence_47.wav,আমি খাবার টেবিলে বসছি।,sylhet
sentence_48.wav,dataset/chunks/sylhet/syl_cate_15/sentence_48.wav,তুমি কি বাইরে যাচ্ছো?,sylhet
sentence_49.wav,dataset/chunks/sylhet/syl_cate_15/sentence_49.wav,আমি ফ্রিজে খাবার রাখছি।,sylhet
sentence_50.wav,dataset/chunks/sylhet/syl_cate_15/sentence_50.wav,তুমি কি বাজারে যাবার আগে তালিকা লিখেছো?,sylhet
sentence_51.wav,dataset/chunks/sylhet/syl_cate_15/sentence_51.wav,আমি সকালে ব্যায়াম করছি।,sylhet
sentence_52.wav,dataset/chunks/sylhet/syl_cate_15/sentence_52.wav,তুমি কি দুপুরে ঘুমাবে?,sylhet
sentence_53.wav,dataset/chunks/sylhet/syl_cate_15/sentence_53.wav,আমি কাপড় ধরছি।,sylhet
sentence_54.wav,dataset/chunks/sylhet/syl_cate_15/sentence_54.wav,তুমি কি রান্না শেষ করেছো?,sylhet
sentence_55.wav,dataset/chunks/sylhet/syl_cate_15/sentence_55.wav,আমি বাজার থেকে শাক-সবজি এনেছি।,sylhet
sentence_56.wav,dataset/chunks/sylhet/syl_cate_15/sentence_56.wav,তুমি কি ঘরে কাজ করছো?,sylhet
sentence_57.wav,dataset/chunks/sylhet/syl_cate_15/sentence_57.wav,আমি দুপুরে চা খাচ্ছি।,sylhet
sentence_58.wav,dataset/chunks/sylhet/syl_cate_15/sentence_58.wav,তুমি কি রাতের খাবার খাবে?,sylhet
sentence_59.wav,dataset/chunks/sylhet/syl_cate_15/sentence_59.wav,আমি সকালের লিস্ট অনুযায়ী কাজ করছি।,sylhet
sentence_60.wav,dataset/chunks/sylhet/syl_cate_15/sentence_60.wav,তুমি কি বাজার থেকে দুধ এনেছো?,sylhet
sentence_61.wav,dataset/chunks/sylhet/syl_cate_15/sentence_61.wav,আমি সকালে উঠে হাঁটতে যাই।,sylhet
sentence_62.wav,dataset/chunks/sylhet/syl_cate_15/sentence_62.wav,তুমি কি ফ্রিজ খোলেছো?,sylhet
sentence_63.wav,dataset/chunks/sylhet/syl_cate_15/sentence_63.wav,আমি বালিশ ধরছি।,sylhet
sentence_64.wav,dataset/chunks/sylhet/syl_cate_15/sentence_64.wav,তুমি কি রান্না করতে চাও?,sylhet
sentence_65.wav,dataset/chunks/sylhet/syl_cate_15/sentence_65.wav,আমি কাপড় লন্ড্রি করছি।,sylhet
sentence_66.wav,dataset/chunks/sylhet/syl_cate_15/sentence_66.wav,তুমি কি বাজারে নতুন রুটি কিনেছো?,sylhet
sentence_67.wav,dataset/chunks/sylhet/syl_cate_15/sentence_67.wav,আমি রাতের খাবার প্রস্তুত করছি।,sylhet
sentence_68.wav,dataset/chunks/sylhet/syl_cate_15/sentence_68.wav,তুমি কি শপিং করতে যাচ্ছো?,sylhet
sentence_69.wav,dataset/chunks/sylhet/syl_cate_15/sentence_69.wav,আমি খোলা আকাশের নিচে হাঁটছি।,sylhet
sentence_70.wav,dataset/chunks/sylhet/syl_cate_15/sentence_70.wav,তুমি কি আজ সকাল থেকে ব্যস্ত?,sylhet
sentence_01.wav,dataset/chunks/sylhet/syl_cate_16/sentence_01.wav,আমার ফোন কাজ করছে না।,sylhet
sentence_02.wav,dataset/chunks/sylhet/syl_cate_16/sentence_02.wav,বাস ধীর গতিতে চলছে।,sylhet
sentence_03.wav,dataset/chunks/sylhet/syl_cate_16/sentence_03.wav,আমি বিল ঠিকমত পাইনি।,sylhet
sentence_04.wav,dataset/chunks/sylhet/syl_cate_16/sentence_04.wav,পানির চাপ খুব কম।,sylhet
sentence_05.wav,dataset/chunks/sylhet/syl_cate_16/sentence_05.wav,ইন্টারনেট সংযোগ স্থিতিশীল নয়।,sylhet
sentence_06.wav,dataset/chunks/sylhet/syl_cate_16/sentence_06.wav,দোকানে সব পণ্য শেষ।,sylhet
sentence_07.wav,dataset/chunks/sylhet/syl_cate_16/sentence_07.wav,বাতি জ্বলে না।,sylhet
sentence_08.wav,dataset/chunks/sylhet/syl_cate_16/sentence_08.wav,আমি চা খুব গরম পেয়েছি।,sylhet
sentence_09.wav,dataset/chunks/sylhet/syl_cate_16/sentence_09.wav,রিকশা খুব দেরি করছে।,sylhet
sentence_10.wav,dataset/chunks/sylhet/syl_cate_16/sentence_10.wav,লিফট বন্ধ।,sylhet
sentence_11.wav,dataset/chunks/sylhet/syl_cate_16/sentence_11.wav,আমার অ্যাপ্লিকেশন ক্র্যাশ করছে।,sylhet
sentence_12.wav,dataset/chunks/sylhet/syl_cate_16/sentence_12.wav,এই গাড়ি তেল টপ আপ করছে না।,sylhet
sentence_13.wav,dataset/chunks/sylhet/syl_cate_16/sentence_13.wav,বাসে অনেক ভিড়।,sylhet
sentence_14.wav,dataset/chunks/sylhet/syl_cate_16/sentence_14.wav,আমি খাবার ঠিকমত পাইনি।,sylhet
sentence_15.wav,dataset/chunks/sylhet/syl_cate_16/sentence_15.wav,রাস্তায় অনেক ধুলো।,sylhet
sentence_16.wav,dataset/chunks/sylhet/syl_cate_16/sentence_16.wav,আমার কম্পিউটার হ্যাং করেছে।,sylhet
sentence_17.wav,dataset/chunks/sylhet/syl_cate_16/sentence_17.wav,ফোনের ব্যাটারি দ্রুত শেষ হচ্ছে।,sylhet
sentence_18.wav,dataset/chunks/sylhet/syl_cate_16/sentence_18.wav,দোকানের হেডফোন খারাপ।,sylhet
sentence_19.wav,dataset/chunks/sylhet/syl_cate_16/sentence_19.wav,রিকশাচালক দেরি করছে।,sylhet
sentence_20.wav,dataset/chunks/sylhet/syl_cate_16/sentence_20.wav,পানির ট্যাংক ফাঁকা।,sylhet
sentence_21.wav,dataset/chunks/sylhet/syl_cate_16/sentence_21.wav,বাসে এয়ার কন্ডিশনার কাজ করছে না।,sylhet
sentence_22.wav,dataset/chunks/sylhet/syl_cate_16/sentence_22.wav,আমার Wi-Fi কানেকশন গড়বড়।,sylhet
sentence_23.wav,dataset/chunks/sylhet/syl_cate_16/sentence_23.wav,দোকানের কাস্টমার সার্ভিস খারাপ।,sylhet
sentence_24.wav,dataset/chunks/sylhet/syl_cate_16/sentence_24.wav,বাতি ঠিকমত জ্বলে না।,sylhet
sentence_25.wav,dataset/chunks/sylhet/syl_cate_16/sentence_25.wav,খাবারের স্বাদ খারাপ।,sylhet
sentence_26.wav,dataset/chunks/sylhet/syl_cate_16/sentence_26.wav,লিফট খুব ধীরে চলছে।,sylhet
sentence_27.wav,dataset/chunks/sylhet/syl_cate_16/sentence_27.wav,আমার মোবাইল চার্জ হচ্ছে না।,sylhet
sentence_28.wav,dataset/chunks/sylhet/syl_cate_16/sentence_28.wav,বাসের ভাড়া বেশি।,sylhet
sentence_29.wav,dataset/chunks/sylhet/syl_cate_16/sentence_29.wav,দোকানে পণ্য ভালো মানের নয়।,sylhet
sentence_30.wav,dataset/chunks/sylhet/syl_cate_16/sentence_30.wav,রাস্তায় যানজট বেশি।,sylhet
sentence_31.wav,dataset/chunks/sylhet/syl_cate_16/sentence_31.wav,আমি আমার টিকেট হারিয়েছি।,sylhet
sentence_32.wav,dataset/chunks/sylhet/syl_cate_16/sentence_32.wav,খাবারের পরিমাণ কম।,sylhet
sentence_33.wav,dataset/chunks/sylhet/syl_cate_16/sentence_33.wav,আমার কম্পিউটার ধীরগতিতে চলছে।,sylhet
sentence_34.wav,dataset/chunks/sylhet/syl_cate_16/sentence_34.wav,রিকশা খুব পুরোনো।,sylhet
sentence_35.wav,dataset/chunks/sylhet/syl_cate_16/sentence_35.wav,দোকানে নতুন পণ্য নেই।,sylhet
sentence_36.wav,dataset/chunks/sylhet/syl_cate_16/sentence_36.wav,ফোনের সিম কাজ করছে না।,sylhet
sentence_37.wav,dataset/chunks/sylhet/syl_cate_16/sentence_37.wav,বাসে বসার জায়গা নেই।,sylhet
sentence_38.wav,dataset/chunks/sylhet/syl_cate_16/sentence_38.wav,পানির স্বাদ খারাপ।,sylhet
sentence_39.wav,dataset/chunks/sylhet/syl_cate_16/sentence_39.wav,লিফটে শব্দ করছে।,sylhet
sentence_40.wav,dataset/chunks/sylhet/syl_cate_16/sentence_40.wav,দোকানের দাম বেশি।,sylhet
sentence_41.wav,dataset/chunks/sylhet/syl_cate_16/sentence_41.wav,খাবারের স্বাদ পরিবর্তন হয়েছে।,sylhet
sentence_42.wav,dataset/chunks/sylhet/syl_cate_16/sentence_42.wav,আমার ল্যাপটপ হ্যাং করছে।,sylhet
sentence_43.wav,dataset/chunks/sylhet/syl_cate_16/sentence_43.wav,বাসে লোকজন অনেক।,sylhet
sentence_44.wav,dataset/chunks/sylhet/syl_cate_16/sentence_44.wav,রাস্তায় খোলা গর্ত।,sylhet
sentence_45.wav,dataset/chunks/sylhet/syl_cate_16/sentence_45.wav,দোকানে কোনো বিক্রয়কর্মী নেই।,sylhet
sentence_46.wav,dataset/chunks/sylhet/syl_cate_16/sentence_46.wav,আমার ফোন ব্যাটারি নষ্ট।,sylhet
sentence_47.wav,dataset/chunks/sylhet/syl_cate_16/sentence_47.wav,খাবার খুব ঠান্ডা।,sylhet
sentence_48.wav,dataset/chunks/sylhet/syl_cate_16/sentence_48.wav,লিফট খুব দ্রুত চলেছে।,sylhet
sentence_49.wav,dataset/chunks/sylhet/syl_cate_16/sentence_49.wav,রিকশা বাসার সামনে দাঁড়ায় না।,sylhet
sentence_50.wav,dataset/chunks/sylhet/syl_cate_16/sentence_50.wav,দোকানে পরিষ্কার নেই।,sylhet
sentence_51.wav,dataset/chunks/sylhet/syl_cate_16/sentence_51.wav,বাস স্ট্যান্ড দূরে।,sylhet
sentence_52.wav,dataset/chunks/sylhet/syl_cate_16/sentence_52.wav,আমার কম্পিউটার হঠাৎ বন্ধ হয়ে গেছে।,sylhet
sentence_53.wav,dataset/chunks/sylhet/syl_cate_16/sentence_53.wav,ফোনে নেটওয়ার্ক নেই।,sylhet
sentence_54.wav,dataset/chunks/sylhet/syl_cate_16/sentence_54.wav,খাবারের স্বাদ ভালো নয়।,sylhet
sentence_55.wav,dataset/chunks/sylhet/syl_cate_16/sentence_55.wav,লিফট লক হয়ে গেছে।,sylhet
sentence_56.wav,dataset/chunks/sylhet/syl_cate_16/sentence_56.wav,দোকানের হেডফোন ব্রেক।,sylhet
sentence_57.wav,dataset/chunks/sylhet/syl_cate_16/sentence_57.wav,রিকশাচালক রাস্তায় নেই।,sylhet
sentence_58.wav,dataset/chunks/sylhet/syl_cate_16/sentence_58.wav,বাসে শীত নেই।,sylhet
sentence_59.wav,dataset/chunks/sylhet/syl_cate_16/sentence_59.wav,আমার ফোন হ্যাং করছে।,sylhet
sentence_60.wav,dataset/chunks/sylhet/syl_cate_16/sentence_60.wav,দোকানে সঠিক দাম নেই।,sylhet
sentence_61.wav,dataset/chunks/sylhet/syl_cate_16/sentence_61.wav,খাবারের স্বাদ খুব ঝাল।,sylhet
sentence_62.wav,dataset/chunks/sylhet/syl_cate_16/sentence_62.wav,লিফট বেজে যাচ্ছে।,sylhet
sentence_63.wav,dataset/chunks/sylhet/syl_cate_16/sentence_63.wav,আমার ল্যাপটপ কাজ করছে না।,sylhet
sentence_64.wav,dataset/chunks/sylhet/syl_cate_16/sentence_64.wav,দোকানের পণ্য ভাঙা।,sylhet
sentence_65.wav,dataset/chunks/sylhet/syl_cate_16/sentence_65.wav,রিকশা দূরে গেছে।,sylhet
sentence_66.wav,dataset/chunks/sylhet/syl_cate_16/sentence_66.wav,বাস সময়মতো আসেনি।,sylhet
sentence_67.wav,dataset/chunks/sylhet/syl_cate_16/sentence_67.wav,আমার মোবাইল নেটওয়ার্ক নেই।,sylhet
sentence_68.wav,dataset/chunks/sylhet/syl_cate_16/sentence_68.wav,দোকানের সার্ভিস খারাপ।,sylhet
sentence_69.wav,dataset/chunks/sylhet/syl_cate_16/sentence_69.wav,খাবারের পরিমাণ কম।,sylhet
sentence_70.wav,dataset/chunks/sylhet/syl_cate_16/sentence_70.wav,লিফট খুব ধীরে চলছে।,sylhet
sentence_01.wav,dataset/chunks/sylhet/syl_cate_17/sentence_01.wav,আমি একটি নতুন ব্যাংক অ্যাকাউন্ট খুলতে চাই।,sylhet
sentence_02.wav,dataset/chunks/sylhet/syl_cate_17/sentence_02.wav,আমার অ্যাকাউন্ট ব্যালেন্স কত?,sylhet
sentence_03.wav,dataset/chunks/sylhet/syl_cate_17/sentence_03.wav,আমি টাকা পাঠাতে চাই।,sylhet
sentence_04.wav,dataset/chunks/sylhet/syl_cate_17/sentence_04.wav,ATM কার্ড কোথায় পাব?,sylhet
sentence_05.wav,dataset/chunks/sylhet/syl_cate_17/sentence_05.wav,আমি বিকাশে টাকা পাঠাতে চাই।,sylhet
sentence_06.wav,dataset/chunks/sylhet/syl_cate_17/sentence_06.wav,চেক জমা দিতে হবে কি?,sylhet
sentence_07.wav,dataset/chunks/sylhet/syl_cate_17/sentence_07.wav,ব্যাংকের সময়সূচি কী?,sylhet
sentence_08.wav,dataset/chunks/sylhet/syl_cate_17/sentence_08.wav,আমি একটি লোন নিতে চাই।,sylhet
sentence_09.wav,dataset/chunks/sylhet/syl_cate_17/sentence_09.wav,ATM কাজ করছে না।,sylhet
sentence_10.wav,dataset/chunks/sylhet/syl_cate_17/sentence_10.wav,আমি অনলাইন ব্যাংকিং করতে চাই।,sylhet
sentence_11.wav,dataset/chunks/sylhet/syl_cate_17/sentence_11.wav,আমার অ্যাকাউন্টে টাকা ঢুকেনি।,sylhet
sentence_12.wav,dataset/chunks/sylhet/syl_cate_17/sentence_12.wav,ব্যাংক খোলা আছে কি?,sylhet
sentence_13.wav,dataset/chunks/sylhet/syl_cate_17/sentence_13.wav,আমি একটি ডেবিট কার্ড চাই।,sylhet
sentence_14.wav,dataset/chunks/sylhet/syl_cate_17/sentence_14.wav,বিকাশে ট্রান্সফার সফল হয়েছে কি?,sylhet
sentence_15.wav,dataset/chunks/sylhet/syl_cate_17/sentence_15.wav,আমি ক্রেডিট কার্ড আবেদন করতে চাই।,sylhet
sentence_16.wav,dataset/chunks/sylhet/syl_cate_17/sentence_16.wav,ATM থেকে কত টাকা তুলতে পারি?,sylhet
sentence_17.wav,dataset/chunks/sylhet/syl_cate_17/sentence_17.wav,আমার পিন ভুল হয়েছে।,sylhet
sentence_18.wav,dataset/chunks/sylhet/syl_cate_17/sentence_18.wav,ব্যাংক ফি কত?,sylhet
sentence_19.wav,dataset/chunks/sylhet/syl_cate_17/sentence_19.wav,আমি চেকবই চাই।,sylhet
sentence_20.wav,dataset/chunks/sylhet/syl_cate_17/sentence_20.wav,বিকাশে লেনদেন কতক্ষণ সময় নেয়?,sylhet
sentence_21.wav,dataset/chunks/sylhet/syl_cate_17/sentence_21.wav,আমি টাকা তুলতে চাই।,sylhet
sentence_22.wav,dataset/chunks/sylhet/syl_cate_17/sentence_22.wav,আমার অ্যাকাউন্ট ব্লক হয়েছে।,sylhet
sentence_23.wav,dataset/chunks/sylhet/syl_cate_17/sentence_23.wav,ব্যাংকিং সেবা ভালো কি?,sylhet
sentence_24.wav,dataset/chunks/sylhet/syl_cate_17/sentence_24.wav,আমি ফান্ড ট্রান্সফার করতে চাই।,sylhet
sentence_25.wav,dataset/chunks/sylhet/syl_cate_17/sentence_25.wav,ATM কোথায় আছে?,sylhet
sentence_26.wav,dataset/chunks/sylhet/syl_cate_17/sentence_26.wav,আমার ডেবিট কার্ড হারিয়েছে।,sylhet
sentence_27.wav,dataset/chunks/sylhet/syl_cate_17/sentence_27.wav,আমি বিকাশ ব্যালেন্স চেক করতে চাই।,sylhet
sentence_28.wav,dataset/chunks/sylhet/syl_cate_17/sentence_28.wav,ব্যাংক অ্যাকাউন্ট কতদিনে খোলা হয়?,sylhet
sentence_29.wav,dataset/chunks/sylhet/syl_cate_17/sentence_29.wav,আমি মোবাইল ব্যাংকিং ব্যবহার করতে চাই।,sylhet
sentence_30.wav,dataset/chunks/sylhet/syl_cate_17/sentence_30.wav,আমি টাকা পাঠিয়েছি কিন্তু পাওয়া যায়নি।,sylhet
sentence_31.wav,dataset/chunks/sylhet/syl_cate_17/sentence_31.wav,আমি লোন পরিশোধ করতে চাই।,sylhet
sentence_32.wav,dataset/chunks/sylhet/syl_cate_17/sentence_32.wav,ATM থেকে টাকা তুলতে সমস্যা।,sylhet
sentence_33.wav,dataset/chunks/sylhet/syl_cate_17/sentence_33.wav,ব্যাংকের চেক অনুমোদিত হয়েছে কি?,sylhet
sentence_34.wav,dataset/chunks/sylhet/syl_cate_17/sentence_34.wav,আমি বিকাশে টাকা জমা দিতে চাই।,sylhet
sentence_35.wav,dataset/chunks/sylhet/syl_cate_17/sentence_35.wav,আমার ক্রেডিট কার্ড লিমিট কত?,sylhet
sentence_36.wav,dataset/chunks/sylhet/syl_cate_17/sentence_36.wav,আমি ব্যাংক খোলা আছে কিনা জানতে চাই।,sylhet
sentence_37.wav,dataset/chunks/sylhet/syl_cate_17/sentence_37.wav,আমার অ্যাকাউন্ট নম্বর ভুল।,sylhet
sentence_38.wav,dataset/chunks/sylhet/syl_cate_17/sentence_38.wav,আমি ফান্ড রিসিভ করতে পারছি না।,sylhet
sentence_39.wav,dataset/chunks/sylhet/syl_cate_17/sentence_39.wav,ব্যাংক সেবা ধীর।,sylhet
sentence_40.wav,dataset/chunks/sylhet/syl_cate_17/sentence_40.wav,আমি বিকাশের পিন পরিবর্তন করতে চাই।,sylhet
sentence_41.wav,dataset/chunks/sylhet/syl_cate_17/sentence_41.wav,আমি একটি ট্রান্সফার করতে চাই।,sylhet
sentence_42.wav,dataset/chunks/sylhet/syl_cate_17/sentence_42.wav,ব্যাংকের কনসাল্ট্যান্ট কোথায় আছে?,sylhet
sentence_43.wav,dataset/chunks/sylhet/syl_cate_17/sentence_43.wav,আমার অ্যাকাউন্টে লেনদেন দেখা যায় না।,sylhet
sentence_44.wav,dataset/chunks/sylhet/syl_cate_17/sentence_44.wav,আমি নতুন ATM কার্ড চাই।,sylhet
sentence_45.wav,dataset/chunks/sylhet/syl_cate_17/sentence_45.wav,বিকাশে লেনদেন বাতিল হয়েছে।,sylhet
sentence_46.wav,dataset/chunks/sylhet/syl_cate_17/sentence_46.wav,ব্যাংকের চেক যাচাই হয়েছে কি?,sylhet
sentence_47.wav,dataset/chunks/sylhet/syl_cate_17/sentence_47.wav,আমি ফান্ড ট্রান্সফার করতে পারছি না।,sylhet
sentence_48.wav,dataset/chunks/sylhet/syl_cate_17/sentence_48.wav,আমার অ্যাকাউন্টে টাকা কমেছে।,sylhet
sentence_49.wav,dataset/chunks/sylhet/syl_cate_17/sentence_49.wav,আমি লোন স্ট্যাটাস জানতে চাই।,sylhet
sentence_50.wav,dataset/chunks/sylhet/syl_cate_17/sentence_50.wav,ATM খুব ব্যস্ত।,sylhet
sentence_51.wav,dataset/chunks/sylhet/syl_cate_17/sentence_51.wav,আমি বিকাশে নতুন নাম্বার রেজিস্টার করতে চাই।,sylhet
sentence_52.wav,dataset/chunks/sylhet/syl_cate_17/sentence_52.wav,ব্যাংকের ফি খুব বেশি।,sylhet
sentence_53.wav,dataset/chunks/sylhet/syl_cate_17/sentence_53.wav,আমি অনলাইন পেমেন্ট করতে চাই।,sylhet
sentence_54.wav,dataset/chunks/sylhet/syl_cate_17/sentence_54.wav,আমার অ্যাকাউন্টে লেনদেন বন্ধ।,sylhet
sentence_55.wav,dataset/chunks/sylhet/syl_cate_17/sentence_55.wav,আমি চেক জমা দিতে পারছি না।,sylhet
sentence_56.wav,dataset/chunks/sylhet/syl_cate_17/sentence_56.wav,বিকাশে টাকা স্থানান্তর করতে সমস্যা।,sylhet
sentence_57.wav,dataset/chunks/sylhet/syl_cate_17/sentence_57.wav,ব্যাংকের সময়সূচি পরিবর্তন হয়েছে।,sylhet
sentence_58.wav,dataset/chunks/sylhet/syl_cate_17/sentence_58.wav,আমি ক্রেডিট কার্ড একটিভ করতে চাই।,sylhet
sentence_59.wav,dataset/chunks/sylhet/syl_cate_17/sentence_59.wav,আমার লোন অ্যাপ্লিকেশন পেন্ডিং আছে।,sylhet
sentence_60.wav,dataset/chunks/sylhet/syl_cate_17/sentence_60.wav,ATM থেকে লেনদেন বাতিল হয়েছে।,sylhet
sentence_61.wav,dataset/chunks/sylhet/syl_cate_17/sentence_61.wav,আমি বিকাশে টাকা রিফান্ড চাই।,sylhet
sentence_62.wav,dataset/chunks/sylhet/syl_cate_17/sentence_62.wav,ব্যাংকের সার্ভিস খারাপ।,sylhet
sentence_63.wav,dataset/chunks/sylhet/syl_cate_17/sentence_63.wav,আমি আমার অ্যাকাউন্ট বন্ধ করতে চাই।,sylhet
sentence_64.wav,dataset/chunks/sylhet/syl_cate_17/sentence_64.wav,আমার ডেবিট কার্ড ব্লক হয়েছে।,sylhet
sentence_65.wav,dataset/chunks/sylhet/syl_cate_17/sentence_65.wav,আমি ফান্ড রিসিভ করতে পারছি না।,sylhet
sentence_66.wav,dataset/chunks/sylhet/syl_cate_17/sentence_66.wav,ব্যাংকের লাইন অনেক লম্বা।,sylhet
sentence_67.wav,dataset/chunks/sylhet/syl_cate_17/sentence_67.wav,আমি ক্রেডিট কার্ড বন্ধ করতে চাই।,sylhet
sentence_68.wav,dataset/chunks/sylhet/syl_cate_17/sentence_68.wav,আমার অ্যাকাউন্টে টাকা জমা হয়নি।,sylhet
sentence_69.wav,dataset/chunks/sylhet/syl_cate_17/sentence_69.wav,আমি বিকাশে লেনদেনের হিস্ট্রি দেখতে চাই।,sylhet
sentence_70.wav,dataset/chunks/sylhet/syl_cate_17/sentence_70.wav,ব্যাংকের লোন প্রক্রিয়া ধীর।,sylhet
sentence_01.wav,dataset/chunks/sylhet/syl_cate_18/sentence_01.wav,আমি খুব খুশি।,sylhet
sentence_02.wav,dataset/chunks/sylhet/syl_cate_18/sentence_02.wav,তুমি কীভাবে অনুভব করছো?,sylhet
sentence_03.wav,dataset/chunks/sylhet/syl_cate_18/sentence_03.wav,আমি দুঃখিত।,sylhet
sentence_04.wav,dataset/chunks/sylhet/syl_cate_18/sentence_04.wav,এটা সত্যিই দুঃখজনক।,sylhet
sentence_05.wav,dataset/chunks/sylhet/syl_cate_18/sentence_05.wav,আমি রাগান্বিত।,sylhet
sentence_06.wav,dataset/chunks/sylhet/syl_cate_18/sentence_06.wav,তুমি কেন রাগ করছো?,sylhet
sentence_07.wav,dataset/chunks/sylhet/syl_cate_18/sentence_07.wav,আমি উত্তেজিত।,sylhet
sentence_08.wav,dataset/chunks/sylhet/syl_cate_18/sentence_08.wav,এটা আমার জন্য আশ্চর্যজনক।,sylhet
sentence_09.wav,dataset/chunks/sylhet/syl_cate_18/sentence_09.wav,আমি ভীত।,sylhet
sentence_10.wav,dataset/chunks/sylhet/syl_cate_18/sentence_10.wav,তুমি কেন ভয় পাচ্ছো?,sylhet
sentence_11.wav,dataset/chunks/sylhet/syl_cate_18/sentence_11.wav,আমি দারুণ খুশি।,sylhet
sentence_12.wav,dataset/chunks/sylhet/syl_cate_18/sentence_12.wav,এটা সত্যিই আমাকে কষ্ট দিচ্ছে।,sylhet
sentence_13.wav,dataset/chunks/sylhet/syl_cate_18/sentence_13.wav,আমি হতাশ।,sylhet
sentence_14.wav,dataset/chunks/sylhet/syl_cate_18/sentence_14.wav,তুমি খুব আনন্দিত দেখাচ্ছো।,sylhet
sentence_15.wav,dataset/chunks/sylhet/syl_cate_18/sentence_15.wav,আমি অবাক।,sylhet
sentence_16.wav,dataset/chunks/sylhet/syl_cate_18/sentence_16.wav,এটা আমার জন্য দুঃসংবাদ।,sylhet
sentence_17.wav,dataset/chunks/sylhet/syl_cate_18/sentence_17.wav,আমি খুব দুঃখিত।,sylhet
sentence_18.wav,dataset/chunks/sylhet/syl_cate_18/sentence_18.wav,তুমি কি খুশি?,sylhet
sentence_19.wav,dataset/chunks/sylhet/syl_cate_18/sentence_19.wav,আমি উত্তেজিত অনুভব করছি।,sylhet
sentence_20.wav,dataset/chunks/sylhet/syl_cate_18/sentence_20.wav,আমি রাগান্বিত হয়ে যাচ্ছি।,sylhet
sentence_21.wav,dataset/chunks/sylhet/syl_cate_18/sentence_21.wav,এটা সত্যিই অবাক করা।,sylhet
sentence_22.wav,dataset/chunks/sylhet/syl_cate_18/sentence_22.wav,"আমি দুঃখিত, এটা আমার দোষ।",sylhet
sentence_23.wav,dataset/chunks/sylhet/syl_cate_18/sentence_23.wav,তুমি কেমন অনুভব করছো?,sylhet
sentence_24.wav,dataset/chunks/sylhet/syl_cate_18/sentence_24.wav,আমি শান্ত।,sylhet
sentence_25.wav,dataset/chunks/sylhet/syl_cate_18/sentence_25.wav,এটা আমাকে আনন্দিত করছে।,sylhet
sentence_26.wav,dataset/chunks/sylhet/syl_cate_18/sentence_26.wav,আমি চিন্তিত।,sylhet
sentence_27.wav,dataset/chunks/sylhet/syl_cate_18/sentence_27.wav,আমি হতাশ হয়ে যাচ্ছি।,sylhet
sentence_28.wav,dataset/chunks/sylhet/syl_cate_18/sentence_28.wav,তুমি রাগান্বিত না তো?,sylhet
sentence_29.wav,dataset/chunks/sylhet/syl_cate_18/sentence_29.wav,আমি সত্যিই আনন্দিত।,sylhet
sentence_30.wav,dataset/chunks/sylhet/syl_cate_18/sentence_30.wav,এটা আমাকে বিরক্ত করছে।,sylhet
sentence_31.wav,dataset/chunks/sylhet/syl_cate_18/sentence_31.wav,আমি অবাক হয়ে গেলাম।,sylhet
sentence_32.wav,dataset/chunks/sylhet/syl_cate_18/sentence_32.wav,আমি খুব ভীত।,sylhet
sentence_33.wav,dataset/chunks/sylhet/syl_cate_18/sentence_33.wav,তুমি আনন্দিত দেখাচ্ছো।,sylhet
sentence_34.wav,dataset/chunks/sylhet/syl_cate_18/sentence_34.wav,আমি হতাশ অনুভব করছি।,sylhet
sentence_35.wav,dataset/chunks/sylhet/syl_cate_18/sentence_35.wav,আমি রাগান্বিত হয়ে গিয়েছি।,sylhet
sentence_36.wav,dataset/chunks/sylhet/syl_cate_18/sentence_36.wav,এটা আমাকে আনন্দ দিচ্ছে।,sylhet
sentence_37.wav,dataset/chunks/sylhet/syl_cate_18/sentence_37.wav,আমি উদ্বিগ্ন।,sylhet
sentence_38.wav,dataset/chunks/sylhet/syl_cate_18/sentence_38.wav,তুমি কেন দুঃখিত?,sylhet
sentence_39.wav,dataset/chunks/sylhet/syl_cate_18/sentence_39.wav,আমি খুব খুশি অনুভব করছি।,sylhet
sentence_40.wav,dataset/chunks/sylhet/syl_cate_18/sentence_40.wav,এটা সত্যিই বিরক্তিকর।,sylhet
sentence_41.wav,dataset/chunks/sylhet/syl_cate_18/sentence_41.wav,আমি আশ্চর্য।,sylhet
sentence_42.wav,dataset/chunks/sylhet/syl_cate_18/sentence_42.wav,তুমি ভয় পাচ্ছো কেন?,sylhet
sentence_43.wav,dataset/chunks/sylhet/syl_cate_18/sentence_43.wav,আমি খুব আনন্দিত।,sylhet
sentence_44.wav,dataset/chunks/sylhet/syl_cate_18/sentence_44.wav,এটা আমাকে দুঃখিত করছে।,sylhet
sentence_45.wav,dataset/chunks/sylhet/syl_cate_18/sentence_45.wav,আমি রাগ অনুভব করছি।,sylhet
sentence_46.wav,dataset/chunks/sylhet/syl_cate_18/sentence_46.wav,তুমি উত্তেজিত নাকি?,sylhet
sentence_47.wav,dataset/chunks/sylhet/syl_cate_18/sentence_47.wav,আমি অবাক হয়ে যাচ্ছি।,sylhet
sentence_48.wav,dataset/chunks/sylhet/syl_cate_18/sentence_48.wav,এটা সত্যিই দারুণ।,sylhet
sentence_49.wav,dataset/chunks/sylhet/syl_cate_18/sentence_49.wav,আমি শান্ত অনুভব করছি।,sylhet
sentence_50.wav,dataset/chunks/sylhet/syl_cate_18/sentence_50.wav,তুমি দুঃখিত নাকি?,sylhet
sentence_51.wav,dataset/chunks/sylhet/syl_cate_18/sentence_51.wav,আমি খুব চিন্তিত।,sylhet
sentence_52.wav,dataset/chunks/sylhet/syl_cate_18/sentence_52.wav,এটা আমাকে বিরক্ত করছে।,sylhet
sentence_53.wav,dataset/chunks/sylhet/syl_cate_18/sentence_53.wav,আমি আনন্দ অনুভব করছি।,sylhet
sentence_54.wav,dataset/chunks/sylhet/syl_cate_18/sentence_54.wav,তুমি রাগান্বিত নাকি?,sylhet
sentence_55.wav,dataset/chunks/sylhet/syl_cate_18/sentence_55.wav,আমি আশ্চর্য অনুভব করছি।,sylhet
sentence_56.wav,dataset/chunks/sylhet/syl_cate_18/sentence_56.wav,এটা আমাকে উত্তেজিত করছে।,sylhet
sentence_57.wav,dataset/chunks/sylhet/syl_cate_18/sentence_57.wav,"আমি দুঃখিত, আমি কিছু করতে পারিনি।",sylhet
sentence_58.wav,dataset/chunks/sylhet/syl_cate_18/sentence_58.wav,তুমি খুশি নাকি?,sylhet
sentence_59.wav,dataset/chunks/sylhet/syl_cate_18/sentence_59.wav,আমি খুব ভীত অনুভব করছি।,sylhet
sentence_60.wav,dataset/chunks/sylhet/syl_cate_18/sentence_60.wav,এটা সত্যিই দুঃখজনক।,sylhet
sentence_61.wav,dataset/chunks/sylhet/syl_cate_18/sentence_61.wav,আমি রাগান্বিত হয়ে যাচ্ছি।,sylhet
sentence_62.wav,dataset/chunks/sylhet/syl_cate_18/sentence_62.wav,তুমি উদ্বিগ্ন নাকি?,sylhet
sentence_63.wav,dataset/chunks/sylhet/syl_cate_18/sentence_63.wav,আমি খুব আনন্দিত অনুভব করছি।,sylhet
sentence_64.wav,dataset/chunks/sylhet/syl_cate_18/sentence_64.wav,এটা আমাকে হতাশ করছে।,sylhet
sentence_65.wav,dataset/chunks/sylhet/syl_cate_18/sentence_65.wav,আমি শান্ত অনুভব করছি।,sylhet
sentence_66.wav,dataset/chunks/sylhet/syl_cate_18/sentence_66.wav,তুমি দারুণ খুশি দেখাচ্ছো।,sylhet
sentence_67.wav,dataset/chunks/sylhet/syl_cate_18/sentence_67.wav,আমি বিরক্ত অনুভব করছি।,sylhet
sentence_68.wav,dataset/chunks/sylhet/syl_cate_18/sentence_68.wav,এটা আমাকে অবাক করছে।,sylhet
sentence_69.wav,dataset/chunks/sylhet/syl_cate_18/sentence_69.wav,আমি উত্তেজিত হয়ে যাচ্ছি।,sylhet
sentence_70.wav,dataset/chunks/sylhet/syl_cate_18/sentence_70.wav,আমি সত্যিই খুশি।,sylhet
sentence_01.wav,dataset/chunks/sylhet/syl_cate_19/sentence_01.wav,আমি লোকসংগীত শুনতে ভালোবাসি।,sylhet
sentence_02.wav,dataset/chunks/sylhet/syl_cate_19/sentence_02.wav,তুমি কি আজ রাতে নাচ দেখতে যাবে?,sylhet
sentence_03.wav,dataset/chunks/sylhet/syl_cate_19/sentence_03.wav,মেলা খুব সুন্দর।,sylhet
sentence_04.wav,dataset/chunks/sylhet/syl_cate_19/sentence_04.wav,তুমি কি পহেলা বৈশাখ উদযাপন করছো?,sylhet
sentence_05.wav,dataset/chunks/sylhet/syl_cate_19/sentence_05.wav,আমি একটি লোকনৃত্য শিখছি।,sylhet
sentence_06.wav,dataset/chunks/sylhet/syl_cate_19/sentence_06.wav,আজ রাতে আমরা মেলায় যাচ্ছি।,sylhet
sentence_07.wav,dataset/chunks/sylhet/syl_cate_19/sentence_07.wav,তুমি কি বাঁশি বাজাতে পারো?,sylhet
sentence_08.wav,dataset/chunks/sylhet/syl_cate_19/sentence_08.wav,আমরা পুতুলনাচ দেখেছি।,sylhet
sentence_09.wav,dataset/chunks/sylhet/syl_cate_19/sentence_09.wav,মেলায় অনেক লোক আছে।,sylhet
sentence_10.wav,dataset/chunks/sylhet/syl_cate_19/sentence_10.wav,তুমি কি ঢাক বাজাতে চাও?,sylhet
sentence_11.wav,dataset/chunks/sylhet/syl_cate_19/sentence_11.wav,আমি নাটক দেখতে যাচ্ছি।,sylhet
sentence_12.wav,dataset/chunks/sylhet/syl_cate_19/sentence_12.wav,আজকে কাব্য অনুষ্ঠানে যাচ্ছি।,sylhet
sentence_13.wav,dataset/chunks/sylhet/syl_cate_19/sentence_13.wav,তুমি কি গান গাইতে পারো?,sylhet
sentence_14.wav,dataset/chunks/sylhet/syl_cate_19/sentence_14.wav,লোকনৃত্য খুব সুন্দর।,sylhet
sentence_15.wav,dataset/chunks/sylhet/syl_cate_19/sentence_15.wav,আমরা মেলায় পিঠা খেয়েছি।,sylhet
sentence_16.wav,dataset/chunks/sylhet/syl_cate_19/sentence_16.wav,তুমি কি আজকে শিল্প প্রদর্শনী দেখেছো?,sylhet
sentence_17.wav,dataset/chunks/sylhet/syl_cate_19/sentence_17.wav,আমি রবীন্দ্রনাথের গান শুনতে ভালোবাসি।,sylhet
sentence_18.wav,dataset/chunks/sylhet/syl_cate_19/sentence_18.wav,মেলায় খেলার স্টল আছে।,sylhet
sentence_19.wav,dataset/chunks/sylhet/syl_cate_19/sentence_19.wav,তুমি কি আজকে ঢোল বাজাচ্ছো?,sylhet
sentence_20.wav,dataset/chunks/sylhet/syl_cate_19/sentence_20.wav,আমরা একটি রাস্তানাটক দেখেছি।,sylhet
sentence_21.wav,dataset/chunks/sylhet/syl_cate_19/sentence_21.wav,মেলায় অনেক খাবার বিক্রি হচ্ছে।,sylhet
sentence_22.wav,dataset/chunks/sylhet/syl_cate_19/sentence_22.wav,তুমি কি আজকে লোকগীতি শোনাচ্ছো?,sylhet
sentence_23.wav,dataset/chunks/sylhet/syl_cate_19/sentence_23.wav,আমি নৃত্য প্রতিযোগিতায় অংশ নিচ্ছি।,sylhet
sentence_24.wav,dataset/chunks/sylhet/syl_cate_19/sentence_24.wav,মেলায় সাজানো হয়েছে অনেক আলোকসজ্জা।,sylhet
sentence_25.wav,dataset/chunks/sylhet/syl_cate_19/sentence_25.wav,তুমি কি আজকে মেলায় গিয়েছো?,sylhet
sentence_26.wav,dataset/chunks/sylhet/syl_cate_19/sentence_26.wav,আমরা একটি লোককাহিনী শোনেছি।,sylhet
sentence_27.wav,dataset/chunks/sylhet/syl_cate_19/sentence_27.wav,তুমি কি আজকে নাটক দেখেছো?,sylhet
sentence_28.wav,dataset/chunks/sylhet/syl_cate_19/sentence_28.wav,আমি পটচিত্র দেখতে ভালোবাসি।,sylhet
sentence_29.wav,dataset/chunks/sylhet/syl_cate_19/sentence_29.wav,মেলায় অনেক শিশু খেলছে।,sylhet
sentence_30.wav,dataset/chunks/sylhet/syl_cate_19/sentence_30.wav,তুমি কি লোকনৃত্য শিখছো?,sylhet
sentence_31.wav,dataset/chunks/sylhet/syl_cate_19/sentence_31.wav,আমরা পুতুলনাচ প্রদর্শনীতে গিয়েছি।,sylhet
sentence_32.wav,dataset/chunks/sylhet/syl_cate_19/sentence_32.wav,মেলায় গান বাজানো হচ্ছে।,sylhet
sentence_33.wav,dataset/chunks/sylhet/syl_cate_19/sentence_33.wav,তুমি কি শিল্পকর্ম তৈরি করছো?,sylhet
sentence_34.wav,dataset/chunks/sylhet/syl_cate_19/sentence_34.wav,আমি লোকসংগীত শোনাচ্ছি।,sylhet
sentence_35.wav,dataset/chunks/sylhet/syl_cate_19/sentence_35.wav,মেলায় খেলনা বিক্রি হচ্ছে।,sylhet
sentence_36.wav,dataset/chunks/sylhet/syl_cate_19/sentence_36.wav,তুমি কি আজকে পিঠা খেয়েছো?,sylhet
sentence_37.wav,dataset/chunks/sylhet/syl_cate_19/sentence_37.wav,আমরা নৃত্য প্রদর্শনীতে অংশ নিয়েছি।,sylhet
sentence_38.wav,dataset/chunks/sylhet/syl_cate_19/sentence_38.wav,মেলায় বিভিন্ন খাবার রয়েছে।,sylhet
sentence_39.wav,dataset/chunks/sylhet/syl_cate_19/sentence_39.wav,তুমি কি আজকে কাব্য শোনাচ্ছো?,sylhet
sentence_40.wav,dataset/chunks/sylhet/syl_cate_19/sentence_40.wav,আমি রবীন্দ্রনাথের গান গাইছি।,sylhet
sentence_41.wav,dataset/chunks/sylhet/syl_cate_19/sentence_41.wav,মেলায় রঙিন বাতি জ্বলে।,sylhet
sentence_42.wav,dataset/chunks/sylhet/syl_cate_19/sentence_42.wav,তুমি কি আজকে নাটক মঞ্চস্থ করছো?,sylhet
sentence_43.wav,dataset/chunks/sylhet/syl_cate_19/sentence_43.wav,আমরা লোকনৃত্য দেখতে যাচ্ছি।,sylhet
sentence_44.wav,dataset/chunks/sylhet/syl_cate_19/sentence_44.wav,মেলায় অনেক ছবি তোলা হচ্ছে।,sylhet
sentence_45.wav,dataset/chunks/sylhet/syl_cate_19/sentence_45.wav,তুমি কি পুতুলনাচ পছন্দ করো?,sylhet
sentence_46.wav,dataset/chunks/sylhet/syl_cate_19/sentence_46.wav,আমি নৃত্য প্রশিক্ষণ নিচ্ছি।,sylhet
sentence_47.wav,dataset/chunks/sylhet/syl_cate_19/sentence_47.wav,মেলায় লোকশিল্প প্রদর্শিত হচ্ছে।,sylhet
sentence_48.wav,dataset/chunks/sylhet/syl_cate_19/sentence_48.wav,তুমি কি আজকে গান শোনাচ্ছো?,sylhet
sentence_49.wav,dataset/chunks/sylhet/syl_cate_19/sentence_49.wav,আমরা মেলায় হস্তশিল্প কিনেছি।,sylhet
sentence_50.wav,dataset/chunks/sylhet/syl_cate_19/sentence_50.wav,মেলায় অনেক লোক আনন্দ করছে।,sylhet
sentence_51.wav,dataset/chunks/sylhet/syl_cate_19/sentence_51.wav,তুমি কি আজকে মেলার খেলা খেলেছো?,sylhet
sentence_52.wav,dataset/chunks/sylhet/syl_cate_19/sentence_52.wav,আমি লোকনৃত্য প্রদর্শনীতে গিয়েছি।,sylhet
sentence_53.wav,dataset/chunks/sylhet/syl_cate_19/sentence_53.wav,মেলায় মিষ্টি বিক্রি হচ্ছে।,sylhet
sentence_54.wav,dataset/chunks/sylhet/syl_cate_19/sentence_54.wav,তুমি কি আজকে রাস্তানাটক দেখেছো?,sylhet
sentence_55.wav,dataset/chunks/sylhet/syl_cate_19/sentence_55.wav,আমি পুতুলনাচ তৈরি করছি।,sylhet
sentence_56.wav,dataset/chunks/sylhet/syl_cate_19/sentence_56.wav,মেলায় বিভিন্ন নাচ প্রদর্শিত হচ্ছে।,sylhet
sentence_57.wav,dataset/chunks/sylhet/syl_cate_19/sentence_57.wav,তুমি কি আজকে শিল্প প্রদর্শনীতে গিয়েছো?,sylhet
sentence_58.wav,dataset/chunks/sylhet/syl_cate_19/sentence_58.wav,আমরা মেলায় গান শুনেছি।,sylhet
sentence_59.wav,dataset/chunks/sylhet/syl_cate_19/sentence_59.wav,মেলায় লোকসংগীত বাজানো হয়েছে।,sylhet
sentence_60.wav,dataset/chunks/sylhet/syl_cate_19/sentence_60.wav,তুমি কি আজকে পিঠা খেয়েছো?,sylhet
sentence_61.wav,dataset/chunks/sylhet/syl_cate_19/sentence_61.wav,আমি নৃত্য প্রশিক্ষণে অংশ নিচ্ছি।,sylhet
sentence_62.wav,dataset/chunks/sylhet/syl_cate_19/sentence_62.wav,মেলায় খেলা প্রদর্শনী হয়েছে।,sylhet
sentence_63.wav,dataset/chunks/sylhet/syl_cate_19/sentence_63.wav,তুমি কি আজকে রঙিন লাইট দেখেছো?,sylhet
sentence_64.wav,dataset/chunks/sylhet/syl_cate_19/sentence_64.wav,আমরা মেলায় হস্তশিল্প শিখেছি।,sylhet
sentence_65.wav,dataset/chunks/sylhet/syl_cate_19/sentence_65.wav,মেলায় লোককাহিনী বলা হয়েছে।,sylhet
sentence_66.wav,dataset/chunks/sylhet/syl_cate_19/sentence_66.wav,তুমি কি আজকে কাব্য শোনেছো?,sylhet
sentence_67.wav,dataset/chunks/sylhet/syl_cate_19/sentence_67.wav,আমি মেলায় গিয়েছি।,sylhet
sentence_68.wav,dataset/chunks/sylhet/syl_cate_19/sentence_68.wav,মেলায় নাটক প্রদর্শিত হয়েছে।,sylhet
sentence_69.wav,dataset/chunks/sylhet/syl_cate_19/sentence_69.wav,তুমি কি আজকে গান গেয়েছো?,sylhet
sentence_70.wav,dataset/chunks/sylhet/syl_cate_19/sentence_70.wav,আমরা মেলায় নাচ উপভোগ করেছি।,sylhet
