filename,audio_path,transcript,region,category
sentence_01.wav,dataset/chunks/barishal/bar_cate_01/sentence_01.wav,আপনি কোথা থেকে এসেছেন?,barishal,bar_cate_01
sentence_02.wav,dataset/chunks/barishal/bar_cate_01/sentence_02.wav,আপনার নাম কী?,barishal,bar_cate_01
sentence_03.wav,dataset/chunks/barishal/bar_cate_01/sentence_03.wav,আমার নাম জন।,barishal,bar_cate_01
sentence_04.wav,dataset/chunks/barishal/bar_cate_01/sentence_04.wav,আপনার সাথে পরিচিত হয়ে ভালো লাগলো।,barishal,bar_cate_01
sentence_05.wav,dataset/chunks/barishal/bar_cate_01/sentence_05.wav,আমি এই এলাকায় নতুন।,barishal,bar_cate_01
sentence_06.wav,dataset/chunks/barishal/bar_cate_01/sentence_06.wav,আপনি কি এখানে থাকেন?,barishal,bar_cate_01
sentence_07.wav,dataset/chunks/barishal/bar_cate_01/sentence_07.wav,আপনি কি প্রথমবার এখানে এসেছেন?,barishal,bar_cate_01
sentence_08.wav,dataset/chunks/barishal/bar_cate_01/sentence_08.wav,আমি বাংলাদেশে ভ্রমণে এসেছি।,barishal,bar_cate_01
sentence_09.wav,dataset/chunks/barishal/bar_cate_01/sentence_09.wav,আপনি কী করেন?,barishal,bar_cate_01
sentence_10.wav,dataset/chunks/barishal/bar_cate_01/sentence_10.wav,আমি একজন ছাত্র।,barishal,bar_cate_01
sentence_11.wav,dataset/chunks/barishal/bar_cate_01/sentence_11.wav,আপনার বাড়ি কোথায়?,barishal,bar_cate_01
sentence_12.wav,dataset/chunks/barishal/bar_cate_01/sentence_12.wav,আপনি কেমন আছেন?,barishal,bar_cate_01
sentence_13.wav,dataset/chunks/barishal/bar_cate_01/sentence_13.wav,আমি ভালো আছি।,barishal,bar_cate_01
sentence_14.wav,dataset/chunks/barishal/bar_cate_01/sentence_14.wav,অনেক দিন পর দেখা হলো।,barishal,bar_cate_01
sentence_15.wav,dataset/chunks/barishal/bar_cate_01/sentence_15.wav,আপনাকে আবার দেখে ভালো লাগছে।,barishal,bar_cate_01
sentence_16.wav,dataset/chunks/barishal/bar_cate_01/sentence_16.wav,আপনি কি আমাকে সাহায্য করতে পারবেন?,barishal,bar_cate_01
sentence_17.wav,dataset/chunks/barishal/bar_cate_01/sentence_17.wav,আপনার সাথে কথা বলে ভালো লাগছে।,barishal,bar_cate_01
sentence_18.wav,dataset/chunks/barishal/bar_cate_01/sentence_18.wav,আমি এখানে কাজের জন্য এসেছি।,barishal,bar_cate_01
sentence_19.wav,dataset/chunks/barishal/bar_cate_01/sentence_19.wav,আপনি কোন দেশ থেকে এসেছেন?,barishal,bar_cate_01
sentence_20.wav,dataset/chunks/barishal/bar_cate_01/sentence_20.wav,আমি ইংরেজি বলতে পারি।,barishal,bar_cate_01
sentence_21.wav,dataset/chunks/barishal/bar_cate_01/sentence_21.wav,আপনি কি বাংলা বলতে পারেন?,barishal,bar_cate_01
sentence_22.wav,dataset/chunks/barishal/bar_cate_01/sentence_22.wav,আমি বাংলা শিখছি।,barishal,bar_cate_01
sentence_23.wav,dataset/chunks/barishal/bar_cate_01/sentence_23.wav,ধন্যবাদ আপনাকে।,barishal,bar_cate_01
sentence_24.wav,dataset/chunks/barishal/bar_cate_01/sentence_24.wav,আপনাকে স্বাগতম।,barishal,bar_cate_01
sentence_25.wav,dataset/chunks/barishal/bar_cate_01/sentence_25.wav,আপনার বয়স কত?,barishal,bar_cate_01
sentence_26.wav,dataset/chunks/barishal/bar_cate_01/sentence_26.wav,আমি এখানে পড়াশোনা করছি।,barishal,bar_cate_01
sentence_27.wav,dataset/chunks/barishal/bar_cate_01/sentence_27.wav,আমি এই শহরটি পছন্দ করি।,barishal,bar_cate_01
sentence_28.wav,dataset/chunks/barishal/bar_cate_01/sentence_28.wav,আপনার পরিবার কেমন আছে?,barishal,bar_cate_01
sentence_29.wav,dataset/chunks/barishal/bar_cate_01/sentence_29.wav,আপনার সাথে দেখা করতে পেরে আনন্দিত।,barishal,bar_cate_01
sentence_30.wav,dataset/chunks/barishal/bar_cate_01/sentence_30.wav,আপনি কি এখানে দীর্ঘদিন থাকবেন?,barishal,bar_cate_01
sentence_31.wav,dataset/chunks/barishal/bar_cate_01/sentence_31.wav,আমি কয়েকদিনের জন্য এসেছি।,barishal,bar_cate_01
sentence_32.wav,dataset/chunks/barishal/bar_cate_01/sentence_32.wav,আপনার সাথে যোগাযোগ রাখতে চাই।,barishal,bar_cate_01
sentence_33.wav,dataset/chunks/barishal/bar_cate_01/sentence_33.wav,এটা আমার প্রথম সফর।,barishal,bar_cate_01
sentence_34.wav,dataset/chunks/barishal/bar_cate_01/sentence_34.wav,আমি আপনার দেশ সম্পর্কে জানতে চাই।,barishal,bar_cate_01
sentence_35.wav,dataset/chunks/barishal/bar_cate_01/sentence_35.wav,আপনি কোথায় কাজ করেন?,barishal,bar_cate_01
sentence_36.wav,dataset/chunks/barishal/bar_cate_01/sentence_36.wav,আপনার ফোন নম্বর দিতে পারেন?,barishal,bar_cate_01
sentence_37.wav,dataset/chunks/barishal/bar_cate_01/sentence_37.wav,আমি আপনার সাথে পরে কথা বলবো।,barishal,bar_cate_01
sentence_38.wav,dataset/chunks/barishal/bar_cate_01/sentence_38.wav,আপনাকে দেখে ভালো লাগলো।,barishal,bar_cate_01
sentence_39.wav,dataset/chunks/barishal/bar_cate_01/sentence_39.wav,আপনি কি এখানে একা এসেছেন?,barishal,bar_cate_01
sentence_40.wav,dataset/chunks/barishal/bar_cate_01/sentence_40.wav,আমি আমার বন্ধুর সাথে এসেছি।,barishal,bar_cate_01
sentence_41.wav,dataset/chunks/barishal/bar_cate_01/sentence_41.wav,আপনার পেশা কী?,barishal,bar_cate_01
sentence_42.wav,dataset/chunks/barishal/bar_cate_01/sentence_42.wav,আমি একজন শিক্ষক।,barishal,bar_cate_01
sentence_43.wav,dataset/chunks/barishal/bar_cate_01/sentence_43.wav,আপনার সাথে কাজ করতে চাই।,barishal,bar_cate_01
sentence_44.wav,dataset/chunks/barishal/bar_cate_01/sentence_44.wav,আজকে আবহাওয়া সুন্দর।,barishal,bar_cate_01
sentence_45.wav,dataset/chunks/barishal/bar_cate_01/sentence_45.wav,আপনি কি এখানে থাকেন নাকি ভ্রমণে এসেছেন?,barishal,bar_cate_01
sentence_46.wav,dataset/chunks/barishal/bar_cate_01/sentence_46.wav,আমি এই জায়গাটি প্রথমবার দেখছি।,barishal,bar_cate_01
sentence_47.wav,dataset/chunks/barishal/bar_cate_01/sentence_47.wav,আপনার সাথে পরিচয় হওয়া আমার জন্য সম্মানের।,barishal,bar_cate_01
sentence_48.wav,dataset/chunks/barishal/bar_cate_01/sentence_48.wav,আপনি কোন ভাষায় কথা বলেন?,barishal,bar_cate_01
sentence_49.wav,dataset/chunks/barishal/bar_cate_01/sentence_49.wav,আমি আপনার কাছ থেকে শিখতে চাই।,barishal,bar_cate_01
sentence_50.wav,dataset/chunks/barishal/bar_cate_01/sentence_50.wav,আমি খুব আনন্দিত।,barishal,bar_cate_01
sentence_51.wav,dataset/chunks/barishal/bar_cate_01/sentence_51.wav,আপনার দিনটি কেমন কাটছে?,barishal,bar_cate_01
sentence_52.wav,dataset/chunks/barishal/bar_cate_01/sentence_52.wav,আমি একটু দেরি করেছি।,barishal,bar_cate_01
sentence_53.wav,dataset/chunks/barishal/bar_cate_01/sentence_53.wav,আপনাকে অপেক্ষা করানোর জন্য দুঃখিত।,barishal,bar_cate_01
sentence_54.wav,dataset/chunks/barishal/bar_cate_01/sentence_54.wav,আপনার সাথে আবার দেখা হবে আশা করি।,barishal,bar_cate_01
sentence_55.wav,dataset/chunks/barishal/bar_cate_01/sentence_55.wav,আপনি কি কাছাকাছি থাকেন?,barishal,bar_cate_01
sentence_56.wav,dataset/chunks/barishal/bar_cate_01/sentence_56.wav,আমি আপনার সাহায্যের জন্য কৃতজ্ঞ।,barishal,bar_cate_01
sentence_57.wav,dataset/chunks/barishal/bar_cate_01/sentence_57.wav,আপনাকে শুভেচ্ছা জানাই।,barishal,bar_cate_01
sentence_58.wav,dataset/chunks/barishal/bar_cate_01/sentence_58.wav,আপনার দিনটি শুভ হোক।,barishal,bar_cate_01
sentence_59.wav,dataset/chunks/barishal/bar_cate_01/sentence_59.wav,আপনার সাথে কথা বলা আনন্দের ছিল।,barishal,bar_cate_01
sentence_60.wav,dataset/chunks/barishal/bar_cate_01/sentence_60.wav,আমি আপনাকে সম্মান করি।,barishal,bar_cate_01
sentence_61.wav,dataset/chunks/barishal/bar_cate_01/sentence_61.wav,আমি এখানে কাজ শুরু করেছি।,barishal,bar_cate_01
sentence_62.wav,dataset/chunks/barishal/bar_cate_01/sentence_62.wav,আপনি কখন এসেছেন?,barishal,bar_cate_01
sentence_63.wav,dataset/chunks/barishal/bar_cate_01/sentence_63.wav,আমি গতকাল এসেছি।,barishal,bar_cate_01
sentence_64.wav,dataset/chunks/barishal/bar_cate_01/sentence_64.wav,আপনি কতদিন থাকবেন?,barishal,bar_cate_01
sentence_65.wav,dataset/chunks/barishal/bar_cate_01/sentence_65.wav,আমি এক সপ্তাহ থাকবো।,barishal,bar_cate_01
sentence_66.wav,dataset/chunks/barishal/bar_cate_01/sentence_66.wav,আপনার সাথে বন্ধুত্ব করতে চাই।,barishal,bar_cate_01
sentence_67.wav,dataset/chunks/barishal/bar_cate_01/sentence_67.wav,আপনি খুব ভদ্র মানুষ।,barishal,bar_cate_01
sentence_68.wav,dataset/chunks/barishal/bar_cate_01/sentence_68.wav,আমি আপনাকে ধন্যবাদ জানাই।,barishal,bar_cate_01
sentence_69.wav,dataset/chunks/barishal/bar_cate_01/sentence_69.wav,আপনার সাথে দেখা হওয়া সৌভাগ্যের।,barishal,bar_cate_01
sentence_70.wav,dataset/chunks/barishal/bar_cate_01/sentence_70.wav,আমি আপনার সাথে আবার যোগাযোগ করবো।,barishal,bar_cate_01
sentence_01.wav,dataset/chunks/barishal/bar_cate_02/sentence_01.wav,বাস স্ট্যান্ড কোথায়?,barishal,bar_cate_02
sentence_02.wav,dataset/chunks/barishal/bar_cate_02/sentence_02.wav,এই রাস্তাটি কোথায় যায়?,barishal,bar_cate_02
sentence_03.wav,dataset/chunks/barishal/bar_cate_02/sentence_03.wav,রেলওয়ে স্টেশন কত দূরে?,barishal,bar_cate_02
sentence_04.wav,dataset/chunks/barishal/bar_cate_02/sentence_04.wav,বিমানবন্দর যাওয়ার রাস্তা কোনটি?,barishal,bar_cate_02
sentence_05.wav,dataset/chunks/barishal/bar_cate_02/sentence_05.wav,বাজারে যেতে কোন বাসে উঠবো?,barishal,bar_cate_02
sentence_06.wav,dataset/chunks/barishal/bar_cate_02/sentence_06.wav,এই বাস কি ঢাকায় যাবে?,barishal,bar_cate_02
sentence_07.wav,dataset/chunks/barishal/bar_cate_02/sentence_07.wav,ভাড়া কত?,barishal,bar_cate_02
sentence_08.wav,dataset/chunks/barishal/bar_cate_02/sentence_08.wav,রিকশার ভাড়া কত নেবেন?,barishal,bar_cate_02
sentence_09.wav,dataset/chunks/barishal/bar_cate_02/sentence_09.wav,আমাকে হাসপাতালে নিয়ে চলুন।,barishal,bar_cate_02
sentence_10.wav,dataset/chunks/barishal/bar_cate_02/sentence_10.wav,এই ট্রেন কখন ছাড়বে?,barishal,bar_cate_02
sentence_11.wav,dataset/chunks/barishal/bar_cate_02/sentence_11.wav,ট্রেন কত নম্বর প্ল্যাটফর্মে আসবে?,barishal,bar_cate_02
sentence_12.wav,dataset/chunks/barishal/bar_cate_02/sentence_12.wav,এখানে কি টিকিট কাউন্টার আছে?,barishal,bar_cate_02
sentence_13.wav,dataset/chunks/barishal/bar_cate_02/sentence_13.wav,"এক টিকিট দিন, চট্টগ্রামের জন্য।",barishal,bar_cate_02
sentence_14.wav,dataset/chunks/barishal/bar_cate_02/sentence_14.wav,বাস কখন ছাড়বে?,barishal,bar_cate_02
sentence_15.wav,dataset/chunks/barishal/bar_cate_02/sentence_15.wav,এই রাস্তায় কি যানজট হয়?,barishal,bar_cate_02
sentence_16.wav,dataset/chunks/barishal/bar_cate_02/sentence_16.wav,সোজা গেলে কি ব্যাংক পাবো?,barishal,bar_cate_02
sentence_17.wav,dataset/chunks/barishal/bar_cate_02/sentence_17.wav,ডানদিকে গেলে কি হাসপাতাল?,barishal,bar_cate_02
sentence_18.wav,dataset/chunks/barishal/bar_cate_02/sentence_18.wav,বামদিকে মোড় নিন।,barishal,bar_cate_02
sentence_19.wav,dataset/chunks/barishal/bar_cate_02/sentence_19.wav,সোজা এগিয়ে যান।,barishal,bar_cate_02
sentence_20.wav,dataset/chunks/barishal/bar_cate_02/sentence_20.wav,এই জায়গাটা কত দূরে?,barishal,bar_cate_02
sentence_21.wav,dataset/chunks/barishal/bar_cate_02/sentence_21.wav,হাঁটলে কত সময় লাগবে?,barishal,bar_cate_02
sentence_22.wav,dataset/chunks/barishal/bar_cate_02/sentence_22.wav,গাড়ি পাওয়া যাবে কোথায়?,barishal,bar_cate_02
sentence_23.wav,dataset/chunks/barishal/bar_cate_02/sentence_23.wav,এখানে কি উবার পাওয়া যায়?,barishal,bar_cate_02
sentence_24.wav,dataset/chunks/barishal/bar_cate_02/sentence_24.wav,আপনি কি আমাকে পথ দেখাতে পারবেন?,barishal,bar_cate_02
sentence_25.wav,dataset/chunks/barishal/bar_cate_02/sentence_25.wav,এই রাস্তা কি নিরাপদ?,barishal,bar_cate_02
sentence_26.wav,dataset/chunks/barishal/bar_cate_02/sentence_26.wav,এখানে কি পার্কিং আছে?,barishal,bar_cate_02
sentence_27.wav,dataset/chunks/barishal/bar_cate_02/sentence_27.wav,গাড়ি রাখার জায়গা কোথায়?,barishal,bar_cate_02
sentence_28.wav,dataset/chunks/barishal/bar_cate_02/sentence_28.wav,এই ট্রেন কি সময়মতো আসবে?,barishal,bar_cate_02
sentence_29.wav,dataset/chunks/barishal/bar_cate_02/sentence_29.wav,বাসে কি সিট খালি আছে?,barishal,bar_cate_02
sentence_30.wav,dataset/chunks/barishal/bar_cate_02/sentence_30.wav,এই বাস কি সরাসরি যাবে?,barishal,bar_cate_02
sentence_31.wav,dataset/chunks/barishal/bar_cate_02/sentence_31.wav,মাঝপথে কি নামতে পারবো?,barishal,bar_cate_02
sentence_32.wav,dataset/chunks/barishal/bar_cate_02/sentence_32.wav,আমাকে পরের স্টপে নামিয়ে দিন।,barishal,bar_cate_02
sentence_33.wav,dataset/chunks/barishal/bar_cate_02/sentence_33.wav,এই রাস্তা কি শর্টকাট?,barishal,bar_cate_02
sentence_34.wav,dataset/chunks/barishal/bar_cate_02/sentence_34.wav,এখানে কি ট্যাক্সি স্ট্যান্ড আছে?,barishal,bar_cate_02
sentence_35.wav,dataset/chunks/barishal/bar_cate_02/sentence_35.wav,গন্তব্যে পৌঁছাতে কত সময় লাগবে?,barishal,bar_cate_02
sentence_36.wav,dataset/chunks/barishal/bar_cate_02/sentence_36.wav,রিকশা কি পাওয়া যাবে?,barishal,bar_cate_02
sentence_37.wav,dataset/chunks/barishal/bar_cate_02/sentence_37.wav,ট্রেন কি দেরি করছে?,barishal,bar_cate_02
sentence_38.wav,dataset/chunks/barishal/bar_cate_02/sentence_38.wav,এই বাস কোথায় থামে?,barishal,bar_cate_02
sentence_39.wav,dataset/chunks/barishal/bar_cate_02/sentence_39.wav,আপনারা কি রাতের বাস চালান?,barishal,bar_cate_02
sentence_40.wav,dataset/chunks/barishal/bar_cate_02/sentence_40.wav,শেষ বাস কখন?,barishal,bar_cate_02
sentence_41.wav,dataset/chunks/barishal/bar_cate_02/sentence_41.wav,এই রাস্তা কি বন্ধ?,barishal,bar_cate_02
sentence_42.wav,dataset/chunks/barishal/bar_cate_02/sentence_42.wav,বিকল্প রাস্তা কোনটি?,barishal,bar_cate_02
sentence_43.wav,dataset/chunks/barishal/bar_cate_02/sentence_43.wav,এখানে কি সিগন্যাল আছে?,barishal,bar_cate_02
sentence_44.wav,dataset/chunks/barishal/bar_cate_02/sentence_44.wav,রাস্তা কি মেরামত হচ্ছে?,barishal,bar_cate_02
sentence_45.wav,dataset/chunks/barishal/bar_cate_02/sentence_45.wav,আমাকে বিশ্ববিদ্যালয়ে যেতে হবে।,barishal,bar_cate_02
sentence_46.wav,dataset/chunks/barishal/bar_cate_02/sentence_46.wav,বিশ্ববিদ্যালয়ের বাস কোথা থেকে ছাড়ে?,barishal,bar_cate_02
sentence_47.wav,dataset/chunks/barishal/bar_cate_02/sentence_47.wav,টিকিটের দাম কত?,barishal,bar_cate_02
sentence_48.wav,dataset/chunks/barishal/bar_cate_02/sentence_48.wav,এখানে কি মেট্রো স্টেশন আছে?,barishal,bar_cate_02
sentence_49.wav,dataset/chunks/barishal/bar_cate_02/sentence_49.wav,মেট্রো কখন ছাড়ে?,barishal,bar_cate_02
sentence_50.wav,dataset/chunks/barishal/bar_cate_02/sentence_50.wav,এই রাস্তা কি প্রধান সড়ক?,barishal,bar_cate_02
sentence_51.wav,dataset/chunks/barishal/bar_cate_02/sentence_51.wav,আমাকে থানায় যেতে হবে।,barishal,bar_cate_02
sentence_52.wav,dataset/chunks/barishal/bar_cate_02/sentence_52.wav,পুলিশ স্টেশন কোথায়?,barishal,bar_cate_02
sentence_53.wav,dataset/chunks/barishal/bar_cate_02/sentence_53.wav,এই এলাকায় কি বাস চলে?,barishal,bar_cate_02
sentence_54.wav,dataset/chunks/barishal/bar_cate_02/sentence_54.wav,এখানে কি সিএনজি পাওয়া যায়?,barishal,bar_cate_02
sentence_55.wav,dataset/chunks/barishal/bar_cate_02/sentence_55.wav,আমাকে দ্রুত পৌঁছাতে হবে।,barishal,bar_cate_02
sentence_56.wav,dataset/chunks/barishal/bar_cate_02/sentence_56.wav,এখানে কি ফেরি ঘাট আছে?,barishal,bar_cate_02
sentence_57.wav,dataset/chunks/barishal/bar_cate_02/sentence_57.wav,ফেরি কখন ছাড়বে?,barishal,bar_cate_02
sentence_58.wav,dataset/chunks/barishal/bar_cate_02/sentence_58.wav,নদী পার হতে কত সময় লাগবে?,barishal,bar_cate_02
sentence_59.wav,dataset/chunks/barishal/bar_cate_02/sentence_59.wav,এই ট্রেন কি এক্সপ্রেস?,barishal,bar_cate_02
sentence_60.wav,dataset/chunks/barishal/bar_cate_02/sentence_60.wav,এখানে কি বাস বদলাতে হবে?,barishal,bar_cate_02
sentence_61.wav,dataset/chunks/barishal/bar_cate_02/sentence_61.wav,এই বাস কি এয়ারকন্ডিশন্ড?,barishal,bar_cate_02
sentence_62.wav,dataset/chunks/barishal/bar_cate_02/sentence_62.wav,রাস্তায় কি টোল দিতে হয়?,barishal,bar_cate_02
sentence_63.wav,dataset/chunks/barishal/bar_cate_02/sentence_63.wav,টোল কত?,barishal,bar_cate_02
sentence_64.wav,dataset/chunks/barishal/bar_cate_02/sentence_64.wav,এখানে কি রাস্তা নিরাপদ রাতে?,barishal,bar_cate_02
sentence_65.wav,dataset/chunks/barishal/bar_cate_02/sentence_65.wav,আমি পথ হারিয়ে ফেলেছি।,barishal,bar_cate_02
sentence_66.wav,dataset/chunks/barishal/bar_cate_02/sentence_66.wav,আমাকে মানচিত্র দেখাতে পারবেন?,barishal,bar_cate_02
sentence_67.wav,dataset/chunks/barishal/bar_cate_02/sentence_67.wav,কাছাকাছি কোন হোটেল আছে?,barishal,bar_cate_02
sentence_68.wav,dataset/chunks/barishal/bar_cate_02/sentence_68.wav,এই এলাকা কি শহরের ভেতরে?,barishal,bar_cate_02
sentence_69.wav,dataset/chunks/barishal/bar_cate_02/sentence_69.wav,এখানে কি ট্রাফিক বেশি?,barishal,bar_cate_02
sentence_70.wav,dataset/chunks/barishal/bar_cate_02/sentence_70.wav,আমাকে সঠিক দিকটি বলুন।,barishal,bar_cate_02
sentence_01.wav,dataset/chunks/barishal/bar_cate_03/sentence_01.wav,এই জিনিসটির দাম কত?,barishal,bar_cate_03
sentence_02.wav,dataset/chunks/barishal/bar_cate_03/sentence_02.wav,দাম একটু কম হবে?,barishal,bar_cate_03
sentence_03.wav,dataset/chunks/barishal/bar_cate_03/sentence_03.wav,এক কেজি চাল দিন।,barishal,bar_cate_03
sentence_04.wav,dataset/chunks/barishal/bar_cate_03/sentence_04.wav,আধা কেজি চিনি দিন।,barishal,bar_cate_03
sentence_05.wav,dataset/chunks/barishal/bar_cate_03/sentence_05.wav,এটা কি দেশি পণ্য?,barishal,bar_cate_03
sentence_06.wav,dataset/chunks/barishal/bar_cate_03/sentence_06.wav,এটা কি বিদেশি পণ্য?,barishal,bar_cate_03
sentence_07.wav,dataset/chunks/barishal/bar_cate_03/sentence_07.wav,একটু ভালো মানের দেখান।,barishal,bar_cate_03
sentence_08.wav,dataset/chunks/barishal/bar_cate_03/sentence_08.wav,এর থেকে সস্তা কিছু আছে?,barishal,bar_cate_03
sentence_09.wav,dataset/chunks/barishal/bar_cate_03/sentence_09.wav,এটা খুব দামী।,barishal,bar_cate_03
sentence_10.wav,dataset/chunks/barishal/bar_cate_03/sentence_10.wav,আমি এটা কিনতে চাই।,barishal,bar_cate_03
sentence_11.wav,dataset/chunks/barishal/bar_cate_03/sentence_11.wav,আপনার কাছে কি তাজা সবজি আছে?,barishal,bar_cate_03
sentence_12.wav,dataset/chunks/barishal/bar_cate_03/sentence_12.wav,এই ফলগুলো কি আজকের?,barishal,bar_cate_03
sentence_13.wav,dataset/chunks/barishal/bar_cate_03/sentence_13.wav,এক ডজন ডিম দিন।,barishal,bar_cate_03
sentence_14.wav,dataset/chunks/barishal/bar_cate_03/sentence_14.wav,কত টাকা হলো?,barishal,bar_cate_03
sentence_15.wav,dataset/chunks/barishal/bar_cate_03/sentence_15.wav,আমি নগদ পরিশোধ করবো।,barishal,bar_cate_03
sentence_16.wav,dataset/chunks/barishal/bar_cate_03/sentence_16.wav,মোবাইল ব্যাংকিং নেওয়া হয়?,barishal,bar_cate_03
sentence_17.wav,dataset/chunks/barishal/bar_cate_03/sentence_17.wav,বিকাশে টাকা দিতে পারি?,barishal,bar_cate_03
sentence_18.wav,dataset/chunks/barishal/bar_cate_03/sentence_18.wav,একটি ব্যাগ দেবেন?,barishal,bar_cate_03
sentence_19.wav,dataset/chunks/barishal/bar_cate_03/sentence_19.wav,এই কাপড়ের রং কি উঠবে?,barishal,bar_cate_03
sentence_20.wav,dataset/chunks/barishal/bar_cate_03/sentence_20.wav,এই শার্টের অন্য সাইজ আছে?,barishal,bar_cate_03
sentence_21.wav,dataset/chunks/barishal/bar_cate_03/sentence_21.wav,ছোট সাইজ দেখান।,barishal,bar_cate_03
sentence_22.wav,dataset/chunks/barishal/bar_cate_03/sentence_22.wav,বড় সাইজ আছে?,barishal,bar_cate_03
sentence_23.wav,dataset/chunks/barishal/bar_cate_03/sentence_23.wav,আমি নীল রঙেরটি চাই।,barishal,bar_cate_03
sentence_24.wav,dataset/chunks/barishal/bar_cate_03/sentence_24.wav,অন্য রং আছে?,barishal,bar_cate_03
sentence_25.wav,dataset/chunks/barishal/bar_cate_03/sentence_25.wav,এটা কি আসল পণ্য?,barishal,bar_cate_03
sentence_26.wav,dataset/chunks/barishal/bar_cate_03/sentence_26.wav,গ্যারান্টি আছে?,barishal,bar_cate_03
sentence_27.wav,dataset/chunks/barishal/bar_cate_03/sentence_27.wav,রসিদ দিন।,barishal,bar_cate_03
sentence_28.wav,dataset/chunks/barishal/bar_cate_03/sentence_28.wav,আমি পরে এসে নেব।,barishal,bar_cate_03
sentence_29.wav,dataset/chunks/barishal/bar_cate_03/sentence_29.wav,এটা কি ছাড়ে দেওয়া যাবে?,barishal,bar_cate_03
sentence_30.wav,dataset/chunks/barishal/bar_cate_03/sentence_30.wav,আজ কি কোনো অফার আছে?,barishal,bar_cate_03
sentence_31.wav,dataset/chunks/barishal/bar_cate_03/sentence_31.wav,আমি পাইকারি কিনতে চাই।,barishal,bar_cate_03
sentence_32.wav,dataset/chunks/barishal/bar_cate_03/sentence_32.wav,পাইকারি দাম কত?,barishal,bar_cate_03
sentence_33.wav,dataset/chunks/barishal/bar_cate_03/sentence_33.wav,এই পণ্যটি নতুন এসেছে?,barishal,bar_cate_03
sentence_34.wav,dataset/chunks/barishal/bar_cate_03/sentence_34.wav,এর মেয়াদ কতদিন?,barishal,bar_cate_03
sentence_35.wav,dataset/chunks/barishal/bar_cate_03/sentence_35.wav,এই ওষুধের মেয়াদ শেষ হয়েছে?,barishal,bar_cate_03
sentence_36.wav,dataset/chunks/barishal/bar_cate_03/sentence_36.wav,আমাকে ভালো মানের চাল দিন।,barishal,bar_cate_03
sentence_37.wav,dataset/chunks/barishal/bar_cate_03/sentence_37.wav,এই মাছটি কি তাজা?,barishal,bar_cate_03
sentence_38.wav,dataset/chunks/barishal/bar_cate_03/sentence_38.wav,এই মাংস কত কেজি?,barishal,bar_cate_03
sentence_39.wav,dataset/chunks/barishal/bar_cate_03/sentence_39.wav,এক কেজির কম হবে না।,barishal,bar_cate_03
sentence_40.wav,dataset/chunks/barishal/bar_cate_03/sentence_40.wav,একটু কম করে দিন।,barishal,bar_cate_03
sentence_41.wav,dataset/chunks/barishal/bar_cate_03/sentence_41.wav,আমি দরদাম করতে চাই।,barishal,bar_cate_03
sentence_42.wav,dataset/chunks/barishal/bar_cate_03/sentence_42.wav,চূড়ান্ত দাম কত?,barishal,bar_cate_03
sentence_43.wav,dataset/chunks/barishal/bar_cate_03/sentence_43.wav,এই জুতাটি কি টেকসই?,barishal,bar_cate_03
sentence_44.wav,dataset/chunks/barishal/bar_cate_03/sentence_44.wav,এই মোবাইলের দাম কত?,barishal,bar_cate_03
sentence_45.wav,dataset/chunks/barishal/bar_cate_03/sentence_45.wav,এই ফোনে কি গ্যারান্টি আছে?,barishal,bar_cate_03
sentence_46.wav,dataset/chunks/barishal/bar_cate_03/sentence_46.wav,চার্জারটি আলাদা কিনতে হবে?,barishal,bar_cate_03
sentence_47.wav,dataset/chunks/barishal/bar_cate_03/sentence_47.wav,এটি কি ক্যাশ অন ডেলিভারি?,barishal,bar_cate_03
sentence_48.wav,dataset/chunks/barishal/bar_cate_03/sentence_48.wav,আমি অর্ডার দিতে চাই।,barishal,bar_cate_03
sentence_49.wav,dataset/chunks/barishal/bar_cate_03/sentence_49.wav,পণ্যটি কখন ডেলিভারি হবে?,barishal,bar_cate_03
sentence_50.wav,dataset/chunks/barishal/bar_cate_03/sentence_50.wav,এই দোকান কখন বন্ধ হয়?,barishal,bar_cate_03
sentence_51.wav,dataset/chunks/barishal/bar_cate_03/sentence_51.wav,আমি একটা উপহার কিনতে চাই।,barishal,bar_cate_03
sentence_52.wav,dataset/chunks/barishal/bar_cate_03/sentence_52.wav,উপহার মোড়ানো হবে?,barishal,bar_cate_03
sentence_53.wav,dataset/chunks/barishal/bar_cate_03/sentence_53.wav,এটি কি ফেরত দেওয়া যাবে?,barishal,bar_cate_03
sentence_54.wav,dataset/chunks/barishal/bar_cate_03/sentence_54.wav,রিটার্ন পলিসি কী?,barishal,bar_cate_03
sentence_55.wav,dataset/chunks/barishal/bar_cate_03/sentence_55.wav,এই কাপড়টি খুব সুন্দর।,barishal,bar_cate_03
sentence_56.wav,dataset/chunks/barishal/bar_cate_03/sentence_56.wav,এটি কি কটন?,barishal,bar_cate_03
sentence_57.wav,dataset/chunks/barishal/bar_cate_03/sentence_57.wav,এই পণ্যটি কোথায় তৈরি?,barishal,bar_cate_03
sentence_58.wav,dataset/chunks/barishal/bar_cate_03/sentence_58.wav,এটি কি ছাড়ে বিক্রি হচ্ছে?,barishal,bar_cate_03
sentence_59.wav,dataset/chunks/barishal/bar_cate_03/sentence_59.wav,আমি আরও কিছু দেখতে চাই।,barishal,bar_cate_03
sentence_60.wav,dataset/chunks/barishal/bar_cate_03/sentence_60.wav,আপনার দোকানে কি কার্ড নেওয়া হয়?,barishal,bar_cate_03
sentence_61.wav,dataset/chunks/barishal/bar_cate_03/sentence_61.wav,মোট বিল কত হলো?,barishal,bar_cate_03
sentence_62.wav,dataset/chunks/barishal/bar_cate_03/sentence_62.wav,আমি টাকা ভাঙাতে চাই।,barishal,bar_cate_03
sentence_63.wav,dataset/chunks/barishal/bar_cate_03/sentence_63.wav,ছোট নোট আছে?,barishal,bar_cate_03
sentence_64.wav,dataset/chunks/barishal/bar_cate_03/sentence_64.wav,এই ফলগুলো ওজন করে দিন।,barishal,bar_cate_03
sentence_65.wav,dataset/chunks/barishal/bar_cate_03/sentence_65.wav,এক কেজির একটু কম দিন।,barishal,bar_cate_03
sentence_66.wav,dataset/chunks/barishal/bar_cate_03/sentence_66.wav,আজকে বাজারে ভিড় বেশি।,barishal,bar_cate_03
sentence_67.wav,dataset/chunks/barishal/bar_cate_03/sentence_67.wav,দাম কেন এত বেশি?,barishal,bar_cate_03
sentence_68.wav,dataset/chunks/barishal/bar_cate_03/sentence_68.wav,কাল কি দাম কম হবে?,barishal,bar_cate_03
sentence_69.wav,dataset/chunks/barishal/bar_cate_03/sentence_69.wav,আমি নিয়মিত ক্রেতা।,barishal,bar_cate_03
sentence_70.wav,dataset/chunks/barishal/bar_cate_03/sentence_70.wav,আবার আসবো।,barishal,bar_cate_03
sentence_01.wav,dataset/chunks/barishal/bar_cate_04/sentence_01.wav,আমি একটি টেবিল বুক করতে চাই।,barishal,bar_cate_04
sentence_02.wav,dataset/chunks/barishal/bar_cate_04/sentence_02.wav,দুই জনের জন্য একটি টেবিল দিন।,barishal,bar_cate_04
sentence_03.wav,dataset/chunks/barishal/bar_cate_04/sentence_03.wav,মেনু কার্ডটি দিন।,barishal,bar_cate_04
sentence_04.wav,dataset/chunks/barishal/bar_cate_04/sentence_04.wav,আজকের বিশেষ খাবার কী?,barishal,bar_cate_04
sentence_05.wav,dataset/chunks/barishal/bar_cate_04/sentence_05.wav,আমি ভাত ও মুরগির মাংস চাই।,barishal,bar_cate_04
sentence_06.wav,dataset/chunks/barishal/bar_cate_04/sentence_06.wav,এই খাবারটি ঝাল কি?,barishal,bar_cate_04
sentence_07.wav,dataset/chunks/barishal/bar_cate_04/sentence_07.wav,কম ঝাল করে দিন।,barishal,bar_cate_04
sentence_08.wav,dataset/chunks/barishal/bar_cate_04/sentence_08.wav,আমি নিরামিষ খাবার চাই।,barishal,bar_cate_04
sentence_09.wav,dataset/chunks/barishal/bar_cate_04/sentence_09.wav,এখানে কি হালাল খাবার পাওয়া যায়?,barishal,bar_cate_04
sentence_10.wav,dataset/chunks/barishal/bar_cate_04/sentence_10.wav,পানি দিন।,barishal,bar_cate_04
sentence_11.wav,dataset/chunks/barishal/bar_cate_04/sentence_11.wav,ঠান্ডা পানি আছে?,barishal,bar_cate_04
sentence_12.wav,dataset/chunks/barishal/bar_cate_04/sentence_12.wav,একটি কোমল পানীয় দিন।,barishal,bar_cate_04
sentence_13.wav,dataset/chunks/barishal/bar_cate_04/sentence_13.wav,এই খাবারটি খুব সুস্বাদু।,barishal,bar_cate_04
sentence_14.wav,dataset/chunks/barishal/bar_cate_04/sentence_14.wav,খাবারটি খুব লবণাক্ত।,barishal,bar_cate_04
sentence_15.wav,dataset/chunks/barishal/bar_cate_04/sentence_15.wav,বিল দিন।,barishal,bar_cate_04
sentence_16.wav,dataset/chunks/barishal/bar_cate_04/sentence_16.wav,আমি নগদে পরিশোধ করবো।,barishal,bar_cate_04
sentence_17.wav,dataset/chunks/barishal/bar_cate_04/sentence_17.wav,কার্ডে পরিশোধ করা যাবে?,barishal,bar_cate_04
sentence_18.wav,dataset/chunks/barishal/bar_cate_04/sentence_18.wav,খাবারটি কতক্ষণে আসবে?,barishal,bar_cate_04
sentence_19.wav,dataset/chunks/barishal/bar_cate_04/sentence_19.wav,আরেকটি প্লেট দিন।,barishal,bar_cate_04
sentence_20.wav,dataset/chunks/barishal/bar_cate_04/sentence_20.wav,চামচ ও কাঁটা দিন।,barishal,bar_cate_04
sentence_21.wav,dataset/chunks/barishal/bar_cate_04/sentence_21.wav,এখানে কি ওয়াইফাই আছে?,barishal,bar_cate_04
sentence_22.wav,dataset/chunks/barishal/bar_cate_04/sentence_22.wav,ওয়াইফাই পাসওয়ার্ড কী?,barishal,bar_cate_04
sentence_23.wav,dataset/chunks/barishal/bar_cate_04/sentence_23.wav,খাবারটি প্যাকেট করে দিন।,barishal,bar_cate_04
sentence_24.wav,dataset/chunks/barishal/bar_cate_04/sentence_24.wav,আমি বাসায় নিয়ে যাব।,barishal,bar_cate_04
sentence_25.wav,dataset/chunks/barishal/bar_cate_04/sentence_25.wav,একটি কফি দিন।,barishal,bar_cate_04
sentence_26.wav,dataset/chunks/barishal/bar_cate_04/sentence_26.wav,চা আছে?,barishal,bar_cate_04
sentence_27.wav,dataset/chunks/barishal/bar_cate_04/sentence_27.wav,দুধ চা দিন।,barishal,bar_cate_04
sentence_28.wav,dataset/chunks/barishal/bar_cate_04/sentence_28.wav,চিনি ছাড়া চা দিন।,barishal,bar_cate_04
sentence_29.wav,dataset/chunks/barishal/bar_cate_04/sentence_29.wav,এখানে কি ব্রেকফাস্ট পাওয়া যায়?,barishal,bar_cate_04
sentence_30.wav,dataset/chunks/barishal/bar_cate_04/sentence_30.wav,দুপুরের খাবার কখন শুরু হয়?,barishal,bar_cate_04
sentence_31.wav,dataset/chunks/barishal/bar_cate_04/sentence_31.wav,রাতের খাবার কখন পরিবেশন করা হয়?,barishal,bar_cate_04
sentence_32.wav,dataset/chunks/barishal/bar_cate_04/sentence_32.wav,আমি মাছের তরকারি চাই।,barishal,bar_cate_04
sentence_33.wav,dataset/chunks/barishal/bar_cate_04/sentence_33.wav,গরুর মাংস আছে?,barishal,bar_cate_04
sentence_34.wav,dataset/chunks/barishal/bar_cate_04/sentence_34.wav,এই স্যুপটি গরম কি?,barishal,bar_cate_04
sentence_35.wav,dataset/chunks/barishal/bar_cate_04/sentence_35.wav,একটু লেবু দিন।,barishal,bar_cate_04
sentence_36.wav,dataset/chunks/barishal/bar_cate_04/sentence_36.wav,এই রেস্টুরেন্ট খুব পরিষ্কার।,barishal,bar_cate_04
sentence_37.wav,dataset/chunks/barishal/bar_cate_04/sentence_37.wav,পরিবেশটি খুব সুন্দর।,barishal,bar_cate_04
sentence_38.wav,dataset/chunks/barishal/bar_cate_04/sentence_38.wav,খাবার পরিবেশন দ্রুত হয়েছে।,barishal,bar_cate_04
sentence_39.wav,dataset/chunks/barishal/bar_cate_04/sentence_39.wav,খাবার পরিবেশন দেরিতে হয়েছে।,barishal,bar_cate_04
sentence_40.wav,dataset/chunks/barishal/bar_cate_04/sentence_40.wav,আর কিছু লাগবে?,barishal,bar_cate_04
sentence_41.wav,dataset/chunks/barishal/bar_cate_04/sentence_41.wav,আমি আরও ভাত চাই।,barishal,bar_cate_04
sentence_42.wav,dataset/chunks/barishal/bar_cate_04/sentence_42.wav,একটু ঝোল দিন।,barishal,bar_cate_04
sentence_43.wav,dataset/chunks/barishal/bar_cate_04/sentence_43.wav,এটি কি তাজা রান্না?,barishal,bar_cate_04
sentence_44.wav,dataset/chunks/barishal/bar_cate_04/sentence_44.wav,এখানে কি পরিবার নিয়ে বসা যায়?,barishal,bar_cate_04
sentence_45.wav,dataset/chunks/barishal/bar_cate_04/sentence_45.wav,শিশুদের জন্য আলাদা চেয়ার আছে?,barishal,bar_cate_04
sentence_46.wav,dataset/chunks/barishal/bar_cate_04/sentence_46.wav,খাবারটি খুব গরম।,barishal,bar_cate_04
sentence_47.wav,dataset/chunks/barishal/bar_cate_04/sentence_47.wav,এটি খুব ঠান্ডা।,barishal,bar_cate_04
sentence_48.wav,dataset/chunks/barishal/bar_cate_04/sentence_48.wav,এখানে কি অনলাইনে অর্ডার করা যায়?,barishal,bar_cate_04
sentence_49.wav,dataset/chunks/barishal/bar_cate_04/sentence_49.wav,ডেলিভারি কত সময় লাগে?,barishal,bar_cate_04
sentence_50.wav,dataset/chunks/barishal/bar_cate_04/sentence_50.wav,এই খাবারটির দাম কত?,barishal,bar_cate_04
sentence_51.wav,dataset/chunks/barishal/bar_cate_04/sentence_51.wav,আমি অল্প পরিমাণ চাই।,barishal,bar_cate_04
sentence_52.wav,dataset/chunks/barishal/bar_cate_04/sentence_52.wav,বড় পরিমাণ দিন।,barishal,bar_cate_04
sentence_53.wav,dataset/chunks/barishal/bar_cate_04/sentence_53.wav,এই খাবারটি খুব মিষ্টি।,barishal,bar_cate_04
sentence_54.wav,dataset/chunks/barishal/bar_cate_04/sentence_54.wav,এটি কি ঝাল কম করা যাবে?,barishal,bar_cate_04
sentence_55.wav,dataset/chunks/barishal/bar_cate_04/sentence_55.wav,আরেক গ্লাস পানি দিন।,barishal,bar_cate_04
sentence_56.wav,dataset/chunks/barishal/bar_cate_04/sentence_56.wav,আমি ধন্যবাদ জানাই।,barishal,bar_cate_04
sentence_57.wav,dataset/chunks/barishal/bar_cate_04/sentence_57.wav,পরিষেবা খুব ভালো ছিল।,barishal,bar_cate_04
sentence_58.wav,dataset/chunks/barishal/bar_cate_04/sentence_58.wav,পরিষেবা উন্নত করা দরকার।,barishal,bar_cate_04
sentence_59.wav,dataset/chunks/barishal/bar_cate_04/sentence_59.wav,আমি এই রেস্টুরেন্টটি পছন্দ করি।,barishal,bar_cate_04
sentence_60.wav,dataset/chunks/barishal/bar_cate_04/sentence_60.wav,এটি কি এয়ার কন্ডিশনড?,barishal,bar_cate_04
sentence_61.wav,dataset/chunks/barishal/bar_cate_04/sentence_61.wav,বাইরে বসার ব্যবস্থা আছে?,barishal,bar_cate_04
sentence_62.wav,dataset/chunks/barishal/bar_cate_04/sentence_62.wav,খাবারে অ্যালার্জির উপাদান আছে?,barishal,bar_cate_04
sentence_63.wav,dataset/chunks/barishal/bar_cate_04/sentence_63.wav,আমি বাদাম খেতে পারি না।,barishal,bar_cate_04
sentence_64.wav,dataset/chunks/barishal/bar_cate_04/sentence_64.wav,এটি কি গ্লুটেন মুক্ত?,barishal,bar_cate_04
sentence_65.wav,dataset/chunks/barishal/bar_cate_04/sentence_65.wav,আমাকে একটি ন্যাপকিন দিন।,barishal,bar_cate_04
sentence_66.wav,dataset/chunks/barishal/bar_cate_04/sentence_66.wav,খাবার খুব ভালো লেগেছে।,barishal,bar_cate_04
sentence_67.wav,dataset/chunks/barishal/bar_cate_04/sentence_67.wav,আবার আসবো।,barishal,bar_cate_04
sentence_68.wav,dataset/chunks/barishal/bar_cate_04/sentence_68.wav,এখানে কি বুফে আছে?,barishal,bar_cate_04
sentence_69.wav,dataset/chunks/barishal/bar_cate_04/sentence_69.wav,বুফের দাম কত?,barishal,bar_cate_04
sentence_70.wav,dataset/chunks/barishal/bar_cate_04/sentence_70.wav,"ধন্যবাদ, বিদায়।",barishal,bar_cate_04
sentence_01.wav,dataset/chunks/barishal/bar_cate_05/sentence_01.wav,আমি বাংলাদেশের কিছু দর্শনীয় স্থান দেখতে চাই।,barishal,bar_cate_05
sentence_02.wav,dataset/chunks/barishal/bar_cate_05/sentence_02.wav,এই জায়গাটি কখন খোলা থাকে?,barishal,bar_cate_05
sentence_03.wav,dataset/chunks/barishal/bar_cate_05/sentence_03.wav,টিকিটের দাম কত?,barishal,bar_cate_05
sentence_04.wav,dataset/chunks/barishal/bar_cate_05/sentence_04.wav,আমাকে একটি গাইড দরকার।,barishal,bar_cate_05
sentence_05.wav,dataset/chunks/barishal/bar_cate_05/sentence_05.wav,আমরা গ্রুপে ঘুরতে এসেছি।,barishal,bar_cate_05
sentence_06.wav,dataset/chunks/barishal/bar_cate_05/sentence_06.wav,ছবি তোলা যাবে কি?,barishal,bar_cate_05
sentence_07.wav,dataset/chunks/barishal/bar_cate_05/sentence_07.wav,এই দর্শনীয় স্থানটি খুব সুন্দর।,barishal,bar_cate_05
sentence_08.wav,dataset/chunks/barishal/bar_cate_05/sentence_08.wav,আমাকে মানচিত্র দেখান।,barishal,bar_cate_05
sentence_09.wav,dataset/chunks/barishal/bar_cate_05/sentence_09.wav,আমি সকাল ১০টায় পৌঁছেছি।,barishal,bar_cate_05
sentence_10.wav,dataset/chunks/barishal/bar_cate_05/sentence_10.wav,পর্যটকরা এখানে খুব বেশি।,barishal,bar_cate_05
sentence_11.wav,dataset/chunks/barishal/bar_cate_05/sentence_11.wav,আমাকে হোটেলের ঠিকানা দিন।,barishal,bar_cate_05
sentence_12.wav,dataset/chunks/barishal/bar_cate_05/sentence_12.wav,এই জায়গায় কি খাবার পাওয়া যায়?,barishal,bar_cate_05
sentence_13.wav,dataset/chunks/barishal/bar_cate_05/sentence_13.wav,আমরা তিন ঘণ্টা থাকবো।,barishal,bar_cate_05
sentence_14.wav,dataset/chunks/barishal/bar_cate_05/sentence_14.wav,জলের পাশে ছবি তুলুন।,barishal,bar_cate_05
sentence_15.wav,dataset/chunks/barishal/bar_cate_05/sentence_15.wav,সুন্দর দিকটি দেখুন।,barishal,bar_cate_05
sentence_16.wav,dataset/chunks/barishal/bar_cate_05/sentence_16.wav,আমাদের গাইড কি বাংলায় কথা বলতে পারে?,barishal,bar_cate_05
sentence_17.wav,dataset/chunks/barishal/bar_cate_05/sentence_17.wav,পার্কিং এর জায়গা কোথায়?,barishal,bar_cate_05
sentence_18.wav,dataset/chunks/barishal/bar_cate_05/sentence_18.wav,এখানে কি নৌকা ভাড়া পাওয়া যায়?,barishal,bar_cate_05
sentence_19.wav,dataset/chunks/barishal/bar_cate_05/sentence_19.wav,আমি নদীর উপর ভ্রমণ করতে চাই।,barishal,bar_cate_05
sentence_20.wav,dataset/chunks/barishal/bar_cate_05/sentence_20.wav,আমাদের আরও তথ্য দরকার।,barishal,bar_cate_05
sentence_21.wav,dataset/chunks/barishal/bar_cate_05/sentence_21.wav,এই জায়গাটি ইতিহাসে গুরুত্বপূর্ণ।,barishal,bar_cate_05
sentence_22.wav,dataset/chunks/barishal/bar_cate_05/sentence_22.wav,আপনি কি গাইড সার্ভিস করেন?,barishal,bar_cate_05
sentence_23.wav,dataset/chunks/barishal/bar_cate_05/sentence_23.wav,আমি সকালবেলা আবার আসব।,barishal,bar_cate_05
sentence_24.wav,dataset/chunks/barishal/bar_cate_05/sentence_24.wav,আমাকে দুইজনের জন্য টিকিট দিন।,barishal,bar_cate_05
sentence_25.wav,dataset/chunks/barishal/bar_cate_05/sentence_25.wav,এখানে কি কোনো ছাড় আছে?,barishal,bar_cate_05
sentence_26.wav,dataset/chunks/barishal/bar_cate_05/sentence_26.wav,আমাদের ছবি তুলতে সাহায্য করুন।,barishal,bar_cate_05
sentence_27.wav,dataset/chunks/barishal/bar_cate_05/sentence_27.wav,এই দিক দিয়ে হাঁটুন।,barishal,bar_cate_05
sentence_28.wav,dataset/chunks/barishal/bar_cate_05/sentence_28.wav,দর্শকরা এখানে অনেক ছবি তুলছে।,barishal,bar_cate_05
sentence_29.wav,dataset/chunks/barishal/bar_cate_05/sentence_29.wav,আমি মিউজিয়াম ঘুরতে চাই।,barishal,bar_cate_05
sentence_30.wav,dataset/chunks/barishal/bar_cate_05/sentence_30.wav,রেস্টুরেন্টটি খুব কাছে।,barishal,bar_cate_05
sentence_31.wav,dataset/chunks/barishal/bar_cate_05/sentence_31.wav,আমরা পিকনিক করতে এসেছি।,barishal,bar_cate_05
sentence_32.wav,dataset/chunks/barishal/bar_cate_05/sentence_32.wav,এই জায়গার ইতিহাস জানতে চাই।,barishal,bar_cate_05
sentence_33.wav,dataset/chunks/barishal/bar_cate_05/sentence_33.wav,বিকেলের দিকে ছবি তুলুন।,barishal,bar_cate_05
sentence_34.wav,dataset/chunks/barishal/bar_cate_05/sentence_34.wav,আমার বন্ধু মানচিত্র পড়তে পারছে না।,barishal,bar_cate_05
sentence_35.wav,dataset/chunks/barishal/bar_cate_05/sentence_35.wav,এখানে কি গাইড পাওয়া যাবে?,barishal,bar_cate_05
sentence_36.wav,dataset/chunks/barishal/bar_cate_05/sentence_36.wav,আমরা পাহাড় দেখতে চাই।,barishal,bar_cate_05
sentence_37.wav,dataset/chunks/barishal/bar_cate_05/sentence_37.wav,সৈকত খুব সুন্দর।,barishal,bar_cate_05
sentence_38.wav,dataset/chunks/barishal/bar_cate_05/sentence_38.wav,জলস্রোতের ছবি তোলা উচিত।,barishal,bar_cate_05
sentence_39.wav,dataset/chunks/barishal/bar_cate_05/sentence_39.wav,গাইড কি আমাদের পথে নিয়ে যাবে?,barishal,bar_cate_05
sentence_40.wav,dataset/chunks/barishal/bar_cate_05/sentence_40.wav,আমরা সকাল ৮টায় বের হব।,barishal,bar_cate_05
sentence_41.wav,dataset/chunks/barishal/bar_cate_05/sentence_41.wav,এখানে কি টিকেট ছাড়া প্রবেশ সম্ভব?,barishal,bar_cate_05
sentence_42.wav,dataset/chunks/barishal/bar_cate_05/sentence_42.wav,ভ্রমণকারীরা খুব আনন্দ করছে।,barishal,bar_cate_05
sentence_43.wav,dataset/chunks/barishal/bar_cate_05/sentence_43.wav,আমি এখানে শপিং করতে চাই।,barishal,bar_cate_05
sentence_44.wav,dataset/chunks/barishal/bar_cate_05/sentence_44.wav,এই দিকটি খুব রোমাঞ্চকর।,barishal,bar_cate_05
sentence_45.wav,dataset/chunks/barishal/bar_cate_05/sentence_45.wav,আমাদের গাইড রাতের দিকে ফেরার সময় বলে।,barishal,bar_cate_05
sentence_46.wav,dataset/chunks/barishal/bar_cate_05/sentence_46.wav,ছবি তোলার জন্য আলো ঠিক আছে।,barishal,bar_cate_05
sentence_47.wav,dataset/chunks/barishal/bar_cate_05/sentence_47.wav,আমাদের গাইড নদের উপর নৌকা ভাড়া দেখিয়েছে।,barishal,bar_cate_05
sentence_48.wav,dataset/chunks/barishal/bar_cate_05/sentence_48.wav,এখানে কি কোনো মিউজিয়াম আছে?,barishal,bar_cate_05
sentence_49.wav,dataset/chunks/barishal/bar_cate_05/sentence_49.wav,আমরা পাহাড়ে ট্রেক করতে চাই।,barishal,bar_cate_05
sentence_50.wav,dataset/chunks/barishal/bar_cate_05/sentence_50.wav,এই স্থানের ইতিহাস অনেক পুরনো।,barishal,bar_cate_05
sentence_51.wav,dataset/chunks/barishal/bar_cate_05/sentence_51.wav,আমাদের ছবি তুলতে সময় লাগছে।,barishal,bar_cate_05
sentence_52.wav,dataset/chunks/barishal/bar_cate_05/sentence_52.wav,আমি সুভর্ণভূমি দেখতে চাই।,barishal,bar_cate_05
sentence_53.wav,dataset/chunks/barishal/bar_cate_05/sentence_53.wav,ট্রিপটি খুব মজার।,barishal,bar_cate_05
sentence_54.wav,dataset/chunks/barishal/bar_cate_05/sentence_54.wav,আমাদের হোটেল থেকে খুব দূরে নয়।,barishal,bar_cate_05
sentence_55.wav,dataset/chunks/barishal/bar_cate_05/sentence_55.wav,আমরা সকালে যাওয়ার পরিকল্পনা করেছি।,barishal,bar_cate_05
sentence_56.wav,dataset/chunks/barishal/bar_cate_05/sentence_56.wav,দিক নির্দেশনা অনুসরণ করুন।,barishal,bar_cate_05
sentence_57.wav,dataset/chunks/barishal/bar_cate_05/sentence_57.wav,দর্শনার্থীরা গাইডের কথা শুনছে।,barishal,bar_cate_05
sentence_58.wav,dataset/chunks/barishal/bar_cate_05/sentence_58.wav,আমি পোর্ট্রেট ছবি তুলতে চাই।,barishal,bar_cate_05
sentence_59.wav,dataset/chunks/barishal/bar_cate_05/sentence_59.wav,এখানে পর্যটন তথ্য কেন্দ্র আছে।,barishal,bar_cate_05
sentence_60.wav,dataset/chunks/barishal/bar_cate_05/sentence_60.wav,আমরা গ্রুপ ছবি তুলব।,barishal,bar_cate_05
sentence_61.wav,dataset/chunks/barishal/bar_cate_05/sentence_61.wav,আমাদের আরও কিছু সময় দরকার।,barishal,bar_cate_05
sentence_62.wav,dataset/chunks/barishal/bar_cate_05/sentence_62.wav,নদীর পাশে হাঁটতে চাই।,barishal,bar_cate_05
sentence_63.wav,dataset/chunks/barishal/bar_cate_05/sentence_63.wav,গাইড আমাদের নৌকায় নিয়ে যাবে।,barishal,bar_cate_05
sentence_64.wav,dataset/chunks/barishal/bar_cate_05/sentence_64.wav,এখানে ঝর্ণার ছবি তোলা যেতে পারে।,barishal,bar_cate_05
sentence_65.wav,dataset/chunks/barishal/bar_cate_05/sentence_65.wav,আমরা সব দর্শনীয় স্থান ঘুরে দেখব।,barishal,bar_cate_05
sentence_66.wav,dataset/chunks/barishal/bar_cate_05/sentence_66.wav,এই জায়গাটি খুব শান্ত।,barishal,bar_cate_05
sentence_67.wav,dataset/chunks/barishal/bar_cate_05/sentence_67.wav,আমি রাতের ভ্রমণ পছন্দ করি।,barishal,bar_cate_05
sentence_68.wav,dataset/chunks/barishal/bar_cate_05/sentence_68.wav,আমাদের হোটেল থেকে বাসস্ট্যান্ড দূরে নয়।,barishal,bar_cate_05
sentence_69.wav,dataset/chunks/barishal/bar_cate_05/sentence_69.wav,আমরা সকালের দিকে ছবি তুলব।,barishal,bar_cate_05
sentence_70.wav,dataset/chunks/barishal/bar_cate_05/sentence_70.wav,এই জায়গা সত্যিই স্মরণীয়।,barishal,bar_cate_05
sentence_01.wav,dataset/chunks/barishal/bar_cate_07/sentence_01.wav,আপনার পরিবারে কয়জন সদস্য আছে?,barishal,bar_cate_07
sentence_02.wav,dataset/chunks/barishal/bar_cate_07/sentence_02.wav,আমার বাবা একজন শিক্ষক।,barishal,bar_cate_07
sentence_03.wav,dataset/chunks/barishal/bar_cate_07/sentence_03.wav,আপনি কোথায় বড় হয়েছেন?,barishal,bar_cate_07
sentence_04.wav,dataset/chunks/barishal/bar_cate_07/sentence_04.wav,আমার মা ঘরে থাকেন।,barishal,bar_cate_07
sentence_05.wav,dataset/chunks/barishal/bar_cate_07/sentence_05.wav,আপনার ভাইবোন আছে কি?,barishal,bar_cate_07
sentence_06.wav,dataset/chunks/barishal/bar_cate_07/sentence_06.wav,আমার এক ভাই ও দুই বোন আছে।,barishal,bar_cate_07
sentence_07.wav,dataset/chunks/barishal/bar_cate_07/sentence_07.wav,আমরা একসাথে ভ্রমণ করতে ভালোবাসি।,barishal,bar_cate_07
sentence_08.wav,dataset/chunks/barishal/bar_cate_07/sentence_08.wav,আপনার পছন্দের খাবার কী?,barishal,bar_cate_07
sentence_09.wav,dataset/chunks/barishal/bar_cate_07/sentence_09.wav,আমার ছোট বোন স্কুলে পড়ে।,barishal,bar_cate_07
sentence_10.wav,dataset/chunks/barishal/bar_cate_07/sentence_10.wav,আপনার বাবা কোথায় কাজ করেন?,barishal,bar_cate_07
sentence_11.wav,dataset/chunks/barishal/bar_cate_07/sentence_11.wav,আমার পরিবার সব সময় একসাথে খেতে বসে।,barishal,bar_cate_07
sentence_12.wav,dataset/chunks/barishal/bar_cate_07/sentence_12.wav,আপনার মা কি রান্না করতে ভালোবাসেন?,barishal,bar_cate_07
sentence_13.wav,dataset/chunks/barishal/bar_cate_07/sentence_13.wav,আমরা প্রতি বছর ঈদে মিলিত হই।,barishal,bar_cate_07
sentence_14.wav,dataset/chunks/barishal/bar_cate_07/sentence_14.wav,আপনার পছন্দের ছুটি কী?,barishal,bar_cate_07
sentence_15.wav,dataset/chunks/barishal/bar_cate_07/sentence_15.wav,আমার বাবা সকালবেলা হাঁটতে যান।,barishal,bar_cate_07
sentence_16.wav,dataset/chunks/barishal/bar_cate_07/sentence_16.wav,আপনার পরিবারে কারা রয়েছেন?,barishal,bar_cate_07
sentence_17.wav,dataset/chunks/barishal/bar_cate_07/sentence_17.wav,আমার দাদা আমাদের সঙ্গে থাকে।,barishal,bar_cate_07
sentence_18.wav,dataset/chunks/barishal/bar_cate_07/sentence_18.wav,আপনি কি বিবাহিত?,barishal,bar_cate_07
sentence_19.wav,dataset/chunks/barishal/bar_cate_07/sentence_19.wav,আমি বিবাহিত এবং আমার দুই সন্তান আছে।,barishal,bar_cate_07
sentence_20.wav,dataset/chunks/barishal/bar_cate_07/sentence_20.wav,আপনার বোন কি বিশ্ববিদ্যালয়ে পড়ে?,barishal,bar_cate_07
sentence_21.wav,dataset/chunks/barishal/bar_cate_07/sentence_21.wav,আমরা রোববার একসাথে সিনেমা দেখি।,barishal,bar_cate_07
sentence_22.wav,dataset/chunks/barishal/bar_cate_07/sentence_22.wav,আপনার পছন্দের পরিবারের অনুষ্ঠান কোনটি?,barishal,bar_cate_07
sentence_23.wav,dataset/chunks/barishal/bar_cate_07/sentence_23.wav,আমার বাবা মা আমাদের জন্য খুব যত্নশীল।,barishal,bar_cate_07
sentence_24.wav,dataset/chunks/barishal/bar_cate_07/sentence_24.wav,আপনার শিশুরা স্কুলে ভালো করছে কি?,barishal,bar_cate_07
sentence_25.wav,dataset/chunks/barishal/bar_cate_07/sentence_25.wav,আমার পরিবারের সবাই স্বাস্থ্যকর জীবনযাপন করে।,barishal,bar_cate_07
sentence_26.wav,dataset/chunks/barishal/bar_cate_07/sentence_26.wav,আপনি কোথায় বেড়ে উঠেছেন?,barishal,bar_cate_07
sentence_27.wav,dataset/chunks/barishal/bar_cate_07/sentence_27.wav,আমার পরিবার গ্রামে থাকে।,barishal,bar_cate_07
sentence_28.wav,dataset/chunks/barishal/bar_cate_07/sentence_28.wav,আপনার বাবা কি বিদেশে কাজ করেন?,barishal,bar_cate_07
sentence_29.wav,dataset/chunks/barishal/bar_cate_07/sentence_29.wav,আমি আমার পরিবারের সঙ্গে ছুটিতে যাই।,barishal,bar_cate_07
sentence_30.wav,dataset/chunks/barishal/bar_cate_07/sentence_30.wav,আপনার পরিবারে ছোট ছোট ভাইবোন আছে কি?,barishal,bar_cate_07
sentence_31.wav,dataset/chunks/barishal/bar_cate_07/sentence_31.wav,আমার ভাই ফুটবল খেলে।,barishal,bar_cate_07
sentence_32.wav,dataset/chunks/barishal/bar_cate_07/sentence_32.wav,আপনার মা কি কাজ করেন?,barishal,bar_cate_07
sentence_33.wav,dataset/chunks/barishal/bar_cate_07/sentence_33.wav,আমরা প্রতি সপ্তাহে একসাথে খাবার করি।,barishal,bar_cate_07
sentence_34.wav,dataset/chunks/barishal/bar_cate_07/sentence_34.wav,আপনার বাবা কি বাসায় থাকেন?,barishal,bar_cate_07
sentence_35.wav,dataset/chunks/barishal/bar_cate_07/sentence_35.wav,আমার পরিবারে সবাই একে অপরকে সাহায্য করে।,barishal,bar_cate_07
sentence_36.wav,dataset/chunks/barishal/bar_cate_07/sentence_36.wav,আপনি কত বছর ধরে বিবাহিত?,barishal,bar_cate_07
sentence_37.wav,dataset/chunks/barishal/bar_cate_07/sentence_37.wav,আমার বোন চিকিৎসা পড়াশোনা করছে।,barishal,bar_cate_07
sentence_38.wav,dataset/chunks/barishal/bar_cate_07/sentence_38.wav,আপনার বাবা মা কি এখনও কাজ করেন?,barishal,bar_cate_07
sentence_39.wav,dataset/chunks/barishal/bar_cate_07/sentence_39.wav,আমরা সবাই একসাথে হোলিডে যাই।,barishal,bar_cate_07
sentence_40.wav,dataset/chunks/barishal/bar_cate_07/sentence_40.wav,আপনার সন্তানদের নাম কী?,barishal,bar_cate_07
sentence_41.wav,dataset/chunks/barishal/bar_cate_07/sentence_41.wav,আমার ছেলে ফুটবল খেলতে ভালোবাসে।,barishal,bar_cate_07
sentence_42.wav,dataset/chunks/barishal/bar_cate_07/sentence_42.wav,আপনার পরিবারের বয়সী সদস্যরা কি সক্রিয়?,barishal,bar_cate_07
sentence_43.wav,dataset/chunks/barishal/bar_cate_07/sentence_43.wav,আমি আমার পরিবারের সঙ্গে সিনেমা দেখতে যাই।,barishal,bar_cate_07
sentence_44.wav,dataset/chunks/barishal/bar_cate_07/sentence_44.wav,আপনার মা কি রান্না ভালো করেন?,barishal,bar_cate_07
sentence_45.wav,dataset/chunks/barishal/bar_cate_07/sentence_45.wav,আমার বাবা সকালবেলা সংবাদ পড়েন।,barishal,bar_cate_07
sentence_46.wav,dataset/chunks/barishal/bar_cate_07/sentence_46.wav,আপনার বোনের পছন্দের কাজ কী?,barishal,bar_cate_07
sentence_47.wav,dataset/chunks/barishal/bar_cate_07/sentence_47.wav,আমরা বড়দিন একসাথে উদযাপন করি।,barishal,bar_cate_07
sentence_48.wav,dataset/chunks/barishal/bar_cate_07/sentence_48.wav,আমার পরিবারে কেউ বিদেশে থাকে।,barishal,bar_cate_07
sentence_49.wav,dataset/chunks/barishal/bar_cate_07/sentence_49.wav,আপনার পরিবারের সদস্যরা কি সুস্থ আছে?,barishal,bar_cate_07
sentence_50.wav,dataset/chunks/barishal/bar_cate_07/sentence_50.wav,আমি পরিবারকে খুব ভালোবাসি।,barishal,bar_cate_07
sentence_51.wav,dataset/chunks/barishal/bar_cate_07/sentence_51.wav,আপনার ভাইবোন কি আপনার সাথে থাকে?,barishal,bar_cate_07
sentence_52.wav,dataset/chunks/barishal/bar_cate_07/sentence_52.wav,আমার বাবা মা গ্রামের বাড়িতে থাকেন।,barishal,bar_cate_07
sentence_53.wav,dataset/chunks/barishal/bar_cate_07/sentence_53.wav,আমরা একসাথে খেলা করি।,barishal,bar_cate_07
sentence_54.wav,dataset/chunks/barishal/bar_cate_07/sentence_54.wav,আপনার পরিবারে কেউ চাকরিতে আছেন কি?,barishal,bar_cate_07
sentence_55.wav,dataset/chunks/barishal/bar_cate_07/sentence_55.wav,আমি আমার পরিবারের জন্য সব করি।,barishal,bar_cate_07
sentence_56.wav,dataset/chunks/barishal/bar_cate_07/sentence_56.wav,আপনার বাবা মা কি অবসরপ্রাপ্ত?,barishal,bar_cate_07
sentence_57.wav,dataset/chunks/barishal/bar_cate_07/sentence_57.wav,আমরা হোলিডেতে গ্রামের বাড়িতে যাই।,barishal,bar_cate_07
sentence_58.wav,dataset/chunks/barishal/bar_cate_07/sentence_58.wav,আমার ছোট ভাই স্কুলে ভালো করছে।,barishal,bar_cate_07
sentence_59.wav,dataset/chunks/barishal/bar_cate_07/sentence_59.wav,আপনার পরিবার কত ঘনিষ্ঠ?,barishal,bar_cate_07
sentence_60.wav,dataset/chunks/barishal/bar_cate_07/sentence_60.wav,আমরা প্রতি মাসে একসাথে বেড়াতে যাই।,barishal,bar_cate_07
sentence_61.wav,dataset/chunks/barishal/bar_cate_07/sentence_61.wav,আমার মা গল্প শুনাতে ভালোবাসেন।,barishal,bar_cate_07
sentence_62.wav,dataset/chunks/barishal/bar_cate_07/sentence_62.wav,আপনার বাবা কি কখনও ভ্রমণে যান?,barishal,bar_cate_07
sentence_63.wav,dataset/chunks/barishal/bar_cate_07/sentence_63.wav,আমি আমার পরিবারকে সব সময় সাহায্য করি।,barishal,bar_cate_07
sentence_64.wav,dataset/chunks/barishal/bar_cate_07/sentence_64.wav,আপনার ভাইবোন কি একে অপরকে সাহায্য করে?,barishal,bar_cate_07
sentence_65.wav,dataset/chunks/barishal/bar_cate_07/sentence_65.wav,আমরা পরিবারে জন্মদিন উদযাপন করি।,barishal,bar_cate_07
sentence_66.wav,dataset/chunks/barishal/bar_cate_07/sentence_66.wav,আমার পরিবারের সঙ্গে সময় কাটানো ভালো লাগে।,barishal,bar_cate_07
sentence_67.wav,dataset/chunks/barishal/bar_cate_07/sentence_67.wav,আপনার মা বাবা কি একসাথে আছেন?,barishal,bar_cate_07
sentence_68.wav,dataset/chunks/barishal/bar_cate_07/sentence_68.wav,আমার বাবা খুব কঠোর কিন্তু ভালো মানুষ।,barishal,bar_cate_07
sentence_69.wav,dataset/chunks/barishal/bar_cate_07/sentence_69.wav,আমরা পারিবারিক ছবি তুলি।,barishal,bar_cate_07
sentence_70.wav,dataset/chunks/barishal/bar_cate_07/sentence_70.wav,আমি আমার পরিবারের সুখের জন্য কাজ করি।,barishal,bar_cate_07
sentence_01.wav,dataset/chunks/barishal/bar_cate_08/sentence_01.wav,এই বছর ধানের ফলন কেমন হবে?,barishal,bar_cate_08
sentence_02.wav,dataset/chunks/barishal/bar_cate_08/sentence_02.wav,আমি মাছ চাষ শুরু করতে চাই।,barishal,bar_cate_08
sentence_03.wav,dataset/chunks/barishal/bar_cate_08/sentence_03.wav,বৃষ্টিপাত ঠিক আছে কি?,barishal,bar_cate_08
sentence_04.wav,dataset/chunks/barishal/bar_cate_08/sentence_04.wav,জমি প্রস্তুত করা হয়েছে।,barishal,bar_cate_08
sentence_05.wav,dataset/chunks/barishal/bar_cate_08/sentence_05.wav,ধানের বীজ কত লাগবে?,barishal,bar_cate_08
sentence_06.wav,dataset/chunks/barishal/bar_cate_08/sentence_06.wav,কীটনাশক প্রয়োগ করতে হবে।,barishal,bar_cate_08
sentence_07.wav,dataset/chunks/barishal/bar_cate_08/sentence_07.wav,আমি সবজি চাষ করি।,barishal,bar_cate_08
sentence_08.wav,dataset/chunks/barishal/bar_cate_08/sentence_08.wav,মাছের পুকুর কত বড়?,barishal,bar_cate_08
sentence_09.wav,dataset/chunks/barishal/bar_cate_08/sentence_09.wav,আমার ধান ভালোভাবে ফলন করছে।,barishal,bar_cate_08
sentence_10.wav,dataset/chunks/barishal/bar_cate_08/sentence_10.wav,সার দেওয়া হয়েছে।,barishal,bar_cate_08
sentence_11.wav,dataset/chunks/barishal/bar_cate_08/sentence_11.wav,কৃষকের জন্য কি সহায়তা আছে?,barishal,bar_cate_08
sentence_12.wav,dataset/chunks/barishal/bar_cate_08/sentence_12.wav,গবাদি পশুদের খাওয়ানো হয়েছে।,barishal,bar_cate_08
sentence_13.wav,dataset/chunks/barishal/bar_cate_08/sentence_13.wav,আবহাওয়া কেমন থাকবে?,barishal,bar_cate_08
sentence_14.wav,dataset/chunks/barishal/bar_cate_08/sentence_14.wav,বৃষ্টির অভাব ধানের জন্য ক্ষতিকর।,barishal,bar_cate_08
sentence_15.wav,dataset/chunks/barishal/bar_cate_08/sentence_15.wav,পুকুরে পানি পরীক্ষা করা হয়েছে।,barishal,bar_cate_08
sentence_16.wav,dataset/chunks/barishal/bar_cate_08/sentence_16.wav,আমি নতুন সার প্রয়োগ করব।,barishal,bar_cate_08
sentence_17.wav,dataset/chunks/barishal/bar_cate_08/sentence_17.wav,কীটপতঙ্গ ধ্বংস করতে হবে।,barishal,bar_cate_08
sentence_18.wav,dataset/chunks/barishal/bar_cate_08/sentence_18.wav,ধানের বীজ ভালো মানের কিনুন।,barishal,bar_cate_08
sentence_19.wav,dataset/chunks/barishal/bar_cate_08/sentence_19.wav,সবজি খুব দ্রুত বড় হচ্ছে।,barishal,bar_cate_08
sentence_20.wav,dataset/chunks/barishal/bar_cate_08/sentence_20.wav,মাছের পুকুরে খাবার দিন।,barishal,bar_cate_08
sentence_21.wav,dataset/chunks/barishal/bar_cate_08/sentence_21.wav,জমিতে আগাছা কাটা হয়েছে।,barishal,bar_cate_08
sentence_22.wav,dataset/chunks/barishal/bar_cate_08/sentence_22.wav,আমি নতুন পুকুর খনন করেছি।,barishal,bar_cate_08
sentence_23.wav,dataset/chunks/barishal/bar_cate_08/sentence_23.wav,এই ফসলের জন্য কত সার লাগবে?,barishal,bar_cate_08
sentence_24.wav,dataset/chunks/barishal/bar_cate_08/sentence_24.wav,গরু খুব ভালো অবস্থায় আছে।,barishal,bar_cate_08
sentence_25.wav,dataset/chunks/barishal/bar_cate_08/sentence_25.wav,ধান কেটে সংগ্রহ করা হয়েছে।,barishal,bar_cate_08
sentence_26.wav,dataset/chunks/barishal/bar_cate_08/sentence_26.wav,আমরা সবজি বাজারে বিক্রি করি।,barishal,bar_cate_08
sentence_27.wav,dataset/chunks/barishal/bar_cate_08/sentence_27.wav,মাটি পরীক্ষা করা হয়েছে।,barishal,bar_cate_08
sentence_28.wav,dataset/chunks/barishal/bar_cate_08/sentence_28.wav,পোকামাকড়ের আক্রমণ হয়েছে।,barishal,bar_cate_08
sentence_29.wav,dataset/chunks/barishal/bar_cate_08/sentence_29.wav,মাছের পুকুর পরিষ্কার করুন।,barishal,bar_cate_08
sentence_30.wav,dataset/chunks/barishal/bar_cate_08/sentence_30.wav,আমরা সার ও বীজ কিনব।,barishal,bar_cate_08
sentence_31.wav,dataset/chunks/barishal/bar_cate_08/sentence_31.wav,গবাদি পশুদের স্বাস্থ্য পরীক্ষা করা হয়েছে।,barishal,bar_cate_08
sentence_32.wav,dataset/chunks/barishal/bar_cate_08/sentence_32.wav,ধানের ফলন ভাল হয়েছে।,barishal,bar_cate_08
sentence_33.wav,dataset/chunks/barishal/bar_cate_08/sentence_33.wav,আমি নতুন চারা রোপণ করব।,barishal,bar_cate_08
sentence_34.wav,dataset/chunks/barishal/bar_cate_08/sentence_34.wav,আবহাওয়া পরিবর্তনশীল।,barishal,bar_cate_08
sentence_35.wav,dataset/chunks/barishal/bar_cate_08/sentence_35.wav,পুকুরে পানি কমে গেছে।,barishal,bar_cate_08
sentence_36.wav,dataset/chunks/barishal/bar_cate_08/sentence_36.wav,আমরা নতুন সার পরীক্ষা করব।,barishal,bar_cate_08
sentence_37.wav,dataset/chunks/barishal/bar_cate_08/sentence_37.wav,কি মাছের প্রজাতি ভালো ফলন দিচ্ছে?,barishal,bar_cate_08
sentence_38.wav,dataset/chunks/barishal/bar_cate_08/sentence_38.wav,জমি উর্বর।,barishal,bar_cate_08
sentence_39.wav,dataset/chunks/barishal/bar_cate_08/sentence_39.wav,ফসল রক্ষা করতে কী ব্যবস্থা নেওয়া হয়েছে?,barishal,bar_cate_08
sentence_40.wav,dataset/chunks/barishal/bar_cate_08/sentence_40.wav,আমরা গবাদি পশু বিক্রি করব।,barishal,bar_cate_08
sentence_41.wav,dataset/chunks/barishal/bar_cate_08/sentence_41.wav,ধানের ফসল শুকিয়ে গেছে।,barishal,bar_cate_08
sentence_42.wav,dataset/chunks/barishal/bar_cate_08/sentence_42.wav,পুকুরে নতুন মাছ ছাড়া হয়েছে।,barishal,bar_cate_08
sentence_43.wav,dataset/chunks/barishal/bar_cate_08/sentence_43.wav,আবহাওয়া খুব খারাপ।,barishal,bar_cate_08
sentence_44.wav,dataset/chunks/barishal/bar_cate_08/sentence_44.wav,আমরা সবজি রোপণ শুরু করেছি।,barishal,bar_cate_08
sentence_45.wav,dataset/chunks/barishal/bar_cate_08/sentence_45.wav,মাটির আর্দ্রতা ঠিক আছে কি?,barishal,bar_cate_08
sentence_46.wav,dataset/chunks/barishal/bar_cate_08/sentence_46.wav,সার দেওয়ার পর পানি দিন।,barishal,bar_cate_08
sentence_47.wav,dataset/chunks/barishal/bar_cate_08/sentence_47.wav,কীটনাশক কত দিন পর প্রয়োগ করতে হবে?,barishal,bar_cate_08
sentence_48.wav,dataset/chunks/barishal/bar_cate_08/sentence_48.wav,আমার ধান এখনও সবুজ।,barishal,bar_cate_08
sentence_49.wav,dataset/chunks/barishal/bar_cate_08/sentence_49.wav,গবাদি পশুদের জন্য খোরাক প্রস্তুত।,barishal,bar_cate_08
sentence_50.wav,dataset/chunks/barishal/bar_cate_08/sentence_50.wav,পুকুরের পানি পরীক্ষা করুন।,barishal,bar_cate_08
sentence_51.wav,dataset/chunks/barishal/bar_cate_08/sentence_51.wav,বৃষ্টি হলে ফসলের জন্য ভালো হবে।,barishal,bar_cate_08
sentence_52.wav,dataset/chunks/barishal/bar_cate_08/sentence_52.wav,আমরা নতুন সার প্রয়োগ করব।,barishal,bar_cate_08
sentence_53.wav,dataset/chunks/barishal/bar_cate_08/sentence_53.wav,কি সময়ে ধান কাটা উচিত?,barishal,bar_cate_08
sentence_54.wav,dataset/chunks/barishal/bar_cate_08/sentence_54.wav,পোকামাকড় ধ্বংস করা হয়েছে।,barishal,bar_cate_08
sentence_55.wav,dataset/chunks/barishal/bar_cate_08/sentence_55.wav,আমরা ফসল বিক্রি করব।,barishal,bar_cate_08
sentence_56.wav,dataset/chunks/barishal/bar_cate_08/sentence_56.wav,গবাদি পশুদের জন্য চিকিৎসা প্রয়োজন।,barishal,bar_cate_08
sentence_57.wav,dataset/chunks/barishal/bar_cate_08/sentence_57.wav,মাছের পুকুরে বেশি পানি ঢালুন।,barishal,bar_cate_08
sentence_58.wav,dataset/chunks/barishal/bar_cate_08/sentence_58.wav,আমরা কৃষি প্রদর্শনীতে যাব।,barishal,bar_cate_08
sentence_59.wav,dataset/chunks/barishal/bar_cate_08/sentence_59.wav,ধানের চারা ভালোভাবে জন্ম নিয়েছে।,barishal,bar_cate_08
sentence_60.wav,dataset/chunks/barishal/bar_cate_08/sentence_60.wav,ফসলের জন্য পানি দেওয়া হচ্ছে।,barishal,bar_cate_08
sentence_61.wav,dataset/chunks/barishal/bar_cate_08/sentence_61.wav,পোকামাকড়ের আক্রমণ কমে গেছে।,barishal,bar_cate_08
sentence_62.wav,dataset/chunks/barishal/bar_cate_08/sentence_62.wav,আমরা নতুন চারা কিনব।,barishal,bar_cate_08
sentence_63.wav,dataset/chunks/barishal/bar_cate_08/sentence_63.wav,কি মাছের খাদ্য ভালো ফলন দিচ্ছে?,barishal,bar_cate_08
sentence_64.wav,dataset/chunks/barishal/bar_cate_08/sentence_64.wav,জমি খুব উর্বর।,barishal,bar_cate_08
sentence_65.wav,dataset/chunks/barishal/bar_cate_08/sentence_65.wav,পুকুরের পানি পরিষ্কার রাখা হয়েছে।,barishal,bar_cate_08
sentence_66.wav,dataset/chunks/barishal/bar_cate_08/sentence_66.wav,আমি ধানের ক্ষেতে যাচ্ছি।,barishal,bar_cate_08
sentence_67.wav,dataset/chunks/barishal/bar_cate_08/sentence_67.wav,ফসল রক্ষা করতে কৃষক সতর্ক।,barishal,bar_cate_08
sentence_68.wav,dataset/chunks/barishal/bar_cate_08/sentence_68.wav,আমরা গবাদি পশু বিক্রির পরিকল্পনা করেছি।,barishal,bar_cate_08
sentence_69.wav,dataset/chunks/barishal/bar_cate_08/sentence_69.wav,ধানের ক্ষেতে জৈব সার প্রয়োগ করা হয়েছে।,barishal,bar_cate_08
sentence_70.wav,dataset/chunks/barishal/bar_cate_08/sentence_70.wav,আমাদের পুকুরে নতুন মাছ এসেছে।,barishal,bar_cate_08
sentence_01.wav,dataset/chunks/barishal/bar_cate_09/sentence_01.wav,আজ খুব গরম।,barishal,bar_cate_09
sentence_02.wav,dataset/chunks/barishal/bar_cate_09/sentence_02.wav,কাল বৃষ্টি হবে কি?,barishal,bar_cate_09
sentence_03.wav,dataset/chunks/barishal/bar_cate_09/sentence_03.wav,বাতাস কেমন চলছে?,barishal,bar_cate_09
sentence_04.wav,dataset/chunks/barishal/bar_cate_09/sentence_04.wav,আজ সূর্য ভালোভাবে উঠেছে।,barishal,bar_cate_09
sentence_05.wav,dataset/chunks/barishal/bar_cate_09/sentence_05.wav,তাপমাত্রা কত?,barishal,bar_cate_09
sentence_06.wav,dataset/chunks/barishal/bar_cate_09/sentence_06.wav,আজ মেঘলা দিন।,barishal,bar_cate_09
sentence_07.wav,dataset/chunks/barishal/bar_cate_09/sentence_07.wav,বাতাস খুব ঠান্ডা।,barishal,bar_cate_09
sentence_08.wav,dataset/chunks/barishal/bar_cate_09/sentence_08.wav,আজ দিনের আলো সুন্দর।,barishal,bar_cate_09
sentence_09.wav,dataset/chunks/barishal/bar_cate_09/sentence_09.wav,ঝড় আসছে কি?,barishal,bar_cate_09
sentence_10.wav,dataset/chunks/barishal/bar_cate_09/sentence_10.wav,আজ রাত খুব ঠান্ডা।,barishal,bar_cate_09
sentence_11.wav,dataset/chunks/barishal/bar_cate_09/sentence_11.wav,আকাশ পরিষ্কার।,barishal,bar_cate_09
sentence_12.wav,dataset/chunks/barishal/bar_cate_09/sentence_12.wav,বৃষ্টি শুরু হয়েছে।,barishal,bar_cate_09
sentence_13.wav,dataset/chunks/barishal/bar_cate_09/sentence_13.wav,তাপমাত্রা বেশি হলে গরম লাগবে।,barishal,bar_cate_09
sentence_14.wav,dataset/chunks/barishal/bar_cate_09/sentence_14.wav,ধুলোবালি কেটে গেছে।,barishal,bar_cate_09
sentence_15.wav,dataset/chunks/barishal/bar_cate_09/sentence_15.wav,জলবায়ু পরিবর্তন হচ্ছে।,barishal,bar_cate_09
sentence_16.wav,dataset/chunks/barishal/bar_cate_09/sentence_16.wav,আজ সূর্য ঝলমল করছে।,barishal,bar_cate_09
sentence_17.wav,dataset/chunks/barishal/bar_cate_09/sentence_17.wav,বাতাস কি বেশি তীব্র?,barishal,bar_cate_09
sentence_18.wav,dataset/chunks/barishal/bar_cate_09/sentence_18.wav,আজ দিনের তাপমাত্রা ৩৫°সেলসিয়াস।,barishal,bar_cate_09
sentence_19.wav,dataset/chunks/barishal/bar_cate_09/sentence_19.wav,আকাশে সবুজ মেঘ।,barishal,bar_cate_09
sentence_20.wav,dataset/chunks/barishal/bar_cate_09/sentence_20.wav,বৃষ্টির পর মাটি ভিজে গেছে।,barishal,bar_cate_09
sentence_21.wav,dataset/chunks/barishal/bar_cate_09/sentence_21.wav,আজ খুব আর্দ্রতা আছে।,barishal,bar_cate_09
sentence_22.wav,dataset/chunks/barishal/bar_cate_09/sentence_22.wav,কি ধরনের আবহাওয়া আপনার পছন্দ?,barishal,bar_cate_09
sentence_23.wav,dataset/chunks/barishal/bar_cate_09/sentence_23.wav,সূর্যাস্ত খুব সুন্দর হয়েছে।,barishal,bar_cate_09
sentence_24.wav,dataset/chunks/barishal/bar_cate_09/sentence_24.wav,আগামীকাল খুব ঠান্ডা হবে।,barishal,bar_cate_09
sentence_25.wav,dataset/chunks/barishal/bar_cate_09/sentence_25.wav,ঝড়ের পূর্বাভাস আছে।,barishal,bar_cate_09
sentence_26.wav,dataset/chunks/barishal/bar_cate_09/sentence_26.wav,বাতাসের দিক পরিবর্তিত হয়েছে।,barishal,bar_cate_09
sentence_27.wav,dataset/chunks/barishal/bar_cate_09/sentence_27.wav,আকাশে সূর্যোদয় দেখা যাচ্ছে।,barishal,bar_cate_09
sentence_28.wav,dataset/chunks/barishal/bar_cate_09/sentence_28.wav,আজ রাতের আকাশে তারা দেখা যাচ্ছে।,barishal,bar_cate_09
sentence_29.wav,dataset/chunks/barishal/bar_cate_09/sentence_29.wav,বাতাসে তীব্রতা আছে কি?,barishal,bar_cate_09
sentence_30.wav,dataset/chunks/barishal/bar_cate_09/sentence_30.wav,গ্রীষ্মকাল খুব গরম।,barishal,bar_cate_09
sentence_31.wav,dataset/chunks/barishal/bar_cate_09/sentence_31.wav,শীতকাল খুব ঠান্ডা।,barishal,bar_cate_09
sentence_32.wav,dataset/chunks/barishal/bar_cate_09/sentence_32.wav,আজকের আর্দ্রতা কেমন?,barishal,bar_cate_09
sentence_33.wav,dataset/chunks/barishal/bar_cate_09/sentence_33.wav,মেঘ কেটে গেছে।,barishal,bar_cate_09
sentence_34.wav,dataset/chunks/barishal/bar_cate_09/sentence_34.wav,ঝড়ের সময় বাইরে যাবেন না।,barishal,bar_cate_09
sentence_35.wav,dataset/chunks/barishal/bar_cate_09/sentence_35.wav,আজকের আকাশ নীল।,barishal,bar_cate_09
sentence_36.wav,dataset/chunks/barishal/bar_cate_09/sentence_36.wav,বাতাসে ধুলো আছে।,barishal,bar_cate_09
sentence_37.wav,dataset/chunks/barishal/bar_cate_09/sentence_37.wav,বৃষ্টির পর সবুজ গাছ আরও সুন্দর।,barishal,bar_cate_09
sentence_38.wav,dataset/chunks/barishal/bar_cate_09/sentence_38.wav,আজ খুব ধোঁয়া আছে।,barishal,bar_cate_09
sentence_39.wav,dataset/chunks/barishal/bar_cate_09/sentence_39.wav,আগামীকাল বৃষ্টি হবে কি?,barishal,bar_cate_09
sentence_40.wav,dataset/chunks/barishal/bar_cate_09/sentence_40.wav,আজ দুপুরে তাপমাত্রা কম।,barishal,bar_cate_09
sentence_41.wav,dataset/chunks/barishal/bar_cate_09/sentence_41.wav,সূর্য আকাশে উজ্জ্বল।,barishal,bar_cate_09
sentence_42.wav,dataset/chunks/barishal/bar_cate_09/sentence_42.wav,আজ বাতাস একটু ঠান্ডা।,barishal,bar_cate_09
sentence_43.wav,dataset/chunks/barishal/bar_cate_09/sentence_43.wav,ঝড়ের সময় কি precautions নিতে হবে?,barishal,bar_cate_09
sentence_44.wav,dataset/chunks/barishal/bar_cate_09/sentence_44.wav,আজকের আবহাওয়া স্বাভাবিক।,barishal,bar_cate_09
sentence_45.wav,dataset/chunks/barishal/bar_cate_09/sentence_45.wav,বৃষ্টি হলে রাস্তা ভিজে যাবে।,barishal,bar_cate_09
sentence_46.wav,dataset/chunks/barishal/bar_cate_09/sentence_46.wav,হাওয়া খুব নরম।,barishal,bar_cate_09
sentence_47.wav,dataset/chunks/barishal/bar_cate_09/sentence_47.wav,আজ সূর্য উঠার সময় দেরি হয়েছে।,barishal,bar_cate_09
sentence_48.wav,dataset/chunks/barishal/bar_cate_09/sentence_48.wav,আবহাওয়া রিপোর্ট কি হয়েছে?,barishal,bar_cate_09
sentence_49.wav,dataset/chunks/barishal/bar_cate_09/sentence_49.wav,আজকের তাপমাত্রা বেশী।,barishal,bar_cate_09
sentence_50.wav,dataset/chunks/barishal/bar_cate_09/sentence_50.wav,রাতে খুব ঠান্ডা হবে।,barishal,bar_cate_09
sentence_51.wav,dataset/chunks/barishal/bar_cate_09/sentence_51.wav,গ্রীষ্মের দিন দীর্ঘ।,barishal,bar_cate_09
sentence_52.wav,dataset/chunks/barishal/bar_cate_09/sentence_52.wav,শীতের রাত ছোট।,barishal,bar_cate_09
sentence_53.wav,dataset/chunks/barishal/bar_cate_09/sentence_53.wav,ঝড়ের কারণে বিদ্যুৎ চলে গেছে।,barishal,bar_cate_09
sentence_54.wav,dataset/chunks/barishal/bar_cate_09/sentence_54.wav,মেঘলা দিনে ছবি তোলা ভালো।,barishal,bar_cate_09
sentence_55.wav,dataset/chunks/barishal/bar_cate_09/sentence_55.wav,বাতাসে আর্দ্রতা বেশি।,barishal,bar_cate_09
sentence_56.wav,dataset/chunks/barishal/bar_cate_09/sentence_56.wav,কি ধরনের বাতাস চলছে?,barishal,bar_cate_09
sentence_57.wav,dataset/chunks/barishal/bar_cate_09/sentence_57.wav,আজ রাতের আকাশ পরিষ্কার।,barishal,bar_cate_09
sentence_58.wav,dataset/chunks/barishal/bar_cate_09/sentence_58.wav,বৃষ্টিপাত কম।,barishal,bar_cate_09
sentence_59.wav,dataset/chunks/barishal/bar_cate_09/sentence_59.wav,আগামীকাল তাপমাত্রা বাড়বে।,barishal,bar_cate_09
sentence_60.wav,dataset/chunks/barishal/bar_cate_09/sentence_60.wav,ঝড়ের সময় সড়ক নিরাপদ নয়।,barishal,bar_cate_09
sentence_61.wav,dataset/chunks/barishal/bar_cate_09/sentence_61.wav,আজ হালকা বৃষ্টি হচ্ছে।,barishal,bar_cate_09
sentence_62.wav,dataset/chunks/barishal/bar_cate_09/sentence_62.wav,বাতাসের তীব্রতা কমেছে।,barishal,bar_cate_09
sentence_63.wav,dataset/chunks/barishal/bar_cate_09/sentence_63.wav,আজকের সূর্যাস্ত সুন্দর।,barishal,bar_cate_09
sentence_64.wav,dataset/chunks/barishal/bar_cate_09/sentence_64.wav,কি সময়ে বৃষ্টি হবে?,barishal,bar_cate_09
sentence_65.wav,dataset/chunks/barishal/bar_cate_09/sentence_65.wav,আকাশে মেঘ অনেক।,barishal,bar_cate_09
sentence_66.wav,dataset/chunks/barishal/bar_cate_09/sentence_66.wav,আজ খুব শীতল দিন।,barishal,bar_cate_09
sentence_67.wav,dataset/chunks/barishal/bar_cate_09/sentence_67.wav,বাতাসের দিক পূর্ব।,barishal,bar_cate_09
sentence_68.wav,dataset/chunks/barishal/bar_cate_09/sentence_68.wav,হঠাৎ ঝড় এসেছে।,barishal,bar_cate_09
sentence_69.wav,dataset/chunks/barishal/bar_cate_09/sentence_69.wav,আজ খুব রৌদ্রজ্জ্বল।,barishal,bar_cate_09
sentence_70.wav,dataset/chunks/barishal/bar_cate_09/sentence_70.wav,আগামীকাল হালকা বাতাস থাকবে।,barishal,bar_cate_09
sentence_01.wav,dataset/chunks/barishal/bar_cate_10/sentence_01.wav,আপনি কিভাবে পহেলা বৈশাখ উদযাপন করেন?,barishal,bar_cate_10
sentence_02.wav,dataset/chunks/barishal/bar_cate_10/sentence_02.wav,আমি পহেলা বৈশাখে নতুন জামা পরি।,barishal,bar_cate_10
sentence_03.wav,dataset/chunks/barishal/bar_cate_10/sentence_03.wav,আমাদের গ্রামে ঈদ খুব বড় উৎসব।,barishal,bar_cate_10
sentence_04.wav,dataset/chunks/barishal/bar_cate_10/sentence_04.wav,আপনি পূজা কিভাবে পালন করেন?,barishal,bar_cate_10
sentence_05.wav,dataset/chunks/barishal/bar_cate_10/sentence_05.wav,আমরা দুর্গাপূজা দেখতে যাই।,barishal,bar_cate_10
sentence_06.wav,dataset/chunks/barishal/bar_cate_10/sentence_06.wav,আমার পরিবার নববর্ষ উদযাপন করে।,barishal,bar_cate_10
sentence_07.wav,dataset/chunks/barishal/bar_cate_10/sentence_07.wav,কি ধরনের খাবার উৎসবে থাকে?,barishal,bar_cate_10
sentence_08.wav,dataset/chunks/barishal/bar_cate_10/sentence_08.wav,আমরা ঈদের দিনে গিয়ে কার্ড দিই।,barishal,bar_cate_10
sentence_09.wav,dataset/chunks/barishal/bar_cate_10/sentence_09.wav,পহেলা বৈশাখে আমরা বাজারে যাই।,barishal,bar_cate_10
sentence_10.wav,dataset/chunks/barishal/bar_cate_10/sentence_10.wav,আমরা পহেলা বৈশাখে রঙিন পোশাক পরি।,barishal,bar_cate_10
sentence_11.wav,dataset/chunks/barishal/bar_cate_10/sentence_11.wav,হোলি আমাদের বন্ধুদের সঙ্গে খেলা হয়।,barishal,bar_cate_10
sentence_12.wav,dataset/chunks/barishal/bar_cate_10/sentence_12.wav,উৎসবে কি ধরনের গান বাজে?,barishal,bar_cate_10
sentence_13.wav,dataset/chunks/barishal/bar_cate_10/sentence_13.wav,আমরা লালবসন্ত উৎসব পালন করি।,barishal,bar_cate_10
sentence_14.wav,dataset/chunks/barishal/bar_cate_10/sentence_14.wav,আমাদের গ্রামে বর্ষবরণ খুব উৎসবমুখর।,barishal,bar_cate_10
sentence_15.wav,dataset/chunks/barishal/bar_cate_10/sentence_15.wav,পহেলা বৈশাখে নতুন বছরের জন্য শুভেচ্ছা বিনিময় করি।,barishal,bar_cate_10
sentence_16.wav,dataset/chunks/barishal/bar_cate_10/sentence_16.wav,আমরা ঈদে পরিবারের সঙ্গে ভ্রমণ করি।,barishal,bar_cate_10
sentence_17.wav,dataset/chunks/barishal/bar_cate_10/sentence_17.wav,দুর্গাপূজায় মন্দিরে ফুল সাজানো হয়।,barishal,bar_cate_10
sentence_18.wav,dataset/chunks/barishal/bar_cate_10/sentence_18.wav,কি ধরনের পোশাক উৎসবে পরা হয়?,barishal,bar_cate_10
sentence_19.wav,dataset/chunks/barishal/bar_cate_10/sentence_19.wav,নববর্ষে আমরা মিষ্টি খাই।,barishal,bar_cate_10
sentence_20.wav,dataset/chunks/barishal/bar_cate_10/sentence_20.wav,আমরা ঈদের সকালে নতুন জামা পরি।,barishal,bar_cate_10
sentence_21.wav,dataset/chunks/barishal/bar_cate_10/sentence_21.wav,পূজার সময় মন্দিরে ভিড় থাকে।,barishal,bar_cate_10
sentence_22.wav,dataset/chunks/barishal/bar_cate_10/sentence_22.wav,পহেলা বৈশাখে আমরা পার্কে যাই।,barishal,bar_cate_10
sentence_23.wav,dataset/chunks/barishal/bar_cate_10/sentence_23.wav,হোলিতে রঙ ব্যবহার করা হয়।,barishal,bar_cate_10
sentence_24.wav,dataset/chunks/barishal/bar_cate_10/sentence_24.wav,আমরা ভোরে পূজার অর্ঘ্য দিই।,barishal,bar_cate_10
sentence_25.wav,dataset/chunks/barishal/bar_cate_10/sentence_25.wav,ঈদে আমরা একে অপরকে শুভেচ্ছা জানাই।,barishal,bar_cate_10
sentence_26.wav,dataset/chunks/barishal/bar_cate_10/sentence_26.wav,উৎসবের জন্য নতুন সাজসজ্জা করা হয়েছে।,barishal,bar_cate_10
sentence_27.wav,dataset/chunks/barishal/bar_cate_10/sentence_27.wav,আমরা নববর্ষে গান গাই।,barishal,bar_cate_10
sentence_28.wav,dataset/chunks/barishal/bar_cate_10/sentence_28.wav,দুর্গাপূজায় কুমারী পূজা হয়।,barishal,bar_cate_10
sentence_29.wav,dataset/chunks/barishal/bar_cate_10/sentence_29.wav,কি ধরনের খেলাধুলা উৎসবে হয়?,barishal,bar_cate_10
sentence_30.wav,dataset/chunks/barishal/bar_cate_10/sentence_30.wav,আমরা হোলিতে একে অপরকে রঙ দিই।,barishal,bar_cate_10
sentence_31.wav,dataset/chunks/barishal/bar_cate_10/sentence_31.wav,উৎসবে আমরা নাচ গান করি।,barishal,bar_cate_10
sentence_32.wav,dataset/chunks/barishal/bar_cate_10/sentence_32.wav,ঈদের দিনে বাজারে ভিড় হয়।,barishal,bar_cate_10
sentence_33.wav,dataset/chunks/barishal/bar_cate_10/sentence_33.wav,পহেলা বৈশাখে আমরা মেলা দেখতে যাই।,barishal,bar_cate_10
sentence_34.wav,dataset/chunks/barishal/bar_cate_10/sentence_34.wav,নববর্ষে আমরা নতুন পরিকল্পনা করি।,barishal,bar_cate_10
sentence_35.wav,dataset/chunks/barishal/bar_cate_10/sentence_35.wav,দুর্গাপূজায় মন্দিরে আলোকসজ্জা করা হয়।,barishal,bar_cate_10
sentence_36.wav,dataset/chunks/barishal/bar_cate_10/sentence_36.wav,হোলিতে আমরা বন্ধুদের সঙ্গে মজা করি।,barishal,bar_cate_10
sentence_37.wav,dataset/chunks/barishal/bar_cate_10/sentence_37.wav,কি ধরনের খাবার পূজায় পরিবেশিত হয়?,barishal,bar_cate_10
sentence_38.wav,dataset/chunks/barishal/bar_cate_10/sentence_38.wav,আমরা নববর্ষে পরিবারকে উপহার দেই।,barishal,bar_cate_10
sentence_39.wav,dataset/chunks/barishal/bar_cate_10/sentence_39.wav,ঈদের সকালে আমরা মসজিদে যাই।,barishal,bar_cate_10
sentence_40.wav,dataset/chunks/barishal/bar_cate_10/sentence_40.wav,উৎসবে আমরা traditional পোশাক পরি।,barishal,bar_cate_10
sentence_41.wav,dataset/chunks/barishal/bar_cate_10/sentence_41.wav,পহেলা বৈশাখে আমরা রঙিন মিছিল করি।,barishal,bar_cate_10
sentence_42.wav,dataset/chunks/barishal/bar_cate_10/sentence_42.wav,হোলিতে আমরা বিভিন্ন রঙের জল ব্যবহার করি।,barishal,bar_cate_10
sentence_43.wav,dataset/chunks/barishal/bar_cate_10/sentence_43.wav,নববর্ষের অনুষ্ঠানে গান বাজানো হয়।,barishal,bar_cate_10
sentence_44.wav,dataset/chunks/barishal/bar_cate_10/sentence_44.wav,আমরা ঈদের দিনে প্রিয়জনের সঙ্গে খাবার খাই।,barishal,bar_cate_10
sentence_45.wav,dataset/chunks/barishal/bar_cate_10/sentence_45.wav,দুর্গাপূজায় প্রতিমা সাজানো হয়।,barishal,bar_cate_10
sentence_46.wav,dataset/chunks/barishal/bar_cate_10/sentence_46.wav,উৎসবে আমরা সবাই একসাথে আনন্দ করি।,barishal,bar_cate_10
sentence_47.wav,dataset/chunks/barishal/bar_cate_10/sentence_47.wav,পহেলা বৈশাখে নতুন বছরের শুরু হয়।,barishal,bar_cate_10
sentence_48.wav,dataset/chunks/barishal/bar_cate_10/sentence_48.wav,নববর্ষে আমরা খোলা আকাশের নিচে অনুষ্ঠান করি।,barishal,bar_cate_10
sentence_49.wav,dataset/chunks/barishal/bar_cate_10/sentence_49.wav,ঈদে আমরা একে অপরকে উপহার দেই।,barishal,bar_cate_10
sentence_50.wav,dataset/chunks/barishal/bar_cate_10/sentence_50.wav,হোলিতে শিশুদের আনন্দ বেশি।,barishal,bar_cate_10
sentence_51.wav,dataset/chunks/barishal/bar_cate_10/sentence_51.wav,আমরা পহেলা বৈশাখে রঙিন পুতুল তৈরি করি।,barishal,bar_cate_10
sentence_52.wav,dataset/chunks/barishal/bar_cate_10/sentence_52.wav,দুর্গাপূজায় মন্দিরে ভক্তদের ভিড় থাকে।,barishal,bar_cate_10
sentence_53.wav,dataset/chunks/barishal/bar_cate_10/sentence_53.wav,নববর্ষের দিনে আমরা traditional খাবার খাই।,barishal,bar_cate_10
sentence_54.wav,dataset/chunks/barishal/bar_cate_10/sentence_54.wav,হোলিতে আমরা গান বাজাই।,barishal,bar_cate_10
sentence_55.wav,dataset/chunks/barishal/bar_cate_10/sentence_55.wav,ঈদে আমরা পরিবারের সঙ্গে আনন্দ করি।,barishal,bar_cate_10
sentence_56.wav,dataset/chunks/barishal/bar_cate_10/sentence_56.wav,পহেলা বৈশাখে আমরা বাজার থেকে খাবার কিনি।,barishal,bar_cate_10
sentence_57.wav,dataset/chunks/barishal/bar_cate_10/sentence_57.wav,নববর্ষে আমরা cultural অনুষ্ঠানে অংশ নিই।,barishal,bar_cate_10
sentence_58.wav,dataset/chunks/barishal/bar_cate_10/sentence_58.wav,দুর্গাপূজায় আমরা মেলা দেখি।,barishal,bar_cate_10
sentence_59.wav,dataset/chunks/barishal/bar_cate_10/sentence_59.wav,হোলিতে আমরা একে অপরকে মিষ্টি দিই।,barishal,bar_cate_10
sentence_60.wav,dataset/chunks/barishal/bar_cate_10/sentence_60.wav,আমরা পহেলা বৈশাখে traditional নাচ করি।,barishal,bar_cate_10
sentence_61.wav,dataset/chunks/barishal/bar_cate_10/sentence_61.wav,নববর্ষে আমরা নতুন বছরের জন্য প্রার্থনা করি।,barishal,bar_cate_10
sentence_62.wav,dataset/chunks/barishal/bar_cate_10/sentence_62.wav,ঈদের সকালে আমরা মসজিদে যাওয়া শুরু করি।,barishal,bar_cate_10
sentence_63.wav,dataset/chunks/barishal/bar_cate_10/sentence_63.wav,হোলিতে আমরা বন্ধুদের সঙ্গে আনন্দ করি।,barishal,bar_cate_10
sentence_64.wav,dataset/chunks/barishal/bar_cate_10/sentence_64.wav,পহেলা বৈশাখে আমাদের গ্রামে মেলা হয়।,barishal,bar_cate_10
sentence_65.wav,dataset/chunks/barishal/bar_cate_10/sentence_65.wav,নববর্ষের অনুষ্ঠান সকাল থেকে শুরু হয়।,barishal,bar_cate_10
sentence_66.wav,dataset/chunks/barishal/bar_cate_10/sentence_66.wav,দুর্গাপূজায় শিশুদের জন্য খেলা হয়।,barishal,bar_cate_10
sentence_67.wav,dataset/chunks/barishal/bar_cate_10/sentence_67.wav,হোলিতে আমরা রঙিন পাউডার ব্যবহার করি।,barishal,bar_cate_10
sentence_68.wav,dataset/chunks/barishal/bar_cate_10/sentence_68.wav,ঈদে আমরা গ্রামের বাড়িতে যাই।,barishal,bar_cate_10
sentence_69.wav,dataset/chunks/barishal/bar_cate_10/sentence_69.wav,পহেলা বৈশাখে আমরা নতুন বছরের জন্য সুইট খাই।,barishal,bar_cate_10
sentence_70.wav,dataset/chunks/barishal/bar_cate_10/sentence_70.wav,নববর্ষে আমরা সকলের সঙ্গে আনন্দ ভাগ করি।,barishal,bar_cate_10
sentence_01.wav,dataset/chunks/barishal/bar_cate_11/sentence_01.wav,আপনার পরীক্ষা কবে?,barishal,bar_cate_11
sentence_02.wav,dataset/chunks/barishal/bar_cate_11/sentence_02.wav,আমি সকাল ৯টায় স্কুলে যাই।,barishal,bar_cate_11
sentence_03.wav,dataset/chunks/barishal/bar_cate_11/sentence_03.wav,আজ কোন বিষয়ের ক্লাস আছে?,barishal,bar_cate_11
sentence_04.wav,dataset/chunks/barishal/bar_cate_11/sentence_04.wav,আমি গণিত পড়াশোনা করছি।,barishal,bar_cate_11
sentence_05.wav,dataset/chunks/barishal/bar_cate_11/sentence_05.wav,আপনার শিক্ষক কে?,barishal,bar_cate_11
sentence_06.wav,dataset/chunks/barishal/bar_cate_11/sentence_06.wav,আমার ক্লাস খুব ছোট।,barishal,bar_cate_11
sentence_07.wav,dataset/chunks/barishal/bar_cate_11/sentence_07.wav,পরীক্ষা কঠিন হবে কি?,barishal,bar_cate_11
sentence_08.wav,dataset/chunks/barishal/bar_cate_11/sentence_08.wav,আমি আজ বাংলা পরীক্ষা দিচ্ছি।,barishal,bar_cate_11
sentence_09.wav,dataset/chunks/barishal/bar_cate_11/sentence_09.wav,আপনি কোন কলেজে পড়েন?,barishal,bar_cate_11
sentence_10.wav,dataset/chunks/barishal/bar_cate_11/sentence_10.wav,আমার বন্ধু বিজ্ঞান পড়ে।,barishal,bar_cate_11
sentence_11.wav,dataset/chunks/barishal/bar_cate_11/sentence_11.wav,আমরা স্কুলে প্রতিদিন ৬ ঘণ্টা পড়ি।,barishal,bar_cate_11
sentence_12.wav,dataset/chunks/barishal/bar_cate_11/sentence_12.wav,আপনার হোমওয়ার্ক শেষ হয়েছে কি?,barishal,bar_cate_11
sentence_13.wav,dataset/chunks/barishal/bar_cate_11/sentence_13.wav,আমি ইতিহাস পড়তে ভালোবাসি।,barishal,bar_cate_11
sentence_14.wav,dataset/chunks/barishal/bar_cate_11/sentence_14.wav,আপনার শিক্ষক ক্লাসে কঠোর কি?,barishal,bar_cate_11
sentence_15.wav,dataset/chunks/barishal/bar_cate_11/sentence_15.wav,আমরা লাইব্রেরিতে বই পড়ি।,barishal,bar_cate_11
sentence_16.wav,dataset/chunks/barishal/bar_cate_11/sentence_16.wav,পরীক্ষা কত নম্বরের?,barishal,bar_cate_11
sentence_17.wav,dataset/chunks/barishal/bar_cate_11/sentence_17.wav,আমার সহপাঠী খুব স্মার্ট।,barishal,bar_cate_11
sentence_18.wav,dataset/chunks/barishal/bar_cate_11/sentence_18.wav,আপনি কোন বিষয়ে দুর্বল?,barishal,bar_cate_11
sentence_19.wav,dataset/chunks/barishal/bar_cate_11/sentence_19.wav,আমি প্রতিদিন ইংরেজি অনুশীলন করি।,barishal,bar_cate_11
sentence_20.wav,dataset/chunks/barishal/bar_cate_11/sentence_20.wav,শিক্ষক আজ নতুন পাঠ শেখালেন।,barishal,bar_cate_11
sentence_21.wav,dataset/chunks/barishal/bar_cate_11/sentence_21.wav,আপনার ক্লাসের সময়সূচি কি?,barishal,bar_cate_11
sentence_22.wav,dataset/chunks/barishal/bar_cate_11/sentence_22.wav,আমি পরীক্ষার জন্য প্রস্তুতি নিচ্ছি।,barishal,bar_cate_11
sentence_23.wav,dataset/chunks/barishal/bar_cate_11/sentence_23.wav,আমরা বিজ্ঞান ল্যাবে পরীক্ষা করি।,barishal,bar_cate_11
sentence_24.wav,dataset/chunks/barishal/bar_cate_11/sentence_24.wav,আপনার স্কুলের নাম কি?,barishal,bar_cate_11
sentence_25.wav,dataset/chunks/barishal/bar_cate_11/sentence_25.wav,আমার প্রিয় শিক্ষক খুব সহায়ক।,barishal,bar_cate_11
sentence_26.wav,dataset/chunks/barishal/bar_cate_11/sentence_26.wav,আমরা গ্রুপ স্টাডি করি।,barishal,bar_cate_11
sentence_27.wav,dataset/chunks/barishal/bar_cate_11/sentence_27.wav,আপনি কোন বিষয়ে ভালো?,barishal,bar_cate_11
sentence_28.wav,dataset/chunks/barishal/bar_cate_11/sentence_28.wav,আমি নতুন বিষয় শিখতে ভালোবাসি।,barishal,bar_cate_11
sentence_29.wav,dataset/chunks/barishal/bar_cate_11/sentence_29.wav,পরীক্ষা শেষ হলে আমরা ছুটি পাই।,barishal,bar_cate_11
sentence_30.wav,dataset/chunks/barishal/bar_cate_11/sentence_30.wav,আমার স্কুলে বড় লাইব্রেরি আছে।,barishal,bar_cate_11
sentence_31.wav,dataset/chunks/barishal/bar_cate_11/sentence_31.wav,আপনার ক্লাসের সংখ্যা কত?,barishal,bar_cate_11
sentence_32.wav,dataset/chunks/barishal/bar_cate_11/sentence_32.wav,আমি প্রতিদিন সকালে পড়াশোনা করি।,barishal,bar_cate_11
sentence_33.wav,dataset/chunks/barishal/bar_cate_11/sentence_33.wav,শিক্ষক আজ গণিতের সমস্যা দেখালেন।,barishal,bar_cate_11
sentence_34.wav,dataset/chunks/barishal/bar_cate_11/sentence_34.wav,আপনার সহপাঠী কি সাহায্য করছে?,barishal,bar_cate_11
sentence_35.wav,dataset/chunks/barishal/bar_cate_11/sentence_35.wav,আমি পরীক্ষার জন্য নোট তৈরি করছি।,barishal,bar_cate_11
sentence_36.wav,dataset/chunks/barishal/bar_cate_11/sentence_36.wav,আমরা স্কুলে বিভিন্ন কার্যক্রম করি।,barishal,bar_cate_11
sentence_37.wav,dataset/chunks/barishal/bar_cate_11/sentence_37.wav,আপনার শিক্ষক কি ভালো ব্যাখ্যা করেন?,barishal,bar_cate_11
sentence_38.wav,dataset/chunks/barishal/bar_cate_11/sentence_38.wav,আমি ইংরেজি বলার অনুশীলন করি।,barishal,bar_cate_11
sentence_39.wav,dataset/chunks/barishal/bar_cate_11/sentence_39.wav,আজ ক্লাসে প্র্যাকটিক্যাল হয়েছে।,barishal,bar_cate_11
sentence_40.wav,dataset/chunks/barishal/bar_cate_11/sentence_40.wav,আপনার হোমওয়ার্ক কত পৃষ্ঠা?,barishal,bar_cate_11
sentence_41.wav,dataset/chunks/barishal/bar_cate_11/sentence_41.wav,আমি পরীক্ষার জন্য প্রশ্ন সমাধান করছি।,barishal,bar_cate_11
sentence_42.wav,dataset/chunks/barishal/bar_cate_11/sentence_42.wav,আমরা স্কুলে বার্ষিক ক্রীড়া প্রতিযোগিতা করি।,barishal,bar_cate_11
sentence_43.wav,dataset/chunks/barishal/bar_cate_11/sentence_43.wav,আপনার শিক্ষক কি কখনও দেরি করেন?,barishal,bar_cate_11
sentence_44.wav,dataset/chunks/barishal/bar_cate_11/sentence_44.wav,আমি নতুন বই কিনেছি।,barishal,bar_cate_11
sentence_45.wav,dataset/chunks/barishal/bar_cate_11/sentence_45.wav,ক্লাসে সবাই খুব মনোযোগী।,barishal,bar_cate_11
sentence_46.wav,dataset/chunks/barishal/bar_cate_11/sentence_46.wav,আপনার স্কুলের সময়সূচি কি?,barishal,bar_cate_11
sentence_47.wav,dataset/chunks/barishal/bar_cate_11/sentence_47.wav,আমরা পরীক্ষার জন্য গ্রুপ স্টাডি করি।,barishal,bar_cate_11
sentence_48.wav,dataset/chunks/barishal/bar_cate_11/sentence_48.wav,শিক্ষক আজ বিজ্ঞান পাঠ করলেন।,barishal,bar_cate_11
sentence_49.wav,dataset/chunks/barishal/bar_cate_11/sentence_49.wav,আপনার প্রিয় বিষয় কোনটি?,barishal,bar_cate_11
sentence_50.wav,dataset/chunks/barishal/bar_cate_11/sentence_50.wav,আমি প্রতিদিন রাতে পড়াশোনা করি।,barishal,bar_cate_11
sentence_51.wav,dataset/chunks/barishal/bar_cate_11/sentence_51.wav,আমরা লাইব্রেরিতে নতুন বই দেখেছি।,barishal,bar_cate_11
sentence_52.wav,dataset/chunks/barishal/bar_cate_11/sentence_52.wav,শিক্ষক আজ পরীক্ষা নেওয়ার পরিকল্পনা করেছেন।,barishal,bar_cate_11
sentence_53.wav,dataset/chunks/barishal/bar_cate_11/sentence_53.wav,আপনার স্কুলের ছুটি কখন?,barishal,bar_cate_11
sentence_54.wav,dataset/chunks/barishal/bar_cate_11/sentence_54.wav,আমি পরীক্ষার জন্য নোটগুলি পুনরায় পড়ছি।,barishal,bar_cate_11
sentence_55.wav,dataset/chunks/barishal/bar_cate_11/sentence_55.wav,আমরা ক্লাসে project কাজ করছি।,barishal,bar_cate_11
sentence_56.wav,dataset/chunks/barishal/bar_cate_11/sentence_56.wav,আপনার সহপাঠী কি সক্রিয়?,barishal,bar_cate_11
sentence_57.wav,dataset/chunks/barishal/bar_cate_11/sentence_57.wav,আমি আজ শিক্ষকের সঙ্গে কথা বলেছি।,barishal,bar_cate_11
sentence_58.wav,dataset/chunks/barishal/bar_cate_11/sentence_58.wav,স্কুলে আমরা বিভিন্ন cultural অনুষ্ঠান করি।,barishal,bar_cate_11
sentence_59.wav,dataset/chunks/barishal/bar_cate_11/sentence_59.wav,আপনার ক্লাসে কত শিক্ষক আছেন?,barishal,bar_cate_11
sentence_60.wav,dataset/chunks/barishal/bar_cate_11/sentence_60.wav,আমি প্রতিদিন নতুন শব্দ শিখি।,barishal,bar_cate_11
sentence_61.wav,dataset/chunks/barishal/bar_cate_11/sentence_61.wav,পরীক্ষা শেষ হলে আমরা আনন্দ করি।,barishal,bar_cate_11
sentence_62.wav,dataset/chunks/barishal/bar_cate_11/sentence_62.wav,শিক্ষক আজ হোমওয়ার্ক দেখেছেন।,barishal,bar_cate_11
sentence_63.wav,dataset/chunks/barishal/bar_cate_11/sentence_63.wav,আপনার স্কুলে কত লাইব্রেরি আছে?,barishal,bar_cate_11
sentence_64.wav,dataset/chunks/barishal/bar_cate_11/sentence_64.wav,আমরা প্রতিদিন ক্লাসে active থাকি।,barishal,bar_cate_11
sentence_65.wav,dataset/chunks/barishal/bar_cate_11/sentence_65.wav,আমি পরীক্ষার জন্য extra practice করি।,barishal,bar_cate_11
sentence_66.wav,dataset/chunks/barishal/bar_cate_11/sentence_66.wav,শিক্ষক নতুন প্রশ্ন দেখিয়েছেন।,barishal,bar_cate_11
sentence_67.wav,dataset/chunks/barishal/bar_cate_11/sentence_67.wav,আপনার স্কুলের বার্ষিক পরীক্ষা কখন?,barishal,bar_cate_11
sentence_68.wav,dataset/chunks/barishal/bar_cate_11/sentence_68.wav,আমি শিক্ষকের পরামর্শ অনুসরণ করি।,barishal,bar_cate_11
sentence_69.wav,dataset/chunks/barishal/bar_cate_11/sentence_69.wav,আমরা প্রতিদিন assignment করি।,barishal,bar_cate_11
sentence_70.wav,dataset/chunks/barishal/bar_cate_11/sentence_70.wav,আপনার প্রিয় শিক্ষক কে?,barishal,bar_cate_11
sentence_01.wav,dataset/chunks/barishal/bar_cate_12/sentence_01.wav,আজকের মিটিং কবে?,barishal,bar_cate_12
sentence_02.wav,dataset/chunks/barishal/bar_cate_12/sentence_02.wav,আমি আমার রিপোর্ট প্রস্তুত করেছি।,barishal,bar_cate_12
sentence_03.wav,dataset/chunks/barishal/bar_cate_12/sentence_03.wav,অফিসে সময়মতো পৌঁছানো উচিত।,barishal,bar_cate_12
sentence_04.wav,dataset/chunks/barishal/bar_cate_12/sentence_04.wav,আপনার সহকর্মী কি সাহায্য করছে?,barishal,bar_cate_12
sentence_05.wav,dataset/chunks/barishal/bar_cate_12/sentence_05.wav,আমরা নতুন প্রকল্প শুরু করছি।,barishal,bar_cate_12
sentence_06.wav,dataset/chunks/barishal/bar_cate_12/sentence_06.wav,আজ অফিসে কি কাজ আছে?,barishal,bar_cate_12
sentence_07.wav,dataset/chunks/barishal/bar_cate_12/sentence_07.wav,আমার কম্পিউটারে সমস্যা হয়েছে।,barishal,bar_cate_12
sentence_08.wav,dataset/chunks/barishal/bar_cate_12/sentence_08.wav,মিটিংটি কত সময়ের জন্য?,barishal,bar_cate_12
sentence_09.wav,dataset/chunks/barishal/bar_cate_12/sentence_09.wav,আমি প্রেজেন্টেশন প্রস্তুত করছি।,barishal,bar_cate_12
sentence_10.wav,dataset/chunks/barishal/bar_cate_12/sentence_10.wav,আপনি কোন দপ্তরে কাজ করেন?,barishal,bar_cate_12
sentence_11.wav,dataset/chunks/barishal/bar_cate_12/sentence_11.wav,অফিসের সময়সূচি কি?,barishal,bar_cate_12
sentence_12.wav,dataset/chunks/barishal/bar_cate_12/sentence_12.wav,আমি নতুন কর্মচারী প্রশিক্ষণ দিচ্ছি।,barishal,bar_cate_12
sentence_13.wav,dataset/chunks/barishal/bar_cate_12/sentence_13.wav,আজ অফিসে তদারকি করা হয়েছে।,barishal,bar_cate_12
sentence_14.wav,dataset/chunks/barishal/bar_cate_12/sentence_14.wav,আমরা ক্লায়েন্টের সঙ্গে মিটিং করেছি।,barishal,bar_cate_12
sentence_15.wav,dataset/chunks/barishal/bar_cate_12/sentence_15.wav,আমার ল্যাপটপ কাজ করছে না।,barishal,bar_cate_12
sentence_16.wav,dataset/chunks/barishal/bar_cate_12/sentence_16.wav,অফিসের কাজ শেষ হয়েছে।,barishal,bar_cate_12
sentence_17.wav,dataset/chunks/barishal/bar_cate_12/sentence_17.wav,কি ধরনের রিপোর্ট আজ জমা দিতে হবে?,barishal,bar_cate_12
sentence_18.wav,dataset/chunks/barishal/bar_cate_12/sentence_18.wav,আমি ইমেইল পাঠাচ্ছি।,barishal,bar_cate_12
sentence_19.wav,dataset/chunks/barishal/bar_cate_12/sentence_19.wav,অফিসে নতুন নীতি প্রয়োগ করা হয়েছে।,barishal,bar_cate_12
sentence_20.wav,dataset/chunks/barishal/bar_cate_12/sentence_20.wav,আপনার সহকর্মী punctual কি?,barishal,bar_cate_12
sentence_21.wav,dataset/chunks/barishal/bar_cate_12/sentence_21.wav,আমরা অফিসে কাজ ভাগ করেছি।,barishal,bar_cate_12
sentence_22.wav,dataset/chunks/barishal/bar_cate_12/sentence_22.wav,আজ অফিসে কি মিটিং আছে?,barishal,bar_cate_12
sentence_23.wav,dataset/chunks/barishal/bar_cate_12/sentence_23.wav,আমি ক্লায়েন্টের জন্য ডকুমেন্ট তৈরি করছি।,barishal,bar_cate_12
sentence_24.wav,dataset/chunks/barishal/bar_cate_12/sentence_24.wav,অফিসের বাতাস ভালো নেই।,barishal,bar_cate_12
sentence_25.wav,dataset/chunks/barishal/bar_cate_12/sentence_25.wav,আমরা নতুন সফটওয়্যার ব্যবহার করছি।,barishal,bar_cate_12
sentence_26.wav,dataset/chunks/barishal/bar_cate_12/sentence_26.wav,কি কাজ দ্রুত শেষ করতে হবে?,barishal,bar_cate_12
sentence_27.wav,dataset/chunks/barishal/bar_cate_12/sentence_27.wav,আমার ডেস্কে অনেক নথি আছে।,barishal,bar_cate_12
sentence_28.wav,dataset/chunks/barishal/bar_cate_12/sentence_28.wav,অফিসে আজ নতুন অতিথি এসেছেন।,barishal,bar_cate_12
sentence_29.wav,dataset/chunks/barishal/bar_cate_12/sentence_29.wav,আমরা টিম মিটিং করছি।,barishal,bar_cate_12
sentence_30.wav,dataset/chunks/barishal/bar_cate_12/sentence_30.wav,আপনার কাজের অগ্রগতি কেমন?,barishal,bar_cate_12
sentence_31.wav,dataset/chunks/barishal/bar_cate_12/sentence_31.wav,আমি নতুন প্রকল্পের পরিকল্পনা করছি।,barishal,bar_cate_12
sentence_32.wav,dataset/chunks/barishal/bar_cate_12/sentence_32.wav,আজ অফিসে অনেক কাজ হয়েছে।,barishal,bar_cate_12
sentence_33.wav,dataset/chunks/barishal/bar_cate_12/sentence_33.wav,আমি ইমেইল চেক করছি।,barishal,bar_cate_12
sentence_34.wav,dataset/chunks/barishal/bar_cate_12/sentence_34.wav,অফিসের কম্পিউটার আপডেট হয়েছে।,barishal,bar_cate_12
sentence_35.wav,dataset/chunks/barishal/bar_cate_12/sentence_35.wav,আপনি আজ কোন দপ্তরে কাজ করছেন?,barishal,bar_cate_12
sentence_36.wav,dataset/chunks/barishal/bar_cate_12/sentence_36.wav,আমরা নতুন টিম মিটিং শুরু করেছি।,barishal,bar_cate_12
sentence_37.wav,dataset/chunks/barishal/bar_cate_12/sentence_37.wav,কি ধরনের রিপোর্ট শেষ হয়েছে?,barishal,bar_cate_12
sentence_38.wav,dataset/chunks/barishal/bar_cate_12/sentence_38.wav,আমি অফিসের জন্য প্রেজেন্টেশন তৈরি করেছি।,barishal,bar_cate_12
sentence_39.wav,dataset/chunks/barishal/bar_cate_12/sentence_39.wav,আমাদের টিমে নতুন সদস্য যোগ হয়েছে।,barishal,bar_cate_12
sentence_40.wav,dataset/chunks/barishal/bar_cate_12/sentence_40.wav,অফিসের কাজের মান খুব ভালো।,barishal,bar_cate_12
sentence_41.wav,dataset/chunks/barishal/bar_cate_12/sentence_41.wav,আজ অফিসে কি মিটিং শিডিউল আছে?,barishal,bar_cate_12
sentence_42.wav,dataset/chunks/barishal/bar_cate_12/sentence_42.wav,আমি অফিসের ডকুমেন্ট স্ক্যান করছি।,barishal,bar_cate_12
sentence_43.wav,dataset/chunks/barishal/bar_cate_12/sentence_43.wav,আপনার সহকর্মী কি ব্যস্ত?,barishal,bar_cate_12
sentence_44.wav,dataset/chunks/barishal/bar_cate_12/sentence_44.wav,আমরা অফিসে নথি আপডেট করেছি।,barishal,bar_cate_12
sentence_45.wav,dataset/chunks/barishal/bar_cate_12/sentence_45.wav,আজ টিমের সঙ্গে আলোচনা হয়েছে।,barishal,bar_cate_12
sentence_46.wav,dataset/chunks/barishal/bar_cate_12/sentence_46.wav,আমি নতুন কর্মচারীর প্রশিক্ষণ দিচ্ছি।,barishal,bar_cate_12
sentence_47.wav,dataset/chunks/barishal/bar_cate_12/sentence_47.wav,অফিসে নতুন নীতি প্রয়োগ করা হয়েছে।,barishal,bar_cate_12
sentence_48.wav,dataset/chunks/barishal/bar_cate_12/sentence_48.wav,আমার কম্পিউটার হ্যাং করেছে।,barishal,bar_cate_12
sentence_49.wav,dataset/chunks/barishal/bar_cate_12/sentence_49.wav,আমরা ক্লায়েন্টের কাছে প্রজেক্ট প্রেজেন্ট করেছি।,barishal,bar_cate_12
sentence_50.wav,dataset/chunks/barishal/bar_cate_12/sentence_50.wav,আপনার অফিসের সময়সূচি কি?,barishal,bar_cate_12
sentence_51.wav,dataset/chunks/barishal/bar_cate_12/sentence_51.wav,আমি আজ নতুন কাজ শিখছি।,barishal,bar_cate_12
sentence_52.wav,dataset/chunks/barishal/bar_cate_12/sentence_52.wav,অফিসে নিরাপত্তা ব্যবস্থা ভালো।,barishal,bar_cate_12
sentence_53.wav,dataset/chunks/barishal/bar_cate_12/sentence_53.wav,আমরা অফিসে নতুন টুল ব্যবহার করছি।,barishal,bar_cate_12
sentence_54.wav,dataset/chunks/barishal/bar_cate_12/sentence_54.wav,আপনার টিম কি প্রস্তুত?,barishal,bar_cate_12
sentence_55.wav,dataset/chunks/barishal/bar_cate_12/sentence_55.wav,আমি অফিসে অনেক নথি সাজাচ্ছি।,barishal,bar_cate_12
sentence_56.wav,dataset/chunks/barishal/bar_cate_12/sentence_56.wav,আজ অফিসে নতুন প্রকল্পের আলোচনা হয়েছে।,barishal,bar_cate_12
sentence_57.wav,dataset/chunks/barishal/bar_cate_12/sentence_57.wav,আমি আজ টিম মিটিং নিয়ে ব্যস্ত।,barishal,bar_cate_12
sentence_58.wav,dataset/chunks/barishal/bar_cate_12/sentence_58.wav,অফিসে নতুন সফটওয়্যার ইনস্টল করা হয়েছে।,barishal,bar_cate_12
sentence_59.wav,dataset/chunks/barishal/bar_cate_12/sentence_59.wav,কি ধরনের অফিস কাজ শেষ করতে হবে?,barishal,bar_cate_12
sentence_60.wav,dataset/chunks/barishal/bar_cate_12/sentence_60.wav,আমি ক্লায়েন্টের জন্য ডকুমেন্ট প্রস্তুত করছি।,barishal,bar_cate_12
sentence_61.wav,dataset/chunks/barishal/bar_cate_12/sentence_61.wav,অফিসে আজ অনেক ইমেইল এসেছে।,barishal,bar_cate_12
sentence_62.wav,dataset/chunks/barishal/bar_cate_12/sentence_62.wav,আমাদের টিমের সদস্য সক্রিয়।,barishal,bar_cate_12
sentence_63.wav,dataset/chunks/barishal/bar_cate_12/sentence_63.wav,আমি অফিসে নতুন প্রকল্প পরিকল্পনা করছি।,barishal,bar_cate_12
sentence_64.wav,dataset/chunks/barishal/bar_cate_12/sentence_64.wav,আজ অফিসে অনেক visitors এসেছে।,barishal,bar_cate_12
sentence_65.wav,dataset/chunks/barishal/bar_cate_12/sentence_65.wav,অফিসে meeting room প্রস্তুত।,barishal,bar_cate_12
sentence_66.wav,dataset/chunks/barishal/bar_cate_12/sentence_66.wav,আমি অফিসের জন্য রিপোর্ট তৈরি করেছি।,barishal,bar_cate_12
sentence_67.wav,dataset/chunks/barishal/bar_cate_12/sentence_67.wav,আমরা নতুন guidelines মেনে চলছি।,barishal,bar_cate_12
sentence_68.wav,dataset/chunks/barishal/bar_cate_12/sentence_68.wav,অফিসে কাজের চাপ বেশি।,barishal,bar_cate_12
sentence_69.wav,dataset/chunks/barishal/bar_cate_12/sentence_69.wav,আমি ক্লায়েন্টের সাথে discussion করেছি।,barishal,bar_cate_12
sentence_70.wav,dataset/chunks/barishal/bar_cate_12/sentence_70.wav,আমাদের অফিসের পরিবেশ খুব ভালো।,barishal,bar_cate_12
sentence_01.wav,dataset/chunks/barishal/bar_cate_13/sentence_01.wav,এই ফোনের দাম কত?,barishal,bar_cate_13
sentence_02.wav,dataset/chunks/barishal/bar_cate_13/sentence_02.wav,আমি নতুন ল্যাপটপ কিনতে চাই।,barishal,bar_cate_13
sentence_03.wav,dataset/chunks/barishal/bar_cate_13/sentence_03.wav,এই চার্জার কি original?,barishal,bar_cate_13
sentence_04.wav,dataset/chunks/barishal/bar_cate_13/sentence_04.wav,SIM কার্ড কীভাবে নিতে হবে?,barishal,bar_cate_13
sentence_05.wav,dataset/chunks/barishal/bar_cate_13/sentence_05.wav,এই ফোনের warranty কত দিন?,barishal,bar_cate_13
sentence_06.wav,dataset/chunks/barishal/bar_cate_13/sentence_06.wav,আমি একটা হেডফোন চাই।,barishal,bar_cate_13
sentence_07.wav,dataset/chunks/barishal/bar_cate_13/sentence_07.wav,এই ফোনে camera ভালো কি?,barishal,bar_cate_13
sentence_08.wav,dataset/chunks/barishal/bar_cate_13/sentence_08.wav,আপনার দোকানে laptop আছে কি?,barishal,bar_cate_13
sentence_09.wav,dataset/chunks/barishal/bar_cate_13/sentence_09.wav,এই চার্জার কত voltage?,barishal,bar_cate_13
sentence_10.wav,dataset/chunks/barishal/bar_cate_13/sentence_10.wav,আমি ফোন comparison করতে চাই।,barishal,bar_cate_13
sentence_11.wav,dataset/chunks/barishal/bar_cate_13/sentence_11.wav,এই ফোনের color কোনটি আছে?,barishal,bar_cate_13
sentence_12.wav,dataset/chunks/barishal/bar_cate_13/sentence_12.wav,SIM card activate করতে কত সময় লাগে?,barishal,bar_cate_13
sentence_13.wav,dataset/chunks/barishal/bar_cate_13/sentence_13.wav,এই ফোনের storage কত GB?,barishal,bar_cate_13
sentence_14.wav,dataset/chunks/barishal/bar_cate_13/sentence_14.wav,আমি power bank চাই।,barishal,bar_cate_13
sentence_15.wav,dataset/chunks/barishal/bar_cate_13/sentence_15.wav,ফোনে নতুন app install করতে পারি কি?,barishal,bar_cate_13
sentence_16.wav,dataset/chunks/barishal/bar_cate_13/sentence_16.wav,এই দোকানে accessories পাওয়া যায়?,barishal,bar_cate_13
sentence_17.wav,dataset/chunks/barishal/bar_cate_13/sentence_17.wav,এই laptop lightweight কি?,barishal,bar_cate_13
sentence_18.wav,dataset/chunks/barishal/bar_cate_13/sentence_18.wav,ফোনের screen protector বিক্রি হয় কি?,barishal,bar_cate_13
sentence_19.wav,dataset/chunks/barishal/bar_cate_13/sentence_19.wav,SIM card recharge করা যায় কি?,barishal,bar_cate_13
sentence_20.wav,dataset/chunks/barishal/bar_cate_13/sentence_20.wav,আমি refurbished phone কিনতে চাই না।,barishal,bar_cate_13
sentence_21.wav,dataset/chunks/barishal/bar_cate_13/sentence_21.wav,ফোনের battery কতক্ষণ চলে?,barishal,bar_cate_13
sentence_22.wav,dataset/chunks/barishal/bar_cate_13/sentence_22.wav,আমি এই smartwatch কিনতে চাই।,barishal,bar_cate_13
sentence_23.wav,dataset/chunks/barishal/bar_cate_13/sentence_23.wav,ফোনের brand কোনটি?,barishal,bar_cate_13
sentence_24.wav,dataset/chunks/barishal/bar_cate_13/sentence_24.wav,এই charger fast charging support করে কি?,barishal,bar_cate_13
sentence_25.wav,dataset/chunks/barishal/bar_cate_13/sentence_25.wav,আমি laptop comparison দেখতে চাই।,barishal,bar_cate_13
sentence_26.wav,dataset/chunks/barishal/bar_cate_13/sentence_26.wav,ফোনের memory card slot আছে কি?,barishal,bar_cate_13
sentence_27.wav,dataset/chunks/barishal/bar_cate_13/sentence_27.wav,SIM card registration করতে কি লাগবে?,barishal,bar_cate_13
sentence_28.wav,dataset/chunks/barishal/bar_cate_13/sentence_28.wav,আমি wireless earphones চাই।,barishal,bar_cate_13
sentence_29.wav,dataset/chunks/barishal/bar_cate_13/sentence_29.wav,এই phone case waterproof কি?,barishal,bar_cate_13
sentence_30.wav,dataset/chunks/barishal/bar_cate_13/sentence_30.wav,আপনার দোকানে projector আছে কি?,barishal,bar_cate_13
sentence_31.wav,dataset/chunks/barishal/bar_cate_13/sentence_31.wav,ফোনের software update হয়েছে কি?,barishal,bar_cate_13
sentence_32.wav,dataset/chunks/barishal/bar_cate_13/sentence_32.wav,আমি gaming laptop দেখতে চাই।,barishal,bar_cate_13
sentence_33.wav,dataset/chunks/barishal/bar_cate_13/sentence_33.wav,ফোনে dual SIM support আছে কি?,barishal,bar_cate_13
sentence_34.wav,dataset/chunks/barishal/bar_cate_13/sentence_34.wav,এই power bank কত mAh?,barishal,bar_cate_13
sentence_35.wav,dataset/chunks/barishal/bar_cate_13/sentence_35.wav,আমি Bluetooth speaker কিনতে চাই।,barishal,bar_cate_13
sentence_36.wav,dataset/chunks/barishal/bar_cate_13/sentence_36.wav,ফোনের price negotiable কি?,barishal,bar_cate_13
sentence_37.wav,dataset/chunks/barishal/bar_cate_13/sentence_37.wav,আমি USB cable চাই।,barishal,bar_cate_13
sentence_38.wav,dataset/chunks/barishal/bar_cate_13/sentence_38.wav,এই tablet lightweight কি?,barishal,bar_cate_13
sentence_39.wav,dataset/chunks/barishal/bar_cate_13/sentence_39.wav,SIM card portability করতে পারি কি?,barishal,bar_cate_13
sentence_40.wav,dataset/chunks/barishal/bar_cate_13/sentence_40.wav,ফোনের warranty card আছে কি?,barishal,bar_cate_13
sentence_41.wav,dataset/chunks/barishal/bar_cate_13/sentence_41.wav,আমি refurbished laptop চাই না।,barishal,bar_cate_13
sentence_42.wav,dataset/chunks/barishal/bar_cate_13/sentence_42.wav,ফোনের charger original কি?,barishal,bar_cate_13
sentence_43.wav,dataset/chunks/barishal/bar_cate_13/sentence_43.wav,আমি tablet accessories চাই।,barishal,bar_cate_13
sentence_44.wav,dataset/chunks/barishal/bar_cate_13/sentence_44.wav,ফোনের camera resolution কত?,barishal,bar_cate_13
sentence_45.wav,dataset/chunks/barishal/bar_cate_13/sentence_45.wav,আমি portable hard drive চাই।,barishal,bar_cate_13
sentence_46.wav,dataset/chunks/barishal/bar_cate_13/sentence_46.wav,ফোনে earphone jack আছে কি?,barishal,bar_cate_13
sentence_47.wav,dataset/chunks/barishal/bar_cate_13/sentence_47.wav,SIM card online recharge করা যায় কি?,barishal,bar_cate_13
sentence_48.wav,dataset/chunks/barishal/bar_cate_13/sentence_48.wav,আমি laptop bag কিনতে চাই।,barishal,bar_cate_13
sentence_49.wav,dataset/chunks/barishal/bar_cate_13/sentence_49.wav,ফোনের display কত inch?,barishal,bar_cate_13
sentence_50.wav,dataset/chunks/barishal/bar_cate_13/sentence_50.wav,আমি smart home device কিনতে চাই।,barishal,bar_cate_13
sentence_51.wav,dataset/chunks/barishal/bar_cate_13/sentence_51.wav,এই charger compatible কি?,barishal,bar_cate_13
sentence_52.wav,dataset/chunks/barishal/bar_cate_13/sentence_52.wav,ফোনের processor কত GHz?,barishal,bar_cate_13
sentence_53.wav,dataset/chunks/barishal/bar_cate_13/sentence_53.wav,আমি wireless mouse চাই।,barishal,bar_cate_13
sentence_54.wav,dataset/chunks/barishal/bar_cate_13/sentence_54.wav,ফোনের screen size বড় কি?,barishal,bar_cate_13
sentence_55.wav,dataset/chunks/barishal/bar_cate_13/sentence_55.wav,SIM card balance check করতে পারি কি?,barishal,bar_cate_13
sentence_56.wav,dataset/chunks/barishal/bar_cate_13/sentence_56.wav,আমি laptop stand চাই।,barishal,bar_cate_13
sentence_57.wav,dataset/chunks/barishal/bar_cate_13/sentence_57.wav,ফোনে fingerprint sensor আছে কি?,barishal,bar_cate_13
sentence_58.wav,dataset/chunks/barishal/bar_cate_13/sentence_58.wav,আমি external keyboard চাই।,barishal,bar_cate_13
sentence_59.wav,dataset/chunks/barishal/bar_cate_13/sentence_59.wav,ফোনের battery replace করতে হয় কি?,barishal,bar_cate_13
sentence_60.wav,dataset/chunks/barishal/bar_cate_13/sentence_60.wav,আমি smartwatch strap চাই।,barishal,bar_cate_13
sentence_61.wav,dataset/chunks/barishal/bar_cate_13/sentence_61.wav,ফোনের price range কি?,barishal,bar_cate_13
sentence_62.wav,dataset/chunks/barishal/bar_cate_13/sentence_62.wav,আমি gaming console কিনতে চাই।,barishal,bar_cate_13
sentence_63.wav,dataset/chunks/barishal/bar_cate_13/sentence_63.wav,ফোনে dual camera আছে কি?,barishal,bar_cate_13
sentence_64.wav,dataset/chunks/barishal/bar_cate_13/sentence_64.wav,আমি USB hub চাই।,barishal,bar_cate_13
sentence_65.wav,dataset/chunks/barishal/bar_cate_13/sentence_65.wav,ফোনের warranty কত বছর?,barishal,bar_cate_13
sentence_66.wav,dataset/chunks/barishal/bar_cate_13/sentence_66.wav,আমি laptop charger চাই।,barishal,bar_cate_13
sentence_67.wav,dataset/chunks/barishal/bar_cate_13/sentence_67.wav,ফোনের weight কত?,barishal,bar_cate_13
sentence_68.wav,dataset/chunks/barishal/bar_cate_13/sentence_68.wav,আমি HDMI cable চাই।,barishal,bar_cate_13
sentence_69.wav,dataset/chunks/barishal/bar_cate_13/sentence_69.wav,ফোনের software version আপডেট হয়েছে কি?,barishal,bar_cate_13
sentence_70.wav,dataset/chunks/barishal/bar_cate_13/sentence_70.wav,আমি smart speaker কিনতে চাই।,barishal,bar_cate_13
sentence_01.wav,dataset/chunks/barishal/bar_cate_15/sentence_01.wav,আমি সকাল ৬টায় উঠি।,barishal,bar_cate_15
sentence_02.wav,dataset/chunks/barishal/bar_cate_15/sentence_02.wav,তুমি কি বাজারে যাচ্ছো?,barishal,bar_cate_15
sentence_03.wav,dataset/chunks/barishal/bar_cate_15/sentence_03.wav,আমি ভাত রান্না করছি।,barishal,bar_cate_15
sentence_04.wav,dataset/chunks/barishal/bar_cate_15/sentence_04.wav,আমরা প্রতিদিন হাঁটতে যাই।,barishal,bar_cate_15
sentence_05.wav,dataset/chunks/barishal/bar_cate_15/sentence_05.wav,তুমি কি আজ শপিং করতে যাবে?,barishal,bar_cate_15
sentence_06.wav,dataset/chunks/barishal/bar_cate_15/sentence_06.wav,আমি ব্যাগ প্যাক করছি।,barishal,bar_cate_15
sentence_07.wav,dataset/chunks/barishal/bar_cate_15/sentence_07.wav,তুমি কি সকালে নাশতা করেছো?,barishal,bar_cate_15
sentence_08.wav,dataset/chunks/barishal/bar_cate_15/sentence_08.wav,আমি লন্ড্রি করছি।,barishal,bar_cate_15
sentence_09.wav,dataset/chunks/barishal/bar_cate_15/sentence_09.wav,তুমি কি সিনেমা দেখতে যাবে?,barishal,bar_cate_15
sentence_10.wav,dataset/chunks/barishal/bar_cate_15/sentence_10.wav,আমি বই পড়ছি।,barishal,bar_cate_15
sentence_11.wav,dataset/chunks/barishal/bar_cate_15/sentence_11.wav,তুমি কি চা খাবে?,barishal,bar_cate_15
sentence_12.wav,dataset/chunks/barishal/bar_cate_15/sentence_12.wav,আমি বাসায় ক্লিনিং করছি।,barishal,bar_cate_15
sentence_13.wav,dataset/chunks/barishal/bar_cate_15/sentence_13.wav,তুমি কি বাজারে নতুন সবজি পেয়েছো?,barishal,bar_cate_15
sentence_14.wav,dataset/chunks/barishal/bar_cate_15/sentence_14.wav,আমি শুতে যাচ্ছি।,barishal,bar_cate_15
sentence_15.wav,dataset/chunks/barishal/bar_cate_15/sentence_15.wav,আমরা সকালে দৌড়াচ্ছি।,barishal,bar_cate_15
sentence_16.wav,dataset/chunks/barishal/bar_cate_15/sentence_16.wav,তুমি কি কাজ শেষ করেছো?,barishal,bar_cate_15
sentence_17.wav,dataset/chunks/barishal/bar_cate_15/sentence_17.wav,আমি দুপুরের খাবার খাচ্ছি।,barishal,bar_cate_15
sentence_18.wav,dataset/chunks/barishal/bar_cate_15/sentence_18.wav,তুমি কি কুকিং করতে জানো?,barishal,bar_cate_15
sentence_19.wav,dataset/chunks/barishal/bar_cate_15/sentence_19.wav,আমি দোকান যাচ্ছি।,barishal,bar_cate_15
sentence_20.wav,dataset/chunks/barishal/bar_cate_15/sentence_20.wav,তুমি কি আজ বাড়িতে থাকছো?,barishal,bar_cate_15
sentence_21.wav,dataset/chunks/barishal/bar_cate_15/sentence_21.wav,আমি টিভি দেখছি।,barishal,bar_cate_15
sentence_22.wav,dataset/chunks/barishal/bar_cate_15/sentence_22.wav,তুমি কি সাইকেল চালাচ্ছো?,barishal,bar_cate_15
sentence_23.wav,dataset/chunks/barishal/bar_cate_15/sentence_23.wav,আমি জামাকাপড় ধরছি।,barishal,bar_cate_15
sentence_24.wav,dataset/chunks/barishal/bar_cate_15/sentence_24.wav,তুমি কি বাজার থেকে দুধ এনেছো?,barishal,bar_cate_15
sentence_25.wav,dataset/chunks/barishal/bar_cate_15/sentence_25.wav,আমি রাতে ঘুমাতে যাচ্ছি।,barishal,bar_cate_15
sentence_26.wav,dataset/chunks/barishal/bar_cate_15/sentence_26.wav,তুমি কি সকাল ৭টায় উঠে আসবে?,barishal,bar_cate_15
sentence_27.wav,dataset/chunks/barishal/bar_cate_15/sentence_27.wav,আমি রান্নাঘরে কাজ করছি।,barishal,bar_cate_15
sentence_28.wav,dataset/chunks/barishal/bar_cate_15/sentence_28.wav,তুমি কি বাজারে কোন মাংস কিনেছো?,barishal,bar_cate_15
sentence_29.wav,dataset/chunks/barishal/bar_cate_15/sentence_29.wav,আমি দুপুরে বিশ্রাম নিচ্ছি।,barishal,bar_cate_15
sentence_30.wav,dataset/chunks/barishal/bar_cate_15/sentence_30.wav,তুমি কি সন্ধ্যায় হাঁটবে?,barishal,bar_cate_15
sentence_31.wav,dataset/chunks/barishal/bar_cate_15/sentence_31.wav,আমি কফি বানাচ্ছি।,barishal,bar_cate_15
sentence_32.wav,dataset/chunks/barishal/bar_cate_15/sentence_32.wav,তুমি কি নিত্যদিন সকালে জগিং করো?,barishal,bar_cate_15
sentence_33.wav,dataset/chunks/barishal/bar_cate_15/sentence_33.wav,আমি দুধ ফুটাচ্ছি।,barishal,bar_cate_15
sentence_34.wav,dataset/chunks/barishal/bar_cate_15/sentence_34.wav,তুমি কি চা খেতে চাও?,barishal,bar_cate_15
sentence_35.wav,dataset/chunks/barishal/bar_cate_15/sentence_35.wav,আমি বাজারে যাচ্ছি।,barishal,bar_cate_15
sentence_36.wav,dataset/chunks/barishal/bar_cate_15/sentence_36.wav,তুমি কি বই পড়ছো?,barishal,bar_cate_15
sentence_37.wav,dataset/chunks/barishal/bar_cate_15/sentence_37.wav,আমি বাড়ি ঝাড়ু দিচ্ছি।,barishal,bar_cate_15
sentence_38.wav,dataset/chunks/barishal/bar_cate_15/sentence_38.wav,তুমি কি দুপুরের খাবার খেয়েছো?,barishal,bar_cate_15
sentence_39.wav,dataset/chunks/barishal/bar_cate_15/sentence_39.wav,আমি সবজি কাটছি।,barishal,bar_cate_15
sentence_40.wav,dataset/chunks/barishal/bar_cate_15/sentence_40.wav,তুমি কি রাতে শুবে?,barishal,bar_cate_15
sentence_41.wav,dataset/chunks/barishal/bar_cate_15/sentence_41.wav,আমি কলম ও কাগজ সাজাচ্ছি।,barishal,bar_cate_15
sentence_42.wav,dataset/chunks/barishal/bar_cate_15/sentence_42.wav,তুমি কি আজ রান্না করছো?,barishal,bar_cate_15
sentence_43.wav,dataset/chunks/barishal/bar_cate_15/sentence_43.wav,আমি কাপড় ধুয়ে শুকাচ্ছি।,barishal,bar_cate_15
sentence_44.wav,dataset/chunks/barishal/bar_cate_15/sentence_44.wav,তুমি কি বাজারে নতুন ফল এনেছো?,barishal,bar_cate_15
sentence_45.wav,dataset/chunks/barishal/bar_cate_15/sentence_45.wav,আমি সকালের নাশতা খাচ্ছি।,barishal,bar_cate_15
sentence_46.wav,dataset/chunks/barishal/bar_cate_15/sentence_46.wav,তুমি কি আজ ঘুম বেশি করেছো?,barishal,bar_cate_15
sentence_47.wav,dataset/chunks/barishal/bar_cate_15/sentence_47.wav,আমি খাবার টেবিলে বসছি।,barishal,bar_cate_15
sentence_48.wav,dataset/chunks/barishal/bar_cate_15/sentence_48.wav,তুমি কি বাইরে যাচ্ছো?,barishal,bar_cate_15
sentence_49.wav,dataset/chunks/barishal/bar_cate_15/sentence_49.wav,আমি ফ্রিজে খাবার রাখছি।,barishal,bar_cate_15
sentence_50.wav,dataset/chunks/barishal/bar_cate_15/sentence_50.wav,তুমি কি বাজারে যাবার আগে তালিকা লিখেছো?,barishal,bar_cate_15
sentence_51.wav,dataset/chunks/barishal/bar_cate_15/sentence_51.wav,আমি সকালে ব্যায়াম করছি।,barishal,bar_cate_15
sentence_52.wav,dataset/chunks/barishal/bar_cate_15/sentence_52.wav,তুমি কি দুপুরে ঘুমাবে?,barishal,bar_cate_15
sentence_53.wav,dataset/chunks/barishal/bar_cate_15/sentence_53.wav,আমি কাপড় ধরছি।,barishal,bar_cate_15
sentence_54.wav,dataset/chunks/barishal/bar_cate_15/sentence_54.wav,তুমি কি রান্না শেষ করেছো?,barishal,bar_cate_15
sentence_55.wav,dataset/chunks/barishal/bar_cate_15/sentence_55.wav,আমি বাজার থেকে শাক-সবজি এনেছি।,barishal,bar_cate_15
sentence_56.wav,dataset/chunks/barishal/bar_cate_15/sentence_56.wav,তুমি কি ঘরে কাজ করছো?,barishal,bar_cate_15
sentence_57.wav,dataset/chunks/barishal/bar_cate_15/sentence_57.wav,আমি দুপুরে চা খাচ্ছি।,barishal,bar_cate_15
sentence_58.wav,dataset/chunks/barishal/bar_cate_15/sentence_58.wav,তুমি কি রাতের খাবার খাবে?,barishal,bar_cate_15
sentence_59.wav,dataset/chunks/barishal/bar_cate_15/sentence_59.wav,আমি সকালের লিস্ট অনুযায়ী কাজ করছি।,barishal,bar_cate_15
sentence_60.wav,dataset/chunks/barishal/bar_cate_15/sentence_60.wav,তুমি কি বাজার থেকে দুধ এনেছো?,barishal,bar_cate_15
sentence_61.wav,dataset/chunks/barishal/bar_cate_15/sentence_61.wav,আমি সকালে উঠে হাঁটতে যাই।,barishal,bar_cate_15
sentence_62.wav,dataset/chunks/barishal/bar_cate_15/sentence_62.wav,তুমি কি ফ্রিজ খোলেছো?,barishal,bar_cate_15
sentence_63.wav,dataset/chunks/barishal/bar_cate_15/sentence_63.wav,আমি বালিশ ধরছি।,barishal,bar_cate_15
sentence_64.wav,dataset/chunks/barishal/bar_cate_15/sentence_64.wav,তুমি কি রান্না করতে চাও?,barishal,bar_cate_15
sentence_65.wav,dataset/chunks/barishal/bar_cate_15/sentence_65.wav,আমি কাপড় লন্ড্রি করছি।,barishal,bar_cate_15
sentence_66.wav,dataset/chunks/barishal/bar_cate_15/sentence_66.wav,তুমি কি বাজারে নতুন রুটি কিনেছো?,barishal,bar_cate_15
sentence_67.wav,dataset/chunks/barishal/bar_cate_15/sentence_67.wav,আমি রাতের খাবার প্রস্তুত করছি।,barishal,bar_cate_15
sentence_68.wav,dataset/chunks/barishal/bar_cate_15/sentence_68.wav,তুমি কি শপিং করতে যাচ্ছো?,barishal,bar_cate_15
sentence_69.wav,dataset/chunks/barishal/bar_cate_15/sentence_69.wav,আমি খোলা আকাশের নিচে হাঁটছি।,barishal,bar_cate_15
sentence_70.wav,dataset/chunks/barishal/bar_cate_15/sentence_70.wav,তুমি কি আজ সকাল থেকে ব্যস্ত?,barishal,bar_cate_15
sentence_01.wav,dataset/chunks/barishal/bar_cate_16/sentence_01.wav,আমার ফোন কাজ করছে না।,barishal,bar_cate_16
sentence_02.wav,dataset/chunks/barishal/bar_cate_16/sentence_02.wav,বাস ধীর গতিতে চলছে।,barishal,bar_cate_16
sentence_03.wav,dataset/chunks/barishal/bar_cate_16/sentence_03.wav,আমি বিল ঠিকমত পাইনি।,barishal,bar_cate_16
sentence_04.wav,dataset/chunks/barishal/bar_cate_16/sentence_04.wav,পানির চাপ খুব কম।,barishal,bar_cate_16
sentence_05.wav,dataset/chunks/barishal/bar_cate_16/sentence_05.wav,ইন্টারনেট সংযোগ স্থিতিশীল নয়।,barishal,bar_cate_16
sentence_06.wav,dataset/chunks/barishal/bar_cate_16/sentence_06.wav,দোকানে সব পণ্য শেষ।,barishal,bar_cate_16
sentence_07.wav,dataset/chunks/barishal/bar_cate_16/sentence_07.wav,বাতি জ্বলে না।,barishal,bar_cate_16
sentence_08.wav,dataset/chunks/barishal/bar_cate_16/sentence_08.wav,আমি চা খুব গরম পেয়েছি।,barishal,bar_cate_16
sentence_09.wav,dataset/chunks/barishal/bar_cate_16/sentence_09.wav,রিকশা খুব দেরি করছে।,barishal,bar_cate_16
sentence_10.wav,dataset/chunks/barishal/bar_cate_16/sentence_10.wav,লিফট বন্ধ।,barishal,bar_cate_16
sentence_11.wav,dataset/chunks/barishal/bar_cate_16/sentence_11.wav,আমার অ্যাপ্লিকেশন ক্র্যাশ করছে।,barishal,bar_cate_16
sentence_12.wav,dataset/chunks/barishal/bar_cate_16/sentence_12.wav,এই গাড়ি তেল টপ আপ করছে না।,barishal,bar_cate_16
sentence_13.wav,dataset/chunks/barishal/bar_cate_16/sentence_13.wav,বাসে অনেক ভিড়।,barishal,bar_cate_16
sentence_14.wav,dataset/chunks/barishal/bar_cate_16/sentence_14.wav,আমি খাবার ঠিকমত পাইনি।,barishal,bar_cate_16
sentence_15.wav,dataset/chunks/barishal/bar_cate_16/sentence_15.wav,রাস্তায় অনেক ধুলো।,barishal,bar_cate_16
sentence_16.wav,dataset/chunks/barishal/bar_cate_16/sentence_16.wav,আমার কম্পিউটার হ্যাং করেছে।,barishal,bar_cate_16
sentence_17.wav,dataset/chunks/barishal/bar_cate_16/sentence_17.wav,ফোনের ব্যাটারি দ্রুত শেষ হচ্ছে।,barishal,bar_cate_16
sentence_18.wav,dataset/chunks/barishal/bar_cate_16/sentence_18.wav,দোকানের হেডফোন খারাপ।,barishal,bar_cate_16
sentence_19.wav,dataset/chunks/barishal/bar_cate_16/sentence_19.wav,রিকশাচালক দেরি করছে।,barishal,bar_cate_16
sentence_20.wav,dataset/chunks/barishal/bar_cate_16/sentence_20.wav,পানির ট্যাংক ফাঁকা।,barishal,bar_cate_16
sentence_21.wav,dataset/chunks/barishal/bar_cate_16/sentence_21.wav,বাসে এয়ার কন্ডিশনার কাজ করছে না।,barishal,bar_cate_16
sentence_22.wav,dataset/chunks/barishal/bar_cate_16/sentence_22.wav,আমার Wi-Fi কানেকশন গড়বড়।,barishal,bar_cate_16
sentence_23.wav,dataset/chunks/barishal/bar_cate_16/sentence_23.wav,দোকানের কাস্টমার সার্ভিস খারাপ।,barishal,bar_cate_16
sentence_24.wav,dataset/chunks/barishal/bar_cate_16/sentence_24.wav,বাতি ঠিকমত জ্বলে না।,barishal,bar_cate_16
sentence_25.wav,dataset/chunks/barishal/bar_cate_16/sentence_25.wav,খাবারের স্বাদ খারাপ।,barishal,bar_cate_16
sentence_26.wav,dataset/chunks/barishal/bar_cate_16/sentence_26.wav,লিফট খুব ধীরে চলছে।,barishal,bar_cate_16
sentence_27.wav,dataset/chunks/barishal/bar_cate_16/sentence_27.wav,আমার মোবাইল চার্জ হচ্ছে না।,barishal,bar_cate_16
sentence_28.wav,dataset/chunks/barishal/bar_cate_16/sentence_28.wav,বাসের ভাড়া বেশি।,barishal,bar_cate_16
sentence_29.wav,dataset/chunks/barishal/bar_cate_16/sentence_29.wav,দোকানে পণ্য ভালো মানের নয়।,barishal,bar_cate_16
sentence_30.wav,dataset/chunks/barishal/bar_cate_16/sentence_30.wav,রাস্তায় যানজট বেশি।,barishal,bar_cate_16
sentence_31.wav,dataset/chunks/barishal/bar_cate_16/sentence_31.wav,আমি আমার টিকেট হারিয়েছি।,barishal,bar_cate_16
sentence_32.wav,dataset/chunks/barishal/bar_cate_16/sentence_32.wav,খাবারের পরিমাণ কম।,barishal,bar_cate_16
sentence_33.wav,dataset/chunks/barishal/bar_cate_16/sentence_33.wav,আমার কম্পিউটার ধীরগতিতে চলছে।,barishal,bar_cate_16
sentence_34.wav,dataset/chunks/barishal/bar_cate_16/sentence_34.wav,রিকশা খুব পুরোনো।,barishal,bar_cate_16
sentence_35.wav,dataset/chunks/barishal/bar_cate_16/sentence_35.wav,দোকানে নতুন পণ্য নেই।,barishal,bar_cate_16
sentence_36.wav,dataset/chunks/barishal/bar_cate_16/sentence_36.wav,ফোনের সিম কাজ করছে না।,barishal,bar_cate_16
sentence_37.wav,dataset/chunks/barishal/bar_cate_16/sentence_37.wav,বাসে বসার জায়গা নেই।,barishal,bar_cate_16
sentence_38.wav,dataset/chunks/barishal/bar_cate_16/sentence_38.wav,পানির স্বাদ খারাপ।,barishal,bar_cate_16
sentence_39.wav,dataset/chunks/barishal/bar_cate_16/sentence_39.wav,লিফটে শব্দ করছে।,barishal,bar_cate_16
sentence_40.wav,dataset/chunks/barishal/bar_cate_16/sentence_40.wav,দোকানের দাম বেশি।,barishal,bar_cate_16
sentence_41.wav,dataset/chunks/barishal/bar_cate_16/sentence_41.wav,খাবারের স্বাদ পরিবর্তন হয়েছে।,barishal,bar_cate_16
sentence_42.wav,dataset/chunks/barishal/bar_cate_16/sentence_42.wav,আমার ল্যাপটপ হ্যাং করছে।,barishal,bar_cate_16
sentence_43.wav,dataset/chunks/barishal/bar_cate_16/sentence_43.wav,বাসে লোকজন অনেক।,barishal,bar_cate_16
sentence_44.wav,dataset/chunks/barishal/bar_cate_16/sentence_44.wav,রাস্তায় খোলা গর্ত।,barishal,bar_cate_16
sentence_45.wav,dataset/chunks/barishal/bar_cate_16/sentence_45.wav,দোকানে কোনো বিক্রয়কর্মী নেই।,barishal,bar_cate_16
sentence_46.wav,dataset/chunks/barishal/bar_cate_16/sentence_46.wav,আমার ফোন ব্যাটারি নষ্ট।,barishal,bar_cate_16
sentence_47.wav,dataset/chunks/barishal/bar_cate_16/sentence_47.wav,খাবার খুব ঠান্ডা।,barishal,bar_cate_16
sentence_48.wav,dataset/chunks/barishal/bar_cate_16/sentence_48.wav,লিফট খুব দ্রুত চলেছে।,barishal,bar_cate_16
sentence_49.wav,dataset/chunks/barishal/bar_cate_16/sentence_49.wav,রিকশা বাসার সামনে দাঁড়ায় না।,barishal,bar_cate_16
sentence_50.wav,dataset/chunks/barishal/bar_cate_16/sentence_50.wav,দোকানে পরিষ্কার নেই।,barishal,bar_cate_16
sentence_51.wav,dataset/chunks/barishal/bar_cate_16/sentence_51.wav,বাস স্ট্যান্ড দূরে।,barishal,bar_cate_16
sentence_52.wav,dataset/chunks/barishal/bar_cate_16/sentence_52.wav,আমার কম্পিউটার হঠাৎ বন্ধ হয়ে গেছে।,barishal,bar_cate_16
sentence_53.wav,dataset/chunks/barishal/bar_cate_16/sentence_53.wav,ফোনে নেটওয়ার্ক নেই।,barishal,bar_cate_16
sentence_54.wav,dataset/chunks/barishal/bar_cate_16/sentence_54.wav,খাবারের স্বাদ ভালো নয়।,barishal,bar_cate_16
sentence_55.wav,dataset/chunks/barishal/bar_cate_16/sentence_55.wav,লিফট লক হয়ে গেছে।,barishal,bar_cate_16
sentence_56.wav,dataset/chunks/barishal/bar_cate_16/sentence_56.wav,দোকানের হেডফোন ব্রেক।,barishal,bar_cate_16
sentence_57.wav,dataset/chunks/barishal/bar_cate_16/sentence_57.wav,রিকশাচালক রাস্তায় নেই।,barishal,bar_cate_16
sentence_58.wav,dataset/chunks/barishal/bar_cate_16/sentence_58.wav,বাসে শীত নেই।,barishal,bar_cate_16
sentence_59.wav,dataset/chunks/barishal/bar_cate_16/sentence_59.wav,আমার ফোন হ্যাং করছে।,barishal,bar_cate_16
sentence_60.wav,dataset/chunks/barishal/bar_cate_16/sentence_60.wav,দোকানে সঠিক দাম নেই।,barishal,bar_cate_16
sentence_61.wav,dataset/chunks/barishal/bar_cate_16/sentence_61.wav,খাবারের স্বাদ খুব ঝাল।,barishal,bar_cate_16
sentence_62.wav,dataset/chunks/barishal/bar_cate_16/sentence_62.wav,লিফট বেজে যাচ্ছে।,barishal,bar_cate_16
sentence_63.wav,dataset/chunks/barishal/bar_cate_16/sentence_63.wav,আমার ল্যাপটপ কাজ করছে না।,barishal,bar_cate_16
sentence_64.wav,dataset/chunks/barishal/bar_cate_16/sentence_64.wav,দোকানের পণ্য ভাঙা।,barishal,bar_cate_16
sentence_65.wav,dataset/chunks/barishal/bar_cate_16/sentence_65.wav,রিকশা দূরে গেছে।,barishal,bar_cate_16
sentence_66.wav,dataset/chunks/barishal/bar_cate_16/sentence_66.wav,বাস সময়মতো আসেনি।,barishal,bar_cate_16
sentence_67.wav,dataset/chunks/barishal/bar_cate_16/sentence_67.wav,আমার মোবাইল নেটওয়ার্ক নেই।,barishal,bar_cate_16
sentence_68.wav,dataset/chunks/barishal/bar_cate_16/sentence_68.wav,দোকানের সার্ভিস খারাপ।,barishal,bar_cate_16
sentence_69.wav,dataset/chunks/barishal/bar_cate_16/sentence_69.wav,খাবারের পরিমাণ কম।,barishal,bar_cate_16
sentence_70.wav,dataset/chunks/barishal/bar_cate_16/sentence_70.wav,লিফট খুব ধীরে চলছে।,barishal,bar_cate_16
sentence_01.wav,dataset/chunks/barishal/bar_cate_17/sentence_01.wav,আমি একটি নতুন ব্যাংক অ্যাকাউন্ট খুলতে চাই।,barishal,bar_cate_17
sentence_02.wav,dataset/chunks/barishal/bar_cate_17/sentence_02.wav,আমার অ্যাকাউন্ট ব্যালেন্স কত?,barishal,bar_cate_17
sentence_03.wav,dataset/chunks/barishal/bar_cate_17/sentence_03.wav,আমি টাকা পাঠাতে চাই।,barishal,bar_cate_17
sentence_04.wav,dataset/chunks/barishal/bar_cate_17/sentence_04.wav,ATM কার্ড কোথায় পাব?,barishal,bar_cate_17
sentence_05.wav,dataset/chunks/barishal/bar_cate_17/sentence_05.wav,আমি বিকাশে টাকা পাঠাতে চাই।,barishal,bar_cate_17
sentence_06.wav,dataset/chunks/barishal/bar_cate_17/sentence_06.wav,চেক জমা দিতে হবে কি?,barishal,bar_cate_17
sentence_07.wav,dataset/chunks/barishal/bar_cate_17/sentence_07.wav,ব্যাংকের সময়সূচি কী?,barishal,bar_cate_17
sentence_08.wav,dataset/chunks/barishal/bar_cate_17/sentence_08.wav,আমি একটি লোন নিতে চাই।,barishal,bar_cate_17
sentence_09.wav,dataset/chunks/barishal/bar_cate_17/sentence_09.wav,ATM কাজ করছে না।,barishal,bar_cate_17
sentence_10.wav,dataset/chunks/barishal/bar_cate_17/sentence_10.wav,আমি অনলাইন ব্যাংকিং করতে চাই।,barishal,bar_cate_17
sentence_11.wav,dataset/chunks/barishal/bar_cate_17/sentence_11.wav,আমার অ্যাকাউন্টে টাকা ঢুকেনি।,barishal,bar_cate_17
sentence_12.wav,dataset/chunks/barishal/bar_cate_17/sentence_12.wav,ব্যাংক খোলা আছে কি?,barishal,bar_cate_17
sentence_13.wav,dataset/chunks/barishal/bar_cate_17/sentence_13.wav,আমি একটি ডেবিট কার্ড চাই।,barishal,bar_cate_17
sentence_14.wav,dataset/chunks/barishal/bar_cate_17/sentence_14.wav,বিকাশে ট্রান্সফার সফল হয়েছে কি?,barishal,bar_cate_17
sentence_15.wav,dataset/chunks/barishal/bar_cate_17/sentence_15.wav,আমি ক্রেডিট কার্ড আবেদন করতে চাই।,barishal,bar_cate_17
sentence_16.wav,dataset/chunks/barishal/bar_cate_17/sentence_16.wav,ATM থেকে কত টাকা তুলতে পারি?,barishal,bar_cate_17
sentence_17.wav,dataset/chunks/barishal/bar_cate_17/sentence_17.wav,আমার পিন ভুল হয়েছে।,barishal,bar_cate_17
sentence_18.wav,dataset/chunks/barishal/bar_cate_17/sentence_18.wav,ব্যাংক ফি কত?,barishal,bar_cate_17
sentence_19.wav,dataset/chunks/barishal/bar_cate_17/sentence_19.wav,আমি চেকবই চাই।,barishal,bar_cate_17
sentence_20.wav,dataset/chunks/barishal/bar_cate_17/sentence_20.wav,বিকাশে লেনদেন কতক্ষণ সময় নেয়?,barishal,bar_cate_17
sentence_21.wav,dataset/chunks/barishal/bar_cate_17/sentence_21.wav,আমি টাকা তুলতে চাই।,barishal,bar_cate_17
sentence_22.wav,dataset/chunks/barishal/bar_cate_17/sentence_22.wav,আমার অ্যাকাউন্ট ব্লক হয়েছে।,barishal,bar_cate_17
sentence_23.wav,dataset/chunks/barishal/bar_cate_17/sentence_23.wav,ব্যাংকিং সেবা ভালো কি?,barishal,bar_cate_17
sentence_24.wav,dataset/chunks/barishal/bar_cate_17/sentence_24.wav,আমি ফান্ড ট্রান্সফার করতে চাই।,barishal,bar_cate_17
sentence_25.wav,dataset/chunks/barishal/bar_cate_17/sentence_25.wav,ATM কোথায় আছে?,barishal,bar_cate_17
sentence_26.wav,dataset/chunks/barishal/bar_cate_17/sentence_26.wav,আমার ডেবিট কার্ড হারিয়েছে।,barishal,bar_cate_17
sentence_27.wav,dataset/chunks/barishal/bar_cate_17/sentence_27.wav,আমি বিকাশ ব্যালেন্স চেক করতে চাই।,barishal,bar_cate_17
sentence_28.wav,dataset/chunks/barishal/bar_cate_17/sentence_28.wav,ব্যাংক অ্যাকাউন্ট কতদিনে খোলা হয়?,barishal,bar_cate_17
sentence_29.wav,dataset/chunks/barishal/bar_cate_17/sentence_29.wav,আমি মোবাইল ব্যাংকিং ব্যবহার করতে চাই।,barishal,bar_cate_17
sentence_30.wav,dataset/chunks/barishal/bar_cate_17/sentence_30.wav,আমি টাকা পাঠিয়েছি কিন্তু পাওয়া যায়নি।,barishal,bar_cate_17
sentence_31.wav,dataset/chunks/barishal/bar_cate_17/sentence_31.wav,আমি লোন পরিশোধ করতে চাই।,barishal,bar_cate_17
sentence_32.wav,dataset/chunks/barishal/bar_cate_17/sentence_32.wav,ATM থেকে টাকা তুলতে সমস্যা।,barishal,bar_cate_17
sentence_33.wav,dataset/chunks/barishal/bar_cate_17/sentence_33.wav,ব্যাংকের চেক অনুমোদিত হয়েছে কি?,barishal,bar_cate_17
sentence_34.wav,dataset/chunks/barishal/bar_cate_17/sentence_34.wav,আমি বিকাশে টাকা জমা দিতে চাই।,barishal,bar_cate_17
sentence_35.wav,dataset/chunks/barishal/bar_cate_17/sentence_35.wav,আমার ক্রেডিট কার্ড লিমিট কত?,barishal,bar_cate_17
sentence_36.wav,dataset/chunks/barishal/bar_cate_17/sentence_36.wav,আমি ব্যাংক খোলা আছে কিনা জানতে চাই।,barishal,bar_cate_17
sentence_37.wav,dataset/chunks/barishal/bar_cate_17/sentence_37.wav,আমার অ্যাকাউন্ট নম্বর ভুল।,barishal,bar_cate_17
sentence_38.wav,dataset/chunks/barishal/bar_cate_17/sentence_38.wav,আমি ফান্ড রিসিভ করতে পারছি না।,barishal,bar_cate_17
sentence_39.wav,dataset/chunks/barishal/bar_cate_17/sentence_39.wav,ব্যাংক সেবা ধীর।,barishal,bar_cate_17
sentence_40.wav,dataset/chunks/barishal/bar_cate_17/sentence_40.wav,আমি বিকাশের পিন পরিবর্তন করতে চাই।,barishal,bar_cate_17
sentence_41.wav,dataset/chunks/barishal/bar_cate_17/sentence_41.wav,আমি একটি ট্রান্সফার করতে চাই।,barishal,bar_cate_17
sentence_42.wav,dataset/chunks/barishal/bar_cate_17/sentence_42.wav,ব্যাংকের কনসাল্ট্যান্ট কোথায় আছে?,barishal,bar_cate_17
sentence_43.wav,dataset/chunks/barishal/bar_cate_17/sentence_43.wav,আমার অ্যাকাউন্টে লেনদেন দেখা যায় না।,barishal,bar_cate_17
sentence_44.wav,dataset/chunks/barishal/bar_cate_17/sentence_44.wav,আমি নতুন ATM কার্ড চাই।,barishal,bar_cate_17
sentence_45.wav,dataset/chunks/barishal/bar_cate_17/sentence_45.wav,বিকাশে লেনদেন বাতিল হয়েছে।,barishal,bar_cate_17
sentence_46.wav,dataset/chunks/barishal/bar_cate_17/sentence_46.wav,ব্যাংকের চেক যাচাই হয়েছে কি?,barishal,bar_cate_17
sentence_47.wav,dataset/chunks/barishal/bar_cate_17/sentence_47.wav,আমি ফান্ড ট্রান্সফার করতে পারছি না।,barishal,bar_cate_17
sentence_48.wav,dataset/chunks/barishal/bar_cate_17/sentence_48.wav,আমার অ্যাকাউন্টে টাকা কমেছে।,barishal,bar_cate_17
sentence_49.wav,dataset/chunks/barishal/bar_cate_17/sentence_49.wav,আমি লোন স্ট্যাটাস জানতে চাই।,barishal,bar_cate_17
sentence_50.wav,dataset/chunks/barishal/bar_cate_17/sentence_50.wav,ATM খুব ব্যস্ত।,barishal,bar_cate_17
sentence_51.wav,dataset/chunks/barishal/bar_cate_17/sentence_51.wav,আমি বিকাশে নতুন নাম্বার রেজিস্টার করতে চাই।,barishal,bar_cate_17
sentence_52.wav,dataset/chunks/barishal/bar_cate_17/sentence_52.wav,ব্যাংকের ফি খুব বেশি।,barishal,bar_cate_17
sentence_53.wav,dataset/chunks/barishal/bar_cate_17/sentence_53.wav,আমি অনলাইন পেমেন্ট করতে চাই।,barishal,bar_cate_17
sentence_54.wav,dataset/chunks/barishal/bar_cate_17/sentence_54.wav,আমার অ্যাকাউন্টে লেনদেন বন্ধ।,barishal,bar_cate_17
sentence_55.wav,dataset/chunks/barishal/bar_cate_17/sentence_55.wav,আমি চেক জমা দিতে পারছি না।,barishal,bar_cate_17
sentence_56.wav,dataset/chunks/barishal/bar_cate_17/sentence_56.wav,বিকাশে টাকা স্থানান্তর করতে সমস্যা।,barishal,bar_cate_17
sentence_57.wav,dataset/chunks/barishal/bar_cate_17/sentence_57.wav,ব্যাংকের সময়সূচি পরিবর্তন হয়েছে।,barishal,bar_cate_17
sentence_58.wav,dataset/chunks/barishal/bar_cate_17/sentence_58.wav,আমি ক্রেডিট কার্ড একটিভ করতে চাই।,barishal,bar_cate_17
sentence_59.wav,dataset/chunks/barishal/bar_cate_17/sentence_59.wav,আমার লোন অ্যাপ্লিকেশন পেন্ডিং আছে।,barishal,bar_cate_17
sentence_60.wav,dataset/chunks/barishal/bar_cate_17/sentence_60.wav,ATM থেকে লেনদেন বাতিল হয়েছে।,barishal,bar_cate_17
sentence_61.wav,dataset/chunks/barishal/bar_cate_17/sentence_61.wav,আমি বিকাশে টাকা রিফান্ড চাই।,barishal,bar_cate_17
sentence_62.wav,dataset/chunks/barishal/bar_cate_17/sentence_62.wav,ব্যাংকের সার্ভিস খারাপ।,barishal,bar_cate_17
sentence_63.wav,dataset/chunks/barishal/bar_cate_17/sentence_63.wav,আমি আমার অ্যাকাউন্ট বন্ধ করতে চাই।,barishal,bar_cate_17
sentence_64.wav,dataset/chunks/barishal/bar_cate_17/sentence_64.wav,আমার ডেবিট কার্ড ব্লক হয়েছে।,barishal,bar_cate_17
sentence_65.wav,dataset/chunks/barishal/bar_cate_17/sentence_65.wav,আমি ফান্ড রিসিভ করতে পারছি না।,barishal,bar_cate_17
sentence_66.wav,dataset/chunks/barishal/bar_cate_17/sentence_66.wav,ব্যাংকের লাইন অনেক লম্বা।,barishal,bar_cate_17
sentence_67.wav,dataset/chunks/barishal/bar_cate_17/sentence_67.wav,আমি ক্রেডিট কার্ড বন্ধ করতে চাই।,barishal,bar_cate_17
sentence_68.wav,dataset/chunks/barishal/bar_cate_17/sentence_68.wav,আমার অ্যাকাউন্টে টাকা জমা হয়নি।,barishal,bar_cate_17
sentence_69.wav,dataset/chunks/barishal/bar_cate_17/sentence_69.wav,আমি বিকাশে লেনদেনের হিস্ট্রি দেখতে চাই।,barishal,bar_cate_17
sentence_70.wav,dataset/chunks/barishal/bar_cate_17/sentence_70.wav,ব্যাংকের লোন প্রক্রিয়া ধীর।,barishal,bar_cate_17
sentence_01.wav,dataset/chunks/barishal/bar_cate_18/sentence_01.wav,আমি খুব খুশি।,barishal,bar_cate_18
sentence_02.wav,dataset/chunks/barishal/bar_cate_18/sentence_02.wav,তুমি কীভাবে অনুভব করছো?,barishal,bar_cate_18
sentence_03.wav,dataset/chunks/barishal/bar_cate_18/sentence_03.wav,আমি দুঃখিত।,barishal,bar_cate_18
sentence_04.wav,dataset/chunks/barishal/bar_cate_18/sentence_04.wav,এটা সত্যিই দুঃখজনক।,barishal,bar_cate_18
sentence_05.wav,dataset/chunks/barishal/bar_cate_18/sentence_05.wav,আমি রাগান্বিত।,barishal,bar_cate_18
sentence_06.wav,dataset/chunks/barishal/bar_cate_18/sentence_06.wav,তুমি কেন রাগ করছো?,barishal,bar_cate_18
sentence_07.wav,dataset/chunks/barishal/bar_cate_18/sentence_07.wav,আমি উত্তেজিত।,barishal,bar_cate_18
sentence_08.wav,dataset/chunks/barishal/bar_cate_18/sentence_08.wav,এটা আমার জন্য আশ্চর্যজনক।,barishal,bar_cate_18
sentence_09.wav,dataset/chunks/barishal/bar_cate_18/sentence_09.wav,আমি ভীত।,barishal,bar_cate_18
sentence_10.wav,dataset/chunks/barishal/bar_cate_18/sentence_10.wav,তুমি কেন ভয় পাচ্ছো?,barishal,bar_cate_18
sentence_11.wav,dataset/chunks/barishal/bar_cate_18/sentence_11.wav,আমি দারুণ খুশি।,barishal,bar_cate_18
sentence_12.wav,dataset/chunks/barishal/bar_cate_18/sentence_12.wav,এটা সত্যিই আমাকে কষ্ট দিচ্ছে।,barishal,bar_cate_18
sentence_13.wav,dataset/chunks/barishal/bar_cate_18/sentence_13.wav,আমি হতাশ।,barishal,bar_cate_18
sentence_14.wav,dataset/chunks/barishal/bar_cate_18/sentence_14.wav,তুমি খুব আনন্দিত দেখাচ্ছো।,barishal,bar_cate_18
sentence_15.wav,dataset/chunks/barishal/bar_cate_18/sentence_15.wav,আমি অবাক।,barishal,bar_cate_18
sentence_16.wav,dataset/chunks/barishal/bar_cate_18/sentence_16.wav,এটা আমার জন্য দুঃসংবাদ।,barishal,bar_cate_18
sentence_17.wav,dataset/chunks/barishal/bar_cate_18/sentence_17.wav,আমি খুব দুঃখিত।,barishal,bar_cate_18
sentence_18.wav,dataset/chunks/barishal/bar_cate_18/sentence_18.wav,তুমি কি খুশি?,barishal,bar_cate_18
sentence_19.wav,dataset/chunks/barishal/bar_cate_18/sentence_19.wav,আমি উত্তেজিত অনুভব করছি।,barishal,bar_cate_18
sentence_20.wav,dataset/chunks/barishal/bar_cate_18/sentence_20.wav,আমি রাগান্বিত হয়ে যাচ্ছি।,barishal,bar_cate_18
sentence_21.wav,dataset/chunks/barishal/bar_cate_18/sentence_21.wav,এটা সত্যিই অবাক করা।,barishal,bar_cate_18
sentence_22.wav,dataset/chunks/barishal/bar_cate_18/sentence_22.wav,"আমি দুঃখিত, এটা আমার দোষ।",barishal,bar_cate_18
sentence_23.wav,dataset/chunks/barishal/bar_cate_18/sentence_23.wav,তুমি কেমন অনুভব করছো?,barishal,bar_cate_18
sentence_24.wav,dataset/chunks/barishal/bar_cate_18/sentence_24.wav,আমি শান্ত।,barishal,bar_cate_18
sentence_25.wav,dataset/chunks/barishal/bar_cate_18/sentence_25.wav,এটা আমাকে আনন্দিত করছে।,barishal,bar_cate_18
sentence_26.wav,dataset/chunks/barishal/bar_cate_18/sentence_26.wav,আমি চিন্তিত।,barishal,bar_cate_18
sentence_27.wav,dataset/chunks/barishal/bar_cate_18/sentence_27.wav,আমি হতাশ হয়ে যাচ্ছি।,barishal,bar_cate_18
sentence_28.wav,dataset/chunks/barishal/bar_cate_18/sentence_28.wav,তুমি রাগান্বিত না তো?,barishal,bar_cate_18
sentence_29.wav,dataset/chunks/barishal/bar_cate_18/sentence_29.wav,আমি সত্যিই আনন্দিত।,barishal,bar_cate_18
sentence_30.wav,dataset/chunks/barishal/bar_cate_18/sentence_30.wav,এটা আমাকে বিরক্ত করছে।,barishal,bar_cate_18
sentence_31.wav,dataset/chunks/barishal/bar_cate_18/sentence_31.wav,আমি অবাক হয়ে গেলাম।,barishal,bar_cate_18
sentence_32.wav,dataset/chunks/barishal/bar_cate_18/sentence_32.wav,আমি খুব ভীত।,barishal,bar_cate_18
sentence_33.wav,dataset/chunks/barishal/bar_cate_18/sentence_33.wav,তুমি আনন্দিত দেখাচ্ছো।,barishal,bar_cate_18
sentence_34.wav,dataset/chunks/barishal/bar_cate_18/sentence_34.wav,আমি হতাশ অনুভব করছি।,barishal,bar_cate_18
sentence_35.wav,dataset/chunks/barishal/bar_cate_18/sentence_35.wav,আমি রাগান্বিত হয়ে গিয়েছি।,barishal,bar_cate_18
sentence_36.wav,dataset/chunks/barishal/bar_cate_18/sentence_36.wav,এটা আমাকে আনন্দ দিচ্ছে।,barishal,bar_cate_18
sentence_37.wav,dataset/chunks/barishal/bar_cate_18/sentence_37.wav,আমি উদ্বিগ্ন।,barishal,bar_cate_18
sentence_38.wav,dataset/chunks/barishal/bar_cate_18/sentence_38.wav,তুমি কেন দুঃখিত?,barishal,bar_cate_18
sentence_39.wav,dataset/chunks/barishal/bar_cate_18/sentence_39.wav,আমি খুব খুশি অনুভব করছি।,barishal,bar_cate_18
sentence_40.wav,dataset/chunks/barishal/bar_cate_18/sentence_40.wav,এটা সত্যিই বিরক্তিকর।,barishal,bar_cate_18
sentence_41.wav,dataset/chunks/barishal/bar_cate_18/sentence_41.wav,আমি আশ্চর্য।,barishal,bar_cate_18
sentence_42.wav,dataset/chunks/barishal/bar_cate_18/sentence_42.wav,তুমি ভয় পাচ্ছো কেন?,barishal,bar_cate_18
sentence_43.wav,dataset/chunks/barishal/bar_cate_18/sentence_43.wav,আমি খুব আনন্দিত।,barishal,bar_cate_18
sentence_44.wav,dataset/chunks/barishal/bar_cate_18/sentence_44.wav,এটা আমাকে দুঃখিত করছে।,barishal,bar_cate_18
sentence_45.wav,dataset/chunks/barishal/bar_cate_18/sentence_45.wav,আমি রাগ অনুভব করছি।,barishal,bar_cate_18
sentence_46.wav,dataset/chunks/barishal/bar_cate_18/sentence_46.wav,তুমি উত্তেজিত নাকি?,barishal,bar_cate_18
sentence_47.wav,dataset/chunks/barishal/bar_cate_18/sentence_47.wav,আমি অবাক হয়ে যাচ্ছি।,barishal,bar_cate_18
sentence_48.wav,dataset/chunks/barishal/bar_cate_18/sentence_48.wav,এটা সত্যিই দারুণ।,barishal,bar_cate_18
sentence_49.wav,dataset/chunks/barishal/bar_cate_18/sentence_49.wav,আমি শান্ত অনুভব করছি।,barishal,bar_cate_18
sentence_50.wav,dataset/chunks/barishal/bar_cate_18/sentence_50.wav,তুমি দুঃখিত নাকি?,barishal,bar_cate_18
sentence_51.wav,dataset/chunks/barishal/bar_cate_18/sentence_51.wav,আমি খুব চিন্তিত।,barishal,bar_cate_18
sentence_52.wav,dataset/chunks/barishal/bar_cate_18/sentence_52.wav,এটা আমাকে বিরক্ত করছে।,barishal,bar_cate_18
sentence_53.wav,dataset/chunks/barishal/bar_cate_18/sentence_53.wav,আমি আনন্দ অনুভব করছি।,barishal,bar_cate_18
sentence_54.wav,dataset/chunks/barishal/bar_cate_18/sentence_54.wav,তুমি রাগান্বিত নাকি?,barishal,bar_cate_18
sentence_55.wav,dataset/chunks/barishal/bar_cate_18/sentence_55.wav,আমি আশ্চর্য অনুভব করছি।,barishal,bar_cate_18
sentence_56.wav,dataset/chunks/barishal/bar_cate_18/sentence_56.wav,এটা আমাকে উত্তেজিত করছে।,barishal,bar_cate_18
sentence_57.wav,dataset/chunks/barishal/bar_cate_18/sentence_57.wav,"আমি দুঃখিত, আমি কিছু করতে পারিনি।",barishal,bar_cate_18
sentence_58.wav,dataset/chunks/barishal/bar_cate_18/sentence_58.wav,তুমি খুশি নাকি?,barishal,bar_cate_18
sentence_59.wav,dataset/chunks/barishal/bar_cate_18/sentence_59.wav,আমি খুব ভীত অনুভব করছি।,barishal,bar_cate_18
sentence_60.wav,dataset/chunks/barishal/bar_cate_18/sentence_60.wav,এটা সত্যিই দুঃখজনক।,barishal,bar_cate_18
sentence_61.wav,dataset/chunks/barishal/bar_cate_18/sentence_61.wav,আমি রাগান্বিত হয়ে যাচ্ছি।,barishal,bar_cate_18
sentence_62.wav,dataset/chunks/barishal/bar_cate_18/sentence_62.wav,তুমি উদ্বিগ্ন নাকি?,barishal,bar_cate_18
sentence_63.wav,dataset/chunks/barishal/bar_cate_18/sentence_63.wav,আমি খুব আনন্দিত অনুভব করছি।,barishal,bar_cate_18
sentence_64.wav,dataset/chunks/barishal/bar_cate_18/sentence_64.wav,এটা আমাকে হতাশ করছে।,barishal,bar_cate_18
sentence_65.wav,dataset/chunks/barishal/bar_cate_18/sentence_65.wav,আমি শান্ত অনুভব করছি।,barishal,bar_cate_18
sentence_66.wav,dataset/chunks/barishal/bar_cate_18/sentence_66.wav,তুমি দারুণ খুশি দেখাচ্ছো।,barishal,bar_cate_18
sentence_67.wav,dataset/chunks/barishal/bar_cate_18/sentence_67.wav,আমি বিরক্ত অনুভব করছি।,barishal,bar_cate_18
sentence_68.wav,dataset/chunks/barishal/bar_cate_18/sentence_68.wav,এটা আমাকে অবাক করছে।,barishal,bar_cate_18
sentence_69.wav,dataset/chunks/barishal/bar_cate_18/sentence_69.wav,আমি উত্তেজিত হয়ে যাচ্ছি।,barishal,bar_cate_18
sentence_70.wav,dataset/chunks/barishal/bar_cate_18/sentence_70.wav,আমি সত্যিই খুশি।,barishal,bar_cate_18
sentence_01.wav,dataset/chunks/barishal/bar_cate_19/sentence_01.wav,আমি লোকসংগীত শুনতে ভালোবাসি।,barishal,bar_cate_19
sentence_02.wav,dataset/chunks/barishal/bar_cate_19/sentence_02.wav,তুমি কি আজ রাতে নাচ দেখতে যাবে?,barishal,bar_cate_19
sentence_03.wav,dataset/chunks/barishal/bar_cate_19/sentence_03.wav,মেলা খুব সুন্দর।,barishal,bar_cate_19
sentence_04.wav,dataset/chunks/barishal/bar_cate_19/sentence_04.wav,তুমি কি পহেলা বৈশাখ উদযাপন করছো?,barishal,bar_cate_19
sentence_05.wav,dataset/chunks/barishal/bar_cate_19/sentence_05.wav,আমি একটি লোকনৃত্য শিখছি।,barishal,bar_cate_19
sentence_06.wav,dataset/chunks/barishal/bar_cate_19/sentence_06.wav,আজ রাতে আমরা মেলায় যাচ্ছি।,barishal,bar_cate_19
sentence_07.wav,dataset/chunks/barishal/bar_cate_19/sentence_07.wav,তুমি কি বাঁশি বাজাতে পারো?,barishal,bar_cate_19
sentence_08.wav,dataset/chunks/barishal/bar_cate_19/sentence_08.wav,আমরা পুতুলনাচ দেখেছি।,barishal,bar_cate_19
sentence_09.wav,dataset/chunks/barishal/bar_cate_19/sentence_09.wav,মেলায় অনেক লোক আছে।,barishal,bar_cate_19
sentence_10.wav,dataset/chunks/barishal/bar_cate_19/sentence_10.wav,তুমি কি ঢাক বাজাতে চাও?,barishal,bar_cate_19
sentence_11.wav,dataset/chunks/barishal/bar_cate_19/sentence_11.wav,আমি নাটক দেখতে যাচ্ছি।,barishal,bar_cate_19
sentence_12.wav,dataset/chunks/barishal/bar_cate_19/sentence_12.wav,আজকে কাব্য অনুষ্ঠানে যাচ্ছি।,barishal,bar_cate_19
sentence_13.wav,dataset/chunks/barishal/bar_cate_19/sentence_13.wav,তুমি কি গান গাইতে পারো?,barishal,bar_cate_19
sentence_14.wav,dataset/chunks/barishal/bar_cate_19/sentence_14.wav,লোকনৃত্য খুব সুন্দর।,barishal,bar_cate_19
sentence_15.wav,dataset/chunks/barishal/bar_cate_19/sentence_15.wav,আমরা মেলায় পিঠা খেয়েছি।,barishal,bar_cate_19
sentence_16.wav,dataset/chunks/barishal/bar_cate_19/sentence_16.wav,তুমি কি আজকে শিল্প প্রদর্শনী দেখেছো?,barishal,bar_cate_19
sentence_17.wav,dataset/chunks/barishal/bar_cate_19/sentence_17.wav,আমি রবীন্দ্রনাথের গান শুনতে ভালোবাসি।,barishal,bar_cate_19
sentence_18.wav,dataset/chunks/barishal/bar_cate_19/sentence_18.wav,মেলায় খেলার স্টল আছে।,barishal,bar_cate_19
sentence_19.wav,dataset/chunks/barishal/bar_cate_19/sentence_19.wav,তুমি কি আজকে ঢোল বাজাচ্ছো?,barishal,bar_cate_19
sentence_20.wav,dataset/chunks/barishal/bar_cate_19/sentence_20.wav,আমরা একটি রাস্তানাটক দেখেছি।,barishal,bar_cate_19
sentence_21.wav,dataset/chunks/barishal/bar_cate_19/sentence_21.wav,মেলায় অনেক খাবার বিক্রি হচ্ছে।,barishal,bar_cate_19
sentence_22.wav,dataset/chunks/barishal/bar_cate_19/sentence_22.wav,তুমি কি আজকে লোকগীতি শোনাচ্ছো?,barishal,bar_cate_19
sentence_23.wav,dataset/chunks/barishal/bar_cate_19/sentence_23.wav,আমি নৃত্য প্রতিযোগিতায় অংশ নিচ্ছি।,barishal,bar_cate_19
sentence_24.wav,dataset/chunks/barishal/bar_cate_19/sentence_24.wav,মেলায় সাজানো হয়েছে অনেক আলোকসজ্জা।,barishal,bar_cate_19
sentence_25.wav,dataset/chunks/barishal/bar_cate_19/sentence_25.wav,তুমি কি আজকে মেলায় গিয়েছো?,barishal,bar_cate_19
sentence_26.wav,dataset/chunks/barishal/bar_cate_19/sentence_26.wav,আমরা একটি লোককাহিনী শোনেছি।,barishal,bar_cate_19
sentence_27.wav,dataset/chunks/barishal/bar_cate_19/sentence_27.wav,তুমি কি আজকে নাটক দেখেছো?,barishal,bar_cate_19
sentence_28.wav,dataset/chunks/barishal/bar_cate_19/sentence_28.wav,আমি পটচিত্র দেখতে ভালোবাসি।,barishal,bar_cate_19
sentence_29.wav,dataset/chunks/barishal/bar_cate_19/sentence_29.wav,মেলায় অনেক শিশু খেলছে।,barishal,bar_cate_19
sentence_30.wav,dataset/chunks/barishal/bar_cate_19/sentence_30.wav,তুমি কি লোকনৃত্য শিখছো?,barishal,bar_cate_19
sentence_31.wav,dataset/chunks/barishal/bar_cate_19/sentence_31.wav,আমরা পুতুলনাচ প্রদর্শনীতে গিয়েছি।,barishal,bar_cate_19
sentence_32.wav,dataset/chunks/barishal/bar_cate_19/sentence_32.wav,মেলায় গান বাজানো হচ্ছে।,barishal,bar_cate_19
sentence_33.wav,dataset/chunks/barishal/bar_cate_19/sentence_33.wav,তুমি কি শিল্পকর্ম তৈরি করছো?,barishal,bar_cate_19
sentence_34.wav,dataset/chunks/barishal/bar_cate_19/sentence_34.wav,আমি লোকসংগীত শোনাচ্ছি।,barishal,bar_cate_19
sentence_35.wav,dataset/chunks/barishal/bar_cate_19/sentence_35.wav,মেলায় খেলনা বিক্রি হচ্ছে।,barishal,bar_cate_19
sentence_36.wav,dataset/chunks/barishal/bar_cate_19/sentence_36.wav,তুমি কি আজকে পিঠা খেয়েছো?,barishal,bar_cate_19
sentence_37.wav,dataset/chunks/barishal/bar_cate_19/sentence_37.wav,আমরা নৃত্য প্রদর্শনীতে অংশ নিয়েছি।,barishal,bar_cate_19
sentence_38.wav,dataset/chunks/barishal/bar_cate_19/sentence_38.wav,মেলায় বিভিন্ন খাবার রয়েছে।,barishal,bar_cate_19
sentence_39.wav,dataset/chunks/barishal/bar_cate_19/sentence_39.wav,তুমি কি আজকে কাব্য শোনাচ্ছো?,barishal,bar_cate_19
sentence_40.wav,dataset/chunks/barishal/bar_cate_19/sentence_40.wav,আমি রবীন্দ্রনাথের গান গাইছি।,barishal,bar_cate_19
sentence_41.wav,dataset/chunks/barishal/bar_cate_19/sentence_41.wav,মেলায় রঙিন বাতি জ্বলে।,barishal,bar_cate_19
sentence_42.wav,dataset/chunks/barishal/bar_cate_19/sentence_42.wav,তুমি কি আজকে নাটক মঞ্চস্থ করছো?,barishal,bar_cate_19
sentence_43.wav,dataset/chunks/barishal/bar_cate_19/sentence_43.wav,আমরা লোকনৃত্য দেখতে যাচ্ছি।,barishal,bar_cate_19
sentence_44.wav,dataset/chunks/barishal/bar_cate_19/sentence_44.wav,মেলায় অনেক ছবি তোলা হচ্ছে।,barishal,bar_cate_19
sentence_45.wav,dataset/chunks/barishal/bar_cate_19/sentence_45.wav,তুমি কি পুতুলনাচ পছন্দ করো?,barishal,bar_cate_19
sentence_46.wav,dataset/chunks/barishal/bar_cate_19/sentence_46.wav,আমি নৃত্য প্রশিক্ষণ নিচ্ছি।,barishal,bar_cate_19
sentence_47.wav,dataset/chunks/barishal/bar_cate_19/sentence_47.wav,মেলায় লোকশিল্প প্রদর্শিত হচ্ছে।,barishal,bar_cate_19
sentence_48.wav,dataset/chunks/barishal/bar_cate_19/sentence_48.wav,তুমি কি আজকে গান শোনাচ্ছো?,barishal,bar_cate_19
sentence_49.wav,dataset/chunks/barishal/bar_cate_19/sentence_49.wav,আমরা মেলায় হস্তশিল্প কিনেছি।,barishal,bar_cate_19
sentence_50.wav,dataset/chunks/barishal/bar_cate_19/sentence_50.wav,মেলায় অনেক লোক আনন্দ করছে।,barishal,bar_cate_19
sentence_51.wav,dataset/chunks/barishal/bar_cate_19/sentence_51.wav,তুমি কি আজকে মেলার খেলা খেলেছো?,barishal,bar_cate_19
sentence_52.wav,dataset/chunks/barishal/bar_cate_19/sentence_52.wav,আমি লোকনৃত্য প্রদর্শনীতে গিয়েছি।,barishal,bar_cate_19
sentence_53.wav,dataset/chunks/barishal/bar_cate_19/sentence_53.wav,মেলায় মিষ্টি বিক্রি হচ্ছে।,barishal,bar_cate_19
sentence_54.wav,dataset/chunks/barishal/bar_cate_19/sentence_54.wav,তুমি কি আজকে রাস্তানাটক দেখেছো?,barishal,bar_cate_19
sentence_55.wav,dataset/chunks/barishal/bar_cate_19/sentence_55.wav,আমি পুতুলনাচ তৈরি করছি।,barishal,bar_cate_19
sentence_56.wav,dataset/chunks/barishal/bar_cate_19/sentence_56.wav,মেলায় বিভিন্ন নাচ প্রদর্শিত হচ্ছে।,barishal,bar_cate_19
sentence_57.wav,dataset/chunks/barishal/bar_cate_19/sentence_57.wav,তুমি কি আজকে শিল্প প্রদর্শনীতে গিয়েছো?,barishal,bar_cate_19
sentence_58.wav,dataset/chunks/barishal/bar_cate_19/sentence_58.wav,আমরা মেলায় গান শুনেছি।,barishal,bar_cate_19
sentence_59.wav,dataset/chunks/barishal/bar_cate_19/sentence_59.wav,মেলায় লোকসংগীত বাজানো হয়েছে।,barishal,bar_cate_19
sentence_60.wav,dataset/chunks/barishal/bar_cate_19/sentence_60.wav,তুমি কি আজকে পিঠা খেয়েছো?,barishal,bar_cate_19
sentence_61.wav,dataset/chunks/barishal/bar_cate_19/sentence_61.wav,আমি নৃত্য প্রশিক্ষণে অংশ নিচ্ছি।,barishal,bar_cate_19
sentence_62.wav,dataset/chunks/barishal/bar_cate_19/sentence_62.wav,মেলায় খেলা প্রদর্শনী হয়েছে।,barishal,bar_cate_19
sentence_63.wav,dataset/chunks/barishal/bar_cate_19/sentence_63.wav,তুমি কি আজকে রঙিন লাইট দেখেছো?,barishal,bar_cate_19
sentence_64.wav,dataset/chunks/barishal/bar_cate_19/sentence_64.wav,আমরা মেলায় হস্তশিল্প শিখেছি।,barishal,bar_cate_19
sentence_65.wav,dataset/chunks/barishal/bar_cate_19/sentence_65.wav,মেলায় লোককাহিনী বলা হয়েছে।,barishal,bar_cate_19
sentence_66.wav,dataset/chunks/barishal/bar_cate_19/sentence_66.wav,তুমি কি আজকে কাব্য শোনেছো?,barishal,bar_cate_19
sentence_67.wav,dataset/chunks/barishal/bar_cate_19/sentence_67.wav,আমি মেলায় গিয়েছি।,barishal,bar_cate_19
sentence_68.wav,dataset/chunks/barishal/bar_cate_19/sentence_68.wav,মেলায় নাটক প্রদর্শিত হয়েছে।,barishal,bar_cate_19
sentence_69.wav,dataset/chunks/barishal/bar_cate_19/sentence_69.wav,তুমি কি আজকে গান গেয়েছো?,barishal,bar_cate_19
sentence_70.wav,dataset/chunks/barishal/bar_cate_19/sentence_70.wav,আমরা মেলায় নাচ উপভোগ করেছি।,barishal,bar_cate_19
sentence_01.wav,dataset/chunks/chittagong/chi_cate_01/sentence_01.wav,আপনি কোথা থেকে এসেছেন?,chittagong,chi_cate_01
sentence_02.wav,dataset/chunks/chittagong/chi_cate_01/sentence_02.wav,আপনার নাম কী?,chittagong,chi_cate_01
sentence_03.wav,dataset/chunks/chittagong/chi_cate_01/sentence_03.wav,আমার নাম জন।,chittagong,chi_cate_01
sentence_04.wav,dataset/chunks/chittagong/chi_cate_01/sentence_04.wav,আপনার সাথে পরিচিত হয়ে ভালো লাগলো।,chittagong,chi_cate_01
sentence_05.wav,dataset/chunks/chittagong/chi_cate_01/sentence_05.wav,আমি এই এলাকায় নতুন।,chittagong,chi_cate_01
sentence_06.wav,dataset/chunks/chittagong/chi_cate_01/sentence_06.wav,আপনি কি এখানে থাকেন?,chittagong,chi_cate_01
sentence_07.wav,dataset/chunks/chittagong/chi_cate_01/sentence_07.wav,আপনি কি প্রথমবার এখানে এসেছেন?,chittagong,chi_cate_01
sentence_08.wav,dataset/chunks/chittagong/chi_cate_01/sentence_08.wav,আমি বাংলাদেশে ভ্রমণে এসেছি।,chittagong,chi_cate_01
sentence_09.wav,dataset/chunks/chittagong/chi_cate_01/sentence_09.wav,আপনি কী করেন?,chittagong,chi_cate_01
sentence_10.wav,dataset/chunks/chittagong/chi_cate_01/sentence_10.wav,আমি একজন ছাত্র।,chittagong,chi_cate_01
sentence_11.wav,dataset/chunks/chittagong/chi_cate_01/sentence_11.wav,আপনার বাড়ি কোথায়?,chittagong,chi_cate_01
sentence_12.wav,dataset/chunks/chittagong/chi_cate_01/sentence_12.wav,আপনি কেমন আছেন?,chittagong,chi_cate_01
sentence_13.wav,dataset/chunks/chittagong/chi_cate_01/sentence_13.wav,আমি ভালো আছি।,chittagong,chi_cate_01
sentence_14.wav,dataset/chunks/chittagong/chi_cate_01/sentence_14.wav,অনেক দিন পর দেখা হলো।,chittagong,chi_cate_01
sentence_15.wav,dataset/chunks/chittagong/chi_cate_01/sentence_15.wav,আপনাকে আবার দেখে ভালো লাগছে।,chittagong,chi_cate_01
sentence_16.wav,dataset/chunks/chittagong/chi_cate_01/sentence_16.wav,আপনি কি আমাকে সাহায্য করতে পারবেন?,chittagong,chi_cate_01
sentence_17.wav,dataset/chunks/chittagong/chi_cate_01/sentence_17.wav,আপনার সাথে কথা বলে ভালো লাগছে।,chittagong,chi_cate_01
sentence_18.wav,dataset/chunks/chittagong/chi_cate_01/sentence_18.wav,আমি এখানে কাজের জন্য এসেছি।,chittagong,chi_cate_01
sentence_19.wav,dataset/chunks/chittagong/chi_cate_01/sentence_19.wav,আপনি কোন দেশ থেকে এসেছেন?,chittagong,chi_cate_01
sentence_20.wav,dataset/chunks/chittagong/chi_cate_01/sentence_20.wav,আমি ইংরেজি বলতে পারি।,chittagong,chi_cate_01
sentence_21.wav,dataset/chunks/chittagong/chi_cate_01/sentence_21.wav,আপনি কি বাংলা বলতে পারেন?,chittagong,chi_cate_01
sentence_22.wav,dataset/chunks/chittagong/chi_cate_01/sentence_22.wav,আমি বাংলা শিখছি।,chittagong,chi_cate_01
sentence_23.wav,dataset/chunks/chittagong/chi_cate_01/sentence_23.wav,ধন্যবাদ আপনাকে।,chittagong,chi_cate_01
sentence_24.wav,dataset/chunks/chittagong/chi_cate_01/sentence_24.wav,আপনাকে স্বাগতম।,chittagong,chi_cate_01
sentence_25.wav,dataset/chunks/chittagong/chi_cate_01/sentence_25.wav,আপনার বয়স কত?,chittagong,chi_cate_01
sentence_26.wav,dataset/chunks/chittagong/chi_cate_01/sentence_26.wav,আমি এখানে পড়াশোনা করছি।,chittagong,chi_cate_01
sentence_27.wav,dataset/chunks/chittagong/chi_cate_01/sentence_27.wav,আমি এই শহরটি পছন্দ করি।,chittagong,chi_cate_01
sentence_28.wav,dataset/chunks/chittagong/chi_cate_01/sentence_28.wav,আপনার পরিবার কেমন আছে?,chittagong,chi_cate_01
sentence_29.wav,dataset/chunks/chittagong/chi_cate_01/sentence_29.wav,আপনার সাথে দেখা করতে পেরে আনন্দিত।,chittagong,chi_cate_01
sentence_30.wav,dataset/chunks/chittagong/chi_cate_01/sentence_30.wav,আপনি কি এখানে দীর্ঘদিন থাকবেন?,chittagong,chi_cate_01
sentence_31.wav,dataset/chunks/chittagong/chi_cate_01/sentence_31.wav,আমি কয়েকদিনের জন্য এসেছি।,chittagong,chi_cate_01
sentence_32.wav,dataset/chunks/chittagong/chi_cate_01/sentence_32.wav,আপনার সাথে যোগাযোগ রাখতে চাই।,chittagong,chi_cate_01
sentence_33.wav,dataset/chunks/chittagong/chi_cate_01/sentence_33.wav,এটা আমার প্রথম সফর।,chittagong,chi_cate_01
sentence_34.wav,dataset/chunks/chittagong/chi_cate_01/sentence_34.wav,আমি আপনার দেশ সম্পর্কে জানতে চাই।,chittagong,chi_cate_01
sentence_35.wav,dataset/chunks/chittagong/chi_cate_01/sentence_35.wav,আপনি কোথায় কাজ করেন?,chittagong,chi_cate_01
sentence_36.wav,dataset/chunks/chittagong/chi_cate_01/sentence_36.wav,আপনার ফোন নম্বর দিতে পারেন?,chittagong,chi_cate_01
sentence_37.wav,dataset/chunks/chittagong/chi_cate_01/sentence_37.wav,আমি আপনার সাথে পরে কথা বলবো।,chittagong,chi_cate_01
sentence_38.wav,dataset/chunks/chittagong/chi_cate_01/sentence_38.wav,আপনাকে দেখে ভালো লাগলো।,chittagong,chi_cate_01
sentence_39.wav,dataset/chunks/chittagong/chi_cate_01/sentence_39.wav,আপনি কি এখানে একা এসেছেন?,chittagong,chi_cate_01
sentence_40.wav,dataset/chunks/chittagong/chi_cate_01/sentence_40.wav,আমি আমার বন্ধুর সাথে এসেছি।,chittagong,chi_cate_01
sentence_41.wav,dataset/chunks/chittagong/chi_cate_01/sentence_41.wav,আপনার পেশা কী?,chittagong,chi_cate_01
sentence_42.wav,dataset/chunks/chittagong/chi_cate_01/sentence_42.wav,আমি একজন শিক্ষক।,chittagong,chi_cate_01
sentence_43.wav,dataset/chunks/chittagong/chi_cate_01/sentence_43.wav,আপনার সাথে কাজ করতে চাই।,chittagong,chi_cate_01
sentence_44.wav,dataset/chunks/chittagong/chi_cate_01/sentence_44.wav,আজকে আবহাওয়া সুন্দর।,chittagong,chi_cate_01
sentence_45.wav,dataset/chunks/chittagong/chi_cate_01/sentence_45.wav,আপনি কি এখানে থাকেন নাকি ভ্রমণে এসেছেন?,chittagong,chi_cate_01
sentence_46.wav,dataset/chunks/chittagong/chi_cate_01/sentence_46.wav,আমি এই জায়গাটি প্রথমবার দেখছি।,chittagong,chi_cate_01
sentence_47.wav,dataset/chunks/chittagong/chi_cate_01/sentence_47.wav,আপনার সাথে পরিচয় হওয়া আমার জন্য সম্মানের।,chittagong,chi_cate_01
sentence_48.wav,dataset/chunks/chittagong/chi_cate_01/sentence_48.wav,আপনি কোন ভাষায় কথা বলেন?,chittagong,chi_cate_01
sentence_49.wav,dataset/chunks/chittagong/chi_cate_01/sentence_49.wav,আমি আপনার কাছ থেকে শিখতে চাই।,chittagong,chi_cate_01
sentence_50.wav,dataset/chunks/chittagong/chi_cate_01/sentence_50.wav,আমি খুব আনন্দিত।,chittagong,chi_cate_01
sentence_51.wav,dataset/chunks/chittagong/chi_cate_01/sentence_51.wav,আপনার দিনটি কেমন কাটছে?,chittagong,chi_cate_01
sentence_52.wav,dataset/chunks/chittagong/chi_cate_01/sentence_52.wav,আমি একটু দেরি করেছি।,chittagong,chi_cate_01
sentence_53.wav,dataset/chunks/chittagong/chi_cate_01/sentence_53.wav,আপনাকে অপেক্ষা করানোর জন্য দুঃখিত।,chittagong,chi_cate_01
sentence_54.wav,dataset/chunks/chittagong/chi_cate_01/sentence_54.wav,আপনার সাথে আবার দেখা হবে আশা করি।,chittagong,chi_cate_01
sentence_55.wav,dataset/chunks/chittagong/chi_cate_01/sentence_55.wav,আপনি কি কাছাকাছি থাকেন?,chittagong,chi_cate_01
sentence_56.wav,dataset/chunks/chittagong/chi_cate_01/sentence_56.wav,আমি আপনার সাহায্যের জন্য কৃতজ্ঞ।,chittagong,chi_cate_01
sentence_57.wav,dataset/chunks/chittagong/chi_cate_01/sentence_57.wav,আপনাকে শুভেচ্ছা জানাই।,chittagong,chi_cate_01
sentence_58.wav,dataset/chunks/chittagong/chi_cate_01/sentence_58.wav,আপনার দিনটি শুভ হোক।,chittagong,chi_cate_01
sentence_59.wav,dataset/chunks/chittagong/chi_cate_01/sentence_59.wav,আপনার সাথে কথা বলা আনন্দের ছিল।,chittagong,chi_cate_01
sentence_60.wav,dataset/chunks/chittagong/chi_cate_01/sentence_60.wav,আমি আপনাকে সম্মান করি।,chittagong,chi_cate_01
sentence_61.wav,dataset/chunks/chittagong/chi_cate_01/sentence_61.wav,আমি এখানে কাজ শুরু করেছি।,chittagong,chi_cate_01
sentence_62.wav,dataset/chunks/chittagong/chi_cate_01/sentence_62.wav,আপনি কখন এসেছেন?,chittagong,chi_cate_01
sentence_63.wav,dataset/chunks/chittagong/chi_cate_01/sentence_63.wav,আমি গতকাল এসেছি।,chittagong,chi_cate_01
sentence_64.wav,dataset/chunks/chittagong/chi_cate_01/sentence_64.wav,আপনি কতদিন থাকবেন?,chittagong,chi_cate_01
sentence_65.wav,dataset/chunks/chittagong/chi_cate_01/sentence_65.wav,আমি এক সপ্তাহ থাকবো।,chittagong,chi_cate_01
sentence_66.wav,dataset/chunks/chittagong/chi_cate_01/sentence_66.wav,আপনার সাথে বন্ধুত্ব করতে চাই।,chittagong,chi_cate_01
sentence_67.wav,dataset/chunks/chittagong/chi_cate_01/sentence_67.wav,আপনি খুব ভদ্র মানুষ।,chittagong,chi_cate_01
sentence_68.wav,dataset/chunks/chittagong/chi_cate_01/sentence_68.wav,আমি আপনাকে ধন্যবাদ জানাই।,chittagong,chi_cate_01
sentence_69.wav,dataset/chunks/chittagong/chi_cate_01/sentence_69.wav,আপনার সাথে দেখা হওয়া সৌভাগ্যের।,chittagong,chi_cate_01
sentence_70.wav,dataset/chunks/chittagong/chi_cate_01/sentence_70.wav,আমি আপনার সাথে আবার যোগাযোগ করবো।,chittagong,chi_cate_01
sentence_01.wav,dataset/chunks/chittagong/chi_cate_02/sentence_01.wav,বাস স্ট্যান্ড কোথায়?,chittagong,chi_cate_02
sentence_02.wav,dataset/chunks/chittagong/chi_cate_02/sentence_02.wav,এই রাস্তাটি কোথায় যায়?,chittagong,chi_cate_02
sentence_03.wav,dataset/chunks/chittagong/chi_cate_02/sentence_03.wav,রেলওয়ে স্টেশন কত দূরে?,chittagong,chi_cate_02
sentence_04.wav,dataset/chunks/chittagong/chi_cate_02/sentence_04.wav,বিমানবন্দর যাওয়ার রাস্তা কোনটি?,chittagong,chi_cate_02
sentence_05.wav,dataset/chunks/chittagong/chi_cate_02/sentence_05.wav,বাজারে যেতে কোন বাসে উঠবো?,chittagong,chi_cate_02
sentence_06.wav,dataset/chunks/chittagong/chi_cate_02/sentence_06.wav,এই বাস কি ঢাকায় যাবে?,chittagong,chi_cate_02
sentence_07.wav,dataset/chunks/chittagong/chi_cate_02/sentence_07.wav,ভাড়া কত?,chittagong,chi_cate_02
sentence_08.wav,dataset/chunks/chittagong/chi_cate_02/sentence_08.wav,রিকশার ভাড়া কত নেবেন?,chittagong,chi_cate_02
sentence_09.wav,dataset/chunks/chittagong/chi_cate_02/sentence_09.wav,আমাকে হাসপাতালে নিয়ে চলুন।,chittagong,chi_cate_02
sentence_10.wav,dataset/chunks/chittagong/chi_cate_02/sentence_10.wav,এই ট্রেন কখন ছাড়বে?,chittagong,chi_cate_02
sentence_11.wav,dataset/chunks/chittagong/chi_cate_02/sentence_11.wav,ট্রেন কত নম্বর প্ল্যাটফর্মে আসবে?,chittagong,chi_cate_02
sentence_12.wav,dataset/chunks/chittagong/chi_cate_02/sentence_12.wav,এখানে কি টিকিট কাউন্টার আছে?,chittagong,chi_cate_02
sentence_13.wav,dataset/chunks/chittagong/chi_cate_02/sentence_13.wav,"এক টিকিট দিন, চট্টগ্রামের জন্য।",chittagong,chi_cate_02
sentence_14.wav,dataset/chunks/chittagong/chi_cate_02/sentence_14.wav,বাস কখন ছাড়বে?,chittagong,chi_cate_02
sentence_15.wav,dataset/chunks/chittagong/chi_cate_02/sentence_15.wav,এই রাস্তায় কি যানজট হয়?,chittagong,chi_cate_02
sentence_16.wav,dataset/chunks/chittagong/chi_cate_02/sentence_16.wav,সোজা গেলে কি ব্যাংক পাবো?,chittagong,chi_cate_02
sentence_17.wav,dataset/chunks/chittagong/chi_cate_02/sentence_17.wav,ডানদিকে গেলে কি হাসপাতাল?,chittagong,chi_cate_02
sentence_18.wav,dataset/chunks/chittagong/chi_cate_02/sentence_18.wav,বামদিকে মোড় নিন।,chittagong,chi_cate_02
sentence_19.wav,dataset/chunks/chittagong/chi_cate_02/sentence_19.wav,সোজা এগিয়ে যান।,chittagong,chi_cate_02
sentence_20.wav,dataset/chunks/chittagong/chi_cate_02/sentence_20.wav,এই জায়গাটা কত দূরে?,chittagong,chi_cate_02
sentence_21.wav,dataset/chunks/chittagong/chi_cate_02/sentence_21.wav,হাঁটলে কত সময় লাগবে?,chittagong,chi_cate_02
sentence_22.wav,dataset/chunks/chittagong/chi_cate_02/sentence_22.wav,গাড়ি পাওয়া যাবে কোথায়?,chittagong,chi_cate_02
sentence_23.wav,dataset/chunks/chittagong/chi_cate_02/sentence_23.wav,এখানে কি উবার পাওয়া যায়?,chittagong,chi_cate_02
sentence_24.wav,dataset/chunks/chittagong/chi_cate_02/sentence_24.wav,আপনি কি আমাকে পথ দেখাতে পারবেন?,chittagong,chi_cate_02
sentence_25.wav,dataset/chunks/chittagong/chi_cate_02/sentence_25.wav,এই রাস্তা কি নিরাপদ?,chittagong,chi_cate_02
sentence_26.wav,dataset/chunks/chittagong/chi_cate_02/sentence_26.wav,এখানে কি পার্কিং আছে?,chittagong,chi_cate_02
sentence_27.wav,dataset/chunks/chittagong/chi_cate_02/sentence_27.wav,গাড়ি রাখার জায়গা কোথায়?,chittagong,chi_cate_02
sentence_28.wav,dataset/chunks/chittagong/chi_cate_02/sentence_28.wav,এই ট্রেন কি সময়মতো আসবে?,chittagong,chi_cate_02
sentence_29.wav,dataset/chunks/chittagong/chi_cate_02/sentence_29.wav,বাসে কি সিট খালি আছে?,chittagong,chi_cate_02
sentence_30.wav,dataset/chunks/chittagong/chi_cate_02/sentence_30.wav,এই বাস কি সরাসরি যাবে?,chittagong,chi_cate_02
sentence_31.wav,dataset/chunks/chittagong/chi_cate_02/sentence_31.wav,মাঝপথে কি নামতে পারবো?,chittagong,chi_cate_02
sentence_32.wav,dataset/chunks/chittagong/chi_cate_02/sentence_32.wav,আমাকে পরের স্টপে নামিয়ে দিন।,chittagong,chi_cate_02
sentence_33.wav,dataset/chunks/chittagong/chi_cate_02/sentence_33.wav,এই রাস্তা কি শর্টকাট?,chittagong,chi_cate_02
sentence_34.wav,dataset/chunks/chittagong/chi_cate_02/sentence_34.wav,এখানে কি ট্যাক্সি স্ট্যান্ড আছে?,chittagong,chi_cate_02
sentence_35.wav,dataset/chunks/chittagong/chi_cate_02/sentence_35.wav,গন্তব্যে পৌঁছাতে কত সময় লাগবে?,chittagong,chi_cate_02
sentence_36.wav,dataset/chunks/chittagong/chi_cate_02/sentence_36.wav,রিকশা কি পাওয়া যাবে?,chittagong,chi_cate_02
sentence_37.wav,dataset/chunks/chittagong/chi_cate_02/sentence_37.wav,ট্রেন কি দেরি করছে?,chittagong,chi_cate_02
sentence_38.wav,dataset/chunks/chittagong/chi_cate_02/sentence_38.wav,এই বাস কোথায় থামে?,chittagong,chi_cate_02
sentence_39.wav,dataset/chunks/chittagong/chi_cate_02/sentence_39.wav,আপনারা কি রাতের বাস চালান?,chittagong,chi_cate_02
sentence_40.wav,dataset/chunks/chittagong/chi_cate_02/sentence_40.wav,শেষ বাস কখন?,chittagong,chi_cate_02
sentence_41.wav,dataset/chunks/chittagong/chi_cate_02/sentence_41.wav,এই রাস্তা কি বন্ধ?,chittagong,chi_cate_02
sentence_42.wav,dataset/chunks/chittagong/chi_cate_02/sentence_42.wav,বিকল্প রাস্তা কোনটি?,chittagong,chi_cate_02
sentence_43.wav,dataset/chunks/chittagong/chi_cate_02/sentence_43.wav,এখানে কি সিগন্যাল আছে?,chittagong,chi_cate_02
sentence_44.wav,dataset/chunks/chittagong/chi_cate_02/sentence_44.wav,রাস্তা কি মেরামত হচ্ছে?,chittagong,chi_cate_02
sentence_45.wav,dataset/chunks/chittagong/chi_cate_02/sentence_45.wav,আমাকে বিশ্ববিদ্যালয়ে যেতে হবে।,chittagong,chi_cate_02
sentence_46.wav,dataset/chunks/chittagong/chi_cate_02/sentence_46.wav,বিশ্ববিদ্যালয়ের বাস কোথা থেকে ছাড়ে?,chittagong,chi_cate_02
sentence_47.wav,dataset/chunks/chittagong/chi_cate_02/sentence_47.wav,টিকিটের দাম কত?,chittagong,chi_cate_02
sentence_48.wav,dataset/chunks/chittagong/chi_cate_02/sentence_48.wav,এখানে কি মেট্রো স্টেশন আছে?,chittagong,chi_cate_02
sentence_49.wav,dataset/chunks/chittagong/chi_cate_02/sentence_49.wav,মেট্রো কখন ছাড়ে?,chittagong,chi_cate_02
sentence_50.wav,dataset/chunks/chittagong/chi_cate_02/sentence_50.wav,এই রাস্তা কি প্রধান সড়ক?,chittagong,chi_cate_02
sentence_51.wav,dataset/chunks/chittagong/chi_cate_02/sentence_51.wav,আমাকে থানায় যেতে হবে।,chittagong,chi_cate_02
sentence_52.wav,dataset/chunks/chittagong/chi_cate_02/sentence_52.wav,পুলিশ স্টেশন কোথায়?,chittagong,chi_cate_02
sentence_53.wav,dataset/chunks/chittagong/chi_cate_02/sentence_53.wav,এই এলাকায় কি বাস চলে?,chittagong,chi_cate_02
sentence_54.wav,dataset/chunks/chittagong/chi_cate_02/sentence_54.wav,এখানে কি সিএনজি পাওয়া যায়?,chittagong,chi_cate_02
sentence_55.wav,dataset/chunks/chittagong/chi_cate_02/sentence_55.wav,আমাকে দ্রুত পৌঁছাতে হবে।,chittagong,chi_cate_02
sentence_56.wav,dataset/chunks/chittagong/chi_cate_02/sentence_56.wav,এখানে কি ফেরি ঘাট আছে?,chittagong,chi_cate_02
sentence_57.wav,dataset/chunks/chittagong/chi_cate_02/sentence_57.wav,ফেরি কখন ছাড়বে?,chittagong,chi_cate_02
sentence_58.wav,dataset/chunks/chittagong/chi_cate_02/sentence_58.wav,নদী পার হতে কত সময় লাগবে?,chittagong,chi_cate_02
sentence_59.wav,dataset/chunks/chittagong/chi_cate_02/sentence_59.wav,এই ট্রেন কি এক্সপ্রেস?,chittagong,chi_cate_02
sentence_60.wav,dataset/chunks/chittagong/chi_cate_02/sentence_60.wav,এখানে কি বাস বদলাতে হবে?,chittagong,chi_cate_02
sentence_61.wav,dataset/chunks/chittagong/chi_cate_02/sentence_61.wav,এই বাস কি এয়ারকন্ডিশন্ড?,chittagong,chi_cate_02
sentence_62.wav,dataset/chunks/chittagong/chi_cate_02/sentence_62.wav,রাস্তায় কি টোল দিতে হয়?,chittagong,chi_cate_02
sentence_63.wav,dataset/chunks/chittagong/chi_cate_02/sentence_63.wav,টোল কত?,chittagong,chi_cate_02
sentence_64.wav,dataset/chunks/chittagong/chi_cate_02/sentence_64.wav,এখানে কি রাস্তা নিরাপদ রাতে?,chittagong,chi_cate_02
sentence_65.wav,dataset/chunks/chittagong/chi_cate_02/sentence_65.wav,আমি পথ হারিয়ে ফেলেছি।,chittagong,chi_cate_02
sentence_66.wav,dataset/chunks/chittagong/chi_cate_02/sentence_66.wav,আমাকে মানচিত্র দেখাতে পারবেন?,chittagong,chi_cate_02
sentence_67.wav,dataset/chunks/chittagong/chi_cate_02/sentence_67.wav,কাছাকাছি কোন হোটেল আছে?,chittagong,chi_cate_02
sentence_68.wav,dataset/chunks/chittagong/chi_cate_02/sentence_68.wav,এই এলাকা কি শহরের ভেতরে?,chittagong,chi_cate_02
sentence_69.wav,dataset/chunks/chittagong/chi_cate_02/sentence_69.wav,এখানে কি ট্রাফিক বেশি?,chittagong,chi_cate_02
sentence_70.wav,dataset/chunks/chittagong/chi_cate_02/sentence_70.wav,আমাকে সঠিক দিকটি বলুন।,chittagong,chi_cate_02
sentence_01.wav,dataset/chunks/chittagong/chi_cate_03/sentence_01.wav,এই জিনিসটির দাম কত?,chittagong,chi_cate_03
sentence_02.wav,dataset/chunks/chittagong/chi_cate_03/sentence_02.wav,দাম একটু কম হবে?,chittagong,chi_cate_03
sentence_03.wav,dataset/chunks/chittagong/chi_cate_03/sentence_03.wav,এক কেজি চাল দিন।,chittagong,chi_cate_03
sentence_04.wav,dataset/chunks/chittagong/chi_cate_03/sentence_04.wav,আধা কেজি চিনি দিন।,chittagong,chi_cate_03
sentence_05.wav,dataset/chunks/chittagong/chi_cate_03/sentence_05.wav,এটা কি দেশি পণ্য?,chittagong,chi_cate_03
sentence_06.wav,dataset/chunks/chittagong/chi_cate_03/sentence_06.wav,এটা কি বিদেশি পণ্য?,chittagong,chi_cate_03
sentence_07.wav,dataset/chunks/chittagong/chi_cate_03/sentence_07.wav,একটু ভালো মানের দেখান।,chittagong,chi_cate_03
sentence_08.wav,dataset/chunks/chittagong/chi_cate_03/sentence_08.wav,এর থেকে সস্তা কিছু আছে?,chittagong,chi_cate_03
sentence_09.wav,dataset/chunks/chittagong/chi_cate_03/sentence_09.wav,এটা খুব দামী।,chittagong,chi_cate_03
sentence_10.wav,dataset/chunks/chittagong/chi_cate_03/sentence_10.wav,আমি এটা কিনতে চাই।,chittagong,chi_cate_03
sentence_11.wav,dataset/chunks/chittagong/chi_cate_03/sentence_11.wav,আপনার কাছে কি তাজা সবজি আছে?,chittagong,chi_cate_03
sentence_12.wav,dataset/chunks/chittagong/chi_cate_03/sentence_12.wav,এই ফলগুলো কি আজকের?,chittagong,chi_cate_03
sentence_13.wav,dataset/chunks/chittagong/chi_cate_03/sentence_13.wav,এক ডজন ডিম দিন।,chittagong,chi_cate_03
sentence_14.wav,dataset/chunks/chittagong/chi_cate_03/sentence_14.wav,কত টাকা হলো?,chittagong,chi_cate_03
sentence_15.wav,dataset/chunks/chittagong/chi_cate_03/sentence_15.wav,আমি নগদ পরিশোধ করবো।,chittagong,chi_cate_03
sentence_16.wav,dataset/chunks/chittagong/chi_cate_03/sentence_16.wav,মোবাইল ব্যাংকিং নেওয়া হয়?,chittagong,chi_cate_03
sentence_17.wav,dataset/chunks/chittagong/chi_cate_03/sentence_17.wav,বিকাশে টাকা দিতে পারি?,chittagong,chi_cate_03
sentence_18.wav,dataset/chunks/chittagong/chi_cate_03/sentence_18.wav,একটি ব্যাগ দেবেন?,chittagong,chi_cate_03
sentence_19.wav,dataset/chunks/chittagong/chi_cate_03/sentence_19.wav,এই কাপড়ের রং কি উঠবে?,chittagong,chi_cate_03
sentence_20.wav,dataset/chunks/chittagong/chi_cate_03/sentence_20.wav,এই শার্টের অন্য সাইজ আছে?,chittagong,chi_cate_03
sentence_21.wav,dataset/chunks/chittagong/chi_cate_03/sentence_21.wav,ছোট সাইজ দেখান।,chittagong,chi_cate_03
sentence_22.wav,dataset/chunks/chittagong/chi_cate_03/sentence_22.wav,বড় সাইজ আছে?,chittagong,chi_cate_03
sentence_23.wav,dataset/chunks/chittagong/chi_cate_03/sentence_23.wav,আমি নীল রঙেরটি চাই।,chittagong,chi_cate_03
sentence_24.wav,dataset/chunks/chittagong/chi_cate_03/sentence_24.wav,অন্য রং আছে?,chittagong,chi_cate_03
sentence_25.wav,dataset/chunks/chittagong/chi_cate_03/sentence_25.wav,এটা কি আসল পণ্য?,chittagong,chi_cate_03
sentence_26.wav,dataset/chunks/chittagong/chi_cate_03/sentence_26.wav,গ্যারান্টি আছে?,chittagong,chi_cate_03
sentence_27.wav,dataset/chunks/chittagong/chi_cate_03/sentence_27.wav,রসিদ দিন।,chittagong,chi_cate_03
sentence_28.wav,dataset/chunks/chittagong/chi_cate_03/sentence_28.wav,আমি পরে এসে নেব।,chittagong,chi_cate_03
sentence_29.wav,dataset/chunks/chittagong/chi_cate_03/sentence_29.wav,এটা কি ছাড়ে দেওয়া যাবে?,chittagong,chi_cate_03
sentence_30.wav,dataset/chunks/chittagong/chi_cate_03/sentence_30.wav,আজ কি কোনো অফার আছে?,chittagong,chi_cate_03
sentence_31.wav,dataset/chunks/chittagong/chi_cate_03/sentence_31.wav,আমি পাইকারি কিনতে চাই।,chittagong,chi_cate_03
sentence_32.wav,dataset/chunks/chittagong/chi_cate_03/sentence_32.wav,পাইকারি দাম কত?,chittagong,chi_cate_03
sentence_33.wav,dataset/chunks/chittagong/chi_cate_03/sentence_33.wav,এই পণ্যটি নতুন এসেছে?,chittagong,chi_cate_03
sentence_34.wav,dataset/chunks/chittagong/chi_cate_03/sentence_34.wav,এর মেয়াদ কতদিন?,chittagong,chi_cate_03
sentence_35.wav,dataset/chunks/chittagong/chi_cate_03/sentence_35.wav,এই ওষুধের মেয়াদ শেষ হয়েছে?,chittagong,chi_cate_03
sentence_36.wav,dataset/chunks/chittagong/chi_cate_03/sentence_36.wav,আমাকে ভালো মানের চাল দিন।,chittagong,chi_cate_03
sentence_37.wav,dataset/chunks/chittagong/chi_cate_03/sentence_37.wav,এই মাছটি কি তাজা?,chittagong,chi_cate_03
sentence_38.wav,dataset/chunks/chittagong/chi_cate_03/sentence_38.wav,এই মাংস কত কেজি?,chittagong,chi_cate_03
sentence_39.wav,dataset/chunks/chittagong/chi_cate_03/sentence_39.wav,এক কেজির কম হবে না।,chittagong,chi_cate_03
sentence_40.wav,dataset/chunks/chittagong/chi_cate_03/sentence_40.wav,একটু কম করে দিন।,chittagong,chi_cate_03
sentence_41.wav,dataset/chunks/chittagong/chi_cate_03/sentence_41.wav,আমি দরদাম করতে চাই।,chittagong,chi_cate_03
sentence_42.wav,dataset/chunks/chittagong/chi_cate_03/sentence_42.wav,চূড়ান্ত দাম কত?,chittagong,chi_cate_03
sentence_43.wav,dataset/chunks/chittagong/chi_cate_03/sentence_43.wav,এই জুতাটি কি টেকসই?,chittagong,chi_cate_03
sentence_44.wav,dataset/chunks/chittagong/chi_cate_03/sentence_44.wav,এই মোবাইলের দাম কত?,chittagong,chi_cate_03
sentence_45.wav,dataset/chunks/chittagong/chi_cate_03/sentence_45.wav,এই ফোনে কি গ্যারান্টি আছে?,chittagong,chi_cate_03
sentence_46.wav,dataset/chunks/chittagong/chi_cate_03/sentence_46.wav,চার্জারটি আলাদা কিনতে হবে?,chittagong,chi_cate_03
sentence_47.wav,dataset/chunks/chittagong/chi_cate_03/sentence_47.wav,এটি কি ক্যাশ অন ডেলিভারি?,chittagong,chi_cate_03
sentence_48.wav,dataset/chunks/chittagong/chi_cate_03/sentence_48.wav,আমি অর্ডার দিতে চাই।,chittagong,chi_cate_03
sentence_49.wav,dataset/chunks/chittagong/chi_cate_03/sentence_49.wav,পণ্যটি কখন ডেলিভারি হবে?,chittagong,chi_cate_03
sentence_50.wav,dataset/chunks/chittagong/chi_cate_03/sentence_50.wav,এই দোকান কখন বন্ধ হয়?,chittagong,chi_cate_03
sentence_51.wav,dataset/chunks/chittagong/chi_cate_03/sentence_51.wav,আমি একটা উপহার কিনতে চাই।,chittagong,chi_cate_03
sentence_52.wav,dataset/chunks/chittagong/chi_cate_03/sentence_52.wav,উপহার মোড়ানো হবে?,chittagong,chi_cate_03
sentence_53.wav,dataset/chunks/chittagong/chi_cate_03/sentence_53.wav,এটি কি ফেরত দেওয়া যাবে?,chittagong,chi_cate_03
sentence_54.wav,dataset/chunks/chittagong/chi_cate_03/sentence_54.wav,রিটার্ন পলিসি কী?,chittagong,chi_cate_03
sentence_55.wav,dataset/chunks/chittagong/chi_cate_03/sentence_55.wav,এই কাপড়টি খুব সুন্দর।,chittagong,chi_cate_03
sentence_56.wav,dataset/chunks/chittagong/chi_cate_03/sentence_56.wav,এটি কি কটন?,chittagong,chi_cate_03
sentence_57.wav,dataset/chunks/chittagong/chi_cate_03/sentence_57.wav,এই পণ্যটি কোথায় তৈরি?,chittagong,chi_cate_03
sentence_58.wav,dataset/chunks/chittagong/chi_cate_03/sentence_58.wav,এটি কি ছাড়ে বিক্রি হচ্ছে?,chittagong,chi_cate_03
sentence_59.wav,dataset/chunks/chittagong/chi_cate_03/sentence_59.wav,আমি আরও কিছু দেখতে চাই।,chittagong,chi_cate_03
sentence_60.wav,dataset/chunks/chittagong/chi_cate_03/sentence_60.wav,আপনার দোকানে কি কার্ড নেওয়া হয়?,chittagong,chi_cate_03
sentence_61.wav,dataset/chunks/chittagong/chi_cate_03/sentence_61.wav,মোট বিল কত হলো?,chittagong,chi_cate_03
sentence_62.wav,dataset/chunks/chittagong/chi_cate_03/sentence_62.wav,আমি টাকা ভাঙাতে চাই।,chittagong,chi_cate_03
sentence_63.wav,dataset/chunks/chittagong/chi_cate_03/sentence_63.wav,ছোট নোট আছে?,chittagong,chi_cate_03
sentence_64.wav,dataset/chunks/chittagong/chi_cate_03/sentence_64.wav,এই ফলগুলো ওজন করে দিন।,chittagong,chi_cate_03
sentence_65.wav,dataset/chunks/chittagong/chi_cate_03/sentence_65.wav,এক কেজির একটু কম দিন।,chittagong,chi_cate_03
sentence_66.wav,dataset/chunks/chittagong/chi_cate_03/sentence_66.wav,আজকে বাজারে ভিড় বেশি।,chittagong,chi_cate_03
sentence_67.wav,dataset/chunks/chittagong/chi_cate_03/sentence_67.wav,দাম কেন এত বেশি?,chittagong,chi_cate_03
sentence_68.wav,dataset/chunks/chittagong/chi_cate_03/sentence_68.wav,কাল কি দাম কম হবে?,chittagong,chi_cate_03
sentence_69.wav,dataset/chunks/chittagong/chi_cate_03/sentence_69.wav,আমি নিয়মিত ক্রেতা।,chittagong,chi_cate_03
sentence_70.wav,dataset/chunks/chittagong/chi_cate_03/sentence_70.wav,আবার আসবো।,chittagong,chi_cate_03
sentence_01.wav,dataset/chunks/chittagong/chi_cate_04/sentence_01.wav,আমি একটি টেবিল বুক করতে চাই।,chittagong,chi_cate_04
sentence_02.wav,dataset/chunks/chittagong/chi_cate_04/sentence_02.wav,দুই জনের জন্য একটি টেবিল দিন।,chittagong,chi_cate_04
sentence_03.wav,dataset/chunks/chittagong/chi_cate_04/sentence_03.wav,মেনু কার্ডটি দিন।,chittagong,chi_cate_04
sentence_04.wav,dataset/chunks/chittagong/chi_cate_04/sentence_04.wav,আজকের বিশেষ খাবার কী?,chittagong,chi_cate_04
sentence_05.wav,dataset/chunks/chittagong/chi_cate_04/sentence_05.wav,আমি ভাত ও মুরগির মাংস চাই।,chittagong,chi_cate_04
sentence_06.wav,dataset/chunks/chittagong/chi_cate_04/sentence_06.wav,এই খাবারটি ঝাল কি?,chittagong,chi_cate_04
sentence_07.wav,dataset/chunks/chittagong/chi_cate_04/sentence_07.wav,কম ঝাল করে দিন।,chittagong,chi_cate_04
sentence_08.wav,dataset/chunks/chittagong/chi_cate_04/sentence_08.wav,আমি নিরামিষ খাবার চাই।,chittagong,chi_cate_04
sentence_09.wav,dataset/chunks/chittagong/chi_cate_04/sentence_09.wav,এখানে কি হালাল খাবার পাওয়া যায়?,chittagong,chi_cate_04
sentence_10.wav,dataset/chunks/chittagong/chi_cate_04/sentence_10.wav,পানি দিন।,chittagong,chi_cate_04
sentence_11.wav,dataset/chunks/chittagong/chi_cate_04/sentence_11.wav,ঠান্ডা পানি আছে?,chittagong,chi_cate_04
sentence_12.wav,dataset/chunks/chittagong/chi_cate_04/sentence_12.wav,একটি কোমল পানীয় দিন।,chittagong,chi_cate_04
sentence_13.wav,dataset/chunks/chittagong/chi_cate_04/sentence_13.wav,এই খাবারটি খুব সুস্বাদু।,chittagong,chi_cate_04
sentence_14.wav,dataset/chunks/chittagong/chi_cate_04/sentence_14.wav,খাবারটি খুব লবণাক্ত।,chittagong,chi_cate_04
sentence_15.wav,dataset/chunks/chittagong/chi_cate_04/sentence_15.wav,বিল দিন।,chittagong,chi_cate_04
sentence_16.wav,dataset/chunks/chittagong/chi_cate_04/sentence_16.wav,আমি নগদে পরিশোধ করবো।,chittagong,chi_cate_04
sentence_17.wav,dataset/chunks/chittagong/chi_cate_04/sentence_17.wav,কার্ডে পরিশোধ করা যাবে?,chittagong,chi_cate_04
sentence_18.wav,dataset/chunks/chittagong/chi_cate_04/sentence_18.wav,খাবারটি কতক্ষণে আসবে?,chittagong,chi_cate_04
sentence_19.wav,dataset/chunks/chittagong/chi_cate_04/sentence_19.wav,আরেকটি প্লেট দিন।,chittagong,chi_cate_04
sentence_20.wav,dataset/chunks/chittagong/chi_cate_04/sentence_20.wav,চামচ ও কাঁটা দিন।,chittagong,chi_cate_04
sentence_21.wav,dataset/chunks/chittagong/chi_cate_04/sentence_21.wav,এখানে কি ওয়াইফাই আছে?,chittagong,chi_cate_04
sentence_22.wav,dataset/chunks/chittagong/chi_cate_04/sentence_22.wav,ওয়াইফাই পাসওয়ার্ড কী?,chittagong,chi_cate_04
sentence_23.wav,dataset/chunks/chittagong/chi_cate_04/sentence_23.wav,খাবারটি প্যাকেট করে দিন।,chittagong,chi_cate_04
sentence_24.wav,dataset/chunks/chittagong/chi_cate_04/sentence_24.wav,আমি বাসায় নিয়ে যাব।,chittagong,chi_cate_04
sentence_25.wav,dataset/chunks/chittagong/chi_cate_04/sentence_25.wav,একটি কফি দিন।,chittagong,chi_cate_04
sentence_26.wav,dataset/chunks/chittagong/chi_cate_04/sentence_26.wav,চা আছে?,chittagong,chi_cate_04
sentence_27.wav,dataset/chunks/chittagong/chi_cate_04/sentence_27.wav,দুধ চা দিন।,chittagong,chi_cate_04
sentence_28.wav,dataset/chunks/chittagong/chi_cate_04/sentence_28.wav,চিনি ছাড়া চা দিন।,chittagong,chi_cate_04
sentence_29.wav,dataset/chunks/chittagong/chi_cate_04/sentence_29.wav,এখানে কি ব্রেকফাস্ট পাওয়া যায়?,chittagong,chi_cate_04
sentence_30.wav,dataset/chunks/chittagong/chi_cate_04/sentence_30.wav,দুপুরের খাবার কখন শুরু হয়?,chittagong,chi_cate_04
sentence_31.wav,dataset/chunks/chittagong/chi_cate_04/sentence_31.wav,রাতের খাবার কখন পরিবেশন করা হয়?,chittagong,chi_cate_04
sentence_32.wav,dataset/chunks/chittagong/chi_cate_04/sentence_32.wav,আমি মাছের তরকারি চাই।,chittagong,chi_cate_04
sentence_33.wav,dataset/chunks/chittagong/chi_cate_04/sentence_33.wav,গরুর মাংস আছে?,chittagong,chi_cate_04
sentence_34.wav,dataset/chunks/chittagong/chi_cate_04/sentence_34.wav,এই স্যুপটি গরম কি?,chittagong,chi_cate_04
sentence_35.wav,dataset/chunks/chittagong/chi_cate_04/sentence_35.wav,একটু লেবু দিন।,chittagong,chi_cate_04
sentence_36.wav,dataset/chunks/chittagong/chi_cate_04/sentence_36.wav,এই রেস্টুরেন্ট খুব পরিষ্কার।,chittagong,chi_cate_04
sentence_37.wav,dataset/chunks/chittagong/chi_cate_04/sentence_37.wav,পরিবেশটি খুব সুন্দর।,chittagong,chi_cate_04
sentence_38.wav,dataset/chunks/chittagong/chi_cate_04/sentence_38.wav,খাবার পরিবেশন দ্রুত হয়েছে।,chittagong,chi_cate_04
sentence_39.wav,dataset/chunks/chittagong/chi_cate_04/sentence_39.wav,খাবার পরিবেশন দেরিতে হয়েছে।,chittagong,chi_cate_04
sentence_40.wav,dataset/chunks/chittagong/chi_cate_04/sentence_40.wav,আর কিছু লাগবে?,chittagong,chi_cate_04
sentence_41.wav,dataset/chunks/chittagong/chi_cate_04/sentence_41.wav,আমি আরও ভাত চাই।,chittagong,chi_cate_04
sentence_42.wav,dataset/chunks/chittagong/chi_cate_04/sentence_42.wav,একটু ঝোল দিন।,chittagong,chi_cate_04
sentence_43.wav,dataset/chunks/chittagong/chi_cate_04/sentence_43.wav,এটি কি তাজা রান্না?,chittagong,chi_cate_04
sentence_44.wav,dataset/chunks/chittagong/chi_cate_04/sentence_44.wav,এখানে কি পরিবার নিয়ে বসা যায়?,chittagong,chi_cate_04
sentence_45.wav,dataset/chunks/chittagong/chi_cate_04/sentence_45.wav,শিশুদের জন্য আলাদা চেয়ার আছে?,chittagong,chi_cate_04
sentence_46.wav,dataset/chunks/chittagong/chi_cate_04/sentence_46.wav,খাবারটি খুব গরম।,chittagong,chi_cate_04
sentence_47.wav,dataset/chunks/chittagong/chi_cate_04/sentence_47.wav,এটি খুব ঠান্ডা।,chittagong,chi_cate_04
sentence_48.wav,dataset/chunks/chittagong/chi_cate_04/sentence_48.wav,এখানে কি অনলাইনে অর্ডার করা যায়?,chittagong,chi_cate_04
sentence_49.wav,dataset/chunks/chittagong/chi_cate_04/sentence_49.wav,ডেলিভারি কত সময় লাগে?,chittagong,chi_cate_04
sentence_50.wav,dataset/chunks/chittagong/chi_cate_04/sentence_50.wav,এই খাবারটির দাম কত?,chittagong,chi_cate_04
sentence_51.wav,dataset/chunks/chittagong/chi_cate_04/sentence_51.wav,আমি অল্প পরিমাণ চাই।,chittagong,chi_cate_04
sentence_52.wav,dataset/chunks/chittagong/chi_cate_04/sentence_52.wav,বড় পরিমাণ দিন।,chittagong,chi_cate_04
sentence_53.wav,dataset/chunks/chittagong/chi_cate_04/sentence_53.wav,এই খাবারটি খুব মিষ্টি।,chittagong,chi_cate_04
sentence_54.wav,dataset/chunks/chittagong/chi_cate_04/sentence_54.wav,এটি কি ঝাল কম করা যাবে?,chittagong,chi_cate_04
sentence_55.wav,dataset/chunks/chittagong/chi_cate_04/sentence_55.wav,আরেক গ্লাস পানি দিন।,chittagong,chi_cate_04
sentence_56.wav,dataset/chunks/chittagong/chi_cate_04/sentence_56.wav,আমি ধন্যবাদ জানাই।,chittagong,chi_cate_04
sentence_57.wav,dataset/chunks/chittagong/chi_cate_04/sentence_57.wav,পরিষেবা খুব ভালো ছিল।,chittagong,chi_cate_04
sentence_58.wav,dataset/chunks/chittagong/chi_cate_04/sentence_58.wav,পরিষেবা উন্নত করা দরকার।,chittagong,chi_cate_04
sentence_59.wav,dataset/chunks/chittagong/chi_cate_04/sentence_59.wav,আমি এই রেস্টুরেন্টটি পছন্দ করি।,chittagong,chi_cate_04
sentence_60.wav,dataset/chunks/chittagong/chi_cate_04/sentence_60.wav,এটি কি এয়ার কন্ডিশনড?,chittagong,chi_cate_04
sentence_61.wav,dataset/chunks/chittagong/chi_cate_04/sentence_61.wav,বাইরে বসার ব্যবস্থা আছে?,chittagong,chi_cate_04
sentence_62.wav,dataset/chunks/chittagong/chi_cate_04/sentence_62.wav,খাবারে অ্যালার্জির উপাদান আছে?,chittagong,chi_cate_04
sentence_63.wav,dataset/chunks/chittagong/chi_cate_04/sentence_63.wav,আমি বাদাম খেতে পারি না।,chittagong,chi_cate_04
sentence_64.wav,dataset/chunks/chittagong/chi_cate_04/sentence_64.wav,এটি কি গ্লুটেন মুক্ত?,chittagong,chi_cate_04
sentence_65.wav,dataset/chunks/chittagong/chi_cate_04/sentence_65.wav,আমাকে একটি ন্যাপকিন দিন।,chittagong,chi_cate_04
sentence_66.wav,dataset/chunks/chittagong/chi_cate_04/sentence_66.wav,খাবার খুব ভালো লেগেছে।,chittagong,chi_cate_04
sentence_67.wav,dataset/chunks/chittagong/chi_cate_04/sentence_67.wav,আবার আসবো।,chittagong,chi_cate_04
sentence_68.wav,dataset/chunks/chittagong/chi_cate_04/sentence_68.wav,এখানে কি বুফে আছে?,chittagong,chi_cate_04
sentence_69.wav,dataset/chunks/chittagong/chi_cate_04/sentence_69.wav,বুফের দাম কত?,chittagong,chi_cate_04
sentence_70.wav,dataset/chunks/chittagong/chi_cate_04/sentence_70.wav,"ধন্যবাদ, বিদায়।",chittagong,chi_cate_04
sentence_01.wav,dataset/chunks/chittagong/chi_cate_05/sentence_01.wav,আমি বাংলাদেশের কিছু দর্শনীয় স্থান দেখতে চাই।,chittagong,chi_cate_05
sentence_02.wav,dataset/chunks/chittagong/chi_cate_05/sentence_02.wav,এই জায়গাটি কখন খোলা থাকে?,chittagong,chi_cate_05
sentence_03.wav,dataset/chunks/chittagong/chi_cate_05/sentence_03.wav,টিকিটের দাম কত?,chittagong,chi_cate_05
sentence_04.wav,dataset/chunks/chittagong/chi_cate_05/sentence_04.wav,আমাকে একটি গাইড দরকার।,chittagong,chi_cate_05
sentence_05.wav,dataset/chunks/chittagong/chi_cate_05/sentence_05.wav,আমরা গ্রুপে ঘুরতে এসেছি।,chittagong,chi_cate_05
sentence_06.wav,dataset/chunks/chittagong/chi_cate_05/sentence_06.wav,ছবি তোলা যাবে কি?,chittagong,chi_cate_05
sentence_07.wav,dataset/chunks/chittagong/chi_cate_05/sentence_07.wav,এই দর্শনীয় স্থানটি খুব সুন্দর।,chittagong,chi_cate_05
sentence_08.wav,dataset/chunks/chittagong/chi_cate_05/sentence_08.wav,আমাকে মানচিত্র দেখান।,chittagong,chi_cate_05
sentence_09.wav,dataset/chunks/chittagong/chi_cate_05/sentence_09.wav,আমি সকাল ১০টায় পৌঁছেছি।,chittagong,chi_cate_05
sentence_10.wav,dataset/chunks/chittagong/chi_cate_05/sentence_10.wav,পর্যটকরা এখানে খুব বেশি।,chittagong,chi_cate_05
sentence_11.wav,dataset/chunks/chittagong/chi_cate_05/sentence_11.wav,আমাকে হোটেলের ঠিকানা দিন।,chittagong,chi_cate_05
sentence_12.wav,dataset/chunks/chittagong/chi_cate_05/sentence_12.wav,এই জায়গায় কি খাবার পাওয়া যায়?,chittagong,chi_cate_05
sentence_13.wav,dataset/chunks/chittagong/chi_cate_05/sentence_13.wav,আমরা তিন ঘণ্টা থাকবো।,chittagong,chi_cate_05
sentence_14.wav,dataset/chunks/chittagong/chi_cate_05/sentence_14.wav,জলের পাশে ছবি তুলুন।,chittagong,chi_cate_05
sentence_15.wav,dataset/chunks/chittagong/chi_cate_05/sentence_15.wav,সুন্দর দিকটি দেখুন।,chittagong,chi_cate_05
sentence_16.wav,dataset/chunks/chittagong/chi_cate_05/sentence_16.wav,আমাদের গাইড কি বাংলায় কথা বলতে পারে?,chittagong,chi_cate_05
sentence_17.wav,dataset/chunks/chittagong/chi_cate_05/sentence_17.wav,পার্কিং এর জায়গা কোথায়?,chittagong,chi_cate_05
sentence_18.wav,dataset/chunks/chittagong/chi_cate_05/sentence_18.wav,এখানে কি নৌকা ভাড়া পাওয়া যায়?,chittagong,chi_cate_05
sentence_19.wav,dataset/chunks/chittagong/chi_cate_05/sentence_19.wav,আমি নদীর উপর ভ্রমণ করতে চাই।,chittagong,chi_cate_05
sentence_20.wav,dataset/chunks/chittagong/chi_cate_05/sentence_20.wav,আমাদের আরও তথ্য দরকার।,chittagong,chi_cate_05
sentence_21.wav,dataset/chunks/chittagong/chi_cate_05/sentence_21.wav,এই জায়গাটি ইতিহাসে গুরুত্বপূর্ণ।,chittagong,chi_cate_05
sentence_22.wav,dataset/chunks/chittagong/chi_cate_05/sentence_22.wav,আপনি কি গাইড সার্ভিস করেন?,chittagong,chi_cate_05
sentence_23.wav,dataset/chunks/chittagong/chi_cate_05/sentence_23.wav,আমি সকালবেলা আবার আসব।,chittagong,chi_cate_05
sentence_24.wav,dataset/chunks/chittagong/chi_cate_05/sentence_24.wav,আমাকে দুইজনের জন্য টিকিট দিন।,chittagong,chi_cate_05
sentence_25.wav,dataset/chunks/chittagong/chi_cate_05/sentence_25.wav,এখানে কি কোনো ছাড় আছে?,chittagong,chi_cate_05
sentence_26.wav,dataset/chunks/chittagong/chi_cate_05/sentence_26.wav,আমাদের ছবি তুলতে সাহায্য করুন।,chittagong,chi_cate_05
sentence_27.wav,dataset/chunks/chittagong/chi_cate_05/sentence_27.wav,এই দিক দিয়ে হাঁটুন।,chittagong,chi_cate_05
sentence_28.wav,dataset/chunks/chittagong/chi_cate_05/sentence_28.wav,দর্শকরা এখানে অনেক ছবি তুলছে।,chittagong,chi_cate_05
sentence_29.wav,dataset/chunks/chittagong/chi_cate_05/sentence_29.wav,আমি মিউজিয়াম ঘুরতে চাই।,chittagong,chi_cate_05
sentence_30.wav,dataset/chunks/chittagong/chi_cate_05/sentence_30.wav,রেস্টুরেন্টটি খুব কাছে।,chittagong,chi_cate_05
sentence_31.wav,dataset/chunks/chittagong/chi_cate_05/sentence_31.wav,আমরা পিকনিক করতে এসেছি।,chittagong,chi_cate_05
sentence_32.wav,dataset/chunks/chittagong/chi_cate_05/sentence_32.wav,এই জায়গার ইতিহাস জানতে চাই।,chittagong,chi_cate_05
sentence_33.wav,dataset/chunks/chittagong/chi_cate_05/sentence_33.wav,বিকেলের দিকে ছবি তুলুন।,chittagong,chi_cate_05
sentence_34.wav,dataset/chunks/chittagong/chi_cate_05/sentence_34.wav,আমার বন্ধু মানচিত্র পড়তে পারছে না।,chittagong,chi_cate_05
sentence_35.wav,dataset/chunks/chittagong/chi_cate_05/sentence_35.wav,এখানে কি গাইড পাওয়া যাবে?,chittagong,chi_cate_05
sentence_36.wav,dataset/chunks/chittagong/chi_cate_05/sentence_36.wav,আমরা পাহাড় দেখতে চাই।,chittagong,chi_cate_05
sentence_37.wav,dataset/chunks/chittagong/chi_cate_05/sentence_37.wav,সৈকত খুব সুন্দর।,chittagong,chi_cate_05
sentence_38.wav,dataset/chunks/chittagong/chi_cate_05/sentence_38.wav,জলস্রোতের ছবি তোলা উচিত।,chittagong,chi_cate_05
sentence_39.wav,dataset/chunks/chittagong/chi_cate_05/sentence_39.wav,গাইড কি আমাদের পথে নিয়ে যাবে?,chittagong,chi_cate_05
sentence_40.wav,dataset/chunks/chittagong/chi_cate_05/sentence_40.wav,আমরা সকাল ৮টায় বের হব।,chittagong,chi_cate_05
sentence_41.wav,dataset/chunks/chittagong/chi_cate_05/sentence_41.wav,এখানে কি টিকেট ছাড়া প্রবেশ সম্ভব?,chittagong,chi_cate_05
sentence_42.wav,dataset/chunks/chittagong/chi_cate_05/sentence_42.wav,ভ্রমণকারীরা খুব আনন্দ করছে।,chittagong,chi_cate_05
sentence_43.wav,dataset/chunks/chittagong/chi_cate_05/sentence_43.wav,আমি এখানে শপিং করতে চাই।,chittagong,chi_cate_05
sentence_44.wav,dataset/chunks/chittagong/chi_cate_05/sentence_44.wav,এই দিকটি খুব রোমাঞ্চকর।,chittagong,chi_cate_05
sentence_45.wav,dataset/chunks/chittagong/chi_cate_05/sentence_45.wav,আমাদের গাইড রাতের দিকে ফেরার সময় বলে।,chittagong,chi_cate_05
sentence_46.wav,dataset/chunks/chittagong/chi_cate_05/sentence_46.wav,ছবি তোলার জন্য আলো ঠিক আছে।,chittagong,chi_cate_05
sentence_47.wav,dataset/chunks/chittagong/chi_cate_05/sentence_47.wav,আমাদের গাইড নদের উপর নৌকা ভাড়া দেখিয়েছে।,chittagong,chi_cate_05
sentence_48.wav,dataset/chunks/chittagong/chi_cate_05/sentence_48.wav,এখানে কি কোনো মিউজিয়াম আছে?,chittagong,chi_cate_05
sentence_49.wav,dataset/chunks/chittagong/chi_cate_05/sentence_49.wav,আমরা পাহাড়ে ট্রেক করতে চাই।,chittagong,chi_cate_05
sentence_50.wav,dataset/chunks/chittagong/chi_cate_05/sentence_50.wav,এই স্থানের ইতিহাস অনেক পুরনো।,chittagong,chi_cate_05
sentence_51.wav,dataset/chunks/chittagong/chi_cate_05/sentence_51.wav,আমাদের ছবি তুলতে সময় লাগছে।,chittagong,chi_cate_05
sentence_52.wav,dataset/chunks/chittagong/chi_cate_05/sentence_52.wav,আমি সুভর্ণভূমি দেখতে চাই।,chittagong,chi_cate_05
sentence_53.wav,dataset/chunks/chittagong/chi_cate_05/sentence_53.wav,ট্রিপটি খুব মজার।,chittagong,chi_cate_05
sentence_54.wav,dataset/chunks/chittagong/chi_cate_05/sentence_54.wav,আমাদের হোটেল থেকে খুব দূরে নয়।,chittagong,chi_cate_05
sentence_55.wav,dataset/chunks/chittagong/chi_cate_05/sentence_55.wav,আমরা সকালে যাওয়ার পরিকল্পনা করেছি।,chittagong,chi_cate_05
sentence_56.wav,dataset/chunks/chittagong/chi_cate_05/sentence_56.wav,দিক নির্দেশনা অনুসরণ করুন।,chittagong,chi_cate_05
sentence_57.wav,dataset/chunks/chittagong/chi_cate_05/sentence_57.wav,দর্শনার্থীরা গাইডের কথা শুনছে।,chittagong,chi_cate_05
sentence_58.wav,dataset/chunks/chittagong/chi_cate_05/sentence_58.wav,আমি পোর্ট্রেট ছবি তুলতে চাই।,chittagong,chi_cate_05
sentence_59.wav,dataset/chunks/chittagong/chi_cate_05/sentence_59.wav,এখানে পর্যটন তথ্য কেন্দ্র আছে।,chittagong,chi_cate_05
sentence_60.wav,dataset/chunks/chittagong/chi_cate_05/sentence_60.wav,আমরা গ্রুপ ছবি তুলব।,chittagong,chi_cate_05
sentence_61.wav,dataset/chunks/chittagong/chi_cate_05/sentence_61.wav,আমাদের আরও কিছু সময় দরকার।,chittagong,chi_cate_05
sentence_62.wav,dataset/chunks/chittagong/chi_cate_05/sentence_62.wav,নদীর পাশে হাঁটতে চাই।,chittagong,chi_cate_05
sentence_63.wav,dataset/chunks/chittagong/chi_cate_05/sentence_63.wav,গাইড আমাদের নৌকায় নিয়ে যাবে।,chittagong,chi_cate_05
sentence_64.wav,dataset/chunks/chittagong/chi_cate_05/sentence_64.wav,এখানে ঝর্ণার ছবি তোলা যেতে পারে।,chittagong,chi_cate_05
sentence_65.wav,dataset/chunks/chittagong/chi_cate_05/sentence_65.wav,আমরা সব দর্শনীয় স্থান ঘুরে দেখব।,chittagong,chi_cate_05
sentence_66.wav,dataset/chunks/chittagong/chi_cate_05/sentence_66.wav,এই জায়গাটি খুব শান্ত।,chittagong,chi_cate_05
sentence_67.wav,dataset/chunks/chittagong/chi_cate_05/sentence_67.wav,আমি রাতের ভ্রমণ পছন্দ করি।,chittagong,chi_cate_05
sentence_68.wav,dataset/chunks/chittagong/chi_cate_05/sentence_68.wav,আমাদের হোটেল থেকে বাসস্ট্যান্ড দূরে নয়।,chittagong,chi_cate_05
sentence_69.wav,dataset/chunks/chittagong/chi_cate_05/sentence_69.wav,আমরা সকালের দিকে ছবি তুলব।,chittagong,chi_cate_05
sentence_70.wav,dataset/chunks/chittagong/chi_cate_05/sentence_70.wav,এই জায়গা সত্যিই স্মরণীয়।,chittagong,chi_cate_05
sentence_01.wav,dataset/chunks/chittagong/chi_cate_06/sentence_01.wav,আমার মাথা ব্যথা করছে।,chittagong,chi_cate_06
sentence_02.wav,dataset/chunks/chittagong/chi_cate_06/sentence_02.wav,কাছাকাছি হাসপাতাল কোথায়?,chittagong,chi_cate_06
sentence_03.wav,dataset/chunks/chittagong/chi_cate_06/sentence_03.wav,ডাক্তারের জন্য কীভাবে অ্যাপয়েন্টমেন্ট নেব?,chittagong,chi_cate_06
sentence_04.wav,dataset/chunks/chittagong/chi_cate_06/sentence_04.wav,আমাকে একটি ওষুধের দোকান দেখান।,chittagong,chi_cate_06
sentence_05.wav,dataset/chunks/chittagong/chi_cate_06/sentence_05.wav,আমি জ্বর অনুভব করছি।,chittagong,chi_cate_06
sentence_06.wav,dataset/chunks/chittagong/chi_cate_06/sentence_06.wav,আমি দুর্ঘটনার শিকার হয়েছি।,chittagong,chi_cate_06
sentence_07.wav,dataset/chunks/chittagong/chi_cate_06/sentence_07.wav,হাসপাতালে কত সময় লাগবে পৌঁছাতে?,chittagong,chi_cate_06
sentence_08.wav,dataset/chunks/chittagong/chi_cate_06/sentence_08.wav,আমার পায়ে চোট লেগেছে।,chittagong,chi_cate_06
sentence_09.wav,dataset/chunks/chittagong/chi_cate_06/sentence_09.wav,আমাকে হাসপাতালে নিয়ে যান।,chittagong,chi_cate_06
sentence_10.wav,dataset/chunks/chittagong/chi_cate_06/sentence_10.wav,আমি শ্বাসকষ্ট অনুভব করছি।,chittagong,chi_cate_06
sentence_11.wav,dataset/chunks/chittagong/chi_cate_06/sentence_11.wav,আমাকে দ্রুত সাহায্য করুন।,chittagong,chi_cate_06
sentence_12.wav,dataset/chunks/chittagong/chi_cate_06/sentence_12.wav,ডাক্তার কখন উপস্থিত থাকবেন?,chittagong,chi_cate_06
sentence_13.wav,dataset/chunks/chittagong/chi_cate_06/sentence_13.wav,আমার শিশু অসুস্থ।,chittagong,chi_cate_06
sentence_14.wav,dataset/chunks/chittagong/chi_cate_06/sentence_14.wav,আমার পেটে ব্যথা করছে।,chittagong,chi_cate_06
sentence_15.wav,dataset/chunks/chittagong/chi_cate_06/sentence_15.wav,ওষুধের নাম কী?,chittagong,chi_cate_06
sentence_16.wav,dataset/chunks/chittagong/chi_cate_06/sentence_16.wav,আমি ধমনীতে ব্যথা অনুভব করছি।,chittagong,chi_cate_06
sentence_17.wav,dataset/chunks/chittagong/chi_cate_06/sentence_17.wav,এটি কি জরুরি অবস্থা?,chittagong,chi_cate_06
sentence_18.wav,dataset/chunks/chittagong/chi_cate_06/sentence_18.wav,আমি অলস লাগছে।,chittagong,chi_cate_06
sentence_19.wav,dataset/chunks/chittagong/chi_cate_06/sentence_19.wav,আমার চোখে সমস্যা হচ্ছে।,chittagong,chi_cate_06
sentence_20.wav,dataset/chunks/chittagong/chi_cate_06/sentence_20.wav,ডাক্তার কি বাংলা বলতে পারেন?,chittagong,chi_cate_06
sentence_21.wav,dataset/chunks/chittagong/chi_cate_06/sentence_21.wav,আমি অ্যালার্জি আক্রান্ত।,chittagong,chi_cate_06
sentence_22.wav,dataset/chunks/chittagong/chi_cate_06/sentence_22.wav,আমার সর্দি কাশি আছে।,chittagong,chi_cate_06
sentence_23.wav,dataset/chunks/chittagong/chi_cate_06/sentence_23.wav,হাসপাতালে কি ভিড় বেশি?,chittagong,chi_cate_06
sentence_24.wav,dataset/chunks/chittagong/chi_cate_06/sentence_24.wav,আমাকে একটি ব্যান্ডেজ দিন।,chittagong,chi_cate_06
sentence_25.wav,dataset/chunks/chittagong/chi_cate_06/sentence_25.wav,আমার দাঁতে ব্যথা করছে।,chittagong,chi_cate_06
sentence_26.wav,dataset/chunks/chittagong/chi_cate_06/sentence_26.wav,এখানে কি জরুরি ওষুধ পাওয়া যায়?,chittagong,chi_cate_06
sentence_27.wav,dataset/chunks/chittagong/chi_cate_06/sentence_27.wav,"আমি অসুস্থ, আমার বিশ্রাম প্রয়োজন।",chittagong,chi_cate_06
sentence_28.wav,dataset/chunks/chittagong/chi_cate_06/sentence_28.wav,আপনার ওষুধের পরিমাণ কত?,chittagong,chi_cate_06
sentence_29.wav,dataset/chunks/chittagong/chi_cate_06/sentence_29.wav,আমার পায়ে জ্বালা অনুভব হচ্ছে।,chittagong,chi_cate_06
sentence_30.wav,dataset/chunks/chittagong/chi_cate_06/sentence_30.wav,হাসপাতালে কি ডাক্তার সারাদিন থাকে?,chittagong,chi_cate_06
sentence_31.wav,dataset/chunks/chittagong/chi_cate_06/sentence_31.wav,আমাকে দ্রুত ট্যাক্সি দিন।,chittagong,chi_cate_06
sentence_32.wav,dataset/chunks/chittagong/chi_cate_06/sentence_32.wav,আমি গলা ব্যথা অনুভব করছি।,chittagong,chi_cate_06
sentence_33.wav,dataset/chunks/chittagong/chi_cate_06/sentence_33.wav,আমার হাতে কাটা গেছে।,chittagong,chi_cate_06
sentence_34.wav,dataset/chunks/chittagong/chi_cate_06/sentence_34.wav,এখানে কি স্বাস্থ্য পরীক্ষা করা যায়?,chittagong,chi_cate_06
sentence_35.wav,dataset/chunks/chittagong/chi_cate_06/sentence_35.wav,আমার পেট খারাপ লাগছে।,chittagong,chi_cate_06
sentence_36.wav,dataset/chunks/chittagong/chi_cate_06/sentence_36.wav,আমার চুল পড়ছে।,chittagong,chi_cate_06
sentence_37.wav,dataset/chunks/chittagong/chi_cate_06/sentence_37.wav,কি ওষুধ খাবো?,chittagong,chi_cate_06
sentence_38.wav,dataset/chunks/chittagong/chi_cate_06/sentence_38.wav,আমার শ্বাসনালি ব্যথা করছে।,chittagong,chi_cate_06
sentence_39.wav,dataset/chunks/chittagong/chi_cate_06/sentence_39.wav,আমার ডায়াবেটিস আছে।,chittagong,chi_cate_06
sentence_40.wav,dataset/chunks/chittagong/chi_cate_06/sentence_40.wav,আমাকে ইনজেকশন দেওয়া দরকার।,chittagong,chi_cate_06
sentence_41.wav,dataset/chunks/chittagong/chi_cate_06/sentence_41.wav,আমাকে ব্যথা উপশমের জন্য কিছু দিন।,chittagong,chi_cate_06
sentence_42.wav,dataset/chunks/chittagong/chi_cate_06/sentence_42.wav,আমি দুর্বল লাগছি।,chittagong,chi_cate_06
sentence_43.wav,dataset/chunks/chittagong/chi_cate_06/sentence_43.wav,আমার নাক দিয়ে রক্ত পড়ছে।,chittagong,chi_cate_06
sentence_44.wav,dataset/chunks/chittagong/chi_cate_06/sentence_44.wav,ডাক্তার কি এখন ফ্রি আছেন?,chittagong,chi_cate_06
sentence_45.wav,dataset/chunks/chittagong/chi_cate_06/sentence_45.wav,আমার বুক ব্যথা করছে।,chittagong,chi_cate_06
sentence_46.wav,dataset/chunks/chittagong/chi_cate_06/sentence_46.wav,আমার চোখ লাল হয়ে গেছে।,chittagong,chi_cate_06
sentence_47.wav,dataset/chunks/chittagong/chi_cate_06/sentence_47.wav,কি টেস্ট করাতে হবে?,chittagong,chi_cate_06
sentence_48.wav,dataset/chunks/chittagong/chi_cate_06/sentence_48.wav,আমি বুকধড় ধড় করছি।,chittagong,chi_cate_06
sentence_49.wav,dataset/chunks/chittagong/chi_cate_06/sentence_49.wav,হাসপাতালে কি অ্যাম্বুল্যান্স আছে?,chittagong,chi_cate_06
sentence_50.wav,dataset/chunks/chittagong/chi_cate_06/sentence_50.wav,আমার চামড়ায় চুলকানি হচ্ছে।,chittagong,chi_cate_06
sentence_51.wav,dataset/chunks/chittagong/chi_cate_06/sentence_51.wav,ওষুধটি কখন খাবো?,chittagong,chi_cate_06
sentence_52.wav,dataset/chunks/chittagong/chi_cate_06/sentence_52.wav,আমার কানে ব্যথা করছে।,chittagong,chi_cate_06
sentence_53.wav,dataset/chunks/chittagong/chi_cate_06/sentence_53.wav,আমাকে রক্ত পরীক্ষা করাতে হবে।,chittagong,chi_cate_06
sentence_54.wav,dataset/chunks/chittagong/chi_cate_06/sentence_54.wav,আমি গরমে অসুস্থ।,chittagong,chi_cate_06
sentence_55.wav,dataset/chunks/chittagong/chi_cate_06/sentence_55.wav,আমার দাঁতের ইনফেকশন হয়েছে।,chittagong,chi_cate_06
sentence_56.wav,dataset/chunks/chittagong/chi_cate_06/sentence_56.wav,এখানে কি স্যালাইন দেওয়া হয়?,chittagong,chi_cate_06
sentence_57.wav,dataset/chunks/chittagong/chi_cate_06/sentence_57.wav,আমার পায়ের আঙুল ফোলা গেছে।,chittagong,chi_cate_06
sentence_58.wav,dataset/chunks/chittagong/chi_cate_06/sentence_58.wav,আমাকে ব্যথানাশক দিন।,chittagong,chi_cate_06
sentence_59.wav,dataset/chunks/chittagong/chi_cate_06/sentence_59.wav,কি খেলে সুস্থতা হবে?,chittagong,chi_cate_06
sentence_60.wav,dataset/chunks/chittagong/chi_cate_06/sentence_60.wav,আমি মাথা ঘোরাতে লাগছে।,chittagong,chi_cate_06
sentence_61.wav,dataset/chunks/chittagong/chi_cate_06/sentence_61.wav,হাসপাতালে কি ডাক্তার রাতেও থাকেন?,chittagong,chi_cate_06
sentence_62.wav,dataset/chunks/chittagong/chi_cate_06/sentence_62.wav,আমার গলার প্রদাহ আছে।,chittagong,chi_cate_06
sentence_63.wav,dataset/chunks/chittagong/chi_cate_06/sentence_63.wav,আমার শরীরে জ্বালা অনুভূত হচ্ছে।,chittagong,chi_cate_06
sentence_64.wav,dataset/chunks/chittagong/chi_cate_06/sentence_64.wav,আমাকে ওষুধের রিসিপি দিন।,chittagong,chi_cate_06
sentence_65.wav,dataset/chunks/chittagong/chi_cate_06/sentence_65.wav,কি ওষুধ বেশি কার্যকর?,chittagong,chi_cate_06
sentence_66.wav,dataset/chunks/chittagong/chi_cate_06/sentence_66.wav,আমার গায়ে র‍্যাশ হয়েছে।,chittagong,chi_cate_06
sentence_67.wav,dataset/chunks/chittagong/chi_cate_06/sentence_67.wav,আমি পায়ে ব্যথা অনুভব করছি।,chittagong,chi_cate_06
sentence_68.wav,dataset/chunks/chittagong/chi_cate_06/sentence_68.wav,হাসপাতালে কি অ্যাপয়েন্টমেন্ট লাগবে?,chittagong,chi_cate_06
sentence_69.wav,dataset/chunks/chittagong/chi_cate_06/sentence_69.wav,আমাকে দ্রুত দেখুন।,chittagong,chi_cate_06
sentence_70.wav,dataset/chunks/chittagong/chi_cate_06/sentence_70.wav,আমার পেট খুব ব্যথা করছে।,chittagong,chi_cate_06
sentence_01.wav,dataset/chunks/chittagong/chi_cate_07/sentence_01.wav,আপনার পরিবারে কয়জন সদস্য আছে?,chittagong,chi_cate_07
sentence_02.wav,dataset/chunks/chittagong/chi_cate_07/sentence_02.wav,আমার বাবা একজন শিক্ষক।,chittagong,chi_cate_07
sentence_03.wav,dataset/chunks/chittagong/chi_cate_07/sentence_03.wav,আপনি কোথায় বড় হয়েছেন?,chittagong,chi_cate_07
sentence_04.wav,dataset/chunks/chittagong/chi_cate_07/sentence_04.wav,আমার মা ঘরে থাকেন।,chittagong,chi_cate_07
sentence_05.wav,dataset/chunks/chittagong/chi_cate_07/sentence_05.wav,আপনার ভাইবোন আছে কি?,chittagong,chi_cate_07
sentence_06.wav,dataset/chunks/chittagong/chi_cate_07/sentence_06.wav,আমার এক ভাই ও দুই বোন আছে।,chittagong,chi_cate_07
sentence_07.wav,dataset/chunks/chittagong/chi_cate_07/sentence_07.wav,আমরা একসাথে ভ্রমণ করতে ভালোবাসি।,chittagong,chi_cate_07
sentence_08.wav,dataset/chunks/chittagong/chi_cate_07/sentence_08.wav,আপনার পছন্দের খাবার কী?,chittagong,chi_cate_07
sentence_09.wav,dataset/chunks/chittagong/chi_cate_07/sentence_09.wav,আমার ছোট বোন স্কুলে পড়ে।,chittagong,chi_cate_07
sentence_10.wav,dataset/chunks/chittagong/chi_cate_07/sentence_10.wav,আপনার বাবা কোথায় কাজ করেন?,chittagong,chi_cate_07
sentence_11.wav,dataset/chunks/chittagong/chi_cate_07/sentence_11.wav,আমার পরিবার সব সময় একসাথে খেতে বসে।,chittagong,chi_cate_07
sentence_12.wav,dataset/chunks/chittagong/chi_cate_07/sentence_12.wav,আপনার মা কি রান্না করতে ভালোবাসেন?,chittagong,chi_cate_07
sentence_13.wav,dataset/chunks/chittagong/chi_cate_07/sentence_13.wav,আমরা প্রতি বছর ঈদে মিলিত হই।,chittagong,chi_cate_07
sentence_14.wav,dataset/chunks/chittagong/chi_cate_07/sentence_14.wav,আপনার পছন্দের ছুটি কী?,chittagong,chi_cate_07
sentence_15.wav,dataset/chunks/chittagong/chi_cate_07/sentence_15.wav,আমার বাবা সকালবেলা হাঁটতে যান।,chittagong,chi_cate_07
sentence_16.wav,dataset/chunks/chittagong/chi_cate_07/sentence_16.wav,আপনার পরিবারে কারা রয়েছেন?,chittagong,chi_cate_07
sentence_17.wav,dataset/chunks/chittagong/chi_cate_07/sentence_17.wav,আমার দাদা আমাদের সঙ্গে থাকে।,chittagong,chi_cate_07
sentence_18.wav,dataset/chunks/chittagong/chi_cate_07/sentence_18.wav,আপনি কি বিবাহিত?,chittagong,chi_cate_07
sentence_19.wav,dataset/chunks/chittagong/chi_cate_07/sentence_19.wav,আমি বিবাহিত এবং আমার দুই সন্তান আছে।,chittagong,chi_cate_07
sentence_20.wav,dataset/chunks/chittagong/chi_cate_07/sentence_20.wav,আপনার বোন কি বিশ্ববিদ্যালয়ে পড়ে?,chittagong,chi_cate_07
sentence_21.wav,dataset/chunks/chittagong/chi_cate_07/sentence_21.wav,আমরা রোববার একসাথে সিনেমা দেখি।,chittagong,chi_cate_07
sentence_22.wav,dataset/chunks/chittagong/chi_cate_07/sentence_22.wav,আপনার পছন্দের পরিবারের অনুষ্ঠান কোনটি?,chittagong,chi_cate_07
sentence_23.wav,dataset/chunks/chittagong/chi_cate_07/sentence_23.wav,আমার বাবা মা আমাদের জন্য খুব যত্নশীল।,chittagong,chi_cate_07
sentence_24.wav,dataset/chunks/chittagong/chi_cate_07/sentence_24.wav,আপনার শিশুরা স্কুলে ভালো করছে কি?,chittagong,chi_cate_07
sentence_25.wav,dataset/chunks/chittagong/chi_cate_07/sentence_25.wav,আমার পরিবারের সবাই স্বাস্থ্যকর জীবনযাপন করে।,chittagong,chi_cate_07
sentence_26.wav,dataset/chunks/chittagong/chi_cate_07/sentence_26.wav,আপনি কোথায় বেড়ে উঠেছেন?,chittagong,chi_cate_07
sentence_27.wav,dataset/chunks/chittagong/chi_cate_07/sentence_27.wav,আমার পরিবার গ্রামে থাকে।,chittagong,chi_cate_07
sentence_28.wav,dataset/chunks/chittagong/chi_cate_07/sentence_28.wav,আপনার বাবা কি বিদেশে কাজ করেন?,chittagong,chi_cate_07
sentence_29.wav,dataset/chunks/chittagong/chi_cate_07/sentence_29.wav,আমি আমার পরিবারের সঙ্গে ছুটিতে যাই।,chittagong,chi_cate_07
sentence_30.wav,dataset/chunks/chittagong/chi_cate_07/sentence_30.wav,আপনার পরিবারে ছোট ছোট ভাইবোন আছে কি?,chittagong,chi_cate_07
sentence_31.wav,dataset/chunks/chittagong/chi_cate_07/sentence_31.wav,আমার ভাই ফুটবল খেলে।,chittagong,chi_cate_07
sentence_32.wav,dataset/chunks/chittagong/chi_cate_07/sentence_32.wav,আপনার মা কি কাজ করেন?,chittagong,chi_cate_07
sentence_33.wav,dataset/chunks/chittagong/chi_cate_07/sentence_33.wav,আমরা প্রতি সপ্তাহে একসাথে খাবার করি।,chittagong,chi_cate_07
sentence_34.wav,dataset/chunks/chittagong/chi_cate_07/sentence_34.wav,আপনার বাবা কি বাসায় থাকেন?,chittagong,chi_cate_07
sentence_35.wav,dataset/chunks/chittagong/chi_cate_07/sentence_35.wav,আমার পরিবারে সবাই একে অপরকে সাহায্য করে।,chittagong,chi_cate_07
sentence_36.wav,dataset/chunks/chittagong/chi_cate_07/sentence_36.wav,আপনি কত বছর ধরে বিবাহিত?,chittagong,chi_cate_07
sentence_37.wav,dataset/chunks/chittagong/chi_cate_07/sentence_37.wav,আমার বোন চিকিৎসা পড়াশোনা করছে।,chittagong,chi_cate_07
sentence_38.wav,dataset/chunks/chittagong/chi_cate_07/sentence_38.wav,আপনার বাবা মা কি এখনও কাজ করেন?,chittagong,chi_cate_07
sentence_39.wav,dataset/chunks/chittagong/chi_cate_07/sentence_39.wav,আমরা সবাই একসাথে হোলিডে যাই।,chittagong,chi_cate_07
sentence_40.wav,dataset/chunks/chittagong/chi_cate_07/sentence_40.wav,আপনার সন্তানদের নাম কী?,chittagong,chi_cate_07
sentence_41.wav,dataset/chunks/chittagong/chi_cate_07/sentence_41.wav,আমার ছেলে ফুটবল খেলতে ভালোবাসে।,chittagong,chi_cate_07
sentence_42.wav,dataset/chunks/chittagong/chi_cate_07/sentence_42.wav,আপনার পরিবারের বয়সী সদস্যরা কি সক্রিয়?,chittagong,chi_cate_07
sentence_43.wav,dataset/chunks/chittagong/chi_cate_07/sentence_43.wav,আমি আমার পরিবারের সঙ্গে সিনেমা দেখতে যাই।,chittagong,chi_cate_07
sentence_44.wav,dataset/chunks/chittagong/chi_cate_07/sentence_44.wav,আপনার মা কি রান্না ভালো করেন?,chittagong,chi_cate_07
sentence_45.wav,dataset/chunks/chittagong/chi_cate_07/sentence_45.wav,আমার বাবা সকালবেলা সংবাদ পড়েন।,chittagong,chi_cate_07
sentence_46.wav,dataset/chunks/chittagong/chi_cate_07/sentence_46.wav,আপনার বোনের পছন্দের কাজ কী?,chittagong,chi_cate_07
sentence_47.wav,dataset/chunks/chittagong/chi_cate_07/sentence_47.wav,আমরা বড়দিন একসাথে উদযাপন করি।,chittagong,chi_cate_07
sentence_48.wav,dataset/chunks/chittagong/chi_cate_07/sentence_48.wav,আমার পরিবারে কেউ বিদেশে থাকে।,chittagong,chi_cate_07
sentence_49.wav,dataset/chunks/chittagong/chi_cate_07/sentence_49.wav,আপনার পরিবারের সদস্যরা কি সুস্থ আছে?,chittagong,chi_cate_07
sentence_50.wav,dataset/chunks/chittagong/chi_cate_07/sentence_50.wav,আমি পরিবারকে খুব ভালোবাসি।,chittagong,chi_cate_07
sentence_51.wav,dataset/chunks/chittagong/chi_cate_07/sentence_51.wav,আপনার ভাইবোন কি আপনার সাথে থাকে?,chittagong,chi_cate_07
sentence_52.wav,dataset/chunks/chittagong/chi_cate_07/sentence_52.wav,আমার বাবা মা গ্রামের বাড়িতে থাকেন।,chittagong,chi_cate_07
sentence_53.wav,dataset/chunks/chittagong/chi_cate_07/sentence_53.wav,আমরা একসাথে খেলা করি।,chittagong,chi_cate_07
sentence_54.wav,dataset/chunks/chittagong/chi_cate_07/sentence_54.wav,আপনার পরিবারে কেউ চাকরিতে আছেন কি?,chittagong,chi_cate_07
sentence_55.wav,dataset/chunks/chittagong/chi_cate_07/sentence_55.wav,আমি আমার পরিবারের জন্য সব করি।,chittagong,chi_cate_07
sentence_56.wav,dataset/chunks/chittagong/chi_cate_07/sentence_56.wav,আপনার বাবা মা কি অবসরপ্রাপ্ত?,chittagong,chi_cate_07
sentence_57.wav,dataset/chunks/chittagong/chi_cate_07/sentence_57.wav,আমরা হোলিডেতে গ্রামের বাড়িতে যাই।,chittagong,chi_cate_07
sentence_58.wav,dataset/chunks/chittagong/chi_cate_07/sentence_58.wav,আমার ছোট ভাই স্কুলে ভালো করছে।,chittagong,chi_cate_07
sentence_59.wav,dataset/chunks/chittagong/chi_cate_07/sentence_59.wav,আপনার পরিবার কত ঘনিষ্ঠ?,chittagong,chi_cate_07
sentence_60.wav,dataset/chunks/chittagong/chi_cate_07/sentence_60.wav,আমরা প্রতি মাসে একসাথে বেড়াতে যাই।,chittagong,chi_cate_07
sentence_61.wav,dataset/chunks/chittagong/chi_cate_07/sentence_61.wav,আমার মা গল্প শুনাতে ভালোবাসেন।,chittagong,chi_cate_07
sentence_62.wav,dataset/chunks/chittagong/chi_cate_07/sentence_62.wav,আপনার বাবা কি কখনও ভ্রমণে যান?,chittagong,chi_cate_07
sentence_63.wav,dataset/chunks/chittagong/chi_cate_07/sentence_63.wav,আমি আমার পরিবারকে সব সময় সাহায্য করি।,chittagong,chi_cate_07
sentence_64.wav,dataset/chunks/chittagong/chi_cate_07/sentence_64.wav,আপনার ভাইবোন কি একে অপরকে সাহায্য করে?,chittagong,chi_cate_07
sentence_65.wav,dataset/chunks/chittagong/chi_cate_07/sentence_65.wav,আমরা পরিবারে জন্মদিন উদযাপন করি।,chittagong,chi_cate_07
sentence_66.wav,dataset/chunks/chittagong/chi_cate_07/sentence_66.wav,আমার পরিবারের সঙ্গে সময় কাটানো ভালো লাগে।,chittagong,chi_cate_07
sentence_67.wav,dataset/chunks/chittagong/chi_cate_07/sentence_67.wav,আপনার মা বাবা কি একসাথে আছেন?,chittagong,chi_cate_07
sentence_68.wav,dataset/chunks/chittagong/chi_cate_07/sentence_68.wav,আমার বাবা খুব কঠোর কিন্তু ভালো মানুষ।,chittagong,chi_cate_07
sentence_69.wav,dataset/chunks/chittagong/chi_cate_07/sentence_69.wav,আমরা পারিবারিক ছবি তুলি।,chittagong,chi_cate_07
sentence_70.wav,dataset/chunks/chittagong/chi_cate_07/sentence_70.wav,আমি আমার পরিবারের সুখের জন্য কাজ করি।,chittagong,chi_cate_07
sentence_01.wav,dataset/chunks/chittagong/chi_cate_08/sentence_01.wav,এই বছর ধানের ফলন কেমন হবে?,chittagong,chi_cate_08
sentence_02.wav,dataset/chunks/chittagong/chi_cate_08/sentence_02.wav,আমি মাছ চাষ শুরু করতে চাই।,chittagong,chi_cate_08
sentence_03.wav,dataset/chunks/chittagong/chi_cate_08/sentence_03.wav,বৃষ্টিপাত ঠিক আছে কি?,chittagong,chi_cate_08
sentence_04.wav,dataset/chunks/chittagong/chi_cate_08/sentence_04.wav,জমি প্রস্তুত করা হয়েছে।,chittagong,chi_cate_08
sentence_05.wav,dataset/chunks/chittagong/chi_cate_08/sentence_05.wav,ধানের বীজ কত লাগবে?,chittagong,chi_cate_08
sentence_06.wav,dataset/chunks/chittagong/chi_cate_08/sentence_06.wav,কীটনাশক প্রয়োগ করতে হবে।,chittagong,chi_cate_08
sentence_07.wav,dataset/chunks/chittagong/chi_cate_08/sentence_07.wav,আমি সবজি চাষ করি।,chittagong,chi_cate_08
sentence_08.wav,dataset/chunks/chittagong/chi_cate_08/sentence_08.wav,মাছের পুকুর কত বড়?,chittagong,chi_cate_08
sentence_09.wav,dataset/chunks/chittagong/chi_cate_08/sentence_09.wav,আমার ধান ভালোভাবে ফলন করছে।,chittagong,chi_cate_08
sentence_10.wav,dataset/chunks/chittagong/chi_cate_08/sentence_10.wav,সার দেওয়া হয়েছে।,chittagong,chi_cate_08
sentence_11.wav,dataset/chunks/chittagong/chi_cate_08/sentence_11.wav,কৃষকের জন্য কি সহায়তা আছে?,chittagong,chi_cate_08
sentence_12.wav,dataset/chunks/chittagong/chi_cate_08/sentence_12.wav,গবাদি পশুদের খাওয়ানো হয়েছে।,chittagong,chi_cate_08
sentence_13.wav,dataset/chunks/chittagong/chi_cate_08/sentence_13.wav,আবহাওয়া কেমন থাকবে?,chittagong,chi_cate_08
sentence_14.wav,dataset/chunks/chittagong/chi_cate_08/sentence_14.wav,বৃষ্টির অভাব ধানের জন্য ক্ষতিকর।,chittagong,chi_cate_08
sentence_15.wav,dataset/chunks/chittagong/chi_cate_08/sentence_15.wav,পুকুরে পানি পরীক্ষা করা হয়েছে।,chittagong,chi_cate_08
sentence_16.wav,dataset/chunks/chittagong/chi_cate_08/sentence_16.wav,আমি নতুন সার প্রয়োগ করব।,chittagong,chi_cate_08
sentence_17.wav,dataset/chunks/chittagong/chi_cate_08/sentence_17.wav,কীটপতঙ্গ ধ্বংস করতে হবে।,chittagong,chi_cate_08
sentence_18.wav,dataset/chunks/chittagong/chi_cate_08/sentence_18.wav,ধানের বীজ ভালো মানের কিনুন।,chittagong,chi_cate_08
sentence_19.wav,dataset/chunks/chittagong/chi_cate_08/sentence_19.wav,সবজি খুব দ্রুত বড় হচ্ছে।,chittagong,chi_cate_08
sentence_20.wav,dataset/chunks/chittagong/chi_cate_08/sentence_20.wav,মাছের পুকুরে খাবার দিন।,chittagong,chi_cate_08
sentence_21.wav,dataset/chunks/chittagong/chi_cate_08/sentence_21.wav,জমিতে আগাছা কাটা হয়েছে।,chittagong,chi_cate_08
sentence_22.wav,dataset/chunks/chittagong/chi_cate_08/sentence_22.wav,আমি নতুন পুকুর খনন করেছি।,chittagong,chi_cate_08
sentence_23.wav,dataset/chunks/chittagong/chi_cate_08/sentence_23.wav,এই ফসলের জন্য কত সার লাগবে?,chittagong,chi_cate_08
sentence_24.wav,dataset/chunks/chittagong/chi_cate_08/sentence_24.wav,গরু খুব ভালো অবস্থায় আছে।,chittagong,chi_cate_08
sentence_25.wav,dataset/chunks/chittagong/chi_cate_08/sentence_25.wav,ধান কেটে সংগ্রহ করা হয়েছে।,chittagong,chi_cate_08
sentence_26.wav,dataset/chunks/chittagong/chi_cate_08/sentence_26.wav,আমরা সবজি বাজারে বিক্রি করি।,chittagong,chi_cate_08
sentence_27.wav,dataset/chunks/chittagong/chi_cate_08/sentence_27.wav,মাটি পরীক্ষা করা হয়েছে।,chittagong,chi_cate_08
sentence_28.wav,dataset/chunks/chittagong/chi_cate_08/sentence_28.wav,পোকামাকড়ের আক্রমণ হয়েছে।,chittagong,chi_cate_08
sentence_29.wav,dataset/chunks/chittagong/chi_cate_08/sentence_29.wav,মাছের পুকুর পরিষ্কার করুন।,chittagong,chi_cate_08
sentence_30.wav,dataset/chunks/chittagong/chi_cate_08/sentence_30.wav,আমরা সার ও বীজ কিনব।,chittagong,chi_cate_08
sentence_31.wav,dataset/chunks/chittagong/chi_cate_08/sentence_31.wav,গবাদি পশুদের স্বাস্থ্য পরীক্ষা করা হয়েছে।,chittagong,chi_cate_08
sentence_32.wav,dataset/chunks/chittagong/chi_cate_08/sentence_32.wav,ধানের ফলন ভাল হয়েছে।,chittagong,chi_cate_08
sentence_33.wav,dataset/chunks/chittagong/chi_cate_08/sentence_33.wav,আমি নতুন চারা রোপণ করব।,chittagong,chi_cate_08
sentence_34.wav,dataset/chunks/chittagong/chi_cate_08/sentence_34.wav,আবহাওয়া পরিবর্তনশীল।,chittagong,chi_cate_08
sentence_35.wav,dataset/chunks/chittagong/chi_cate_08/sentence_35.wav,পুকুরে পানি কমে গেছে।,chittagong,chi_cate_08
sentence_36.wav,dataset/chunks/chittagong/chi_cate_08/sentence_36.wav,আমরা নতুন সার পরীক্ষা করব।,chittagong,chi_cate_08
sentence_37.wav,dataset/chunks/chittagong/chi_cate_08/sentence_37.wav,কি মাছের প্রজাতি ভালো ফলন দিচ্ছে?,chittagong,chi_cate_08
sentence_38.wav,dataset/chunks/chittagong/chi_cate_08/sentence_38.wav,জমি উর্বর।,chittagong,chi_cate_08
sentence_39.wav,dataset/chunks/chittagong/chi_cate_08/sentence_39.wav,ফসল রক্ষা করতে কী ব্যবস্থা নেওয়া হয়েছে?,chittagong,chi_cate_08
sentence_40.wav,dataset/chunks/chittagong/chi_cate_08/sentence_40.wav,আমরা গবাদি পশু বিক্রি করব।,chittagong,chi_cate_08
sentence_41.wav,dataset/chunks/chittagong/chi_cate_08/sentence_41.wav,ধানের ফসল শুকিয়ে গেছে।,chittagong,chi_cate_08
sentence_42.wav,dataset/chunks/chittagong/chi_cate_08/sentence_42.wav,পুকুরে নতুন মাছ ছাড়া হয়েছে।,chittagong,chi_cate_08
sentence_43.wav,dataset/chunks/chittagong/chi_cate_08/sentence_43.wav,আবহাওয়া খুব খারাপ।,chittagong,chi_cate_08
sentence_44.wav,dataset/chunks/chittagong/chi_cate_08/sentence_44.wav,আমরা সবজি রোপণ শুরু করেছি।,chittagong,chi_cate_08
sentence_45.wav,dataset/chunks/chittagong/chi_cate_08/sentence_45.wav,মাটির আর্দ্রতা ঠিক আছে কি?,chittagong,chi_cate_08
sentence_46.wav,dataset/chunks/chittagong/chi_cate_08/sentence_46.wav,সার দেওয়ার পর পানি দিন।,chittagong,chi_cate_08
sentence_47.wav,dataset/chunks/chittagong/chi_cate_08/sentence_47.wav,কীটনাশক কত দিন পর প্রয়োগ করতে হবে?,chittagong,chi_cate_08
sentence_48.wav,dataset/chunks/chittagong/chi_cate_08/sentence_48.wav,আমার ধান এখনও সবুজ।,chittagong,chi_cate_08
sentence_49.wav,dataset/chunks/chittagong/chi_cate_08/sentence_49.wav,গবাদি পশুদের জন্য খোরাক প্রস্তুত।,chittagong,chi_cate_08
sentence_50.wav,dataset/chunks/chittagong/chi_cate_08/sentence_50.wav,পুকুরের পানি পরীক্ষা করুন।,chittagong,chi_cate_08
sentence_51.wav,dataset/chunks/chittagong/chi_cate_08/sentence_51.wav,বৃষ্টি হলে ফসলের জন্য ভালো হবে।,chittagong,chi_cate_08
sentence_52.wav,dataset/chunks/chittagong/chi_cate_08/sentence_52.wav,আমরা নতুন সার প্রয়োগ করব।,chittagong,chi_cate_08
sentence_53.wav,dataset/chunks/chittagong/chi_cate_08/sentence_53.wav,কি সময়ে ধান কাটা উচিত?,chittagong,chi_cate_08
sentence_54.wav,dataset/chunks/chittagong/chi_cate_08/sentence_54.wav,পোকামাকড় ধ্বংস করা হয়েছে।,chittagong,chi_cate_08
sentence_55.wav,dataset/chunks/chittagong/chi_cate_08/sentence_55.wav,আমরা ফসল বিক্রি করব।,chittagong,chi_cate_08
sentence_56.wav,dataset/chunks/chittagong/chi_cate_08/sentence_56.wav,গবাদি পশুদের জন্য চিকিৎসা প্রয়োজন।,chittagong,chi_cate_08
sentence_57.wav,dataset/chunks/chittagong/chi_cate_08/sentence_57.wav,মাছের পুকুরে বেশি পানি ঢালুন।,chittagong,chi_cate_08
sentence_58.wav,dataset/chunks/chittagong/chi_cate_08/sentence_58.wav,আমরা কৃষি প্রদর্শনীতে যাব।,chittagong,chi_cate_08
sentence_59.wav,dataset/chunks/chittagong/chi_cate_08/sentence_59.wav,ধানের চারা ভালোভাবে জন্ম নিয়েছে।,chittagong,chi_cate_08
sentence_60.wav,dataset/chunks/chittagong/chi_cate_08/sentence_60.wav,ফসলের জন্য পানি দেওয়া হচ্ছে।,chittagong,chi_cate_08
sentence_61.wav,dataset/chunks/chittagong/chi_cate_08/sentence_61.wav,পোকামাকড়ের আক্রমণ কমে গেছে।,chittagong,chi_cate_08
sentence_62.wav,dataset/chunks/chittagong/chi_cate_08/sentence_62.wav,আমরা নতুন চারা কিনব।,chittagong,chi_cate_08
sentence_63.wav,dataset/chunks/chittagong/chi_cate_08/sentence_63.wav,কি মাছের খাদ্য ভালো ফলন দিচ্ছে?,chittagong,chi_cate_08
sentence_64.wav,dataset/chunks/chittagong/chi_cate_08/sentence_64.wav,জমি খুব উর্বর।,chittagong,chi_cate_08
sentence_65.wav,dataset/chunks/chittagong/chi_cate_08/sentence_65.wav,পুকুরের পানি পরিষ্কার রাখা হয়েছে।,chittagong,chi_cate_08
sentence_66.wav,dataset/chunks/chittagong/chi_cate_08/sentence_66.wav,আমি ধানের ক্ষেতে যাচ্ছি।,chittagong,chi_cate_08
sentence_67.wav,dataset/chunks/chittagong/chi_cate_08/sentence_67.wav,ফসল রক্ষা করতে কৃষক সতর্ক।,chittagong,chi_cate_08
sentence_68.wav,dataset/chunks/chittagong/chi_cate_08/sentence_68.wav,আমরা গবাদি পশু বিক্রির পরিকল্পনা করেছি।,chittagong,chi_cate_08
sentence_69.wav,dataset/chunks/chittagong/chi_cate_08/sentence_69.wav,ধানের ক্ষেতে জৈব সার প্রয়োগ করা হয়েছে।,chittagong,chi_cate_08
sentence_70.wav,dataset/chunks/chittagong/chi_cate_08/sentence_70.wav,আমাদের পুকুরে নতুন মাছ এসেছে।,chittagong,chi_cate_08
sentence_01.wav,dataset/chunks/chittagong/chi_cate_09/sentence_01.wav,আজ খুব গরম।,chittagong,chi_cate_09
sentence_02.wav,dataset/chunks/chittagong/chi_cate_09/sentence_02.wav,কাল বৃষ্টি হবে কি?,chittagong,chi_cate_09
sentence_03.wav,dataset/chunks/chittagong/chi_cate_09/sentence_03.wav,বাতাস কেমন চলছে?,chittagong,chi_cate_09
sentence_04.wav,dataset/chunks/chittagong/chi_cate_09/sentence_04.wav,আজ সূর্য ভালোভাবে উঠেছে।,chittagong,chi_cate_09
sentence_05.wav,dataset/chunks/chittagong/chi_cate_09/sentence_05.wav,তাপমাত্রা কত?,chittagong,chi_cate_09
sentence_06.wav,dataset/chunks/chittagong/chi_cate_09/sentence_06.wav,আজ মেঘলা দিন।,chittagong,chi_cate_09
sentence_07.wav,dataset/chunks/chittagong/chi_cate_09/sentence_07.wav,বাতাস খুব ঠান্ডা।,chittagong,chi_cate_09
sentence_08.wav,dataset/chunks/chittagong/chi_cate_09/sentence_08.wav,আজ দিনের আলো সুন্দর।,chittagong,chi_cate_09
sentence_09.wav,dataset/chunks/chittagong/chi_cate_09/sentence_09.wav,ঝড় আসছে কি?,chittagong,chi_cate_09
sentence_10.wav,dataset/chunks/chittagong/chi_cate_09/sentence_10.wav,আজ রাত খুব ঠান্ডা।,chittagong,chi_cate_09
sentence_11.wav,dataset/chunks/chittagong/chi_cate_09/sentence_11.wav,আকাশ পরিষ্কার।,chittagong,chi_cate_09
sentence_12.wav,dataset/chunks/chittagong/chi_cate_09/sentence_12.wav,বৃষ্টি শুরু হয়েছে।,chittagong,chi_cate_09
sentence_13.wav,dataset/chunks/chittagong/chi_cate_09/sentence_13.wav,তাপমাত্রা বেশি হলে গরম লাগবে।,chittagong,chi_cate_09
sentence_14.wav,dataset/chunks/chittagong/chi_cate_09/sentence_14.wav,ধুলোবালি কেটে গেছে।,chittagong,chi_cate_09
sentence_15.wav,dataset/chunks/chittagong/chi_cate_09/sentence_15.wav,জলবায়ু পরিবর্তন হচ্ছে।,chittagong,chi_cate_09
sentence_16.wav,dataset/chunks/chittagong/chi_cate_09/sentence_16.wav,আজ সূর্য ঝলমল করছে।,chittagong,chi_cate_09
sentence_17.wav,dataset/chunks/chittagong/chi_cate_09/sentence_17.wav,বাতাস কি বেশি তীব্র?,chittagong,chi_cate_09
sentence_18.wav,dataset/chunks/chittagong/chi_cate_09/sentence_18.wav,আজ দিনের তাপমাত্রা ৩৫°সেলসিয়াস।,chittagong,chi_cate_09
sentence_19.wav,dataset/chunks/chittagong/chi_cate_09/sentence_19.wav,আকাশে সবুজ মেঘ।,chittagong,chi_cate_09
sentence_20.wav,dataset/chunks/chittagong/chi_cate_09/sentence_20.wav,বৃষ্টির পর মাটি ভিজে গেছে।,chittagong,chi_cate_09
sentence_21.wav,dataset/chunks/chittagong/chi_cate_09/sentence_21.wav,আজ খুব আর্দ্রতা আছে।,chittagong,chi_cate_09
sentence_22.wav,dataset/chunks/chittagong/chi_cate_09/sentence_22.wav,কি ধরনের আবহাওয়া আপনার পছন্দ?,chittagong,chi_cate_09
sentence_23.wav,dataset/chunks/chittagong/chi_cate_09/sentence_23.wav,সূর্যাস্ত খুব সুন্দর হয়েছে।,chittagong,chi_cate_09
sentence_24.wav,dataset/chunks/chittagong/chi_cate_09/sentence_24.wav,আগামীকাল খুব ঠান্ডা হবে।,chittagong,chi_cate_09
sentence_25.wav,dataset/chunks/chittagong/chi_cate_09/sentence_25.wav,ঝড়ের পূর্বাভাস আছে।,chittagong,chi_cate_09
sentence_26.wav,dataset/chunks/chittagong/chi_cate_09/sentence_26.wav,বাতাসের দিক পরিবর্তিত হয়েছে।,chittagong,chi_cate_09
sentence_27.wav,dataset/chunks/chittagong/chi_cate_09/sentence_27.wav,আকাশে সূর্যোদয় দেখা যাচ্ছে।,chittagong,chi_cate_09
sentence_28.wav,dataset/chunks/chittagong/chi_cate_09/sentence_28.wav,আজ রাতের আকাশে তারা দেখা যাচ্ছে।,chittagong,chi_cate_09
sentence_29.wav,dataset/chunks/chittagong/chi_cate_09/sentence_29.wav,বাতাসে তীব্রতা আছে কি?,chittagong,chi_cate_09
sentence_30.wav,dataset/chunks/chittagong/chi_cate_09/sentence_30.wav,গ্রীষ্মকাল খুব গরম।,chittagong,chi_cate_09
sentence_31.wav,dataset/chunks/chittagong/chi_cate_09/sentence_31.wav,শীতকাল খুব ঠান্ডা।,chittagong,chi_cate_09
sentence_32.wav,dataset/chunks/chittagong/chi_cate_09/sentence_32.wav,আজকের আর্দ্রতা কেমন?,chittagong,chi_cate_09
sentence_33.wav,dataset/chunks/chittagong/chi_cate_09/sentence_33.wav,মেঘ কেটে গেছে।,chittagong,chi_cate_09
sentence_34.wav,dataset/chunks/chittagong/chi_cate_09/sentence_34.wav,ঝড়ের সময় বাইরে যাবেন না।,chittagong,chi_cate_09
sentence_35.wav,dataset/chunks/chittagong/chi_cate_09/sentence_35.wav,আজকের আকাশ নীল।,chittagong,chi_cate_09
sentence_36.wav,dataset/chunks/chittagong/chi_cate_09/sentence_36.wav,বাতাসে ধুলো আছে।,chittagong,chi_cate_09
sentence_37.wav,dataset/chunks/chittagong/chi_cate_09/sentence_37.wav,বৃষ্টির পর সবুজ গাছ আরও সুন্দর।,chittagong,chi_cate_09
sentence_38.wav,dataset/chunks/chittagong/chi_cate_09/sentence_38.wav,আজ খুব ধোঁয়া আছে।,chittagong,chi_cate_09
sentence_39.wav,dataset/chunks/chittagong/chi_cate_09/sentence_39.wav,আগামীকাল বৃষ্টি হবে কি?,chittagong,chi_cate_09
sentence_40.wav,dataset/chunks/chittagong/chi_cate_09/sentence_40.wav,আজ দুপুরে তাপমাত্রা কম।,chittagong,chi_cate_09
sentence_41.wav,dataset/chunks/chittagong/chi_cate_09/sentence_41.wav,সূর্য আকাশে উজ্জ্বল।,chittagong,chi_cate_09
sentence_42.wav,dataset/chunks/chittagong/chi_cate_09/sentence_42.wav,আজ বাতাস একটু ঠান্ডা।,chittagong,chi_cate_09
sentence_43.wav,dataset/chunks/chittagong/chi_cate_09/sentence_43.wav,ঝড়ের সময় কি precautions নিতে হবে?,chittagong,chi_cate_09
sentence_44.wav,dataset/chunks/chittagong/chi_cate_09/sentence_44.wav,আজকের আবহাওয়া স্বাভাবিক।,chittagong,chi_cate_09
sentence_45.wav,dataset/chunks/chittagong/chi_cate_09/sentence_45.wav,বৃষ্টি হলে রাস্তা ভিজে যাবে।,chittagong,chi_cate_09
sentence_46.wav,dataset/chunks/chittagong/chi_cate_09/sentence_46.wav,হাওয়া খুব নরম।,chittagong,chi_cate_09
sentence_47.wav,dataset/chunks/chittagong/chi_cate_09/sentence_47.wav,আজ সূর্য উঠার সময় দেরি হয়েছে।,chittagong,chi_cate_09
sentence_48.wav,dataset/chunks/chittagong/chi_cate_09/sentence_48.wav,আবহাওয়া রিপোর্ট কি হয়েছে?,chittagong,chi_cate_09
sentence_49.wav,dataset/chunks/chittagong/chi_cate_09/sentence_49.wav,আজকের তাপমাত্রা বেশী।,chittagong,chi_cate_09
sentence_50.wav,dataset/chunks/chittagong/chi_cate_09/sentence_50.wav,রাতে খুব ঠান্ডা হবে।,chittagong,chi_cate_09
sentence_51.wav,dataset/chunks/chittagong/chi_cate_09/sentence_51.wav,গ্রীষ্মের দিন দীর্ঘ।,chittagong,chi_cate_09
sentence_52.wav,dataset/chunks/chittagong/chi_cate_09/sentence_52.wav,শীতের রাত ছোট।,chittagong,chi_cate_09
sentence_53.wav,dataset/chunks/chittagong/chi_cate_09/sentence_53.wav,ঝড়ের কারণে বিদ্যুৎ চলে গেছে।,chittagong,chi_cate_09
sentence_54.wav,dataset/chunks/chittagong/chi_cate_09/sentence_54.wav,মেঘলা দিনে ছবি তোলা ভালো।,chittagong,chi_cate_09
sentence_55.wav,dataset/chunks/chittagong/chi_cate_09/sentence_55.wav,বাতাসে আর্দ্রতা বেশি।,chittagong,chi_cate_09
sentence_56.wav,dataset/chunks/chittagong/chi_cate_09/sentence_56.wav,কি ধরনের বাতাস চলছে?,chittagong,chi_cate_09
sentence_57.wav,dataset/chunks/chittagong/chi_cate_09/sentence_57.wav,আজ রাতের আকাশ পরিষ্কার।,chittagong,chi_cate_09
sentence_58.wav,dataset/chunks/chittagong/chi_cate_09/sentence_58.wav,বৃষ্টিপাত কম।,chittagong,chi_cate_09
sentence_59.wav,dataset/chunks/chittagong/chi_cate_09/sentence_59.wav,আগামীকাল তাপমাত্রা বাড়বে।,chittagong,chi_cate_09
sentence_60.wav,dataset/chunks/chittagong/chi_cate_09/sentence_60.wav,ঝড়ের সময় সড়ক নিরাপদ নয়।,chittagong,chi_cate_09
sentence_61.wav,dataset/chunks/chittagong/chi_cate_09/sentence_61.wav,আজ হালকা বৃষ্টি হচ্ছে।,chittagong,chi_cate_09
sentence_62.wav,dataset/chunks/chittagong/chi_cate_09/sentence_62.wav,বাতাসের তীব্রতা কমেছে।,chittagong,chi_cate_09
sentence_63.wav,dataset/chunks/chittagong/chi_cate_09/sentence_63.wav,আজকের সূর্যাস্ত সুন্দর।,chittagong,chi_cate_09
sentence_64.wav,dataset/chunks/chittagong/chi_cate_09/sentence_64.wav,কি সময়ে বৃষ্টি হবে?,chittagong,chi_cate_09
sentence_65.wav,dataset/chunks/chittagong/chi_cate_09/sentence_65.wav,আকাশে মেঘ অনেক।,chittagong,chi_cate_09
sentence_66.wav,dataset/chunks/chittagong/chi_cate_09/sentence_66.wav,আজ খুব শীতল দিন।,chittagong,chi_cate_09
sentence_67.wav,dataset/chunks/chittagong/chi_cate_09/sentence_67.wav,বাতাসের দিক পূর্ব।,chittagong,chi_cate_09
sentence_68.wav,dataset/chunks/chittagong/chi_cate_09/sentence_68.wav,হঠাৎ ঝড় এসেছে।,chittagong,chi_cate_09
sentence_69.wav,dataset/chunks/chittagong/chi_cate_09/sentence_69.wav,আজ খুব রৌদ্রজ্জ্বল।,chittagong,chi_cate_09
sentence_70.wav,dataset/chunks/chittagong/chi_cate_09/sentence_70.wav,আগামীকাল হালকা বাতাস থাকবে।,chittagong,chi_cate_09
sentence_01.wav,dataset/chunks/chittagong/chi_cate_10/sentence_01.wav,আপনি কিভাবে পহেলা বৈশাখ উদযাপন করেন?,chittagong,chi_cate_10
sentence_02.wav,dataset/chunks/chittagong/chi_cate_10/sentence_02.wav,আমি পহেলা বৈশাখে নতুন জামা পরি।,chittagong,chi_cate_10
sentence_03.wav,dataset/chunks/chittagong/chi_cate_10/sentence_03.wav,আমাদের গ্রামে ঈদ খুব বড় উৎসব।,chittagong,chi_cate_10
sentence_04.wav,dataset/chunks/chittagong/chi_cate_10/sentence_04.wav,আপনি পূজা কিভাবে পালন করেন?,chittagong,chi_cate_10
sentence_05.wav,dataset/chunks/chittagong/chi_cate_10/sentence_05.wav,আমরা দুর্গাপূজা দেখতে যাই।,chittagong,chi_cate_10
sentence_06.wav,dataset/chunks/chittagong/chi_cate_10/sentence_06.wav,আমার পরিবার নববর্ষ উদযাপন করে।,chittagong,chi_cate_10
sentence_07.wav,dataset/chunks/chittagong/chi_cate_10/sentence_07.wav,কি ধরনের খাবার উৎসবে থাকে?,chittagong,chi_cate_10
sentence_08.wav,dataset/chunks/chittagong/chi_cate_10/sentence_08.wav,আমরা ঈদের দিনে গিয়ে কার্ড দিই।,chittagong,chi_cate_10
sentence_09.wav,dataset/chunks/chittagong/chi_cate_10/sentence_09.wav,পহেলা বৈশাখে আমরা বাজারে যাই।,chittagong,chi_cate_10
sentence_10.wav,dataset/chunks/chittagong/chi_cate_10/sentence_10.wav,আমরা পহেলা বৈশাখে রঙিন পোশাক পরি।,chittagong,chi_cate_10
sentence_11.wav,dataset/chunks/chittagong/chi_cate_10/sentence_11.wav,হোলি আমাদের বন্ধুদের সঙ্গে খেলা হয়।,chittagong,chi_cate_10
sentence_12.wav,dataset/chunks/chittagong/chi_cate_10/sentence_12.wav,উৎসবে কি ধরনের গান বাজে?,chittagong,chi_cate_10
sentence_13.wav,dataset/chunks/chittagong/chi_cate_10/sentence_13.wav,আমরা লালবসন্ত উৎসব পালন করি।,chittagong,chi_cate_10
sentence_14.wav,dataset/chunks/chittagong/chi_cate_10/sentence_14.wav,আমাদের গ্রামে বর্ষবরণ খুব উৎসবমুখর।,chittagong,chi_cate_10
sentence_15.wav,dataset/chunks/chittagong/chi_cate_10/sentence_15.wav,পহেলা বৈশাখে নতুন বছরের জন্য শুভেচ্ছা বিনিময় করি।,chittagong,chi_cate_10
sentence_16.wav,dataset/chunks/chittagong/chi_cate_10/sentence_16.wav,আমরা ঈদে পরিবারের সঙ্গে ভ্রমণ করি।,chittagong,chi_cate_10
sentence_17.wav,dataset/chunks/chittagong/chi_cate_10/sentence_17.wav,দুর্গাপূজায় মন্দিরে ফুল সাজানো হয়।,chittagong,chi_cate_10
sentence_18.wav,dataset/chunks/chittagong/chi_cate_10/sentence_18.wav,কি ধরনের পোশাক উৎসবে পরা হয়?,chittagong,chi_cate_10
sentence_19.wav,dataset/chunks/chittagong/chi_cate_10/sentence_19.wav,নববর্ষে আমরা মিষ্টি খাই।,chittagong,chi_cate_10
sentence_20.wav,dataset/chunks/chittagong/chi_cate_10/sentence_20.wav,আমরা ঈদের সকালে নতুন জামা পরি।,chittagong,chi_cate_10
sentence_21.wav,dataset/chunks/chittagong/chi_cate_10/sentence_21.wav,পূজার সময় মন্দিরে ভিড় থাকে।,chittagong,chi_cate_10
sentence_22.wav,dataset/chunks/chittagong/chi_cate_10/sentence_22.wav,পহেলা বৈশাখে আমরা পার্কে যাই।,chittagong,chi_cate_10
sentence_23.wav,dataset/chunks/chittagong/chi_cate_10/sentence_23.wav,হোলিতে রঙ ব্যবহার করা হয়।,chittagong,chi_cate_10
sentence_24.wav,dataset/chunks/chittagong/chi_cate_10/sentence_24.wav,আমরা ভোরে পূজার অর্ঘ্য দিই।,chittagong,chi_cate_10
sentence_25.wav,dataset/chunks/chittagong/chi_cate_10/sentence_25.wav,ঈদে আমরা একে অপরকে শুভেচ্ছা জানাই।,chittagong,chi_cate_10
sentence_26.wav,dataset/chunks/chittagong/chi_cate_10/sentence_26.wav,উৎসবের জন্য নতুন সাজসজ্জা করা হয়েছে।,chittagong,chi_cate_10
sentence_27.wav,dataset/chunks/chittagong/chi_cate_10/sentence_27.wav,আমরা নববর্ষে গান গাই।,chittagong,chi_cate_10
sentence_28.wav,dataset/chunks/chittagong/chi_cate_10/sentence_28.wav,দুর্গাপূজায় কুমারী পূজা হয়।,chittagong,chi_cate_10
sentence_29.wav,dataset/chunks/chittagong/chi_cate_10/sentence_29.wav,কি ধরনের খেলাধুলা উৎসবে হয়?,chittagong,chi_cate_10
sentence_30.wav,dataset/chunks/chittagong/chi_cate_10/sentence_30.wav,আমরা হোলিতে একে অপরকে রঙ দিই।,chittagong,chi_cate_10
sentence_31.wav,dataset/chunks/chittagong/chi_cate_10/sentence_31.wav,উৎসবে আমরা নাচ গান করি।,chittagong,chi_cate_10
sentence_32.wav,dataset/chunks/chittagong/chi_cate_10/sentence_32.wav,ঈদের দিনে বাজারে ভিড় হয়।,chittagong,chi_cate_10
sentence_33.wav,dataset/chunks/chittagong/chi_cate_10/sentence_33.wav,পহেলা বৈশাখে আমরা মেলা দেখতে যাই।,chittagong,chi_cate_10
sentence_34.wav,dataset/chunks/chittagong/chi_cate_10/sentence_34.wav,নববর্ষে আমরা নতুন পরিকল্পনা করি।,chittagong,chi_cate_10
sentence_35.wav,dataset/chunks/chittagong/chi_cate_10/sentence_35.wav,দুর্গাপূজায় মন্দিরে আলোকসজ্জা করা হয়।,chittagong,chi_cate_10
sentence_36.wav,dataset/chunks/chittagong/chi_cate_10/sentence_36.wav,হোলিতে আমরা বন্ধুদের সঙ্গে মজা করি।,chittagong,chi_cate_10
sentence_37.wav,dataset/chunks/chittagong/chi_cate_10/sentence_37.wav,কি ধরনের খাবার পূজায় পরিবেশিত হয়?,chittagong,chi_cate_10
sentence_38.wav,dataset/chunks/chittagong/chi_cate_10/sentence_38.wav,আমরা নববর্ষে পরিবারকে উপহার দেই।,chittagong,chi_cate_10
sentence_39.wav,dataset/chunks/chittagong/chi_cate_10/sentence_39.wav,ঈদের সকালে আমরা মসজিদে যাই।,chittagong,chi_cate_10
sentence_40.wav,dataset/chunks/chittagong/chi_cate_10/sentence_40.wav,উৎসবে আমরা traditional পোশাক পরি।,chittagong,chi_cate_10
sentence_41.wav,dataset/chunks/chittagong/chi_cate_10/sentence_41.wav,পহেলা বৈশাখে আমরা রঙিন মিছিল করি।,chittagong,chi_cate_10
sentence_42.wav,dataset/chunks/chittagong/chi_cate_10/sentence_42.wav,হোলিতে আমরা বিভিন্ন রঙের জল ব্যবহার করি।,chittagong,chi_cate_10
sentence_43.wav,dataset/chunks/chittagong/chi_cate_10/sentence_43.wav,নববর্ষের অনুষ্ঠানে গান বাজানো হয়।,chittagong,chi_cate_10
sentence_44.wav,dataset/chunks/chittagong/chi_cate_10/sentence_44.wav,আমরা ঈদের দিনে প্রিয়জনের সঙ্গে খাবার খাই।,chittagong,chi_cate_10
sentence_45.wav,dataset/chunks/chittagong/chi_cate_10/sentence_45.wav,দুর্গাপূজায় প্রতিমা সাজানো হয়।,chittagong,chi_cate_10
sentence_46.wav,dataset/chunks/chittagong/chi_cate_10/sentence_46.wav,উৎসবে আমরা সবাই একসাথে আনন্দ করি।,chittagong,chi_cate_10
sentence_47.wav,dataset/chunks/chittagong/chi_cate_10/sentence_47.wav,পহেলা বৈশাখে নতুন বছরের শুরু হয়।,chittagong,chi_cate_10
sentence_48.wav,dataset/chunks/chittagong/chi_cate_10/sentence_48.wav,নববর্ষে আমরা খোলা আকাশের নিচে অনুষ্ঠান করি।,chittagong,chi_cate_10
sentence_49.wav,dataset/chunks/chittagong/chi_cate_10/sentence_49.wav,ঈদে আমরা একে অপরকে উপহার দেই।,chittagong,chi_cate_10
sentence_50.wav,dataset/chunks/chittagong/chi_cate_10/sentence_50.wav,হোলিতে শিশুদের আনন্দ বেশি।,chittagong,chi_cate_10
sentence_51.wav,dataset/chunks/chittagong/chi_cate_10/sentence_51.wav,আমরা পহেলা বৈশাখে রঙিন পুতুল তৈরি করি।,chittagong,chi_cate_10
sentence_52.wav,dataset/chunks/chittagong/chi_cate_10/sentence_52.wav,দুর্গাপূজায় মন্দিরে ভক্তদের ভিড় থাকে।,chittagong,chi_cate_10
sentence_53.wav,dataset/chunks/chittagong/chi_cate_10/sentence_53.wav,নববর্ষের দিনে আমরা traditional খাবার খাই।,chittagong,chi_cate_10
sentence_54.wav,dataset/chunks/chittagong/chi_cate_10/sentence_54.wav,হোলিতে আমরা গান বাজাই।,chittagong,chi_cate_10
sentence_55.wav,dataset/chunks/chittagong/chi_cate_10/sentence_55.wav,ঈদে আমরা পরিবারের সঙ্গে আনন্দ করি।,chittagong,chi_cate_10
sentence_56.wav,dataset/chunks/chittagong/chi_cate_10/sentence_56.wav,পহেলা বৈশাখে আমরা বাজার থেকে খাবার কিনি।,chittagong,chi_cate_10
sentence_57.wav,dataset/chunks/chittagong/chi_cate_10/sentence_57.wav,নববর্ষে আমরা cultural অনুষ্ঠানে অংশ নিই।,chittagong,chi_cate_10
sentence_58.wav,dataset/chunks/chittagong/chi_cate_10/sentence_58.wav,দুর্গাপূজায় আমরা মেলা দেখি।,chittagong,chi_cate_10
sentence_59.wav,dataset/chunks/chittagong/chi_cate_10/sentence_59.wav,হোলিতে আমরা একে অপরকে মিষ্টি দিই।,chittagong,chi_cate_10
sentence_60.wav,dataset/chunks/chittagong/chi_cate_10/sentence_60.wav,আমরা পহেলা বৈশাখে traditional নাচ করি।,chittagong,chi_cate_10
sentence_61.wav,dataset/chunks/chittagong/chi_cate_10/sentence_61.wav,নববর্ষে আমরা নতুন বছরের জন্য প্রার্থনা করি।,chittagong,chi_cate_10
sentence_62.wav,dataset/chunks/chittagong/chi_cate_10/sentence_62.wav,ঈদের সকালে আমরা মসজিদে যাওয়া শুরু করি।,chittagong,chi_cate_10
sentence_63.wav,dataset/chunks/chittagong/chi_cate_10/sentence_63.wav,হোলিতে আমরা বন্ধুদের সঙ্গে আনন্দ করি।,chittagong,chi_cate_10
sentence_64.wav,dataset/chunks/chittagong/chi_cate_10/sentence_64.wav,পহেলা বৈশাখে আমাদের গ্রামে মেলা হয়।,chittagong,chi_cate_10
sentence_65.wav,dataset/chunks/chittagong/chi_cate_10/sentence_65.wav,নববর্ষের অনুষ্ঠান সকাল থেকে শুরু হয়।,chittagong,chi_cate_10
sentence_66.wav,dataset/chunks/chittagong/chi_cate_10/sentence_66.wav,দুর্গাপূজায় শিশুদের জন্য খেলা হয়।,chittagong,chi_cate_10
sentence_67.wav,dataset/chunks/chittagong/chi_cate_10/sentence_67.wav,হোলিতে আমরা রঙিন পাউডার ব্যবহার করি।,chittagong,chi_cate_10
sentence_68.wav,dataset/chunks/chittagong/chi_cate_10/sentence_68.wav,ঈদে আমরা গ্রামের বাড়িতে যাই।,chittagong,chi_cate_10
sentence_69.wav,dataset/chunks/chittagong/chi_cate_10/sentence_69.wav,পহেলা বৈশাখে আমরা নতুন বছরের জন্য সুইট খাই।,chittagong,chi_cate_10
sentence_70.wav,dataset/chunks/chittagong/chi_cate_10/sentence_70.wav,নববর্ষে আমরা সকলের সঙ্গে আনন্দ ভাগ করি।,chittagong,chi_cate_10
sentence_01.wav,dataset/chunks/chittagong/chi_cate_11/sentence_01.wav,আপনার পরীক্ষা কবে?,chittagong,chi_cate_11
sentence_02.wav,dataset/chunks/chittagong/chi_cate_11/sentence_02.wav,আমি সকাল ৯টায় স্কুলে যাই।,chittagong,chi_cate_11
sentence_03.wav,dataset/chunks/chittagong/chi_cate_11/sentence_03.wav,আজ কোন বিষয়ের ক্লাস আছে?,chittagong,chi_cate_11
sentence_04.wav,dataset/chunks/chittagong/chi_cate_11/sentence_04.wav,আমি গণিত পড়াশোনা করছি।,chittagong,chi_cate_11
sentence_05.wav,dataset/chunks/chittagong/chi_cate_11/sentence_05.wav,আপনার শিক্ষক কে?,chittagong,chi_cate_11
sentence_06.wav,dataset/chunks/chittagong/chi_cate_11/sentence_06.wav,আমার ক্লাস খুব ছোট।,chittagong,chi_cate_11
sentence_07.wav,dataset/chunks/chittagong/chi_cate_11/sentence_07.wav,পরীক্ষা কঠিন হবে কি?,chittagong,chi_cate_11
sentence_08.wav,dataset/chunks/chittagong/chi_cate_11/sentence_08.wav,আমি আজ বাংলা পরীক্ষা দিচ্ছি।,chittagong,chi_cate_11
sentence_09.wav,dataset/chunks/chittagong/chi_cate_11/sentence_09.wav,আপনি কোন কলেজে পড়েন?,chittagong,chi_cate_11
sentence_10.wav,dataset/chunks/chittagong/chi_cate_11/sentence_10.wav,আমার বন্ধু বিজ্ঞান পড়ে।,chittagong,chi_cate_11
sentence_11.wav,dataset/chunks/chittagong/chi_cate_11/sentence_11.wav,আমরা স্কুলে প্রতিদিন ৬ ঘণ্টা পড়ি।,chittagong,chi_cate_11
sentence_12.wav,dataset/chunks/chittagong/chi_cate_11/sentence_12.wav,আপনার হোমওয়ার্ক শেষ হয়েছে কি?,chittagong,chi_cate_11
sentence_13.wav,dataset/chunks/chittagong/chi_cate_11/sentence_13.wav,আমি ইতিহাস পড়তে ভালোবাসি।,chittagong,chi_cate_11
sentence_14.wav,dataset/chunks/chittagong/chi_cate_11/sentence_14.wav,আপনার শিক্ষক ক্লাসে কঠোর কি?,chittagong,chi_cate_11
sentence_15.wav,dataset/chunks/chittagong/chi_cate_11/sentence_15.wav,আমরা লাইব্রেরিতে বই পড়ি।,chittagong,chi_cate_11
sentence_16.wav,dataset/chunks/chittagong/chi_cate_11/sentence_16.wav,পরীক্ষা কত নম্বরের?,chittagong,chi_cate_11
sentence_17.wav,dataset/chunks/chittagong/chi_cate_11/sentence_17.wav,আমার সহপাঠী খুব স্মার্ট।,chittagong,chi_cate_11
sentence_18.wav,dataset/chunks/chittagong/chi_cate_11/sentence_18.wav,আপনি কোন বিষয়ে দুর্বল?,chittagong,chi_cate_11
sentence_19.wav,dataset/chunks/chittagong/chi_cate_11/sentence_19.wav,আমি প্রতিদিন ইংরেজি অনুশীলন করি।,chittagong,chi_cate_11
sentence_20.wav,dataset/chunks/chittagong/chi_cate_11/sentence_20.wav,শিক্ষক আজ নতুন পাঠ শেখালেন।,chittagong,chi_cate_11
sentence_21.wav,dataset/chunks/chittagong/chi_cate_11/sentence_21.wav,আপনার ক্লাসের সময়সূচি কি?,chittagong,chi_cate_11
sentence_22.wav,dataset/chunks/chittagong/chi_cate_11/sentence_22.wav,আমি পরীক্ষার জন্য প্রস্তুতি নিচ্ছি।,chittagong,chi_cate_11
sentence_23.wav,dataset/chunks/chittagong/chi_cate_11/sentence_23.wav,আমরা বিজ্ঞান ল্যাবে পরীক্ষা করি।,chittagong,chi_cate_11
sentence_24.wav,dataset/chunks/chittagong/chi_cate_11/sentence_24.wav,আপনার স্কুলের নাম কি?,chittagong,chi_cate_11
sentence_25.wav,dataset/chunks/chittagong/chi_cate_11/sentence_25.wav,আমার প্রিয় শিক্ষক খুব সহায়ক।,chittagong,chi_cate_11
sentence_26.wav,dataset/chunks/chittagong/chi_cate_11/sentence_26.wav,আমরা গ্রুপ স্টাডি করি।,chittagong,chi_cate_11
sentence_27.wav,dataset/chunks/chittagong/chi_cate_11/sentence_27.wav,আপনি কোন বিষয়ে ভালো?,chittagong,chi_cate_11
sentence_28.wav,dataset/chunks/chittagong/chi_cate_11/sentence_28.wav,আমি নতুন বিষয় শিখতে ভালোবাসি।,chittagong,chi_cate_11
sentence_29.wav,dataset/chunks/chittagong/chi_cate_11/sentence_29.wav,পরীক্ষা শেষ হলে আমরা ছুটি পাই।,chittagong,chi_cate_11
sentence_30.wav,dataset/chunks/chittagong/chi_cate_11/sentence_30.wav,আমার স্কুলে বড় লাইব্রেরি আছে।,chittagong,chi_cate_11
sentence_31.wav,dataset/chunks/chittagong/chi_cate_11/sentence_31.wav,আপনার ক্লাসের সংখ্যা কত?,chittagong,chi_cate_11
sentence_32.wav,dataset/chunks/chittagong/chi_cate_11/sentence_32.wav,আমি প্রতিদিন সকালে পড়াশোনা করি।,chittagong,chi_cate_11
sentence_33.wav,dataset/chunks/chittagong/chi_cate_11/sentence_33.wav,শিক্ষক আজ গণিতের সমস্যা দেখালেন।,chittagong,chi_cate_11
sentence_34.wav,dataset/chunks/chittagong/chi_cate_11/sentence_34.wav,আপনার সহপাঠী কি সাহায্য করছে?,chittagong,chi_cate_11
sentence_35.wav,dataset/chunks/chittagong/chi_cate_11/sentence_35.wav,আমি পরীক্ষার জন্য নোট তৈরি করছি।,chittagong,chi_cate_11
sentence_36.wav,dataset/chunks/chittagong/chi_cate_11/sentence_36.wav,আমরা স্কুলে বিভিন্ন কার্যক্রম করি।,chittagong,chi_cate_11
sentence_37.wav,dataset/chunks/chittagong/chi_cate_11/sentence_37.wav,আপনার শিক্ষক কি ভালো ব্যাখ্যা করেন?,chittagong,chi_cate_11
sentence_38.wav,dataset/chunks/chittagong/chi_cate_11/sentence_38.wav,আমি ইংরেজি বলার অনুশীলন করি।,chittagong,chi_cate_11
sentence_39.wav,dataset/chunks/chittagong/chi_cate_11/sentence_39.wav,আজ ক্লাসে প্র্যাকটিক্যাল হয়েছে।,chittagong,chi_cate_11
sentence_40.wav,dataset/chunks/chittagong/chi_cate_11/sentence_40.wav,আপনার হোমওয়ার্ক কত পৃষ্ঠা?,chittagong,chi_cate_11
sentence_41.wav,dataset/chunks/chittagong/chi_cate_11/sentence_41.wav,আমি পরীক্ষার জন্য প্রশ্ন সমাধান করছি।,chittagong,chi_cate_11
sentence_42.wav,dataset/chunks/chittagong/chi_cate_11/sentence_42.wav,আমরা স্কুলে বার্ষিক ক্রীড়া প্রতিযোগিতা করি।,chittagong,chi_cate_11
sentence_43.wav,dataset/chunks/chittagong/chi_cate_11/sentence_43.wav,আপনার শিক্ষক কি কখনও দেরি করেন?,chittagong,chi_cate_11
sentence_44.wav,dataset/chunks/chittagong/chi_cate_11/sentence_44.wav,আমি নতুন বই কিনেছি।,chittagong,chi_cate_11
sentence_45.wav,dataset/chunks/chittagong/chi_cate_11/sentence_45.wav,ক্লাসে সবাই খুব মনোযোগী।,chittagong,chi_cate_11
sentence_46.wav,dataset/chunks/chittagong/chi_cate_11/sentence_46.wav,আপনার স্কুলের সময়সূচি কি?,chittagong,chi_cate_11
sentence_47.wav,dataset/chunks/chittagong/chi_cate_11/sentence_47.wav,আমরা পরীক্ষার জন্য গ্রুপ স্টাডি করি।,chittagong,chi_cate_11
sentence_48.wav,dataset/chunks/chittagong/chi_cate_11/sentence_48.wav,শিক্ষক আজ বিজ্ঞান পাঠ করলেন।,chittagong,chi_cate_11
sentence_49.wav,dataset/chunks/chittagong/chi_cate_11/sentence_49.wav,আপনার প্রিয় বিষয় কোনটি?,chittagong,chi_cate_11
sentence_50.wav,dataset/chunks/chittagong/chi_cate_11/sentence_50.wav,আমি প্রতিদিন রাতে পড়াশোনা করি।,chittagong,chi_cate_11
sentence_51.wav,dataset/chunks/chittagong/chi_cate_11/sentence_51.wav,আমরা লাইব্রেরিতে নতুন বই দেখেছি।,chittagong,chi_cate_11
sentence_52.wav,dataset/chunks/chittagong/chi_cate_11/sentence_52.wav,শিক্ষক আজ পরীক্ষা নেওয়ার পরিকল্পনা করেছেন।,chittagong,chi_cate_11
sentence_53.wav,dataset/chunks/chittagong/chi_cate_11/sentence_53.wav,আপনার স্কুলের ছুটি কখন?,chittagong,chi_cate_11
sentence_54.wav,dataset/chunks/chittagong/chi_cate_11/sentence_54.wav,আমি পরীক্ষার জন্য নোটগুলি পুনরায় পড়ছি।,chittagong,chi_cate_11
sentence_55.wav,dataset/chunks/chittagong/chi_cate_11/sentence_55.wav,আমরা ক্লাসে project কাজ করছি।,chittagong,chi_cate_11
sentence_56.wav,dataset/chunks/chittagong/chi_cate_11/sentence_56.wav,আপনার সহপাঠী কি সক্রিয়?,chittagong,chi_cate_11
sentence_57.wav,dataset/chunks/chittagong/chi_cate_11/sentence_57.wav,আমি আজ শিক্ষকের সঙ্গে কথা বলেছি।,chittagong,chi_cate_11
sentence_58.wav,dataset/chunks/chittagong/chi_cate_11/sentence_58.wav,স্কুলে আমরা বিভিন্ন cultural অনুষ্ঠান করি।,chittagong,chi_cate_11
sentence_59.wav,dataset/chunks/chittagong/chi_cate_11/sentence_59.wav,আপনার ক্লাসে কত শিক্ষক আছেন?,chittagong,chi_cate_11
sentence_60.wav,dataset/chunks/chittagong/chi_cate_11/sentence_60.wav,আমি প্রতিদিন নতুন শব্দ শিখি।,chittagong,chi_cate_11
sentence_61.wav,dataset/chunks/chittagong/chi_cate_11/sentence_61.wav,পরীক্ষা শেষ হলে আমরা আনন্দ করি।,chittagong,chi_cate_11
sentence_62.wav,dataset/chunks/chittagong/chi_cate_11/sentence_62.wav,শিক্ষক আজ হোমওয়ার্ক দেখেছেন।,chittagong,chi_cate_11
sentence_63.wav,dataset/chunks/chittagong/chi_cate_11/sentence_63.wav,আপনার স্কুলে কত লাইব্রেরি আছে?,chittagong,chi_cate_11
sentence_64.wav,dataset/chunks/chittagong/chi_cate_11/sentence_64.wav,আমরা প্রতিদিন ক্লাসে active থাকি।,chittagong,chi_cate_11
sentence_65.wav,dataset/chunks/chittagong/chi_cate_11/sentence_65.wav,আমি পরীক্ষার জন্য extra practice করি।,chittagong,chi_cate_11
sentence_66.wav,dataset/chunks/chittagong/chi_cate_11/sentence_66.wav,শিক্ষক নতুন প্রশ্ন দেখিয়েছেন।,chittagong,chi_cate_11
sentence_67.wav,dataset/chunks/chittagong/chi_cate_11/sentence_67.wav,আপনার স্কুলের বার্ষিক পরীক্ষা কখন?,chittagong,chi_cate_11
sentence_68.wav,dataset/chunks/chittagong/chi_cate_11/sentence_68.wav,আমি শিক্ষকের পরামর্শ অনুসরণ করি।,chittagong,chi_cate_11
sentence_69.wav,dataset/chunks/chittagong/chi_cate_11/sentence_69.wav,আমরা প্রতিদিন assignment করি।,chittagong,chi_cate_11
sentence_70.wav,dataset/chunks/chittagong/chi_cate_11/sentence_70.wav,আপনার প্রিয় শিক্ষক কে?,chittagong,chi_cate_11
sentence_01.wav,dataset/chunks/chittagong/chi_cate_13/sentence_01.wav,এই ফোনের দাম কত?,chittagong,chi_cate_13
sentence_02.wav,dataset/chunks/chittagong/chi_cate_13/sentence_02.wav,আমি নতুন ল্যাপটপ কিনতে চাই।,chittagong,chi_cate_13
sentence_03.wav,dataset/chunks/chittagong/chi_cate_13/sentence_03.wav,এই চার্জার কি original?,chittagong,chi_cate_13
sentence_04.wav,dataset/chunks/chittagong/chi_cate_13/sentence_04.wav,SIM কার্ড কীভাবে নিতে হবে?,chittagong,chi_cate_13
sentence_05.wav,dataset/chunks/chittagong/chi_cate_13/sentence_05.wav,এই ফোনের warranty কত দিন?,chittagong,chi_cate_13
sentence_06.wav,dataset/chunks/chittagong/chi_cate_13/sentence_06.wav,আমি একটা হেডফোন চাই।,chittagong,chi_cate_13
sentence_07.wav,dataset/chunks/chittagong/chi_cate_13/sentence_07.wav,এই ফোনে camera ভালো কি?,chittagong,chi_cate_13
sentence_08.wav,dataset/chunks/chittagong/chi_cate_13/sentence_08.wav,আপনার দোকানে laptop আছে কি?,chittagong,chi_cate_13
sentence_09.wav,dataset/chunks/chittagong/chi_cate_13/sentence_09.wav,এই চার্জার কত voltage?,chittagong,chi_cate_13
sentence_10.wav,dataset/chunks/chittagong/chi_cate_13/sentence_10.wav,আমি ফোন comparison করতে চাই।,chittagong,chi_cate_13
sentence_11.wav,dataset/chunks/chittagong/chi_cate_13/sentence_11.wav,এই ফোনের color কোনটি আছে?,chittagong,chi_cate_13
sentence_12.wav,dataset/chunks/chittagong/chi_cate_13/sentence_12.wav,SIM card activate করতে কত সময় লাগে?,chittagong,chi_cate_13
sentence_13.wav,dataset/chunks/chittagong/chi_cate_13/sentence_13.wav,এই ফোনের storage কত GB?,chittagong,chi_cate_13
sentence_14.wav,dataset/chunks/chittagong/chi_cate_13/sentence_14.wav,আমি power bank চাই।,chittagong,chi_cate_13
sentence_15.wav,dataset/chunks/chittagong/chi_cate_13/sentence_15.wav,ফোনে নতুন app install করতে পারি কি?,chittagong,chi_cate_13
sentence_16.wav,dataset/chunks/chittagong/chi_cate_13/sentence_16.wav,এই দোকানে accessories পাওয়া যায়?,chittagong,chi_cate_13
sentence_17.wav,dataset/chunks/chittagong/chi_cate_13/sentence_17.wav,এই laptop lightweight কি?,chittagong,chi_cate_13
sentence_18.wav,dataset/chunks/chittagong/chi_cate_13/sentence_18.wav,ফোনের screen protector বিক্রি হয় কি?,chittagong,chi_cate_13
sentence_19.wav,dataset/chunks/chittagong/chi_cate_13/sentence_19.wav,SIM card recharge করা যায় কি?,chittagong,chi_cate_13
sentence_20.wav,dataset/chunks/chittagong/chi_cate_13/sentence_20.wav,আমি refurbished phone কিনতে চাই না।,chittagong,chi_cate_13
sentence_21.wav,dataset/chunks/chittagong/chi_cate_13/sentence_21.wav,ফোনের battery কতক্ষণ চলে?,chittagong,chi_cate_13
sentence_22.wav,dataset/chunks/chittagong/chi_cate_13/sentence_22.wav,আমি এই smartwatch কিনতে চাই।,chittagong,chi_cate_13
sentence_23.wav,dataset/chunks/chittagong/chi_cate_13/sentence_23.wav,ফোনের brand কোনটি?,chittagong,chi_cate_13
sentence_24.wav,dataset/chunks/chittagong/chi_cate_13/sentence_24.wav,এই charger fast charging support করে কি?,chittagong,chi_cate_13
sentence_25.wav,dataset/chunks/chittagong/chi_cate_13/sentence_25.wav,আমি laptop comparison দেখতে চাই।,chittagong,chi_cate_13
sentence_26.wav,dataset/chunks/chittagong/chi_cate_13/sentence_26.wav,ফোনের memory card slot আছে কি?,chittagong,chi_cate_13
sentence_27.wav,dataset/chunks/chittagong/chi_cate_13/sentence_27.wav,SIM card registration করতে কি লাগবে?,chittagong,chi_cate_13
sentence_28.wav,dataset/chunks/chittagong/chi_cate_13/sentence_28.wav,আমি wireless earphones চাই।,chittagong,chi_cate_13
sentence_29.wav,dataset/chunks/chittagong/chi_cate_13/sentence_29.wav,এই phone case waterproof কি?,chittagong,chi_cate_13
sentence_30.wav,dataset/chunks/chittagong/chi_cate_13/sentence_30.wav,আপনার দোকানে projector আছে কি?,chittagong,chi_cate_13
sentence_31.wav,dataset/chunks/chittagong/chi_cate_13/sentence_31.wav,ফোনের software update হয়েছে কি?,chittagong,chi_cate_13
sentence_32.wav,dataset/chunks/chittagong/chi_cate_13/sentence_32.wav,আমি gaming laptop দেখতে চাই।,chittagong,chi_cate_13
sentence_33.wav,dataset/chunks/chittagong/chi_cate_13/sentence_33.wav,ফোনে dual SIM support আছে কি?,chittagong,chi_cate_13
sentence_34.wav,dataset/chunks/chittagong/chi_cate_13/sentence_34.wav,এই power bank কত mAh?,chittagong,chi_cate_13
sentence_35.wav,dataset/chunks/chittagong/chi_cate_13/sentence_35.wav,আমি Bluetooth speaker কিনতে চাই।,chittagong,chi_cate_13
sentence_36.wav,dataset/chunks/chittagong/chi_cate_13/sentence_36.wav,ফোনের price negotiable কি?,chittagong,chi_cate_13
sentence_37.wav,dataset/chunks/chittagong/chi_cate_13/sentence_37.wav,আমি USB cable চাই।,chittagong,chi_cate_13
sentence_38.wav,dataset/chunks/chittagong/chi_cate_13/sentence_38.wav,এই tablet lightweight কি?,chittagong,chi_cate_13
sentence_39.wav,dataset/chunks/chittagong/chi_cate_13/sentence_39.wav,SIM card portability করতে পারি কি?,chittagong,chi_cate_13
sentence_40.wav,dataset/chunks/chittagong/chi_cate_13/sentence_40.wav,ফোনের warranty card আছে কি?,chittagong,chi_cate_13
sentence_41.wav,dataset/chunks/chittagong/chi_cate_13/sentence_41.wav,আমি refurbished laptop চাই না।,chittagong,chi_cate_13
sentence_42.wav,dataset/chunks/chittagong/chi_cate_13/sentence_42.wav,ফোনের charger original কি?,chittagong,chi_cate_13
sentence_43.wav,dataset/chunks/chittagong/chi_cate_13/sentence_43.wav,আমি tablet accessories চাই।,chittagong,chi_cate_13
sentence_44.wav,dataset/chunks/chittagong/chi_cate_13/sentence_44.wav,ফোনের camera resolution কত?,chittagong,chi_cate_13
sentence_45.wav,dataset/chunks/chittagong/chi_cate_13/sentence_45.wav,আমি portable hard drive চাই।,chittagong,chi_cate_13
sentence_46.wav,dataset/chunks/chittagong/chi_cate_13/sentence_46.wav,ফোনে earphone jack আছে কি?,chittagong,chi_cate_13
sentence_47.wav,dataset/chunks/chittagong/chi_cate_13/sentence_47.wav,SIM card online recharge করা যায় কি?,chittagong,chi_cate_13
sentence_48.wav,dataset/chunks/chittagong/chi_cate_13/sentence_48.wav,আমি laptop bag কিনতে চাই।,chittagong,chi_cate_13
sentence_49.wav,dataset/chunks/chittagong/chi_cate_13/sentence_49.wav,ফোনের display কত inch?,chittagong,chi_cate_13
sentence_50.wav,dataset/chunks/chittagong/chi_cate_13/sentence_50.wav,আমি smart home device কিনতে চাই।,chittagong,chi_cate_13
sentence_51.wav,dataset/chunks/chittagong/chi_cate_13/sentence_51.wav,এই charger compatible কি?,chittagong,chi_cate_13
sentence_52.wav,dataset/chunks/chittagong/chi_cate_13/sentence_52.wav,ফোনের processor কত GHz?,chittagong,chi_cate_13
sentence_53.wav,dataset/chunks/chittagong/chi_cate_13/sentence_53.wav,আমি wireless mouse চাই।,chittagong,chi_cate_13
sentence_54.wav,dataset/chunks/chittagong/chi_cate_13/sentence_54.wav,ফোনের screen size বড় কি?,chittagong,chi_cate_13
sentence_55.wav,dataset/chunks/chittagong/chi_cate_13/sentence_55.wav,SIM card balance check করতে পারি কি?,chittagong,chi_cate_13
sentence_56.wav,dataset/chunks/chittagong/chi_cate_13/sentence_56.wav,আমি laptop stand চাই।,chittagong,chi_cate_13
sentence_57.wav,dataset/chunks/chittagong/chi_cate_13/sentence_57.wav,ফোনে fingerprint sensor আছে কি?,chittagong,chi_cate_13
sentence_58.wav,dataset/chunks/chittagong/chi_cate_13/sentence_58.wav,আমি external keyboard চাই।,chittagong,chi_cate_13
sentence_59.wav,dataset/chunks/chittagong/chi_cate_13/sentence_59.wav,ফোনের battery replace করতে হয় কি?,chittagong,chi_cate_13
sentence_60.wav,dataset/chunks/chittagong/chi_cate_13/sentence_60.wav,আমি smartwatch strap চাই।,chittagong,chi_cate_13
sentence_61.wav,dataset/chunks/chittagong/chi_cate_13/sentence_61.wav,ফোনের price range কি?,chittagong,chi_cate_13
sentence_62.wav,dataset/chunks/chittagong/chi_cate_13/sentence_62.wav,আমি gaming console কিনতে চাই।,chittagong,chi_cate_13
sentence_63.wav,dataset/chunks/chittagong/chi_cate_13/sentence_63.wav,ফোনে dual camera আছে কি?,chittagong,chi_cate_13
sentence_64.wav,dataset/chunks/chittagong/chi_cate_13/sentence_64.wav,আমি USB hub চাই।,chittagong,chi_cate_13
sentence_65.wav,dataset/chunks/chittagong/chi_cate_13/sentence_65.wav,ফোনের warranty কত বছর?,chittagong,chi_cate_13
sentence_66.wav,dataset/chunks/chittagong/chi_cate_13/sentence_66.wav,আমি laptop charger চাই।,chittagong,chi_cate_13
sentence_67.wav,dataset/chunks/chittagong/chi_cate_13/sentence_67.wav,ফোনের weight কত?,chittagong,chi_cate_13
sentence_68.wav,dataset/chunks/chittagong/chi_cate_13/sentence_68.wav,আমি HDMI cable চাই।,chittagong,chi_cate_13
sentence_69.wav,dataset/chunks/chittagong/chi_cate_13/sentence_69.wav,ফোনের software version আপডেট হয়েছে কি?,chittagong,chi_cate_13
sentence_70.wav,dataset/chunks/chittagong/chi_cate_13/sentence_70.wav,আমি smart speaker কিনতে চাই।,chittagong,chi_cate_13
sentence_01.wav,dataset/chunks/chittagong/chi_cate_14/sentence_01.wav,অনুগ্রহ করে দরজা বন্ধ করবেন।,chittagong,chi_cate_14
sentence_02.wav,dataset/chunks/chittagong/chi_cate_14/sentence_02.wav,দয়া করে আমাকে সাহায্য করুন।,chittagong,chi_cate_14
sentence_03.wav,dataset/chunks/chittagong/chi_cate_14/sentence_03.wav,আপনি কি আমাকে বইটা দিতে পারেন?,chittagong,chi_cate_14
sentence_04.wav,dataset/chunks/chittagong/chi_cate_14/sentence_04.wav,অনুগ্রহ করে ধীরে কথা বলুন।,chittagong,chi_cate_14
sentence_05.wav,dataset/chunks/chittagong/chi_cate_14/sentence_05.wav,দয়া করে এখানে বসুন।,chittagong,chi_cate_14
sentence_06.wav,dataset/chunks/chittagong/chi_cate_14/sentence_06.wav,আপনি কি আমার জন্য অপেক্ষা করতে পারেন?,chittagong,chi_cate_14
sentence_07.wav,dataset/chunks/chittagong/chi_cate_14/sentence_07.wav,অনুগ্রহ করে আবার বলুন।,chittagong,chi_cate_14
sentence_08.wav,dataset/chunks/chittagong/chi_cate_14/sentence_08.wav,আপনি কি আমাকে রাস্তা দেখাতে পারেন?,chittagong,chi_cate_14
sentence_09.wav,dataset/chunks/chittagong/chi_cate_14/sentence_09.wav,দয়া করে ফোন ব্যবহার করবেন না।,chittagong,chi_cate_14
sentence_10.wav,dataset/chunks/chittagong/chi_cate_14/sentence_10.wav,আপনি কি আমার জন্য এটি কিনতে পারবেন?,chittagong,chi_cate_14
sentence_11.wav,dataset/chunks/chittagong/chi_cate_14/sentence_11.wav,অনুগ্রহ করে আমাকে মনে করিয়ে দিন।,chittagong,chi_cate_14
sentence_12.wav,dataset/chunks/chittagong/chi_cate_14/sentence_12.wav,আপনি কি আমাকে ছবি তুলতে সাহায্য করবেন?,chittagong,chi_cate_14
sentence_13.wav,dataset/chunks/chittagong/chi_cate_14/sentence_13.wav,দয়া করে আমাকে অপেক্ষা করতে দিন।,chittagong,chi_cate_14
sentence_14.wav,dataset/chunks/chittagong/chi_cate_14/sentence_14.wav,অনুগ্রহ করে দরজা খুলে দিন।,chittagong,chi_cate_14
sentence_15.wav,dataset/chunks/chittagong/chi_cate_14/sentence_15.wav,আপনি কি আমার জন্য কাজটি করতে পারেন?,chittagong,chi_cate_14
sentence_16.wav,dataset/chunks/chittagong/chi_cate_14/sentence_16.wav,দয়া করে শব্দ কমান।,chittagong,chi_cate_14
sentence_17.wav,dataset/chunks/chittagong/chi_cate_14/sentence_17.wav,আপনি কি আমাকে জিজ্ঞাসা করতে পারবেন?,chittagong,chi_cate_14
sentence_18.wav,dataset/chunks/chittagong/chi_cate_14/sentence_18.wav,অনুগ্রহ করে আমাকে আসতে দিন।,chittagong,chi_cate_14
sentence_19.wav,dataset/chunks/chittagong/chi_cate_14/sentence_19.wav,আপনি কি আমার সঙ্গে কথা বলবেন?,chittagong,chi_cate_14
sentence_20.wav,dataset/chunks/chittagong/chi_cate_14/sentence_20.wav,দয়া করে আমার দিকে তাকান।,chittagong,chi_cate_14
sentence_21.wav,dataset/chunks/chittagong/chi_cate_14/sentence_21.wav,অনুগ্রহ করে আমাকে সময় দিন।,chittagong,chi_cate_14
sentence_22.wav,dataset/chunks/chittagong/chi_cate_14/sentence_22.wav,আপনি কি আমাকে সাহায্য করতে পারেন?,chittagong,chi_cate_14
sentence_23.wav,dataset/chunks/chittagong/chi_cate_14/sentence_23.wav,দয়া করে আমাকে এটি বোঝান।,chittagong,chi_cate_14
sentence_24.wav,dataset/chunks/chittagong/chi_cate_14/sentence_24.wav,অনুগ্রহ করে এটিকে ধরুন।,chittagong,chi_cate_14
sentence_25.wav,dataset/chunks/chittagong/chi_cate_14/sentence_25.wav,আপনি কি আমাকে তথ্য দিতে পারেন?,chittagong,chi_cate_14
sentence_26.wav,dataset/chunks/chittagong/chi_cate_14/sentence_26.wav,দয়া করে এখানে আসুন।,chittagong,chi_cate_14
sentence_27.wav,dataset/chunks/chittagong/chi_cate_14/sentence_27.wav,অনুগ্রহ করে আমাকে অপেক্ষা করতে বলুন।,chittagong,chi_cate_14
sentence_28.wav,dataset/chunks/chittagong/chi_cate_14/sentence_28.wav,আপনি কি আমাকে রাস্তা দেখাবেন?,chittagong,chi_cate_14
sentence_29.wav,dataset/chunks/chittagong/chi_cate_14/sentence_29.wav,দয়া করে আমার জন্য অপেক্ষা করুন।,chittagong,chi_cate_14
sentence_30.wav,dataset/chunks/chittagong/chi_cate_14/sentence_30.wav,অনুগ্রহ করে আমাকে সাহায্য করতে বলুন।,chittagong,chi_cate_14
sentence_31.wav,dataset/chunks/chittagong/chi_cate_14/sentence_31.wav,আপনি কি আমার জন্য এটি আনবেন?,chittagong,chi_cate_14
sentence_32.wav,dataset/chunks/chittagong/chi_cate_14/sentence_32.wav,দয়া করে আমাকে বসতে দিন।,chittagong,chi_cate_14
sentence_33.wav,dataset/chunks/chittagong/chi_cate_14/sentence_33.wav,অনুগ্রহ করে আমাকে এটি দেখান।,chittagong,chi_cate_14
sentence_34.wav,dataset/chunks/chittagong/chi_cate_14/sentence_34.wav,আপনি কি আমার সঙ্গে খাবেন?,chittagong,chi_cate_14
sentence_35.wav,dataset/chunks/chittagong/chi_cate_14/sentence_35.wav,দয়া করে ধৈর্য ধরুন।,chittagong,chi_cate_14
sentence_36.wav,dataset/chunks/chittagong/chi_cate_14/sentence_36.wav,অনুগ্রহ করে আমাকে ফোন দিন।,chittagong,chi_cate_14
sentence_37.wav,dataset/chunks/chittagong/chi_cate_14/sentence_37.wav,আপনি কি আমার জন্য অপেক্ষা করবেন?,chittagong,chi_cate_14
sentence_38.wav,dataset/chunks/chittagong/chi_cate_14/sentence_38.wav,দয়া করে এটি খুলুন।,chittagong,chi_cate_14
sentence_39.wav,dataset/chunks/chittagong/chi_cate_14/sentence_39.wav,অনুগ্রহ করে এটি বন্ধ করুন।,chittagong,chi_cate_14
sentence_40.wav,dataset/chunks/chittagong/chi_cate_14/sentence_40.wav,আপনি কি আমাকে নির্দেশ দিতে পারেন?,chittagong,chi_cate_14
sentence_41.wav,dataset/chunks/chittagong/chi_cate_14/sentence_41.wav,দয়া করে আমার কথা শোনুন।,chittagong,chi_cate_14
sentence_42.wav,dataset/chunks/chittagong/chi_cate_14/sentence_42.wav,অনুগ্রহ করে আমাকে সময় দিন।,chittagong,chi_cate_14
sentence_43.wav,dataset/chunks/chittagong/chi_cate_14/sentence_43.wav,আপনি কি আমার জন্য এটি আনবেন?,chittagong,chi_cate_14
sentence_44.wav,dataset/chunks/chittagong/chi_cate_14/sentence_44.wav,দয়া করে আমাকে সাহায্য করতে বলুন।,chittagong,chi_cate_14
sentence_45.wav,dataset/chunks/chittagong/chi_cate_14/sentence_45.wav,অনুগ্রহ করে আমাকে অনুমতি দিন।,chittagong,chi_cate_14
sentence_46.wav,dataset/chunks/chittagong/chi_cate_14/sentence_46.wav,আপনি কি আমাকে রাস্তা দেখাবেন?,chittagong,chi_cate_14
sentence_47.wav,dataset/chunks/chittagong/chi_cate_14/sentence_47.wav,দয়া করে এখানে বসুন।,chittagong,chi_cate_14
sentence_48.wav,dataset/chunks/chittagong/chi_cate_14/sentence_48.wav,অনুগ্রহ করে এটি নিন।,chittagong,chi_cate_14
sentence_49.wav,dataset/chunks/chittagong/chi_cate_14/sentence_49.wav,আপনি কি আমাকে এটি দেবেন?,chittagong,chi_cate_14
sentence_50.wav,dataset/chunks/chittagong/chi_cate_14/sentence_50.wav,দয়া করে আমাকে সঙ্গে নিয়ে যান।,chittagong,chi_cate_14
sentence_51.wav,dataset/chunks/chittagong/chi_cate_14/sentence_51.wav,অনুগ্রহ করে আমাকে বলুন।,chittagong,chi_cate_14
sentence_52.wav,dataset/chunks/chittagong/chi_cate_14/sentence_52.wav,আপনি কি আমার জন্য অপেক্ষা করতে পারবেন?,chittagong,chi_cate_14
sentence_53.wav,dataset/chunks/chittagong/chi_cate_14/sentence_53.wav,দয়া করে এটি পরীক্ষা করুন।,chittagong,chi_cate_14
sentence_54.wav,dataset/chunks/chittagong/chi_cate_14/sentence_54.wav,অনুগ্রহ করে আমাকে এটি লিখে দিন।,chittagong,chi_cate_14
sentence_55.wav,dataset/chunks/chittagong/chi_cate_14/sentence_55.wav,আপনি কি আমার জন্য এটি করতে পারেন?,chittagong,chi_cate_14
sentence_56.wav,dataset/chunks/chittagong/chi_cate_14/sentence_56.wav,দয়া করে আমার সঙ্গে যোগাযোগ করুন।,chittagong,chi_cate_14
sentence_57.wav,dataset/chunks/chittagong/chi_cate_14/sentence_57.wav,অনুগ্রহ করে আমাকে সহায়তা করুন।,chittagong,chi_cate_14
sentence_58.wav,dataset/chunks/chittagong/chi_cate_14/sentence_58.wav,আপনি কি আমাকে এটি দেখাবেন?,chittagong,chi_cate_14
sentence_59.wav,dataset/chunks/chittagong/chi_cate_14/sentence_59.wav,দয়া করে আমার জন্য অপেক্ষা করুন।,chittagong,chi_cate_14
sentence_60.wav,dataset/chunks/chittagong/chi_cate_14/sentence_60.wav,অনুগ্রহ করে আমাকে সাহায্য করুন।,chittagong,chi_cate_14
sentence_61.wav,dataset/chunks/chittagong/chi_cate_14/sentence_61.wav,আপনি কি আমাকে সাহায্য করবেন?,chittagong,chi_cate_14
sentence_62.wav,dataset/chunks/chittagong/chi_cate_14/sentence_62.wav,দয়া করে আমাকে এটি বুঝতে দিন।,chittagong,chi_cate_14
sentence_63.wav,dataset/chunks/chittagong/chi_cate_14/sentence_63.wav,অনুগ্রহ করে এটি রাখুন।,chittagong,chi_cate_14
sentence_64.wav,dataset/chunks/chittagong/chi_cate_14/sentence_64.wav,আপনি কি আমাকে অনুমতি দেবেন?,chittagong,chi_cate_14
sentence_65.wav,dataset/chunks/chittagong/chi_cate_14/sentence_65.wav,দয়া করে আমাকে এটি আনতে দিন।,chittagong,chi_cate_14
sentence_66.wav,dataset/chunks/chittagong/chi_cate_14/sentence_66.wav,অনুগ্রহ করে আমাকে নির্দেশ দিন।,chittagong,chi_cate_14
sentence_67.wav,dataset/chunks/chittagong/chi_cate_14/sentence_67.wav,আপনি কি আমাকে এটি আনবেন?,chittagong,chi_cate_14
sentence_68.wav,dataset/chunks/chittagong/chi_cate_14/sentence_68.wav,দয়া করে আমাকে সাহায্য করতে বলুন।,chittagong,chi_cate_14
sentence_69.wav,dataset/chunks/chittagong/chi_cate_14/sentence_69.wav,অনুগ্রহ করে এটি আমার জন্য রাখুন।,chittagong,chi_cate_14
sentence_70.wav,dataset/chunks/chittagong/chi_cate_14/sentence_70.wav,আপনি কি আমার জন্য অপেক্ষা করতে পারবেন?,chittagong,chi_cate_14
sentence_01.wav,dataset/chunks/chittagong/chi_cate_15/sentence_01.wav,আমি সকাল ৬টায় উঠি।,chittagong,chi_cate_15
sentence_02.wav,dataset/chunks/chittagong/chi_cate_15/sentence_02.wav,তুমি কি বাজারে যাচ্ছো?,chittagong,chi_cate_15
sentence_03.wav,dataset/chunks/chittagong/chi_cate_15/sentence_03.wav,আমি ভাত রান্না করছি।,chittagong,chi_cate_15
sentence_04.wav,dataset/chunks/chittagong/chi_cate_15/sentence_04.wav,আমরা প্রতিদিন হাঁটতে যাই।,chittagong,chi_cate_15
sentence_05.wav,dataset/chunks/chittagong/chi_cate_15/sentence_05.wav,তুমি কি আজ শপিং করতে যাবে?,chittagong,chi_cate_15
sentence_06.wav,dataset/chunks/chittagong/chi_cate_15/sentence_06.wav,আমি ব্যাগ প্যাক করছি।,chittagong,chi_cate_15
sentence_07.wav,dataset/chunks/chittagong/chi_cate_15/sentence_07.wav,তুমি কি সকালে নাশতা করেছো?,chittagong,chi_cate_15
sentence_08.wav,dataset/chunks/chittagong/chi_cate_15/sentence_08.wav,আমি লন্ড্রি করছি।,chittagong,chi_cate_15
sentence_09.wav,dataset/chunks/chittagong/chi_cate_15/sentence_09.wav,তুমি কি সিনেমা দেখতে যাবে?,chittagong,chi_cate_15
sentence_10.wav,dataset/chunks/chittagong/chi_cate_15/sentence_10.wav,আমি বই পড়ছি।,chittagong,chi_cate_15
sentence_11.wav,dataset/chunks/chittagong/chi_cate_15/sentence_11.wav,তুমি কি চা খাবে?,chittagong,chi_cate_15
sentence_12.wav,dataset/chunks/chittagong/chi_cate_15/sentence_12.wav,আমি বাসায় ক্লিনিং করছি।,chittagong,chi_cate_15
sentence_13.wav,dataset/chunks/chittagong/chi_cate_15/sentence_13.wav,তুমি কি বাজারে নতুন সবজি পেয়েছো?,chittagong,chi_cate_15
sentence_14.wav,dataset/chunks/chittagong/chi_cate_15/sentence_14.wav,আমি শুতে যাচ্ছি।,chittagong,chi_cate_15
sentence_15.wav,dataset/chunks/chittagong/chi_cate_15/sentence_15.wav,আমরা সকালে দৌড়াচ্ছি।,chittagong,chi_cate_15
sentence_16.wav,dataset/chunks/chittagong/chi_cate_15/sentence_16.wav,তুমি কি কাজ শেষ করেছো?,chittagong,chi_cate_15
sentence_17.wav,dataset/chunks/chittagong/chi_cate_15/sentence_17.wav,আমি দুপুরের খাবার খাচ্ছি।,chittagong,chi_cate_15
sentence_18.wav,dataset/chunks/chittagong/chi_cate_15/sentence_18.wav,তুমি কি কুকিং করতে জানো?,chittagong,chi_cate_15
sentence_19.wav,dataset/chunks/chittagong/chi_cate_15/sentence_19.wav,আমি দোকান যাচ্ছি।,chittagong,chi_cate_15
sentence_20.wav,dataset/chunks/chittagong/chi_cate_15/sentence_20.wav,তুমি কি আজ বাড়িতে থাকছো?,chittagong,chi_cate_15
sentence_21.wav,dataset/chunks/chittagong/chi_cate_15/sentence_21.wav,আমি টিভি দেখছি।,chittagong,chi_cate_15
sentence_22.wav,dataset/chunks/chittagong/chi_cate_15/sentence_22.wav,তুমি কি সাইকেল চালাচ্ছো?,chittagong,chi_cate_15
sentence_23.wav,dataset/chunks/chittagong/chi_cate_15/sentence_23.wav,আমি জামাকাপড় ধরছি।,chittagong,chi_cate_15
sentence_24.wav,dataset/chunks/chittagong/chi_cate_15/sentence_24.wav,তুমি কি বাজার থেকে দুধ এনেছো?,chittagong,chi_cate_15
sentence_25.wav,dataset/chunks/chittagong/chi_cate_15/sentence_25.wav,আমি রাতে ঘুমাতে যাচ্ছি।,chittagong,chi_cate_15
sentence_26.wav,dataset/chunks/chittagong/chi_cate_15/sentence_26.wav,তুমি কি সকাল ৭টায় উঠে আসবে?,chittagong,chi_cate_15
sentence_27.wav,dataset/chunks/chittagong/chi_cate_15/sentence_27.wav,আমি রান্নাঘরে কাজ করছি।,chittagong,chi_cate_15
sentence_28.wav,dataset/chunks/chittagong/chi_cate_15/sentence_28.wav,তুমি কি বাজারে কোন মাংস কিনেছো?,chittagong,chi_cate_15
sentence_29.wav,dataset/chunks/chittagong/chi_cate_15/sentence_29.wav,আমি দুপুরে বিশ্রাম নিচ্ছি।,chittagong,chi_cate_15
sentence_30.wav,dataset/chunks/chittagong/chi_cate_15/sentence_30.wav,তুমি কি সন্ধ্যায় হাঁটবে?,chittagong,chi_cate_15
sentence_31.wav,dataset/chunks/chittagong/chi_cate_15/sentence_31.wav,আমি কফি বানাচ্ছি।,chittagong,chi_cate_15
sentence_32.wav,dataset/chunks/chittagong/chi_cate_15/sentence_32.wav,তুমি কি নিত্যদিন সকালে জগিং করো?,chittagong,chi_cate_15
sentence_33.wav,dataset/chunks/chittagong/chi_cate_15/sentence_33.wav,আমি দুধ ফুটাচ্ছি।,chittagong,chi_cate_15
sentence_34.wav,dataset/chunks/chittagong/chi_cate_15/sentence_34.wav,তুমি কি চা খেতে চাও?,chittagong,chi_cate_15
sentence_35.wav,dataset/chunks/chittagong/chi_cate_15/sentence_35.wav,আমি বাজারে যাচ্ছি।,chittagong,chi_cate_15
sentence_36.wav,dataset/chunks/chittagong/chi_cate_15/sentence_36.wav,তুমি কি বই পড়ছো?,chittagong,chi_cate_15
sentence_37.wav,dataset/chunks/chittagong/chi_cate_15/sentence_37.wav,আমি বাড়ি ঝাড়ু দিচ্ছি।,chittagong,chi_cate_15
sentence_38.wav,dataset/chunks/chittagong/chi_cate_15/sentence_38.wav,তুমি কি দুপুরের খাবার খেয়েছো?,chittagong,chi_cate_15
sentence_39.wav,dataset/chunks/chittagong/chi_cate_15/sentence_39.wav,আমি সবজি কাটছি।,chittagong,chi_cate_15
sentence_40.wav,dataset/chunks/chittagong/chi_cate_15/sentence_40.wav,তুমি কি রাতে শুবে?,chittagong,chi_cate_15
sentence_41.wav,dataset/chunks/chittagong/chi_cate_15/sentence_41.wav,আমি কলম ও কাগজ সাজাচ্ছি।,chittagong,chi_cate_15
sentence_42.wav,dataset/chunks/chittagong/chi_cate_15/sentence_42.wav,তুমি কি আজ রান্না করছো?,chittagong,chi_cate_15
sentence_43.wav,dataset/chunks/chittagong/chi_cate_15/sentence_43.wav,আমি কাপড় ধুয়ে শুকাচ্ছি।,chittagong,chi_cate_15
sentence_44.wav,dataset/chunks/chittagong/chi_cate_15/sentence_44.wav,তুমি কি বাজারে নতুন ফল এনেছো?,chittagong,chi_cate_15
sentence_45.wav,dataset/chunks/chittagong/chi_cate_15/sentence_45.wav,আমি সকালের নাশতা খাচ্ছি।,chittagong,chi_cate_15
sentence_46.wav,dataset/chunks/chittagong/chi_cate_15/sentence_46.wav,তুমি কি আজ ঘুম বেশি করেছো?,chittagong,chi_cate_15
sentence_47.wav,dataset/chunks/chittagong/chi_cate_15/sentence_47.wav,আমি খাবার টেবিলে বসছি।,chittagong,chi_cate_15
sentence_48.wav,dataset/chunks/chittagong/chi_cate_15/sentence_48.wav,তুমি কি বাইরে যাচ্ছো?,chittagong,chi_cate_15
sentence_49.wav,dataset/chunks/chittagong/chi_cate_15/sentence_49.wav,আমি ফ্রিজে খাবার রাখছি।,chittagong,chi_cate_15
sentence_50.wav,dataset/chunks/chittagong/chi_cate_15/sentence_50.wav,তুমি কি বাজারে যাবার আগে তালিকা লিখেছো?,chittagong,chi_cate_15
sentence_51.wav,dataset/chunks/chittagong/chi_cate_15/sentence_51.wav,আমি সকালে ব্যায়াম করছি।,chittagong,chi_cate_15
sentence_52.wav,dataset/chunks/chittagong/chi_cate_15/sentence_52.wav,তুমি কি দুপুরে ঘুমাবে?,chittagong,chi_cate_15
sentence_53.wav,dataset/chunks/chittagong/chi_cate_15/sentence_53.wav,আমি কাপড় ধরছি।,chittagong,chi_cate_15
sentence_54.wav,dataset/chunks/chittagong/chi_cate_15/sentence_54.wav,তুমি কি রান্না শেষ করেছো?,chittagong,chi_cate_15
sentence_55.wav,dataset/chunks/chittagong/chi_cate_15/sentence_55.wav,আমি বাজার থেকে শাক-সবজি এনেছি।,chittagong,chi_cate_15
sentence_56.wav,dataset/chunks/chittagong/chi_cate_15/sentence_56.wav,তুমি কি ঘরে কাজ করছো?,chittagong,chi_cate_15
sentence_57.wav,dataset/chunks/chittagong/chi_cate_15/sentence_57.wav,আমি দুপুরে চা খাচ্ছি।,chittagong,chi_cate_15
sentence_58.wav,dataset/chunks/chittagong/chi_cate_15/sentence_58.wav,তুমি কি রাতের খাবার খাবে?,chittagong,chi_cate_15
sentence_59.wav,dataset/chunks/chittagong/chi_cate_15/sentence_59.wav,আমি সকালের লিস্ট অনুযায়ী কাজ করছি।,chittagong,chi_cate_15
sentence_60.wav,dataset/chunks/chittagong/chi_cate_15/sentence_60.wav,তুমি কি বাজার থেকে দুধ এনেছো?,chittagong,chi_cate_15
sentence_61.wav,dataset/chunks/chittagong/chi_cate_15/sentence_61.wav,আমি সকালে উঠে হাঁটতে যাই।,chittagong,chi_cate_15
sentence_62.wav,dataset/chunks/chittagong/chi_cate_15/sentence_62.wav,তুমি কি ফ্রিজ খোলেছো?,chittagong,chi_cate_15
sentence_63.wav,dataset/chunks/chittagong/chi_cate_15/sentence_63.wav,আমি বালিশ ধরছি।,chittagong,chi_cate_15
sentence_64.wav,dataset/chunks/chittagong/chi_cate_15/sentence_64.wav,তুমি কি রান্না করতে চাও?,chittagong,chi_cate_15
sentence_65.wav,dataset/chunks/chittagong/chi_cate_15/sentence_65.wav,আমি কাপড় লন্ড্রি করছি।,chittagong,chi_cate_15
sentence_66.wav,dataset/chunks/chittagong/chi_cate_15/sentence_66.wav,তুমি কি বাজারে নতুন রুটি কিনেছো?,chittagong,chi_cate_15
sentence_67.wav,dataset/chunks/chittagong/chi_cate_15/sentence_67.wav,আমি রাতের খাবার প্রস্তুত করছি।,chittagong,chi_cate_15
sentence_68.wav,dataset/chunks/chittagong/chi_cate_15/sentence_68.wav,তুমি কি শপিং করতে যাচ্ছো?,chittagong,chi_cate_15
sentence_69.wav,dataset/chunks/chittagong/chi_cate_15/sentence_69.wav,আমি খোলা আকাশের নিচে হাঁটছি।,chittagong,chi_cate_15
sentence_70.wav,dataset/chunks/chittagong/chi_cate_15/sentence_70.wav,তুমি কি আজ সকাল থেকে ব্যস্ত?,chittagong,chi_cate_15
sentence_01.wav,dataset/chunks/chittagong/chi_cate_16/sentence_01.wav,আমার ফোন কাজ করছে না।,chittagong,chi_cate_16
sentence_02.wav,dataset/chunks/chittagong/chi_cate_16/sentence_02.wav,বাস ধীর গতিতে চলছে।,chittagong,chi_cate_16
sentence_03.wav,dataset/chunks/chittagong/chi_cate_16/sentence_03.wav,আমি বিল ঠিকমত পাইনি।,chittagong,chi_cate_16
sentence_04.wav,dataset/chunks/chittagong/chi_cate_16/sentence_04.wav,পানির চাপ খুব কম।,chittagong,chi_cate_16
sentence_05.wav,dataset/chunks/chittagong/chi_cate_16/sentence_05.wav,ইন্টারনেট সংযোগ স্থিতিশীল নয়।,chittagong,chi_cate_16
sentence_06.wav,dataset/chunks/chittagong/chi_cate_16/sentence_06.wav,দোকানে সব পণ্য শেষ।,chittagong,chi_cate_16
sentence_07.wav,dataset/chunks/chittagong/chi_cate_16/sentence_07.wav,বাতি জ্বলে না।,chittagong,chi_cate_16
sentence_08.wav,dataset/chunks/chittagong/chi_cate_16/sentence_08.wav,আমি চা খুব গরম পেয়েছি।,chittagong,chi_cate_16
sentence_09.wav,dataset/chunks/chittagong/chi_cate_16/sentence_09.wav,রিকশা খুব দেরি করছে।,chittagong,chi_cate_16
sentence_10.wav,dataset/chunks/chittagong/chi_cate_16/sentence_10.wav,লিফট বন্ধ।,chittagong,chi_cate_16
sentence_11.wav,dataset/chunks/chittagong/chi_cate_16/sentence_11.wav,আমার অ্যাপ্লিকেশন ক্র্যাশ করছে।,chittagong,chi_cate_16
sentence_12.wav,dataset/chunks/chittagong/chi_cate_16/sentence_12.wav,এই গাড়ি তেল টপ আপ করছে না।,chittagong,chi_cate_16
sentence_13.wav,dataset/chunks/chittagong/chi_cate_16/sentence_13.wav,বাসে অনেক ভিড়।,chittagong,chi_cate_16
sentence_14.wav,dataset/chunks/chittagong/chi_cate_16/sentence_14.wav,আমি খাবার ঠিকমত পাইনি।,chittagong,chi_cate_16
sentence_15.wav,dataset/chunks/chittagong/chi_cate_16/sentence_15.wav,রাস্তায় অনেক ধুলো।,chittagong,chi_cate_16
sentence_16.wav,dataset/chunks/chittagong/chi_cate_16/sentence_16.wav,আমার কম্পিউটার হ্যাং করেছে।,chittagong,chi_cate_16
sentence_17.wav,dataset/chunks/chittagong/chi_cate_16/sentence_17.wav,ফোনের ব্যাটারি দ্রুত শেষ হচ্ছে।,chittagong,chi_cate_16
sentence_18.wav,dataset/chunks/chittagong/chi_cate_16/sentence_18.wav,দোকানের হেডফোন খারাপ।,chittagong,chi_cate_16
sentence_19.wav,dataset/chunks/chittagong/chi_cate_16/sentence_19.wav,রিকশাচালক দেরি করছে।,chittagong,chi_cate_16
sentence_20.wav,dataset/chunks/chittagong/chi_cate_16/sentence_20.wav,পানির ট্যাংক ফাঁকা।,chittagong,chi_cate_16
sentence_21.wav,dataset/chunks/chittagong/chi_cate_16/sentence_21.wav,বাসে এয়ার কন্ডিশনার কাজ করছে না।,chittagong,chi_cate_16
sentence_22.wav,dataset/chunks/chittagong/chi_cate_16/sentence_22.wav,আমার Wi-Fi কানেকশন গড়বড়।,chittagong,chi_cate_16
sentence_23.wav,dataset/chunks/chittagong/chi_cate_16/sentence_23.wav,দোকানের কাস্টমার সার্ভিস খারাপ।,chittagong,chi_cate_16
sentence_24.wav,dataset/chunks/chittagong/chi_cate_16/sentence_24.wav,বাতি ঠিকমত জ্বলে না।,chittagong,chi_cate_16
sentence_25.wav,dataset/chunks/chittagong/chi_cate_16/sentence_25.wav,খাবারের স্বাদ খারাপ।,chittagong,chi_cate_16
sentence_26.wav,dataset/chunks/chittagong/chi_cate_16/sentence_26.wav,লিফট খুব ধীরে চলছে।,chittagong,chi_cate_16
sentence_27.wav,dataset/chunks/chittagong/chi_cate_16/sentence_27.wav,আমার মোবাইল চার্জ হচ্ছে না।,chittagong,chi_cate_16
sentence_28.wav,dataset/chunks/chittagong/chi_cate_16/sentence_28.wav,বাসের ভাড়া বেশি।,chittagong,chi_cate_16
sentence_29.wav,dataset/chunks/chittagong/chi_cate_16/sentence_29.wav,দোকানে পণ্য ভালো মানের নয়।,chittagong,chi_cate_16
sentence_30.wav,dataset/chunks/chittagong/chi_cate_16/sentence_30.wav,রাস্তায় যানজট বেশি।,chittagong,chi_cate_16
sentence_31.wav,dataset/chunks/chittagong/chi_cate_16/sentence_31.wav,আমি আমার টিকেট হারিয়েছি।,chittagong,chi_cate_16
sentence_32.wav,dataset/chunks/chittagong/chi_cate_16/sentence_32.wav,খাবারের পরিমাণ কম।,chittagong,chi_cate_16
sentence_33.wav,dataset/chunks/chittagong/chi_cate_16/sentence_33.wav,আমার কম্পিউটার ধীরগতিতে চলছে।,chittagong,chi_cate_16
sentence_34.wav,dataset/chunks/chittagong/chi_cate_16/sentence_34.wav,রিকশা খুব পুরোনো।,chittagong,chi_cate_16
sentence_35.wav,dataset/chunks/chittagong/chi_cate_16/sentence_35.wav,দোকানে নতুন পণ্য নেই।,chittagong,chi_cate_16
sentence_36.wav,dataset/chunks/chittagong/chi_cate_16/sentence_36.wav,ফোনের সিম কাজ করছে না।,chittagong,chi_cate_16
sentence_37.wav,dataset/chunks/chittagong/chi_cate_16/sentence_37.wav,বাসে বসার জায়গা নেই।,chittagong,chi_cate_16
sentence_38.wav,dataset/chunks/chittagong/chi_cate_16/sentence_38.wav,পানির স্বাদ খারাপ।,chittagong,chi_cate_16
sentence_39.wav,dataset/chunks/chittagong/chi_cate_16/sentence_39.wav,লিফটে শব্দ করছে।,chittagong,chi_cate_16
sentence_40.wav,dataset/chunks/chittagong/chi_cate_16/sentence_40.wav,দোকানের দাম বেশি।,chittagong,chi_cate_16
sentence_41.wav,dataset/chunks/chittagong/chi_cate_16/sentence_41.wav,খাবারের স্বাদ পরিবর্তন হয়েছে।,chittagong,chi_cate_16
sentence_42.wav,dataset/chunks/chittagong/chi_cate_16/sentence_42.wav,আমার ল্যাপটপ হ্যাং করছে।,chittagong,chi_cate_16
sentence_43.wav,dataset/chunks/chittagong/chi_cate_16/sentence_43.wav,বাসে লোকজন অনেক।,chittagong,chi_cate_16
sentence_44.wav,dataset/chunks/chittagong/chi_cate_16/sentence_44.wav,রাস্তায় খোলা গর্ত।,chittagong,chi_cate_16
sentence_45.wav,dataset/chunks/chittagong/chi_cate_16/sentence_45.wav,দোকানে কোনো বিক্রয়কর্মী নেই।,chittagong,chi_cate_16
sentence_46.wav,dataset/chunks/chittagong/chi_cate_16/sentence_46.wav,আমার ফোন ব্যাটারি নষ্ট।,chittagong,chi_cate_16
sentence_47.wav,dataset/chunks/chittagong/chi_cate_16/sentence_47.wav,খাবার খুব ঠান্ডা।,chittagong,chi_cate_16
sentence_48.wav,dataset/chunks/chittagong/chi_cate_16/sentence_48.wav,লিফট খুব দ্রুত চলেছে।,chittagong,chi_cate_16
sentence_49.wav,dataset/chunks/chittagong/chi_cate_16/sentence_49.wav,রিকশা বাসার সামনে দাঁড়ায় না।,chittagong,chi_cate_16
sentence_50.wav,dataset/chunks/chittagong/chi_cate_16/sentence_50.wav,দোকানে পরিষ্কার নেই।,chittagong,chi_cate_16
sentence_51.wav,dataset/chunks/chittagong/chi_cate_16/sentence_51.wav,বাস স্ট্যান্ড দূরে।,chittagong,chi_cate_16
sentence_52.wav,dataset/chunks/chittagong/chi_cate_16/sentence_52.wav,আমার কম্পিউটার হঠাৎ বন্ধ হয়ে গেছে।,chittagong,chi_cate_16
sentence_53.wav,dataset/chunks/chittagong/chi_cate_16/sentence_53.wav,ফোনে নেটওয়ার্ক নেই।,chittagong,chi_cate_16
sentence_54.wav,dataset/chunks/chittagong/chi_cate_16/sentence_54.wav,খাবারের স্বাদ ভালো নয়।,chittagong,chi_cate_16
sentence_55.wav,dataset/chunks/chittagong/chi_cate_16/sentence_55.wav,লিফট লক হয়ে গেছে।,chittagong,chi_cate_16
sentence_56.wav,dataset/chunks/chittagong/chi_cate_16/sentence_56.wav,দোকানের হেডফোন ব্রেক।,chittagong,chi_cate_16
sentence_57.wav,dataset/chunks/chittagong/chi_cate_16/sentence_57.wav,রিকশাচালক রাস্তায় নেই।,chittagong,chi_cate_16
sentence_58.wav,dataset/chunks/chittagong/chi_cate_16/sentence_58.wav,বাসে শীত নেই।,chittagong,chi_cate_16
sentence_59.wav,dataset/chunks/chittagong/chi_cate_16/sentence_59.wav,আমার ফোন হ্যাং করছে।,chittagong,chi_cate_16
sentence_60.wav,dataset/chunks/chittagong/chi_cate_16/sentence_60.wav,দোকানে সঠিক দাম নেই।,chittagong,chi_cate_16
sentence_61.wav,dataset/chunks/chittagong/chi_cate_16/sentence_61.wav,খাবারের স্বাদ খুব ঝাল।,chittagong,chi_cate_16
sentence_62.wav,dataset/chunks/chittagong/chi_cate_16/sentence_62.wav,লিফট বেজে যাচ্ছে।,chittagong,chi_cate_16
sentence_63.wav,dataset/chunks/chittagong/chi_cate_16/sentence_63.wav,আমার ল্যাপটপ কাজ করছে না।,chittagong,chi_cate_16
sentence_64.wav,dataset/chunks/chittagong/chi_cate_16/sentence_64.wav,দোকানের পণ্য ভাঙা।,chittagong,chi_cate_16
sentence_65.wav,dataset/chunks/chittagong/chi_cate_16/sentence_65.wav,রিকশা দূরে গেছে।,chittagong,chi_cate_16
sentence_66.wav,dataset/chunks/chittagong/chi_cate_16/sentence_66.wav,বাস সময়মতো আসেনি।,chittagong,chi_cate_16
sentence_67.wav,dataset/chunks/chittagong/chi_cate_16/sentence_67.wav,আমার মোবাইল নেটওয়ার্ক নেই।,chittagong,chi_cate_16
sentence_68.wav,dataset/chunks/chittagong/chi_cate_16/sentence_68.wav,দোকানের সার্ভিস খারাপ।,chittagong,chi_cate_16
sentence_69.wav,dataset/chunks/chittagong/chi_cate_16/sentence_69.wav,খাবারের পরিমাণ কম।,chittagong,chi_cate_16
sentence_70.wav,dataset/chunks/chittagong/chi_cate_16/sentence_70.wav,লিফট খুব ধীরে চলছে।,chittagong,chi_cate_16
sentence_01.wav,dataset/chunks/chittagong/chi_cate_17/sentence_01.wav,আমি একটি নতুন ব্যাংক অ্যাকাউন্ট খুলতে চাই।,chittagong,chi_cate_17
sentence_02.wav,dataset/chunks/chittagong/chi_cate_17/sentence_02.wav,আমার অ্যাকাউন্ট ব্যালেন্স কত?,chittagong,chi_cate_17
sentence_03.wav,dataset/chunks/chittagong/chi_cate_17/sentence_03.wav,আমি টাকা পাঠাতে চাই।,chittagong,chi_cate_17
sentence_04.wav,dataset/chunks/chittagong/chi_cate_17/sentence_04.wav,ATM কার্ড কোথায় পাব?,chittagong,chi_cate_17
sentence_05.wav,dataset/chunks/chittagong/chi_cate_17/sentence_05.wav,আমি বিকাশে টাকা পাঠাতে চাই।,chittagong,chi_cate_17
sentence_06.wav,dataset/chunks/chittagong/chi_cate_17/sentence_06.wav,চেক জমা দিতে হবে কি?,chittagong,chi_cate_17
sentence_07.wav,dataset/chunks/chittagong/chi_cate_17/sentence_07.wav,ব্যাংকের সময়সূচি কী?,chittagong,chi_cate_17
sentence_08.wav,dataset/chunks/chittagong/chi_cate_17/sentence_08.wav,আমি একটি লোন নিতে চাই।,chittagong,chi_cate_17
sentence_09.wav,dataset/chunks/chittagong/chi_cate_17/sentence_09.wav,ATM কাজ করছে না।,chittagong,chi_cate_17
sentence_10.wav,dataset/chunks/chittagong/chi_cate_17/sentence_10.wav,আমি অনলাইন ব্যাংকিং করতে চাই।,chittagong,chi_cate_17
sentence_11.wav,dataset/chunks/chittagong/chi_cate_17/sentence_11.wav,আমার অ্যাকাউন্টে টাকা ঢুকেনি।,chittagong,chi_cate_17
sentence_12.wav,dataset/chunks/chittagong/chi_cate_17/sentence_12.wav,ব্যাংক খোলা আছে কি?,chittagong,chi_cate_17
sentence_13.wav,dataset/chunks/chittagong/chi_cate_17/sentence_13.wav,আমি একটি ডেবিট কার্ড চাই।,chittagong,chi_cate_17
sentence_14.wav,dataset/chunks/chittagong/chi_cate_17/sentence_14.wav,বিকাশে ট্রান্সফার সফল হয়েছে কি?,chittagong,chi_cate_17
sentence_15.wav,dataset/chunks/chittagong/chi_cate_17/sentence_15.wav,আমি ক্রেডিট কার্ড আবেদন করতে চাই।,chittagong,chi_cate_17
sentence_16.wav,dataset/chunks/chittagong/chi_cate_17/sentence_16.wav,ATM থেকে কত টাকা তুলতে পারি?,chittagong,chi_cate_17
sentence_17.wav,dataset/chunks/chittagong/chi_cate_17/sentence_17.wav,আমার পিন ভুল হয়েছে।,chittagong,chi_cate_17
sentence_18.wav,dataset/chunks/chittagong/chi_cate_17/sentence_18.wav,ব্যাংক ফি কত?,chittagong,chi_cate_17
sentence_19.wav,dataset/chunks/chittagong/chi_cate_17/sentence_19.wav,আমি চেকবই চাই।,chittagong,chi_cate_17
sentence_20.wav,dataset/chunks/chittagong/chi_cate_17/sentence_20.wav,বিকাশে লেনদেন কতক্ষণ সময় নেয়?,chittagong,chi_cate_17
sentence_21.wav,dataset/chunks/chittagong/chi_cate_17/sentence_21.wav,আমি টাকা তুলতে চাই।,chittagong,chi_cate_17
sentence_22.wav,dataset/chunks/chittagong/chi_cate_17/sentence_22.wav,আমার অ্যাকাউন্ট ব্লক হয়েছে।,chittagong,chi_cate_17
sentence_23.wav,dataset/chunks/chittagong/chi_cate_17/sentence_23.wav,ব্যাংকিং সেবা ভালো কি?,chittagong,chi_cate_17
sentence_24.wav,dataset/chunks/chittagong/chi_cate_17/sentence_24.wav,আমি ফান্ড ট্রান্সফার করতে চাই।,chittagong,chi_cate_17
sentence_25.wav,dataset/chunks/chittagong/chi_cate_17/sentence_25.wav,ATM কোথায় আছে?,chittagong,chi_cate_17
sentence_26.wav,dataset/chunks/chittagong/chi_cate_17/sentence_26.wav,আমার ডেবিট কার্ড হারিয়েছে।,chittagong,chi_cate_17
sentence_27.wav,dataset/chunks/chittagong/chi_cate_17/sentence_27.wav,আমি বিকাশ ব্যালেন্স চেক করতে চাই।,chittagong,chi_cate_17
sentence_28.wav,dataset/chunks/chittagong/chi_cate_17/sentence_28.wav,ব্যাংক অ্যাকাউন্ট কতদিনে খোলা হয়?,chittagong,chi_cate_17
sentence_29.wav,dataset/chunks/chittagong/chi_cate_17/sentence_29.wav,আমি মোবাইল ব্যাংকিং ব্যবহার করতে চাই।,chittagong,chi_cate_17
sentence_30.wav,dataset/chunks/chittagong/chi_cate_17/sentence_30.wav,আমি টাকা পাঠিয়েছি কিন্তু পাওয়া যায়নি।,chittagong,chi_cate_17
sentence_31.wav,dataset/chunks/chittagong/chi_cate_17/sentence_31.wav,আমি লোন পরিশোধ করতে চাই।,chittagong,chi_cate_17
sentence_32.wav,dataset/chunks/chittagong/chi_cate_17/sentence_32.wav,ATM থেকে টাকা তুলতে সমস্যা।,chittagong,chi_cate_17
sentence_33.wav,dataset/chunks/chittagong/chi_cate_17/sentence_33.wav,ব্যাংকের চেক অনুমোদিত হয়েছে কি?,chittagong,chi_cate_17
sentence_34.wav,dataset/chunks/chittagong/chi_cate_17/sentence_34.wav,আমি বিকাশে টাকা জমা দিতে চাই।,chittagong,chi_cate_17
sentence_35.wav,dataset/chunks/chittagong/chi_cate_17/sentence_35.wav,আমার ক্রেডিট কার্ড লিমিট কত?,chittagong,chi_cate_17
sentence_36.wav,dataset/chunks/chittagong/chi_cate_17/sentence_36.wav,আমি ব্যাংক খোলা আছে কিনা জানতে চাই।,chittagong,chi_cate_17
sentence_37.wav,dataset/chunks/chittagong/chi_cate_17/sentence_37.wav,আমার অ্যাকাউন্ট নম্বর ভুল।,chittagong,chi_cate_17
sentence_38.wav,dataset/chunks/chittagong/chi_cate_17/sentence_38.wav,আমি ফান্ড রিসিভ করতে পারছি না।,chittagong,chi_cate_17
sentence_39.wav,dataset/chunks/chittagong/chi_cate_17/sentence_39.wav,ব্যাংক সেবা ধীর।,chittagong,chi_cate_17
sentence_40.wav,dataset/chunks/chittagong/chi_cate_17/sentence_40.wav,আমি বিকাশের পিন পরিবর্তন করতে চাই।,chittagong,chi_cate_17
sentence_41.wav,dataset/chunks/chittagong/chi_cate_17/sentence_41.wav,আমি একটি ট্রান্সফার করতে চাই।,chittagong,chi_cate_17
sentence_42.wav,dataset/chunks/chittagong/chi_cate_17/sentence_42.wav,ব্যাংকের কনসাল্ট্যান্ট কোথায় আছে?,chittagong,chi_cate_17
sentence_43.wav,dataset/chunks/chittagong/chi_cate_17/sentence_43.wav,আমার অ্যাকাউন্টে লেনদেন দেখা যায় না।,chittagong,chi_cate_17
sentence_44.wav,dataset/chunks/chittagong/chi_cate_17/sentence_44.wav,আমি নতুন ATM কার্ড চাই।,chittagong,chi_cate_17
sentence_45.wav,dataset/chunks/chittagong/chi_cate_17/sentence_45.wav,বিকাশে লেনদেন বাতিল হয়েছে।,chittagong,chi_cate_17
sentence_46.wav,dataset/chunks/chittagong/chi_cate_17/sentence_46.wav,ব্যাংকের চেক যাচাই হয়েছে কি?,chittagong,chi_cate_17
sentence_47.wav,dataset/chunks/chittagong/chi_cate_17/sentence_47.wav,আমি ফান্ড ট্রান্সফার করতে পারছি না।,chittagong,chi_cate_17
sentence_48.wav,dataset/chunks/chittagong/chi_cate_17/sentence_48.wav,আমার অ্যাকাউন্টে টাকা কমেছে।,chittagong,chi_cate_17
sentence_49.wav,dataset/chunks/chittagong/chi_cate_17/sentence_49.wav,আমি লোন স্ট্যাটাস জানতে চাই।,chittagong,chi_cate_17
sentence_50.wav,dataset/chunks/chittagong/chi_cate_17/sentence_50.wav,ATM খুব ব্যস্ত।,chittagong,chi_cate_17
sentence_51.wav,dataset/chunks/chittagong/chi_cate_17/sentence_51.wav,আমি বিকাশে নতুন নাম্বার রেজিস্টার করতে চাই।,chittagong,chi_cate_17
sentence_52.wav,dataset/chunks/chittagong/chi_cate_17/sentence_52.wav,ব্যাংকের ফি খুব বেশি।,chittagong,chi_cate_17
sentence_53.wav,dataset/chunks/chittagong/chi_cate_17/sentence_53.wav,আমি অনলাইন পেমেন্ট করতে চাই।,chittagong,chi_cate_17
sentence_54.wav,dataset/chunks/chittagong/chi_cate_17/sentence_54.wav,আমার অ্যাকাউন্টে লেনদেন বন্ধ।,chittagong,chi_cate_17
sentence_55.wav,dataset/chunks/chittagong/chi_cate_17/sentence_55.wav,আমি চেক জমা দিতে পারছি না।,chittagong,chi_cate_17
sentence_56.wav,dataset/chunks/chittagong/chi_cate_17/sentence_56.wav,বিকাশে টাকা স্থানান্তর করতে সমস্যা।,chittagong,chi_cate_17
sentence_57.wav,dataset/chunks/chittagong/chi_cate_17/sentence_57.wav,ব্যাংকের সময়সূচি পরিবর্তন হয়েছে।,chittagong,chi_cate_17
sentence_58.wav,dataset/chunks/chittagong/chi_cate_17/sentence_58.wav,আমি ক্রেডিট কার্ড একটিভ করতে চাই।,chittagong,chi_cate_17
sentence_59.wav,dataset/chunks/chittagong/chi_cate_17/sentence_59.wav,আমার লোন অ্যাপ্লিকেশন পেন্ডিং আছে।,chittagong,chi_cate_17
sentence_60.wav,dataset/chunks/chittagong/chi_cate_17/sentence_60.wav,ATM থেকে লেনদেন বাতিল হয়েছে।,chittagong,chi_cate_17
sentence_61.wav,dataset/chunks/chittagong/chi_cate_17/sentence_61.wav,আমি বিকাশে টাকা রিফান্ড চাই।,chittagong,chi_cate_17
sentence_62.wav,dataset/chunks/chittagong/chi_cate_17/sentence_62.wav,ব্যাংকের সার্ভিস খারাপ।,chittagong,chi_cate_17
sentence_63.wav,dataset/chunks/chittagong/chi_cate_17/sentence_63.wav,আমি আমার অ্যাকাউন্ট বন্ধ করতে চাই।,chittagong,chi_cate_17
sentence_64.wav,dataset/chunks/chittagong/chi_cate_17/sentence_64.wav,আমার ডেবিট কার্ড ব্লক হয়েছে।,chittagong,chi_cate_17
sentence_65.wav,dataset/chunks/chittagong/chi_cate_17/sentence_65.wav,আমি ফান্ড রিসিভ করতে পারছি না।,chittagong,chi_cate_17
sentence_66.wav,dataset/chunks/chittagong/chi_cate_17/sentence_66.wav,ব্যাংকের লাইন অনেক লম্বা।,chittagong,chi_cate_17
sentence_67.wav,dataset/chunks/chittagong/chi_cate_17/sentence_67.wav,আমি ক্রেডিট কার্ড বন্ধ করতে চাই।,chittagong,chi_cate_17
sentence_68.wav,dataset/chunks/chittagong/chi_cate_17/sentence_68.wav,আমার অ্যাকাউন্টে টাকা জমা হয়নি।,chittagong,chi_cate_17
sentence_69.wav,dataset/chunks/chittagong/chi_cate_17/sentence_69.wav,আমি বিকাশে লেনদেনের হিস্ট্রি দেখতে চাই।,chittagong,chi_cate_17
sentence_70.wav,dataset/chunks/chittagong/chi_cate_17/sentence_70.wav,ব্যাংকের লোন প্রক্রিয়া ধীর।,chittagong,chi_cate_17
sentence_01.wav,dataset/chunks/chittagong/chi_cate_18/sentence_01.wav,আমি খুব খুশি।,chittagong,chi_cate_18
sentence_02.wav,dataset/chunks/chittagong/chi_cate_18/sentence_02.wav,তুমি কীভাবে অনুভব করছো?,chittagong,chi_cate_18
sentence_03.wav,dataset/chunks/chittagong/chi_cate_18/sentence_03.wav,আমি দুঃখিত।,chittagong,chi_cate_18
sentence_04.wav,dataset/chunks/chittagong/chi_cate_18/sentence_04.wav,এটা সত্যিই দুঃখজনক।,chittagong,chi_cate_18
sentence_05.wav,dataset/chunks/chittagong/chi_cate_18/sentence_05.wav,আমি রাগান্বিত।,chittagong,chi_cate_18
sentence_06.wav,dataset/chunks/chittagong/chi_cate_18/sentence_06.wav,তুমি কেন রাগ করছো?,chittagong,chi_cate_18
sentence_07.wav,dataset/chunks/chittagong/chi_cate_18/sentence_07.wav,আমি উত্তেজিত।,chittagong,chi_cate_18
sentence_08.wav,dataset/chunks/chittagong/chi_cate_18/sentence_08.wav,এটা আমার জন্য আশ্চর্যজনক।,chittagong,chi_cate_18
sentence_09.wav,dataset/chunks/chittagong/chi_cate_18/sentence_09.wav,আমি ভীত।,chittagong,chi_cate_18
sentence_10.wav,dataset/chunks/chittagong/chi_cate_18/sentence_10.wav,তুমি কেন ভয় পাচ্ছো?,chittagong,chi_cate_18
sentence_11.wav,dataset/chunks/chittagong/chi_cate_18/sentence_11.wav,আমি দারুণ খুশি।,chittagong,chi_cate_18
sentence_12.wav,dataset/chunks/chittagong/chi_cate_18/sentence_12.wav,এটা সত্যিই আমাকে কষ্ট দিচ্ছে।,chittagong,chi_cate_18
sentence_13.wav,dataset/chunks/chittagong/chi_cate_18/sentence_13.wav,আমি হতাশ।,chittagong,chi_cate_18
sentence_14.wav,dataset/chunks/chittagong/chi_cate_18/sentence_14.wav,তুমি খুব আনন্দিত দেখাচ্ছো।,chittagong,chi_cate_18
sentence_15.wav,dataset/chunks/chittagong/chi_cate_18/sentence_15.wav,আমি অবাক।,chittagong,chi_cate_18
sentence_16.wav,dataset/chunks/chittagong/chi_cate_18/sentence_16.wav,এটা আমার জন্য দুঃসংবাদ।,chittagong,chi_cate_18
sentence_17.wav,dataset/chunks/chittagong/chi_cate_18/sentence_17.wav,আমি খুব দুঃখিত।,chittagong,chi_cate_18
sentence_18.wav,dataset/chunks/chittagong/chi_cate_18/sentence_18.wav,তুমি কি খুশি?,chittagong,chi_cate_18
sentence_19.wav,dataset/chunks/chittagong/chi_cate_18/sentence_19.wav,আমি উত্তেজিত অনুভব করছি।,chittagong,chi_cate_18
sentence_20.wav,dataset/chunks/chittagong/chi_cate_18/sentence_20.wav,আমি রাগান্বিত হয়ে যাচ্ছি।,chittagong,chi_cate_18
sentence_21.wav,dataset/chunks/chittagong/chi_cate_18/sentence_21.wav,এটা সত্যিই অবাক করা।,chittagong,chi_cate_18
sentence_22.wav,dataset/chunks/chittagong/chi_cate_18/sentence_22.wav,"আমি দুঃখিত, এটা আমার দোষ।",chittagong,chi_cate_18
sentence_23.wav,dataset/chunks/chittagong/chi_cate_18/sentence_23.wav,তুমি কেমন অনুভব করছো?,chittagong,chi_cate_18
sentence_24.wav,dataset/chunks/chittagong/chi_cate_18/sentence_24.wav,আমি শান্ত।,chittagong,chi_cate_18
sentence_25.wav,dataset/chunks/chittagong/chi_cate_18/sentence_25.wav,এটা আমাকে আনন্দিত করছে।,chittagong,chi_cate_18
sentence_26.wav,dataset/chunks/chittagong/chi_cate_18/sentence_26.wav,আমি চিন্তিত।,chittagong,chi_cate_18
sentence_27.wav,dataset/chunks/chittagong/chi_cate_18/sentence_27.wav,আমি হতাশ হয়ে যাচ্ছি।,chittagong,chi_cate_18
sentence_28.wav,dataset/chunks/chittagong/chi_cate_18/sentence_28.wav,তুমি রাগান্বিত না তো?,chittagong,chi_cate_18
sentence_29.wav,dataset/chunks/chittagong/chi_cate_18/sentence_29.wav,আমি সত্যিই আনন্দিত।,chittagong,chi_cate_18
sentence_30.wav,dataset/chunks/chittagong/chi_cate_18/sentence_30.wav,এটা আমাকে বিরক্ত করছে।,chittagong,chi_cate_18
sentence_31.wav,dataset/chunks/chittagong/chi_cate_18/sentence_31.wav,আমি অবাক হয়ে গেলাম।,chittagong,chi_cate_18
sentence_32.wav,dataset/chunks/chittagong/chi_cate_18/sentence_32.wav,আমি খুব ভীত।,chittagong,chi_cate_18
sentence_33.wav,dataset/chunks/chittagong/chi_cate_18/sentence_33.wav,তুমি আনন্দিত দেখাচ্ছো।,chittagong,chi_cate_18
sentence_34.wav,dataset/chunks/chittagong/chi_cate_18/sentence_34.wav,আমি হতাশ অনুভব করছি।,chittagong,chi_cate_18
sentence_35.wav,dataset/chunks/chittagong/chi_cate_18/sentence_35.wav,আমি রাগান্বিত হয়ে গিয়েছি।,chittagong,chi_cate_18
sentence_36.wav,dataset/chunks/chittagong/chi_cate_18/sentence_36.wav,এটা আমাকে আনন্দ দিচ্ছে।,chittagong,chi_cate_18
sentence_37.wav,dataset/chunks/chittagong/chi_cate_18/sentence_37.wav,আমি উদ্বিগ্ন।,chittagong,chi_cate_18
sentence_38.wav,dataset/chunks/chittagong/chi_cate_18/sentence_38.wav,তুমি কেন দুঃখিত?,chittagong,chi_cate_18
sentence_39.wav,dataset/chunks/chittagong/chi_cate_18/sentence_39.wav,আমি খুব খুশি অনুভব করছি।,chittagong,chi_cate_18
sentence_40.wav,dataset/chunks/chittagong/chi_cate_18/sentence_40.wav,এটা সত্যিই বিরক্তিকর।,chittagong,chi_cate_18
sentence_41.wav,dataset/chunks/chittagong/chi_cate_18/sentence_41.wav,আমি আশ্চর্য।,chittagong,chi_cate_18
sentence_42.wav,dataset/chunks/chittagong/chi_cate_18/sentence_42.wav,তুমি ভয় পাচ্ছো কেন?,chittagong,chi_cate_18
sentence_43.wav,dataset/chunks/chittagong/chi_cate_18/sentence_43.wav,আমি খুব আনন্দিত।,chittagong,chi_cate_18
sentence_44.wav,dataset/chunks/chittagong/chi_cate_18/sentence_44.wav,এটা আমাকে দুঃখিত করছে।,chittagong,chi_cate_18
sentence_45.wav,dataset/chunks/chittagong/chi_cate_18/sentence_45.wav,আমি রাগ অনুভব করছি।,chittagong,chi_cate_18
sentence_46.wav,dataset/chunks/chittagong/chi_cate_18/sentence_46.wav,তুমি উত্তেজিত নাকি?,chittagong,chi_cate_18
sentence_47.wav,dataset/chunks/chittagong/chi_cate_18/sentence_47.wav,আমি অবাক হয়ে যাচ্ছি।,chittagong,chi_cate_18
sentence_48.wav,dataset/chunks/chittagong/chi_cate_18/sentence_48.wav,এটা সত্যিই দারুণ।,chittagong,chi_cate_18
sentence_49.wav,dataset/chunks/chittagong/chi_cate_18/sentence_49.wav,আমি শান্ত অনুভব করছি।,chittagong,chi_cate_18
sentence_50.wav,dataset/chunks/chittagong/chi_cate_18/sentence_50.wav,তুমি দুঃখিত নাকি?,chittagong,chi_cate_18
sentence_51.wav,dataset/chunks/chittagong/chi_cate_18/sentence_51.wav,আমি খুব চিন্তিত।,chittagong,chi_cate_18
sentence_52.wav,dataset/chunks/chittagong/chi_cate_18/sentence_52.wav,এটা আমাকে বিরক্ত করছে।,chittagong,chi_cate_18
sentence_53.wav,dataset/chunks/chittagong/chi_cate_18/sentence_53.wav,আমি আনন্দ অনুভব করছি।,chittagong,chi_cate_18
sentence_54.wav,dataset/chunks/chittagong/chi_cate_18/sentence_54.wav,তুমি রাগান্বিত নাকি?,chittagong,chi_cate_18
sentence_55.wav,dataset/chunks/chittagong/chi_cate_18/sentence_55.wav,আমি আশ্চর্য অনুভব করছি।,chittagong,chi_cate_18
sentence_56.wav,dataset/chunks/chittagong/chi_cate_18/sentence_56.wav,এটা আমাকে উত্তেজিত করছে।,chittagong,chi_cate_18
sentence_57.wav,dataset/chunks/chittagong/chi_cate_18/sentence_57.wav,"আমি দুঃখিত, আমি কিছু করতে পারিনি।",chittagong,chi_cate_18
sentence_58.wav,dataset/chunks/chittagong/chi_cate_18/sentence_58.wav,তুমি খুশি নাকি?,chittagong,chi_cate_18
sentence_59.wav,dataset/chunks/chittagong/chi_cate_18/sentence_59.wav,আমি খুব ভীত অনুভব করছি।,chittagong,chi_cate_18
sentence_60.wav,dataset/chunks/chittagong/chi_cate_18/sentence_60.wav,এটা সত্যিই দুঃখজনক।,chittagong,chi_cate_18
sentence_61.wav,dataset/chunks/chittagong/chi_cate_18/sentence_61.wav,আমি রাগান্বিত হয়ে যাচ্ছি।,chittagong,chi_cate_18
sentence_62.wav,dataset/chunks/chittagong/chi_cate_18/sentence_62.wav,তুমি উদ্বিগ্ন নাকি?,chittagong,chi_cate_18
sentence_63.wav,dataset/chunks/chittagong/chi_cate_18/sentence_63.wav,আমি খুব আনন্দিত অনুভব করছি।,chittagong,chi_cate_18
sentence_64.wav,dataset/chunks/chittagong/chi_cate_18/sentence_64.wav,এটা আমাকে হতাশ করছে।,chittagong,chi_cate_18
sentence_65.wav,dataset/chunks/chittagong/chi_cate_18/sentence_65.wav,আমি শান্ত অনুভব করছি।,chittagong,chi_cate_18
sentence_66.wav,dataset/chunks/chittagong/chi_cate_18/sentence_66.wav,তুমি দারুণ খুশি দেখাচ্ছো।,chittagong,chi_cate_18
sentence_67.wav,dataset/chunks/chittagong/chi_cate_18/sentence_67.wav,আমি বিরক্ত অনুভব করছি।,chittagong,chi_cate_18
sentence_68.wav,dataset/chunks/chittagong/chi_cate_18/sentence_68.wav,এটা আমাকে অবাক করছে।,chittagong,chi_cate_18
sentence_69.wav,dataset/chunks/chittagong/chi_cate_18/sentence_69.wav,আমি উত্তেজিত হয়ে যাচ্ছি।,chittagong,chi_cate_18
sentence_70.wav,dataset/chunks/chittagong/chi_cate_18/sentence_70.wav,আমি সত্যিই খুশি।,chittagong,chi_cate_18
sentence_01.wav,dataset/chunks/noakhali/noa_Cate_08/sentence_01.wav,আপনি কোথা থেকে এসেছেন?,noakhali,noa_cate_08
sentence_02.wav,dataset/chunks/noakhali/noa_Cate_08/sentence_02.wav,আপনার নাম কী?,noakhali,noa_cate_08
sentence_03.wav,dataset/chunks/noakhali/noa_Cate_08/sentence_03.wav,আমার নাম জন।,noakhali,noa_cate_08
sentence_04.wav,dataset/chunks/noakhali/noa_Cate_08/sentence_04.wav,আপনার সাথে পরিচিত হয়ে ভালো লাগলো।,noakhali,noa_cate_08
sentence_05.wav,dataset/chunks/noakhali/noa_Cate_08/sentence_05.wav,আমি এই এলাকায় নতুন।,noakhali,noa_cate_08
sentence_06.wav,dataset/chunks/noakhali/noa_Cate_08/sentence_06.wav,আপনি কি এখানে থাকেন?,noakhali,noa_cate_08
sentence_07.wav,dataset/chunks/noakhali/noa_Cate_08/sentence_07.wav,আপনি কি প্রথমবার এখানে এসেছেন?,noakhali,noa_cate_08
sentence_08.wav,dataset/chunks/noakhali/noa_Cate_08/sentence_08.wav,আমি বাংলাদেশে ভ্রমণে এসেছি।,noakhali,noa_cate_08
sentence_09.wav,dataset/chunks/noakhali/noa_Cate_08/sentence_09.wav,আপনি কী করেন?,noakhali,noa_cate_08
sentence_10.wav,dataset/chunks/noakhali/noa_Cate_08/sentence_10.wav,আমি একজন ছাত্র।,noakhali,noa_cate_08
sentence_11.wav,dataset/chunks/noakhali/noa_Cate_08/sentence_11.wav,আপনার বাড়ি কোথায়?,noakhali,noa_cate_08
sentence_12.wav,dataset/chunks/noakhali/noa_Cate_08/sentence_12.wav,আপনি কেমন আছেন?,noakhali,noa_cate_08
sentence_13.wav,dataset/chunks/noakhali/noa_Cate_08/sentence_13.wav,আমি ভালো আছি।,noakhali,noa_cate_08
sentence_14.wav,dataset/chunks/noakhali/noa_Cate_08/sentence_14.wav,অনেক দিন পর দেখা হলো।,noakhali,noa_cate_08
sentence_15.wav,dataset/chunks/noakhali/noa_Cate_08/sentence_15.wav,আপনাকে আবার দেখে ভালো লাগছে।,noakhali,noa_cate_08
sentence_16.wav,dataset/chunks/noakhali/noa_Cate_08/sentence_16.wav,আপনি কি আমাকে সাহায্য করতে পারবেন?,noakhali,noa_cate_08
sentence_17.wav,dataset/chunks/noakhali/noa_Cate_08/sentence_17.wav,আপনার সাথে কথা বলে ভালো লাগছে।,noakhali,noa_cate_08
sentence_18.wav,dataset/chunks/noakhali/noa_Cate_08/sentence_18.wav,আমি এখানে কাজের জন্য এসেছি।,noakhali,noa_cate_08
sentence_19.wav,dataset/chunks/noakhali/noa_Cate_08/sentence_19.wav,আপনি কোন দেশ থেকে এসেছেন?,noakhali,noa_cate_08
sentence_20.wav,dataset/chunks/noakhali/noa_Cate_08/sentence_20.wav,আমি ইংরেজি বলতে পারি।,noakhali,noa_cate_08
sentence_21.wav,dataset/chunks/noakhali/noa_Cate_08/sentence_21.wav,আপনি কি বাংলা বলতে পারেন?,noakhali,noa_cate_08
sentence_22.wav,dataset/chunks/noakhali/noa_Cate_08/sentence_22.wav,আমি বাংলা শিখছি।,noakhali,noa_cate_08
sentence_23.wav,dataset/chunks/noakhali/noa_Cate_08/sentence_23.wav,ধন্যবাদ আপনাকে।,noakhali,noa_cate_08
sentence_24.wav,dataset/chunks/noakhali/noa_Cate_08/sentence_24.wav,আপনাকে স্বাগতম।,noakhali,noa_cate_08
sentence_25.wav,dataset/chunks/noakhali/noa_Cate_08/sentence_25.wav,আপনার বয়স কত?,noakhali,noa_cate_08
sentence_26.wav,dataset/chunks/noakhali/noa_Cate_08/sentence_26.wav,আমি এখানে পড়াশোনা করছি।,noakhali,noa_cate_08
sentence_27.wav,dataset/chunks/noakhali/noa_Cate_08/sentence_27.wav,আমি এই শহরটি পছন্দ করি।,noakhali,noa_cate_08
sentence_28.wav,dataset/chunks/noakhali/noa_Cate_08/sentence_28.wav,আপনার পরিবার কেমন আছে?,noakhali,noa_cate_08
sentence_29.wav,dataset/chunks/noakhali/noa_Cate_08/sentence_29.wav,আপনার সাথে দেখা করতে পেরে আনন্দিত।,noakhali,noa_cate_08
sentence_30.wav,dataset/chunks/noakhali/noa_Cate_08/sentence_30.wav,আপনি কি এখানে দীর্ঘদিন থাকবেন?,noakhali,noa_cate_08
sentence_31.wav,dataset/chunks/noakhali/noa_Cate_08/sentence_31.wav,আমি কয়েকদিনের জন্য এসেছি।,noakhali,noa_cate_08
sentence_32.wav,dataset/chunks/noakhali/noa_Cate_08/sentence_32.wav,আপনার সাথে যোগাযোগ রাখতে চাই।,noakhali,noa_cate_08
sentence_33.wav,dataset/chunks/noakhali/noa_Cate_08/sentence_33.wav,এটা আমার প্রথম সফর।,noakhali,noa_cate_08
sentence_34.wav,dataset/chunks/noakhali/noa_Cate_08/sentence_34.wav,আমি আপনার দেশ সম্পর্কে জানতে চাই।,noakhali,noa_cate_08
sentence_35.wav,dataset/chunks/noakhali/noa_Cate_08/sentence_35.wav,আপনি কোথায় কাজ করেন?,noakhali,noa_cate_08
sentence_36.wav,dataset/chunks/noakhali/noa_Cate_08/sentence_36.wav,আপনার ফোন নম্বর দিতে পারেন?,noakhali,noa_cate_08
sentence_37.wav,dataset/chunks/noakhali/noa_Cate_08/sentence_37.wav,আমি আপনার সাথে পরে কথা বলবো।,noakhali,noa_cate_08
sentence_38.wav,dataset/chunks/noakhali/noa_Cate_08/sentence_38.wav,আপনাকে দেখে ভালো লাগলো।,noakhali,noa_cate_08
sentence_39.wav,dataset/chunks/noakhali/noa_Cate_08/sentence_39.wav,আপনি কি এখানে একা এসেছেন?,noakhali,noa_cate_08
sentence_40.wav,dataset/chunks/noakhali/noa_Cate_08/sentence_40.wav,আমি আমার বন্ধুর সাথে এসেছি।,noakhali,noa_cate_08
sentence_41.wav,dataset/chunks/noakhali/noa_Cate_08/sentence_41.wav,আপনার পেশা কী?,noakhali,noa_cate_08
sentence_42.wav,dataset/chunks/noakhali/noa_Cate_08/sentence_42.wav,আমি একজন শিক্ষক।,noakhali,noa_cate_08
sentence_43.wav,dataset/chunks/noakhali/noa_Cate_08/sentence_43.wav,আপনার সাথে কাজ করতে চাই।,noakhali,noa_cate_08
sentence_44.wav,dataset/chunks/noakhali/noa_Cate_08/sentence_44.wav,আজকে আবহাওয়া সুন্দর।,noakhali,noa_cate_08
sentence_45.wav,dataset/chunks/noakhali/noa_Cate_08/sentence_45.wav,আপনি কি এখানে থাকেন নাকি ভ্রমণে এসেছেন?,noakhali,noa_cate_08
sentence_46.wav,dataset/chunks/noakhali/noa_Cate_08/sentence_46.wav,আমি এই জায়গাটি প্রথমবার দেখছি।,noakhali,noa_cate_08
sentence_47.wav,dataset/chunks/noakhali/noa_Cate_08/sentence_47.wav,আপনার সাথে পরিচয় হওয়া আমার জন্য সম্মানের।,noakhali,noa_cate_08
sentence_48.wav,dataset/chunks/noakhali/noa_Cate_08/sentence_48.wav,আপনি কোন ভাষায় কথা বলেন?,noakhali,noa_cate_08
sentence_49.wav,dataset/chunks/noakhali/noa_Cate_08/sentence_49.wav,আমি আপনার কাছ থেকে শিখতে চাই।,noakhali,noa_cate_08
sentence_50.wav,dataset/chunks/noakhali/noa_Cate_08/sentence_50.wav,আমি খুব আনন্দিত।,noakhali,noa_cate_08
sentence_51.wav,dataset/chunks/noakhali/noa_Cate_08/sentence_51.wav,আপনার দিনটি কেমন কাটছে?,noakhali,noa_cate_08
sentence_52.wav,dataset/chunks/noakhali/noa_Cate_08/sentence_52.wav,আমি একটু দেরি করেছি।,noakhali,noa_cate_08
sentence_53.wav,dataset/chunks/noakhali/noa_Cate_08/sentence_53.wav,আপনাকে অপেক্ষা করানোর জন্য দুঃখিত।,noakhali,noa_cate_08
sentence_54.wav,dataset/chunks/noakhali/noa_Cate_08/sentence_54.wav,আপনার সাথে আবার দেখা হবে আশা করি।,noakhali,noa_cate_08
sentence_55.wav,dataset/chunks/noakhali/noa_Cate_08/sentence_55.wav,আপনি কি কাছাকাছি থাকেন?,noakhali,noa_cate_08
sentence_56.wav,dataset/chunks/noakhali/noa_Cate_08/sentence_56.wav,আমি আপনার সাহায্যের জন্য কৃতজ্ঞ।,noakhali,noa_cate_08
sentence_57.wav,dataset/chunks/noakhali/noa_Cate_08/sentence_57.wav,আপনাকে শুভেচ্ছা জানাই।,noakhali,noa_cate_08
sentence_58.wav,dataset/chunks/noakhali/noa_Cate_08/sentence_58.wav,আপনার দিনটি শুভ হোক।,noakhali,noa_cate_08
sentence_59.wav,dataset/chunks/noakhali/noa_Cate_08/sentence_59.wav,আপনার সাথে কথা বলা আনন্দের ছিল।,noakhali,noa_cate_08
sentence_60.wav,dataset/chunks/noakhali/noa_Cate_08/sentence_60.wav,আমি আপনাকে সম্মান করি।,noakhali,noa_cate_08
sentence_61.wav,dataset/chunks/noakhali/noa_Cate_08/sentence_61.wav,আমি এখানে কাজ শুরু করেছি।,noakhali,noa_cate_08
sentence_62.wav,dataset/chunks/noakhali/noa_Cate_08/sentence_62.wav,আপনি কখন এসেছেন?,noakhali,noa_cate_08
sentence_63.wav,dataset/chunks/noakhali/noa_Cate_08/sentence_63.wav,আমি গতকাল এসেছি।,noakhali,noa_cate_08
sentence_64.wav,dataset/chunks/noakhali/noa_Cate_08/sentence_64.wav,আপনি কতদিন থাকবেন?,noakhali,noa_cate_08
sentence_65.wav,dataset/chunks/noakhali/noa_Cate_08/sentence_65.wav,আমি এক সপ্তাহ থাকবো।,noakhali,noa_cate_08
sentence_66.wav,dataset/chunks/noakhali/noa_Cate_08/sentence_66.wav,আপনার সাথে বন্ধুত্ব করতে চাই।,noakhali,noa_cate_08
sentence_67.wav,dataset/chunks/noakhali/noa_Cate_08/sentence_67.wav,আপনি খুব ভদ্র মানুষ।,noakhali,noa_cate_08
sentence_68.wav,dataset/chunks/noakhali/noa_Cate_08/sentence_68.wav,আমি আপনাকে ধন্যবাদ জানাই।,noakhali,noa_cate_08
sentence_69.wav,dataset/chunks/noakhali/noa_Cate_08/sentence_69.wav,আপনার সাথে দেখা হওয়া সৌভাগ্যের।,noakhali,noa_cate_08
sentence_70.wav,dataset/chunks/noakhali/noa_Cate_08/sentence_70.wav,আমি আপনার সাথে আবার যোগাযোগ করবো।,noakhali,noa_cate_08
sentence_01.wav,dataset/chunks/noakhali/noa_cate _01/sentence_01.wav,বাস স্ট্যান্ড কোথায়?,noakhali,noa_cate_01
sentence_02.wav,dataset/chunks/noakhali/noa_cate _01/sentence_02.wav,এই রাস্তাটি কোথায় যায়?,noakhali,noa_cate_01
sentence_03.wav,dataset/chunks/noakhali/noa_cate _01/sentence_03.wav,রেলওয়ে স্টেশন কত দূরে?,noakhali,noa_cate_01
sentence_04.wav,dataset/chunks/noakhali/noa_cate _01/sentence_04.wav,বিমানবন্দর যাওয়ার রাস্তা কোনটি?,noakhali,noa_cate_01
sentence_05.wav,dataset/chunks/noakhali/noa_cate _01/sentence_05.wav,বাজারে যেতে কোন বাসে উঠবো?,noakhali,noa_cate_01
sentence_06.wav,dataset/chunks/noakhali/noa_cate _01/sentence_06.wav,এই বাস কি ঢাকায় যাবে?,noakhali,noa_cate_01
sentence_07.wav,dataset/chunks/noakhali/noa_cate _01/sentence_07.wav,ভাড়া কত?,noakhali,noa_cate_01
sentence_08.wav,dataset/chunks/noakhali/noa_cate _01/sentence_08.wav,রিকশার ভাড়া কত নেবেন?,noakhali,noa_cate_01
sentence_09.wav,dataset/chunks/noakhali/noa_cate _01/sentence_09.wav,আমাকে হাসপাতালে নিয়ে চলুন।,noakhali,noa_cate_01
sentence_10.wav,dataset/chunks/noakhali/noa_cate _01/sentence_10.wav,এই ট্রেন কখন ছাড়বে?,noakhali,noa_cate_01
sentence_11.wav,dataset/chunks/noakhali/noa_cate _01/sentence_11.wav,ট্রেন কত নম্বর প্ল্যাটফর্মে আসবে?,noakhali,noa_cate_01
sentence_12.wav,dataset/chunks/noakhali/noa_cate _01/sentence_12.wav,এখানে কি টিকিট কাউন্টার আছে?,noakhali,noa_cate_01
sentence_13.wav,dataset/chunks/noakhali/noa_cate _01/sentence_13.wav,"এক টিকিট দিন, চট্টগ্রামের জন্য।",noakhali,noa_cate_01
sentence_14.wav,dataset/chunks/noakhali/noa_cate _01/sentence_14.wav,বাস কখন ছাড়বে?,noakhali,noa_cate_01
sentence_15.wav,dataset/chunks/noakhali/noa_cate _01/sentence_15.wav,এই রাস্তায় কি যানজট হয়?,noakhali,noa_cate_01
sentence_16.wav,dataset/chunks/noakhali/noa_cate _01/sentence_16.wav,সোজা গেলে কি ব্যাংক পাবো?,noakhali,noa_cate_01
sentence_17.wav,dataset/chunks/noakhali/noa_cate _01/sentence_17.wav,ডানদিকে গেলে কি হাসপাতাল?,noakhali,noa_cate_01
sentence_18.wav,dataset/chunks/noakhali/noa_cate _01/sentence_18.wav,বামদিকে মোড় নিন।,noakhali,noa_cate_01
sentence_19.wav,dataset/chunks/noakhali/noa_cate _01/sentence_19.wav,সোজা এগিয়ে যান।,noakhali,noa_cate_01
sentence_20.wav,dataset/chunks/noakhali/noa_cate _01/sentence_20.wav,এই জায়গাটা কত দূরে?,noakhali,noa_cate_01
sentence_21.wav,dataset/chunks/noakhali/noa_cate _01/sentence_21.wav,হাঁটলে কত সময় লাগবে?,noakhali,noa_cate_01
sentence_22.wav,dataset/chunks/noakhali/noa_cate _01/sentence_22.wav,গাড়ি পাওয়া যাবে কোথায়?,noakhali,noa_cate_01
sentence_23.wav,dataset/chunks/noakhali/noa_cate _01/sentence_23.wav,এখানে কি উবার পাওয়া যায়?,noakhali,noa_cate_01
sentence_24.wav,dataset/chunks/noakhali/noa_cate _01/sentence_24.wav,আপনি কি আমাকে পথ দেখাতে পারবেন?,noakhali,noa_cate_01
sentence_25.wav,dataset/chunks/noakhali/noa_cate _01/sentence_25.wav,এই রাস্তা কি নিরাপদ?,noakhali,noa_cate_01
sentence_26.wav,dataset/chunks/noakhali/noa_cate _01/sentence_26.wav,এখানে কি পার্কিং আছে?,noakhali,noa_cate_01
sentence_27.wav,dataset/chunks/noakhali/noa_cate _01/sentence_27.wav,গাড়ি রাখার জায়গা কোথায়?,noakhali,noa_cate_01
sentence_28.wav,dataset/chunks/noakhali/noa_cate _01/sentence_28.wav,এই ট্রেন কি সময়মতো আসবে?,noakhali,noa_cate_01
sentence_29.wav,dataset/chunks/noakhali/noa_cate _01/sentence_29.wav,বাসে কি সিট খালি আছে?,noakhali,noa_cate_01
sentence_30.wav,dataset/chunks/noakhali/noa_cate _01/sentence_30.wav,এই বাস কি সরাসরি যাবে?,noakhali,noa_cate_01
sentence_31.wav,dataset/chunks/noakhali/noa_cate _01/sentence_31.wav,মাঝপথে কি নামতে পারবো?,noakhali,noa_cate_01
sentence_32.wav,dataset/chunks/noakhali/noa_cate _01/sentence_32.wav,আমাকে পরের স্টপে নামিয়ে দিন।,noakhali,noa_cate_01
sentence_33.wav,dataset/chunks/noakhali/noa_cate _01/sentence_33.wav,এই রাস্তা কি শর্টকাট?,noakhali,noa_cate_01
sentence_34.wav,dataset/chunks/noakhali/noa_cate _01/sentence_34.wav,এখানে কি ট্যাক্সি স্ট্যান্ড আছে?,noakhali,noa_cate_01
sentence_35.wav,dataset/chunks/noakhali/noa_cate _01/sentence_35.wav,গন্তব্যে পৌঁছাতে কত সময় লাগবে?,noakhali,noa_cate_01
sentence_36.wav,dataset/chunks/noakhali/noa_cate _01/sentence_36.wav,রিকশা কি পাওয়া যাবে?,noakhali,noa_cate_01
sentence_37.wav,dataset/chunks/noakhali/noa_cate _01/sentence_37.wav,ট্রেন কি দেরি করছে?,noakhali,noa_cate_01
sentence_38.wav,dataset/chunks/noakhali/noa_cate _01/sentence_38.wav,এই বাস কোথায় থামে?,noakhali,noa_cate_01
sentence_39.wav,dataset/chunks/noakhali/noa_cate _01/sentence_39.wav,আপনারা কি রাতের বাস চালান?,noakhali,noa_cate_01
sentence_40.wav,dataset/chunks/noakhali/noa_cate _01/sentence_40.wav,শেষ বাস কখন?,noakhali,noa_cate_01
sentence_41.wav,dataset/chunks/noakhali/noa_cate _01/sentence_41.wav,এই রাস্তা কি বন্ধ?,noakhali,noa_cate_01
sentence_42.wav,dataset/chunks/noakhali/noa_cate _01/sentence_42.wav,বিকল্প রাস্তা কোনটি?,noakhali,noa_cate_01
sentence_43.wav,dataset/chunks/noakhali/noa_cate _01/sentence_43.wav,এখানে কি সিগন্যাল আছে?,noakhali,noa_cate_01
sentence_44.wav,dataset/chunks/noakhali/noa_cate _01/sentence_44.wav,রাস্তা কি মেরামত হচ্ছে?,noakhali,noa_cate_01
sentence_45.wav,dataset/chunks/noakhali/noa_cate _01/sentence_45.wav,আমাকে বিশ্ববিদ্যালয়ে যেতে হবে।,noakhali,noa_cate_01
sentence_46.wav,dataset/chunks/noakhali/noa_cate _01/sentence_46.wav,বিশ্ববিদ্যালয়ের বাস কোথা থেকে ছাড়ে?,noakhali,noa_cate_01
sentence_47.wav,dataset/chunks/noakhali/noa_cate _01/sentence_47.wav,টিকিটের দাম কত?,noakhali,noa_cate_01
sentence_48.wav,dataset/chunks/noakhali/noa_cate _01/sentence_48.wav,এখানে কি মেট্রো স্টেশন আছে?,noakhali,noa_cate_01
sentence_49.wav,dataset/chunks/noakhali/noa_cate _01/sentence_49.wav,মেট্রো কখন ছাড়ে?,noakhali,noa_cate_01
sentence_50.wav,dataset/chunks/noakhali/noa_cate _01/sentence_50.wav,এই রাস্তা কি প্রধান সড়ক?,noakhali,noa_cate_01
sentence_51.wav,dataset/chunks/noakhali/noa_cate _01/sentence_51.wav,আমাকে থানায় যেতে হবে।,noakhali,noa_cate_01
sentence_52.wav,dataset/chunks/noakhali/noa_cate _01/sentence_52.wav,পুলিশ স্টেশন কোথায়?,noakhali,noa_cate_01
sentence_53.wav,dataset/chunks/noakhali/noa_cate _01/sentence_53.wav,এই এলাকায় কি বাস চলে?,noakhali,noa_cate_01
sentence_54.wav,dataset/chunks/noakhali/noa_cate _01/sentence_54.wav,এখানে কি সিএনজি পাওয়া যায়?,noakhali,noa_cate_01
sentence_55.wav,dataset/chunks/noakhali/noa_cate _01/sentence_55.wav,আমাকে দ্রুত পৌঁছাতে হবে।,noakhali,noa_cate_01
sentence_56.wav,dataset/chunks/noakhali/noa_cate _01/sentence_56.wav,এখানে কি ফেরি ঘাট আছে?,noakhali,noa_cate_01
sentence_57.wav,dataset/chunks/noakhali/noa_cate _01/sentence_57.wav,ফেরি কখন ছাড়বে?,noakhali,noa_cate_01
sentence_58.wav,dataset/chunks/noakhali/noa_cate _01/sentence_58.wav,নদী পার হতে কত সময় লাগবে?,noakhali,noa_cate_01
sentence_59.wav,dataset/chunks/noakhali/noa_cate _01/sentence_59.wav,এই ট্রেন কি এক্সপ্রেস?,noakhali,noa_cate_01
sentence_60.wav,dataset/chunks/noakhali/noa_cate _01/sentence_60.wav,এখানে কি বাস বদলাতে হবে?,noakhali,noa_cate_01
sentence_61.wav,dataset/chunks/noakhali/noa_cate _01/sentence_61.wav,এই বাস কি এয়ারকন্ডিশন্ড?,noakhali,noa_cate_01
sentence_62.wav,dataset/chunks/noakhali/noa_cate _01/sentence_62.wav,রাস্তায় কি টোল দিতে হয়?,noakhali,noa_cate_01
sentence_63.wav,dataset/chunks/noakhali/noa_cate _01/sentence_63.wav,টোল কত?,noakhali,noa_cate_01
sentence_64.wav,dataset/chunks/noakhali/noa_cate _01/sentence_64.wav,এখানে কি রাস্তা নিরাপদ রাতে?,noakhali,noa_cate_01
sentence_65.wav,dataset/chunks/noakhali/noa_cate _01/sentence_65.wav,আমি পথ হারিয়ে ফেলেছি।,noakhali,noa_cate_01
sentence_66.wav,dataset/chunks/noakhali/noa_cate _01/sentence_66.wav,আমাকে মানচিত্র দেখাতে পারবেন?,noakhali,noa_cate_01
sentence_67.wav,dataset/chunks/noakhali/noa_cate _01/sentence_67.wav,কাছাকাছি কোন হোটেল আছে?,noakhali,noa_cate_01
sentence_68.wav,dataset/chunks/noakhali/noa_cate _01/sentence_68.wav,এই এলাকা কি শহরের ভেতরে?,noakhali,noa_cate_01
sentence_69.wav,dataset/chunks/noakhali/noa_cate _01/sentence_69.wav,এখানে কি ট্রাফিক বেশি?,noakhali,noa_cate_01
sentence_70.wav,dataset/chunks/noakhali/noa_cate _01/sentence_70.wav,আমাকে সঠিক দিকটি বলুন।,noakhali,noa_cate_01
sentence_01.wav,dataset/chunks/noakhali/noa_cate_02/sentence_01.wav,এই জিনিসটির দাম কত?,noakhali,noa_cate_02
sentence_02.wav,dataset/chunks/noakhali/noa_cate_02/sentence_02.wav,দাম একটু কম হবে?,noakhali,noa_cate_02
sentence_03.wav,dataset/chunks/noakhali/noa_cate_02/sentence_03.wav,এক কেজি চাল দিন।,noakhali,noa_cate_02
sentence_04.wav,dataset/chunks/noakhali/noa_cate_02/sentence_04.wav,আধা কেজি চিনি দিন।,noakhali,noa_cate_02
sentence_05.wav,dataset/chunks/noakhali/noa_cate_02/sentence_05.wav,এটা কি দেশি পণ্য?,noakhali,noa_cate_02
sentence_06.wav,dataset/chunks/noakhali/noa_cate_02/sentence_06.wav,এটা কি বিদেশি পণ্য?,noakhali,noa_cate_02
sentence_07.wav,dataset/chunks/noakhali/noa_cate_02/sentence_07.wav,একটু ভালো মানের দেখান।,noakhali,noa_cate_02
sentence_08.wav,dataset/chunks/noakhali/noa_cate_02/sentence_08.wav,এর থেকে সস্তা কিছু আছে?,noakhali,noa_cate_02
sentence_09.wav,dataset/chunks/noakhali/noa_cate_02/sentence_09.wav,এটা খুব দামী।,noakhali,noa_cate_02
sentence_10.wav,dataset/chunks/noakhali/noa_cate_02/sentence_10.wav,আমি এটা কিনতে চাই।,noakhali,noa_cate_02
sentence_11.wav,dataset/chunks/noakhali/noa_cate_02/sentence_11.wav,আপনার কাছে কি তাজা সবজি আছে?,noakhali,noa_cate_02
sentence_12.wav,dataset/chunks/noakhali/noa_cate_02/sentence_12.wav,এই ফলগুলো কি আজকের?,noakhali,noa_cate_02
sentence_13.wav,dataset/chunks/noakhali/noa_cate_02/sentence_13.wav,এক ডজন ডিম দিন।,noakhali,noa_cate_02
sentence_14.wav,dataset/chunks/noakhali/noa_cate_02/sentence_14.wav,কত টাকা হলো?,noakhali,noa_cate_02
sentence_15.wav,dataset/chunks/noakhali/noa_cate_02/sentence_15.wav,আমি নগদ পরিশোধ করবো।,noakhali,noa_cate_02
sentence_16.wav,dataset/chunks/noakhali/noa_cate_02/sentence_16.wav,মোবাইল ব্যাংকিং নেওয়া হয়?,noakhali,noa_cate_02
sentence_17.wav,dataset/chunks/noakhali/noa_cate_02/sentence_17.wav,বিকাশে টাকা দিতে পারি?,noakhali,noa_cate_02
sentence_18.wav,dataset/chunks/noakhali/noa_cate_02/sentence_18.wav,একটি ব্যাগ দেবেন?,noakhali,noa_cate_02
sentence_19.wav,dataset/chunks/noakhali/noa_cate_02/sentence_19.wav,এই কাপড়ের রং কি উঠবে?,noakhali,noa_cate_02
sentence_20.wav,dataset/chunks/noakhali/noa_cate_02/sentence_20.wav,এই শার্টের অন্য সাইজ আছে?,noakhali,noa_cate_02
sentence_21.wav,dataset/chunks/noakhali/noa_cate_02/sentence_21.wav,ছোট সাইজ দেখান।,noakhali,noa_cate_02
sentence_22.wav,dataset/chunks/noakhali/noa_cate_02/sentence_22.wav,বড় সাইজ আছে?,noakhali,noa_cate_02
sentence_23.wav,dataset/chunks/noakhali/noa_cate_02/sentence_23.wav,আমি নীল রঙেরটি চাই।,noakhali,noa_cate_02
sentence_24.wav,dataset/chunks/noakhali/noa_cate_02/sentence_24.wav,অন্য রং আছে?,noakhali,noa_cate_02
sentence_25.wav,dataset/chunks/noakhali/noa_cate_02/sentence_25.wav,এটা কি আসল পণ্য?,noakhali,noa_cate_02
sentence_26.wav,dataset/chunks/noakhali/noa_cate_02/sentence_26.wav,গ্যারান্টি আছে?,noakhali,noa_cate_02
sentence_27.wav,dataset/chunks/noakhali/noa_cate_02/sentence_27.wav,রসিদ দিন।,noakhali,noa_cate_02
sentence_28.wav,dataset/chunks/noakhali/noa_cate_02/sentence_28.wav,আমি পরে এসে নেব।,noakhali,noa_cate_02
sentence_29.wav,dataset/chunks/noakhali/noa_cate_02/sentence_29.wav,এটা কি ছাড়ে দেওয়া যাবে?,noakhali,noa_cate_02
sentence_30.wav,dataset/chunks/noakhali/noa_cate_02/sentence_30.wav,আজ কি কোনো অফার আছে?,noakhali,noa_cate_02
sentence_31.wav,dataset/chunks/noakhali/noa_cate_02/sentence_31.wav,আমি পাইকারি কিনতে চাই।,noakhali,noa_cate_02
sentence_32.wav,dataset/chunks/noakhali/noa_cate_02/sentence_32.wav,পাইকারি দাম কত?,noakhali,noa_cate_02
sentence_33.wav,dataset/chunks/noakhali/noa_cate_02/sentence_33.wav,এই পণ্যটি নতুন এসেছে?,noakhali,noa_cate_02
sentence_34.wav,dataset/chunks/noakhali/noa_cate_02/sentence_34.wav,এর মেয়াদ কতদিন?,noakhali,noa_cate_02
sentence_35.wav,dataset/chunks/noakhali/noa_cate_02/sentence_35.wav,এই ওষুধের মেয়াদ শেষ হয়েছে?,noakhali,noa_cate_02
sentence_36.wav,dataset/chunks/noakhali/noa_cate_02/sentence_36.wav,আমাকে ভালো মানের চাল দিন।,noakhali,noa_cate_02
sentence_37.wav,dataset/chunks/noakhali/noa_cate_02/sentence_37.wav,এই মাছটি কি তাজা?,noakhali,noa_cate_02
sentence_38.wav,dataset/chunks/noakhali/noa_cate_02/sentence_38.wav,এই মাংস কত কেজি?,noakhali,noa_cate_02
sentence_39.wav,dataset/chunks/noakhali/noa_cate_02/sentence_39.wav,এক কেজির কম হবে না।,noakhali,noa_cate_02
sentence_40.wav,dataset/chunks/noakhali/noa_cate_02/sentence_40.wav,একটু কম করে দিন।,noakhali,noa_cate_02
sentence_41.wav,dataset/chunks/noakhali/noa_cate_02/sentence_41.wav,আমি দরদাম করতে চাই।,noakhali,noa_cate_02
sentence_42.wav,dataset/chunks/noakhali/noa_cate_02/sentence_42.wav,চূড়ান্ত দাম কত?,noakhali,noa_cate_02
sentence_43.wav,dataset/chunks/noakhali/noa_cate_02/sentence_43.wav,এই জুতাটি কি টেকসই?,noakhali,noa_cate_02
sentence_44.wav,dataset/chunks/noakhali/noa_cate_02/sentence_44.wav,এই মোবাইলের দাম কত?,noakhali,noa_cate_02
sentence_45.wav,dataset/chunks/noakhali/noa_cate_02/sentence_45.wav,এই ফোনে কি গ্যারান্টি আছে?,noakhali,noa_cate_02
sentence_46.wav,dataset/chunks/noakhali/noa_cate_02/sentence_46.wav,চার্জারটি আলাদা কিনতে হবে?,noakhali,noa_cate_02
sentence_47.wav,dataset/chunks/noakhali/noa_cate_02/sentence_47.wav,এটি কি ক্যাশ অন ডেলিভারি?,noakhali,noa_cate_02
sentence_48.wav,dataset/chunks/noakhali/noa_cate_02/sentence_48.wav,আমি অর্ডার দিতে চাই।,noakhali,noa_cate_02
sentence_49.wav,dataset/chunks/noakhali/noa_cate_02/sentence_49.wav,পণ্যটি কখন ডেলিভারি হবে?,noakhali,noa_cate_02
sentence_50.wav,dataset/chunks/noakhali/noa_cate_02/sentence_50.wav,এই দোকান কখন বন্ধ হয়?,noakhali,noa_cate_02
sentence_51.wav,dataset/chunks/noakhali/noa_cate_02/sentence_51.wav,আমি একটা উপহার কিনতে চাই।,noakhali,noa_cate_02
sentence_52.wav,dataset/chunks/noakhali/noa_cate_02/sentence_52.wav,উপহার মোড়ানো হবে?,noakhali,noa_cate_02
sentence_53.wav,dataset/chunks/noakhali/noa_cate_02/sentence_53.wav,এটি কি ফেরত দেওয়া যাবে?,noakhali,noa_cate_02
sentence_54.wav,dataset/chunks/noakhali/noa_cate_02/sentence_54.wav,রিটার্ন পলিসি কী?,noakhali,noa_cate_02
sentence_55.wav,dataset/chunks/noakhali/noa_cate_02/sentence_55.wav,এই কাপড়টি খুব সুন্দর।,noakhali,noa_cate_02
sentence_56.wav,dataset/chunks/noakhali/noa_cate_02/sentence_56.wav,এটি কি কটন?,noakhali,noa_cate_02
sentence_57.wav,dataset/chunks/noakhali/noa_cate_02/sentence_57.wav,এই পণ্যটি কোথায় তৈরি?,noakhali,noa_cate_02
sentence_58.wav,dataset/chunks/noakhali/noa_cate_02/sentence_58.wav,এটি কি ছাড়ে বিক্রি হচ্ছে?,noakhali,noa_cate_02
sentence_59.wav,dataset/chunks/noakhali/noa_cate_02/sentence_59.wav,আমি আরও কিছু দেখতে চাই।,noakhali,noa_cate_02
sentence_60.wav,dataset/chunks/noakhali/noa_cate_02/sentence_60.wav,আপনার দোকানে কি কার্ড নেওয়া হয়?,noakhali,noa_cate_02
sentence_61.wav,dataset/chunks/noakhali/noa_cate_02/sentence_61.wav,মোট বিল কত হলো?,noakhali,noa_cate_02
sentence_62.wav,dataset/chunks/noakhali/noa_cate_02/sentence_62.wav,আমি টাকা ভাঙাতে চাই।,noakhali,noa_cate_02
sentence_63.wav,dataset/chunks/noakhali/noa_cate_02/sentence_63.wav,ছোট নোট আছে?,noakhali,noa_cate_02
sentence_64.wav,dataset/chunks/noakhali/noa_cate_02/sentence_64.wav,এই ফলগুলো ওজন করে দিন।,noakhali,noa_cate_02
sentence_65.wav,dataset/chunks/noakhali/noa_cate_02/sentence_65.wav,এক কেজির একটু কম দিন।,noakhali,noa_cate_02
sentence_66.wav,dataset/chunks/noakhali/noa_cate_02/sentence_66.wav,আজকে বাজারে ভিড় বেশি।,noakhali,noa_cate_02
sentence_67.wav,dataset/chunks/noakhali/noa_cate_02/sentence_67.wav,দাম কেন এত বেশি?,noakhali,noa_cate_02
sentence_68.wav,dataset/chunks/noakhali/noa_cate_02/sentence_68.wav,কাল কি দাম কম হবে?,noakhali,noa_cate_02
sentence_69.wav,dataset/chunks/noakhali/noa_cate_02/sentence_69.wav,আমি নিয়মিত ক্রেতা।,noakhali,noa_cate_02
sentence_70.wav,dataset/chunks/noakhali/noa_cate_02/sentence_70.wav,আবার আসবো।,noakhali,noa_cate_02
sentence_01.wav,dataset/chunks/noakhali/noa_cate_03/sentence_01.wav,আমি একটি টেবিল বুক করতে চাই।,noakhali,noa_cate_03
sentence_02.wav,dataset/chunks/noakhali/noa_cate_03/sentence_02.wav,দুই জনের জন্য একটি টেবিল দিন।,noakhali,noa_cate_03
sentence_03.wav,dataset/chunks/noakhali/noa_cate_03/sentence_03.wav,মেনু কার্ডটি দিন।,noakhali,noa_cate_03
sentence_04.wav,dataset/chunks/noakhali/noa_cate_03/sentence_04.wav,আজকের বিশেষ খাবার কী?,noakhali,noa_cate_03
sentence_05.wav,dataset/chunks/noakhali/noa_cate_03/sentence_05.wav,আমি ভাত ও মুরগির মাংস চাই।,noakhali,noa_cate_03
sentence_06.wav,dataset/chunks/noakhali/noa_cate_03/sentence_06.wav,এই খাবারটি ঝাল কি?,noakhali,noa_cate_03
sentence_07.wav,dataset/chunks/noakhali/noa_cate_03/sentence_07.wav,কম ঝাল করে দিন।,noakhali,noa_cate_03
sentence_08.wav,dataset/chunks/noakhali/noa_cate_03/sentence_08.wav,আমি নিরামিষ খাবার চাই।,noakhali,noa_cate_03
sentence_09.wav,dataset/chunks/noakhali/noa_cate_03/sentence_09.wav,এখানে কি হালাল খাবার পাওয়া যায়?,noakhali,noa_cate_03
sentence_10.wav,dataset/chunks/noakhali/noa_cate_03/sentence_10.wav,পানি দিন।,noakhali,noa_cate_03
sentence_11.wav,dataset/chunks/noakhali/noa_cate_03/sentence_11.wav,ঠান্ডা পানি আছে?,noakhali,noa_cate_03
sentence_12.wav,dataset/chunks/noakhali/noa_cate_03/sentence_12.wav,একটি কোমল পানীয় দিন।,noakhali,noa_cate_03
sentence_13.wav,dataset/chunks/noakhali/noa_cate_03/sentence_13.wav,এই খাবারটি খুব সুস্বাদু।,noakhali,noa_cate_03
sentence_14.wav,dataset/chunks/noakhali/noa_cate_03/sentence_14.wav,খাবারটি খুব লবণাক্ত।,noakhali,noa_cate_03
sentence_15.wav,dataset/chunks/noakhali/noa_cate_03/sentence_15.wav,বিল দিন।,noakhali,noa_cate_03
sentence_16.wav,dataset/chunks/noakhali/noa_cate_03/sentence_16.wav,আমি নগদে পরিশোধ করবো।,noakhali,noa_cate_03
sentence_17.wav,dataset/chunks/noakhali/noa_cate_03/sentence_17.wav,কার্ডে পরিশোধ করা যাবে?,noakhali,noa_cate_03
sentence_18.wav,dataset/chunks/noakhali/noa_cate_03/sentence_18.wav,খাবারটি কতক্ষণে আসবে?,noakhali,noa_cate_03
sentence_19.wav,dataset/chunks/noakhali/noa_cate_03/sentence_19.wav,আরেকটি প্লেট দিন।,noakhali,noa_cate_03
sentence_20.wav,dataset/chunks/noakhali/noa_cate_03/sentence_20.wav,চামচ ও কাঁটা দিন।,noakhali,noa_cate_03
sentence_21.wav,dataset/chunks/noakhali/noa_cate_03/sentence_21.wav,এখানে কি ওয়াইফাই আছে?,noakhali,noa_cate_03
sentence_22.wav,dataset/chunks/noakhali/noa_cate_03/sentence_22.wav,ওয়াইফাই পাসওয়ার্ড কী?,noakhali,noa_cate_03
sentence_23.wav,dataset/chunks/noakhali/noa_cate_03/sentence_23.wav,খাবারটি প্যাকেট করে দিন।,noakhali,noa_cate_03
sentence_24.wav,dataset/chunks/noakhali/noa_cate_03/sentence_24.wav,আমি বাসায় নিয়ে যাব।,noakhali,noa_cate_03
sentence_25.wav,dataset/chunks/noakhali/noa_cate_03/sentence_25.wav,একটি কফি দিন।,noakhali,noa_cate_03
sentence_26.wav,dataset/chunks/noakhali/noa_cate_03/sentence_26.wav,চা আছে?,noakhali,noa_cate_03
sentence_27.wav,dataset/chunks/noakhali/noa_cate_03/sentence_27.wav,দুধ চা দিন।,noakhali,noa_cate_03
sentence_28.wav,dataset/chunks/noakhali/noa_cate_03/sentence_28.wav,চিনি ছাড়া চা দিন।,noakhali,noa_cate_03
sentence_29.wav,dataset/chunks/noakhali/noa_cate_03/sentence_29.wav,এখানে কি ব্রেকফাস্ট পাওয়া যায়?,noakhali,noa_cate_03
sentence_30.wav,dataset/chunks/noakhali/noa_cate_03/sentence_30.wav,দুপুরের খাবার কখন শুরু হয়?,noakhali,noa_cate_03
sentence_31.wav,dataset/chunks/noakhali/noa_cate_03/sentence_31.wav,রাতের খাবার কখন পরিবেশন করা হয়?,noakhali,noa_cate_03
sentence_32.wav,dataset/chunks/noakhali/noa_cate_03/sentence_32.wav,আমি মাছের তরকারি চাই।,noakhali,noa_cate_03
sentence_33.wav,dataset/chunks/noakhali/noa_cate_03/sentence_33.wav,গরুর মাংস আছে?,noakhali,noa_cate_03
sentence_34.wav,dataset/chunks/noakhali/noa_cate_03/sentence_34.wav,এই স্যুপটি গরম কি?,noakhali,noa_cate_03
sentence_35.wav,dataset/chunks/noakhali/noa_cate_03/sentence_35.wav,একটু লেবু দিন।,noakhali,noa_cate_03
sentence_36.wav,dataset/chunks/noakhali/noa_cate_03/sentence_36.wav,এই রেস্টুরেন্ট খুব পরিষ্কার।,noakhali,noa_cate_03
sentence_37.wav,dataset/chunks/noakhali/noa_cate_03/sentence_37.wav,পরিবেশটি খুব সুন্দর।,noakhali,noa_cate_03
sentence_38.wav,dataset/chunks/noakhali/noa_cate_03/sentence_38.wav,খাবার পরিবেশন দ্রুত হয়েছে।,noakhali,noa_cate_03
sentence_39.wav,dataset/chunks/noakhali/noa_cate_03/sentence_39.wav,খাবার পরিবেশন দেরিতে হয়েছে।,noakhali,noa_cate_03
sentence_40.wav,dataset/chunks/noakhali/noa_cate_03/sentence_40.wav,আর কিছু লাগবে?,noakhali,noa_cate_03
sentence_41.wav,dataset/chunks/noakhali/noa_cate_03/sentence_41.wav,আমি আরও ভাত চাই।,noakhali,noa_cate_03
sentence_42.wav,dataset/chunks/noakhali/noa_cate_03/sentence_42.wav,একটু ঝোল দিন।,noakhali,noa_cate_03
sentence_43.wav,dataset/chunks/noakhali/noa_cate_03/sentence_43.wav,এটি কি তাজা রান্না?,noakhali,noa_cate_03
sentence_44.wav,dataset/chunks/noakhali/noa_cate_03/sentence_44.wav,এখানে কি পরিবার নিয়ে বসা যায়?,noakhali,noa_cate_03
sentence_45.wav,dataset/chunks/noakhali/noa_cate_03/sentence_45.wav,শিশুদের জন্য আলাদা চেয়ার আছে?,noakhali,noa_cate_03
sentence_46.wav,dataset/chunks/noakhali/noa_cate_03/sentence_46.wav,খাবারটি খুব গরম।,noakhali,noa_cate_03
sentence_47.wav,dataset/chunks/noakhali/noa_cate_03/sentence_47.wav,এটি খুব ঠান্ডা।,noakhali,noa_cate_03
sentence_48.wav,dataset/chunks/noakhali/noa_cate_03/sentence_48.wav,এখানে কি অনলাইনে অর্ডার করা যায়?,noakhali,noa_cate_03
sentence_49.wav,dataset/chunks/noakhali/noa_cate_03/sentence_49.wav,ডেলিভারি কত সময় লাগে?,noakhali,noa_cate_03
sentence_50.wav,dataset/chunks/noakhali/noa_cate_03/sentence_50.wav,এই খাবারটির দাম কত?,noakhali,noa_cate_03
sentence_51.wav,dataset/chunks/noakhali/noa_cate_03/sentence_51.wav,আমি অল্প পরিমাণ চাই।,noakhali,noa_cate_03
sentence_52.wav,dataset/chunks/noakhali/noa_cate_03/sentence_52.wav,বড় পরিমাণ দিন।,noakhali,noa_cate_03
sentence_53.wav,dataset/chunks/noakhali/noa_cate_03/sentence_53.wav,এই খাবারটি খুব মিষ্টি।,noakhali,noa_cate_03
sentence_54.wav,dataset/chunks/noakhali/noa_cate_03/sentence_54.wav,এটি কি ঝাল কম করা যাবে?,noakhali,noa_cate_03
sentence_55.wav,dataset/chunks/noakhali/noa_cate_03/sentence_55.wav,আরেক গ্লাস পানি দিন।,noakhali,noa_cate_03
sentence_56.wav,dataset/chunks/noakhali/noa_cate_03/sentence_56.wav,আমি ধন্যবাদ জানাই।,noakhali,noa_cate_03
sentence_57.wav,dataset/chunks/noakhali/noa_cate_03/sentence_57.wav,পরিষেবা খুব ভালো ছিল।,noakhali,noa_cate_03
sentence_58.wav,dataset/chunks/noakhali/noa_cate_03/sentence_58.wav,পরিষেবা উন্নত করা দরকার।,noakhali,noa_cate_03
sentence_59.wav,dataset/chunks/noakhali/noa_cate_03/sentence_59.wav,আমি এই রেস্টুরেন্টটি পছন্দ করি।,noakhali,noa_cate_03
sentence_60.wav,dataset/chunks/noakhali/noa_cate_03/sentence_60.wav,এটি কি এয়ার কন্ডিশনড?,noakhali,noa_cate_03
sentence_61.wav,dataset/chunks/noakhali/noa_cate_03/sentence_61.wav,বাইরে বসার ব্যবস্থা আছে?,noakhali,noa_cate_03
sentence_62.wav,dataset/chunks/noakhali/noa_cate_03/sentence_62.wav,খাবারে অ্যালার্জির উপাদান আছে?,noakhali,noa_cate_03
sentence_63.wav,dataset/chunks/noakhali/noa_cate_03/sentence_63.wav,আমি বাদাম খেতে পারি না।,noakhali,noa_cate_03
sentence_64.wav,dataset/chunks/noakhali/noa_cate_03/sentence_64.wav,এটি কি গ্লুটেন মুক্ত?,noakhali,noa_cate_03
sentence_65.wav,dataset/chunks/noakhali/noa_cate_03/sentence_65.wav,আমাকে একটি ন্যাপকিন দিন।,noakhali,noa_cate_03
sentence_66.wav,dataset/chunks/noakhali/noa_cate_03/sentence_66.wav,খাবার খুব ভালো লেগেছে।,noakhali,noa_cate_03
sentence_67.wav,dataset/chunks/noakhali/noa_cate_03/sentence_67.wav,আবার আসবো।,noakhali,noa_cate_03
sentence_68.wav,dataset/chunks/noakhali/noa_cate_03/sentence_68.wav,এখানে কি বুফে আছে?,noakhali,noa_cate_03
sentence_69.wav,dataset/chunks/noakhali/noa_cate_03/sentence_69.wav,বুফের দাম কত?,noakhali,noa_cate_03
sentence_70.wav,dataset/chunks/noakhali/noa_cate_03/sentence_70.wav,"ধন্যবাদ, বিদায়।",noakhali,noa_cate_03
sentence_01.wav,dataset/chunks/noakhali/noa_cate_04/sentence_01.wav,আমি বাংলাদেশের কিছু দর্শনীয় স্থান দেখতে চাই।,noakhali,noa_cate_04
sentence_02.wav,dataset/chunks/noakhali/noa_cate_04/sentence_02.wav,এই জায়গাটি কখন খোলা থাকে?,noakhali,noa_cate_04
sentence_03.wav,dataset/chunks/noakhali/noa_cate_04/sentence_03.wav,টিকিটের দাম কত?,noakhali,noa_cate_04
sentence_04.wav,dataset/chunks/noakhali/noa_cate_04/sentence_04.wav,আমাকে একটি গাইড দরকার।,noakhali,noa_cate_04
sentence_05.wav,dataset/chunks/noakhali/noa_cate_04/sentence_05.wav,আমরা গ্রুপে ঘুরতে এসেছি।,noakhali,noa_cate_04
sentence_06.wav,dataset/chunks/noakhali/noa_cate_04/sentence_06.wav,ছবি তোলা যাবে কি?,noakhali,noa_cate_04
sentence_07.wav,dataset/chunks/noakhali/noa_cate_04/sentence_07.wav,এই দর্শনীয় স্থানটি খুব সুন্দর।,noakhali,noa_cate_04
sentence_08.wav,dataset/chunks/noakhali/noa_cate_04/sentence_08.wav,আমাকে মানচিত্র দেখান।,noakhali,noa_cate_04
sentence_09.wav,dataset/chunks/noakhali/noa_cate_04/sentence_09.wav,আমি সকাল ১০টায় পৌঁছেছি।,noakhali,noa_cate_04
sentence_10.wav,dataset/chunks/noakhali/noa_cate_04/sentence_10.wav,পর্যটকরা এখানে খুব বেশি।,noakhali,noa_cate_04
sentence_11.wav,dataset/chunks/noakhali/noa_cate_04/sentence_11.wav,আমাকে হোটেলের ঠিকানা দিন।,noakhali,noa_cate_04
sentence_12.wav,dataset/chunks/noakhali/noa_cate_04/sentence_12.wav,এই জায়গায় কি খাবার পাওয়া যায়?,noakhali,noa_cate_04
sentence_13.wav,dataset/chunks/noakhali/noa_cate_04/sentence_13.wav,আমরা তিন ঘণ্টা থাকবো।,noakhali,noa_cate_04
sentence_14.wav,dataset/chunks/noakhali/noa_cate_04/sentence_14.wav,জলের পাশে ছবি তুলুন।,noakhali,noa_cate_04
sentence_15.wav,dataset/chunks/noakhali/noa_cate_04/sentence_15.wav,সুন্দর দিকটি দেখুন।,noakhali,noa_cate_04
sentence_16.wav,dataset/chunks/noakhali/noa_cate_04/sentence_16.wav,আমাদের গাইড কি বাংলায় কথা বলতে পারে?,noakhali,noa_cate_04
sentence_17.wav,dataset/chunks/noakhali/noa_cate_04/sentence_17.wav,পার্কিং এর জায়গা কোথায়?,noakhali,noa_cate_04
sentence_18.wav,dataset/chunks/noakhali/noa_cate_04/sentence_18.wav,এখানে কি নৌকা ভাড়া পাওয়া যায়?,noakhali,noa_cate_04
sentence_19.wav,dataset/chunks/noakhali/noa_cate_04/sentence_19.wav,আমি নদীর উপর ভ্রমণ করতে চাই।,noakhali,noa_cate_04
sentence_20.wav,dataset/chunks/noakhali/noa_cate_04/sentence_20.wav,আমাদের আরও তথ্য দরকার।,noakhali,noa_cate_04
sentence_21.wav,dataset/chunks/noakhali/noa_cate_04/sentence_21.wav,এই জায়গাটি ইতিহাসে গুরুত্বপূর্ণ।,noakhali,noa_cate_04
sentence_22.wav,dataset/chunks/noakhali/noa_cate_04/sentence_22.wav,আপনি কি গাইড সার্ভিস করেন?,noakhali,noa_cate_04
sentence_23.wav,dataset/chunks/noakhali/noa_cate_04/sentence_23.wav,আমি সকালবেলা আবার আসব।,noakhali,noa_cate_04
sentence_24.wav,dataset/chunks/noakhali/noa_cate_04/sentence_24.wav,আমাকে দুইজনের জন্য টিকিট দিন।,noakhali,noa_cate_04
sentence_25.wav,dataset/chunks/noakhali/noa_cate_04/sentence_25.wav,এখানে কি কোনো ছাড় আছে?,noakhali,noa_cate_04
sentence_26.wav,dataset/chunks/noakhali/noa_cate_04/sentence_26.wav,আমাদের ছবি তুলতে সাহায্য করুন।,noakhali,noa_cate_04
sentence_27.wav,dataset/chunks/noakhali/noa_cate_04/sentence_27.wav,এই দিক দিয়ে হাঁটুন।,noakhali,noa_cate_04
sentence_28.wav,dataset/chunks/noakhali/noa_cate_04/sentence_28.wav,দর্শকরা এখানে অনেক ছবি তুলছে।,noakhali,noa_cate_04
sentence_29.wav,dataset/chunks/noakhali/noa_cate_04/sentence_29.wav,আমি মিউজিয়াম ঘুরতে চাই।,noakhali,noa_cate_04
sentence_30.wav,dataset/chunks/noakhali/noa_cate_04/sentence_30.wav,রেস্টুরেন্টটি খুব কাছে।,noakhali,noa_cate_04
sentence_31.wav,dataset/chunks/noakhali/noa_cate_04/sentence_31.wav,আমরা পিকনিক করতে এসেছি।,noakhali,noa_cate_04
sentence_32.wav,dataset/chunks/noakhali/noa_cate_04/sentence_32.wav,এই জায়গার ইতিহাস জানতে চাই।,noakhali,noa_cate_04
sentence_33.wav,dataset/chunks/noakhali/noa_cate_04/sentence_33.wav,বিকেলের দিকে ছবি তুলুন।,noakhali,noa_cate_04
sentence_34.wav,dataset/chunks/noakhali/noa_cate_04/sentence_34.wav,আমার বন্ধু মানচিত্র পড়তে পারছে না।,noakhali,noa_cate_04
sentence_35.wav,dataset/chunks/noakhali/noa_cate_04/sentence_35.wav,এখানে কি গাইড পাওয়া যাবে?,noakhali,noa_cate_04
sentence_36.wav,dataset/chunks/noakhali/noa_cate_04/sentence_36.wav,আমরা পাহাড় দেখতে চাই।,noakhali,noa_cate_04
sentence_37.wav,dataset/chunks/noakhali/noa_cate_04/sentence_37.wav,সৈকত খুব সুন্দর।,noakhali,noa_cate_04
sentence_38.wav,dataset/chunks/noakhali/noa_cate_04/sentence_38.wav,জলস্রোতের ছবি তোলা উচিত।,noakhali,noa_cate_04
sentence_39.wav,dataset/chunks/noakhali/noa_cate_04/sentence_39.wav,গাইড কি আমাদের পথে নিয়ে যাবে?,noakhali,noa_cate_04
sentence_40.wav,dataset/chunks/noakhali/noa_cate_04/sentence_40.wav,আমরা সকাল ৮টায় বের হব।,noakhali,noa_cate_04
sentence_41.wav,dataset/chunks/noakhali/noa_cate_04/sentence_41.wav,এখানে কি টিকেট ছাড়া প্রবেশ সম্ভব?,noakhali,noa_cate_04
sentence_42.wav,dataset/chunks/noakhali/noa_cate_04/sentence_42.wav,ভ্রমণকারীরা খুব আনন্দ করছে।,noakhali,noa_cate_04
sentence_43.wav,dataset/chunks/noakhali/noa_cate_04/sentence_43.wav,আমি এখানে শপিং করতে চাই।,noakhali,noa_cate_04
sentence_44.wav,dataset/chunks/noakhali/noa_cate_04/sentence_44.wav,এই দিকটি খুব রোমাঞ্চকর।,noakhali,noa_cate_04
sentence_45.wav,dataset/chunks/noakhali/noa_cate_04/sentence_45.wav,আমাদের গাইড রাতের দিকে ফেরার সময় বলে।,noakhali,noa_cate_04
sentence_46.wav,dataset/chunks/noakhali/noa_cate_04/sentence_46.wav,ছবি তোলার জন্য আলো ঠিক আছে।,noakhali,noa_cate_04
sentence_47.wav,dataset/chunks/noakhali/noa_cate_04/sentence_47.wav,আমাদের গাইড নদের উপর নৌকা ভাড়া দেখিয়েছে।,noakhali,noa_cate_04
sentence_48.wav,dataset/chunks/noakhali/noa_cate_04/sentence_48.wav,এখানে কি কোনো মিউজিয়াম আছে?,noakhali,noa_cate_04
sentence_49.wav,dataset/chunks/noakhali/noa_cate_04/sentence_49.wav,আমরা পাহাড়ে ট্রেক করতে চাই।,noakhali,noa_cate_04
sentence_50.wav,dataset/chunks/noakhali/noa_cate_04/sentence_50.wav,এই স্থানের ইতিহাস অনেক পুরনো।,noakhali,noa_cate_04
sentence_51.wav,dataset/chunks/noakhali/noa_cate_04/sentence_51.wav,আমাদের ছবি তুলতে সময় লাগছে।,noakhali,noa_cate_04
sentence_52.wav,dataset/chunks/noakhali/noa_cate_04/sentence_52.wav,আমি সুভর্ণভূমি দেখতে চাই।,noakhali,noa_cate_04
sentence_53.wav,dataset/chunks/noakhali/noa_cate_04/sentence_53.wav,ট্রিপটি খুব মজার।,noakhali,noa_cate_04
sentence_54.wav,dataset/chunks/noakhali/noa_cate_04/sentence_54.wav,আমাদের হোটেল থেকে খুব দূরে নয়।,noakhali,noa_cate_04
sentence_55.wav,dataset/chunks/noakhali/noa_cate_04/sentence_55.wav,আমরা সকালে যাওয়ার পরিকল্পনা করেছি।,noakhali,noa_cate_04
sentence_56.wav,dataset/chunks/noakhali/noa_cate_04/sentence_56.wav,দিক নির্দেশনা অনুসরণ করুন।,noakhali,noa_cate_04
sentence_57.wav,dataset/chunks/noakhali/noa_cate_04/sentence_57.wav,দর্শনার্থীরা গাইডের কথা শুনছে।,noakhali,noa_cate_04
sentence_58.wav,dataset/chunks/noakhali/noa_cate_04/sentence_58.wav,আমি পোর্ট্রেট ছবি তুলতে চাই।,noakhali,noa_cate_04
sentence_59.wav,dataset/chunks/noakhali/noa_cate_04/sentence_59.wav,এখানে পর্যটন তথ্য কেন্দ্র আছে।,noakhali,noa_cate_04
sentence_60.wav,dataset/chunks/noakhali/noa_cate_04/sentence_60.wav,আমরা গ্রুপ ছবি তুলব।,noakhali,noa_cate_04
sentence_61.wav,dataset/chunks/noakhali/noa_cate_04/sentence_61.wav,আমাদের আরও কিছু সময় দরকার।,noakhali,noa_cate_04
sentence_62.wav,dataset/chunks/noakhali/noa_cate_04/sentence_62.wav,নদীর পাশে হাঁটতে চাই।,noakhali,noa_cate_04
sentence_63.wav,dataset/chunks/noakhali/noa_cate_04/sentence_63.wav,গাইড আমাদের নৌকায় নিয়ে যাবে।,noakhali,noa_cate_04
sentence_64.wav,dataset/chunks/noakhali/noa_cate_04/sentence_64.wav,এখানে ঝর্ণার ছবি তোলা যেতে পারে।,noakhali,noa_cate_04
sentence_65.wav,dataset/chunks/noakhali/noa_cate_04/sentence_65.wav,আমরা সব দর্শনীয় স্থান ঘুরে দেখব।,noakhali,noa_cate_04
sentence_66.wav,dataset/chunks/noakhali/noa_cate_04/sentence_66.wav,এই জায়গাটি খুব শান্ত।,noakhali,noa_cate_04
sentence_67.wav,dataset/chunks/noakhali/noa_cate_04/sentence_67.wav,আমি রাতের ভ্রমণ পছন্দ করি।,noakhali,noa_cate_04
sentence_68.wav,dataset/chunks/noakhali/noa_cate_04/sentence_68.wav,আমাদের হোটেল থেকে বাসস্ট্যান্ড দূরে নয়।,noakhali,noa_cate_04
sentence_69.wav,dataset/chunks/noakhali/noa_cate_04/sentence_69.wav,আমরা সকালের দিকে ছবি তুলব।,noakhali,noa_cate_04
sentence_70.wav,dataset/chunks/noakhali/noa_cate_04/sentence_70.wav,এই জায়গা সত্যিই স্মরণীয়।,noakhali,noa_cate_04
sentence_01.wav,dataset/chunks/noakhali/noa_cate_05/sentence_01.wav,আমার মাথা ব্যথা করছে।,noakhali,noa_cate_05
sentence_02.wav,dataset/chunks/noakhali/noa_cate_05/sentence_02.wav,কাছাকাছি হাসপাতাল কোথায়?,noakhali,noa_cate_05
sentence_03.wav,dataset/chunks/noakhali/noa_cate_05/sentence_03.wav,ডাক্তারের জন্য কীভাবে অ্যাপয়েন্টমেন্ট নেব?,noakhali,noa_cate_05
sentence_04.wav,dataset/chunks/noakhali/noa_cate_05/sentence_04.wav,আমাকে একটি ওষুধের দোকান দেখান।,noakhali,noa_cate_05
sentence_05.wav,dataset/chunks/noakhali/noa_cate_05/sentence_05.wav,আমি জ্বর অনুভব করছি।,noakhali,noa_cate_05
sentence_06.wav,dataset/chunks/noakhali/noa_cate_05/sentence_06.wav,আমি দুর্ঘটনার শিকার হয়েছি।,noakhali,noa_cate_05
sentence_07.wav,dataset/chunks/noakhali/noa_cate_05/sentence_07.wav,হাসপাতালে কত সময় লাগবে পৌঁছাতে?,noakhali,noa_cate_05
sentence_08.wav,dataset/chunks/noakhali/noa_cate_05/sentence_08.wav,আমার পায়ে চোট লেগেছে।,noakhali,noa_cate_05
sentence_09.wav,dataset/chunks/noakhali/noa_cate_05/sentence_09.wav,আমাকে হাসপাতালে নিয়ে যান।,noakhali,noa_cate_05
sentence_10.wav,dataset/chunks/noakhali/noa_cate_05/sentence_10.wav,আমি শ্বাসকষ্ট অনুভব করছি।,noakhali,noa_cate_05
sentence_11.wav,dataset/chunks/noakhali/noa_cate_05/sentence_11.wav,আমাকে দ্রুত সাহায্য করুন।,noakhali,noa_cate_05
sentence_12.wav,dataset/chunks/noakhali/noa_cate_05/sentence_12.wav,ডাক্তার কখন উপস্থিত থাকবেন?,noakhali,noa_cate_05
sentence_13.wav,dataset/chunks/noakhali/noa_cate_05/sentence_13.wav,আমার শিশু অসুস্থ।,noakhali,noa_cate_05
sentence_14.wav,dataset/chunks/noakhali/noa_cate_05/sentence_14.wav,আমার পেটে ব্যথা করছে।,noakhali,noa_cate_05
sentence_15.wav,dataset/chunks/noakhali/noa_cate_05/sentence_15.wav,ওষুধের নাম কী?,noakhali,noa_cate_05
sentence_16.wav,dataset/chunks/noakhali/noa_cate_05/sentence_16.wav,আমি ধমনীতে ব্যথা অনুভব করছি।,noakhali,noa_cate_05
sentence_17.wav,dataset/chunks/noakhali/noa_cate_05/sentence_17.wav,এটি কি জরুরি অবস্থা?,noakhali,noa_cate_05
sentence_18.wav,dataset/chunks/noakhali/noa_cate_05/sentence_18.wav,আমি অলস লাগছে।,noakhali,noa_cate_05
sentence_19.wav,dataset/chunks/noakhali/noa_cate_05/sentence_19.wav,আমার চোখে সমস্যা হচ্ছে।,noakhali,noa_cate_05
sentence_20.wav,dataset/chunks/noakhali/noa_cate_05/sentence_20.wav,ডাক্তার কি বাংলা বলতে পারেন?,noakhali,noa_cate_05
sentence_21.wav,dataset/chunks/noakhali/noa_cate_05/sentence_21.wav,আমি অ্যালার্জি আক্রান্ত।,noakhali,noa_cate_05
sentence_22.wav,dataset/chunks/noakhali/noa_cate_05/sentence_22.wav,আমার সর্দি কাশি আছে।,noakhali,noa_cate_05
sentence_23.wav,dataset/chunks/noakhali/noa_cate_05/sentence_23.wav,হাসপাতালে কি ভিড় বেশি?,noakhali,noa_cate_05
sentence_24.wav,dataset/chunks/noakhali/noa_cate_05/sentence_24.wav,আমাকে একটি ব্যান্ডেজ দিন।,noakhali,noa_cate_05
sentence_25.wav,dataset/chunks/noakhali/noa_cate_05/sentence_25.wav,আমার দাঁতে ব্যথা করছে।,noakhali,noa_cate_05
sentence_26.wav,dataset/chunks/noakhali/noa_cate_05/sentence_26.wav,এখানে কি জরুরি ওষুধ পাওয়া যায়?,noakhali,noa_cate_05
sentence_27.wav,dataset/chunks/noakhali/noa_cate_05/sentence_27.wav,"আমি অসুস্থ, আমার বিশ্রাম প্রয়োজন।",noakhali,noa_cate_05
sentence_28.wav,dataset/chunks/noakhali/noa_cate_05/sentence_28.wav,আপনার ওষুধের পরিমাণ কত?,noakhali,noa_cate_05
sentence_29.wav,dataset/chunks/noakhali/noa_cate_05/sentence_29.wav,আমার পায়ে জ্বালা অনুভব হচ্ছে।,noakhali,noa_cate_05
sentence_30.wav,dataset/chunks/noakhali/noa_cate_05/sentence_30.wav,হাসপাতালে কি ডাক্তার সারাদিন থাকে?,noakhali,noa_cate_05
sentence_31.wav,dataset/chunks/noakhali/noa_cate_05/sentence_31.wav,আমাকে দ্রুত ট্যাক্সি দিন।,noakhali,noa_cate_05
sentence_32.wav,dataset/chunks/noakhali/noa_cate_05/sentence_32.wav,আমি গলা ব্যথা অনুভব করছি।,noakhali,noa_cate_05
sentence_33.wav,dataset/chunks/noakhali/noa_cate_05/sentence_33.wav,আমার হাতে কাটা গেছে।,noakhali,noa_cate_05
sentence_34.wav,dataset/chunks/noakhali/noa_cate_05/sentence_34.wav,এখানে কি স্বাস্থ্য পরীক্ষা করা যায়?,noakhali,noa_cate_05
sentence_35.wav,dataset/chunks/noakhali/noa_cate_05/sentence_35.wav,আমার পেট খারাপ লাগছে।,noakhali,noa_cate_05
sentence_36.wav,dataset/chunks/noakhali/noa_cate_05/sentence_36.wav,আমার চুল পড়ছে।,noakhali,noa_cate_05
sentence_37.wav,dataset/chunks/noakhali/noa_cate_05/sentence_37.wav,কি ওষুধ খাবো?,noakhali,noa_cate_05
sentence_38.wav,dataset/chunks/noakhali/noa_cate_05/sentence_38.wav,আমার শ্বাসনালি ব্যথা করছে।,noakhali,noa_cate_05
sentence_39.wav,dataset/chunks/noakhali/noa_cate_05/sentence_39.wav,আমার ডায়াবেটিস আছে।,noakhali,noa_cate_05
sentence_40.wav,dataset/chunks/noakhali/noa_cate_05/sentence_40.wav,আমাকে ইনজেকশন দেওয়া দরকার।,noakhali,noa_cate_05
sentence_41.wav,dataset/chunks/noakhali/noa_cate_05/sentence_41.wav,আমাকে ব্যথা উপশমের জন্য কিছু দিন।,noakhali,noa_cate_05
sentence_42.wav,dataset/chunks/noakhali/noa_cate_05/sentence_42.wav,আমি দুর্বল লাগছি।,noakhali,noa_cate_05
sentence_43.wav,dataset/chunks/noakhali/noa_cate_05/sentence_43.wav,আমার নাক দিয়ে রক্ত পড়ছে।,noakhali,noa_cate_05
sentence_44.wav,dataset/chunks/noakhali/noa_cate_05/sentence_44.wav,ডাক্তার কি এখন ফ্রি আছেন?,noakhali,noa_cate_05
sentence_45.wav,dataset/chunks/noakhali/noa_cate_05/sentence_45.wav,আমার বুক ব্যথা করছে।,noakhali,noa_cate_05
sentence_46.wav,dataset/chunks/noakhali/noa_cate_05/sentence_46.wav,আমার চোখ লাল হয়ে গেছে।,noakhali,noa_cate_05
sentence_47.wav,dataset/chunks/noakhali/noa_cate_05/sentence_47.wav,কি টেস্ট করাতে হবে?,noakhali,noa_cate_05
sentence_48.wav,dataset/chunks/noakhali/noa_cate_05/sentence_48.wav,আমি বুকধড় ধড় করছি।,noakhali,noa_cate_05
sentence_49.wav,dataset/chunks/noakhali/noa_cate_05/sentence_49.wav,হাসপাতালে কি অ্যাম্বুল্যান্স আছে?,noakhali,noa_cate_05
sentence_50.wav,dataset/chunks/noakhali/noa_cate_05/sentence_50.wav,আমার চামড়ায় চুলকানি হচ্ছে।,noakhali,noa_cate_05
sentence_51.wav,dataset/chunks/noakhali/noa_cate_05/sentence_51.wav,ওষুধটি কখন খাবো?,noakhali,noa_cate_05
sentence_52.wav,dataset/chunks/noakhali/noa_cate_05/sentence_52.wav,আমার কানে ব্যথা করছে।,noakhali,noa_cate_05
sentence_53.wav,dataset/chunks/noakhali/noa_cate_05/sentence_53.wav,আমাকে রক্ত পরীক্ষা করাতে হবে।,noakhali,noa_cate_05
sentence_54.wav,dataset/chunks/noakhali/noa_cate_05/sentence_54.wav,আমি গরমে অসুস্থ।,noakhali,noa_cate_05
sentence_55.wav,dataset/chunks/noakhali/noa_cate_05/sentence_55.wav,আমার দাঁতের ইনফেকশন হয়েছে।,noakhali,noa_cate_05
sentence_56.wav,dataset/chunks/noakhali/noa_cate_05/sentence_56.wav,এখানে কি স্যালাইন দেওয়া হয়?,noakhali,noa_cate_05
sentence_57.wav,dataset/chunks/noakhali/noa_cate_05/sentence_57.wav,আমার পায়ের আঙুল ফোলা গেছে।,noakhali,noa_cate_05
sentence_58.wav,dataset/chunks/noakhali/noa_cate_05/sentence_58.wav,আমাকে ব্যথানাশক দিন।,noakhali,noa_cate_05
sentence_59.wav,dataset/chunks/noakhali/noa_cate_05/sentence_59.wav,কি খেলে সুস্থতা হবে?,noakhali,noa_cate_05
sentence_60.wav,dataset/chunks/noakhali/noa_cate_05/sentence_60.wav,আমি মাথা ঘোরাতে লাগছে।,noakhali,noa_cate_05
sentence_61.wav,dataset/chunks/noakhali/noa_cate_05/sentence_61.wav,হাসপাতালে কি ডাক্তার রাতেও থাকেন?,noakhali,noa_cate_05
sentence_62.wav,dataset/chunks/noakhali/noa_cate_05/sentence_62.wav,আমার গলার প্রদাহ আছে।,noakhali,noa_cate_05
sentence_63.wav,dataset/chunks/noakhali/noa_cate_05/sentence_63.wav,আমার শরীরে জ্বালা অনুভূত হচ্ছে।,noakhali,noa_cate_05
sentence_64.wav,dataset/chunks/noakhali/noa_cate_05/sentence_64.wav,আমাকে ওষুধের রিসিপি দিন।,noakhali,noa_cate_05
sentence_65.wav,dataset/chunks/noakhali/noa_cate_05/sentence_65.wav,কি ওষুধ বেশি কার্যকর?,noakhali,noa_cate_05
sentence_66.wav,dataset/chunks/noakhali/noa_cate_05/sentence_66.wav,আমার গায়ে র‍্যাশ হয়েছে।,noakhali,noa_cate_05
sentence_67.wav,dataset/chunks/noakhali/noa_cate_05/sentence_67.wav,আমি পায়ে ব্যথা অনুভব করছি।,noakhali,noa_cate_05
sentence_68.wav,dataset/chunks/noakhali/noa_cate_05/sentence_68.wav,হাসপাতালে কি অ্যাপয়েন্টমেন্ট লাগবে?,noakhali,noa_cate_05
sentence_69.wav,dataset/chunks/noakhali/noa_cate_05/sentence_69.wav,আমাকে দ্রুত দেখুন।,noakhali,noa_cate_05
sentence_70.wav,dataset/chunks/noakhali/noa_cate_05/sentence_70.wav,আমার পেট খুব ব্যথা করছে।,noakhali,noa_cate_05
sentence_01.wav,dataset/chunks/noakhali/noa_cate_06/sentence_01.wav,আপনার পরিবারে কয়জন সদস্য আছে?,noakhali,noa_cate_06
sentence_02.wav,dataset/chunks/noakhali/noa_cate_06/sentence_02.wav,আমার বাবা একজন শিক্ষক।,noakhali,noa_cate_06
sentence_03.wav,dataset/chunks/noakhali/noa_cate_06/sentence_03.wav,আপনি কোথায় বড় হয়েছেন?,noakhali,noa_cate_06
sentence_04.wav,dataset/chunks/noakhali/noa_cate_06/sentence_04.wav,আমার মা ঘরে থাকেন।,noakhali,noa_cate_06
sentence_05.wav,dataset/chunks/noakhali/noa_cate_06/sentence_05.wav,আপনার ভাইবোন আছে কি?,noakhali,noa_cate_06
sentence_06.wav,dataset/chunks/noakhali/noa_cate_06/sentence_06.wav,আমার এক ভাই ও দুই বোন আছে।,noakhali,noa_cate_06
sentence_07.wav,dataset/chunks/noakhali/noa_cate_06/sentence_07.wav,আমরা একসাথে ভ্রমণ করতে ভালোবাসি।,noakhali,noa_cate_06
sentence_08.wav,dataset/chunks/noakhali/noa_cate_06/sentence_08.wav,আপনার পছন্দের খাবার কী?,noakhali,noa_cate_06
sentence_09.wav,dataset/chunks/noakhali/noa_cate_06/sentence_09.wav,আমার ছোট বোন স্কুলে পড়ে।,noakhali,noa_cate_06
sentence_10.wav,dataset/chunks/noakhali/noa_cate_06/sentence_10.wav,আপনার বাবা কোথায় কাজ করেন?,noakhali,noa_cate_06
sentence_11.wav,dataset/chunks/noakhali/noa_cate_06/sentence_11.wav,আমার পরিবার সব সময় একসাথে খেতে বসে।,noakhali,noa_cate_06
sentence_12.wav,dataset/chunks/noakhali/noa_cate_06/sentence_12.wav,আপনার মা কি রান্না করতে ভালোবাসেন?,noakhali,noa_cate_06
sentence_13.wav,dataset/chunks/noakhali/noa_cate_06/sentence_13.wav,আমরা প্রতি বছর ঈদে মিলিত হই।,noakhali,noa_cate_06
sentence_14.wav,dataset/chunks/noakhali/noa_cate_06/sentence_14.wav,আপনার পছন্দের ছুটি কী?,noakhali,noa_cate_06
sentence_15.wav,dataset/chunks/noakhali/noa_cate_06/sentence_15.wav,আমার বাবা সকালবেলা হাঁটতে যান।,noakhali,noa_cate_06
sentence_16.wav,dataset/chunks/noakhali/noa_cate_06/sentence_16.wav,আপনার পরিবারে কারা রয়েছেন?,noakhali,noa_cate_06
sentence_17.wav,dataset/chunks/noakhali/noa_cate_06/sentence_17.wav,আমার দাদা আমাদের সঙ্গে থাকে।,noakhali,noa_cate_06
sentence_18.wav,dataset/chunks/noakhali/noa_cate_06/sentence_18.wav,আপনি কি বিবাহিত?,noakhali,noa_cate_06
sentence_19.wav,dataset/chunks/noakhali/noa_cate_06/sentence_19.wav,আমি বিবাহিত এবং আমার দুই সন্তান আছে।,noakhali,noa_cate_06
sentence_20.wav,dataset/chunks/noakhali/noa_cate_06/sentence_20.wav,আপনার বোন কি বিশ্ববিদ্যালয়ে পড়ে?,noakhali,noa_cate_06
sentence_21.wav,dataset/chunks/noakhali/noa_cate_06/sentence_21.wav,আমরা রোববার একসাথে সিনেমা দেখি।,noakhali,noa_cate_06
sentence_22.wav,dataset/chunks/noakhali/noa_cate_06/sentence_22.wav,আপনার পছন্দের পরিবারের অনুষ্ঠান কোনটি?,noakhali,noa_cate_06
sentence_23.wav,dataset/chunks/noakhali/noa_cate_06/sentence_23.wav,আমার বাবা মা আমাদের জন্য খুব যত্নশীল।,noakhali,noa_cate_06
sentence_24.wav,dataset/chunks/noakhali/noa_cate_06/sentence_24.wav,আপনার শিশুরা স্কুলে ভালো করছে কি?,noakhali,noa_cate_06
sentence_25.wav,dataset/chunks/noakhali/noa_cate_06/sentence_25.wav,আমার পরিবারের সবাই স্বাস্থ্যকর জীবনযাপন করে।,noakhali,noa_cate_06
sentence_26.wav,dataset/chunks/noakhali/noa_cate_06/sentence_26.wav,আপনি কোথায় বেড়ে উঠেছেন?,noakhali,noa_cate_06
sentence_27.wav,dataset/chunks/noakhali/noa_cate_06/sentence_27.wav,আমার পরিবার গ্রামে থাকে।,noakhali,noa_cate_06
sentence_28.wav,dataset/chunks/noakhali/noa_cate_06/sentence_28.wav,আপনার বাবা কি বিদেশে কাজ করেন?,noakhali,noa_cate_06
sentence_29.wav,dataset/chunks/noakhali/noa_cate_06/sentence_29.wav,আমি আমার পরিবারের সঙ্গে ছুটিতে যাই।,noakhali,noa_cate_06
sentence_30.wav,dataset/chunks/noakhali/noa_cate_06/sentence_30.wav,আপনার পরিবারে ছোট ছোট ভাইবোন আছে কি?,noakhali,noa_cate_06
sentence_31.wav,dataset/chunks/noakhali/noa_cate_06/sentence_31.wav,আমার ভাই ফুটবল খেলে।,noakhali,noa_cate_06
sentence_32.wav,dataset/chunks/noakhali/noa_cate_06/sentence_32.wav,আপনার মা কি কাজ করেন?,noakhali,noa_cate_06
sentence_33.wav,dataset/chunks/noakhali/noa_cate_06/sentence_33.wav,আমরা প্রতি সপ্তাহে একসাথে খাবার করি।,noakhali,noa_cate_06
sentence_34.wav,dataset/chunks/noakhali/noa_cate_06/sentence_34.wav,আপনার বাবা কি বাসায় থাকেন?,noakhali,noa_cate_06
sentence_35.wav,dataset/chunks/noakhali/noa_cate_06/sentence_35.wav,আমার পরিবারে সবাই একে অপরকে সাহায্য করে।,noakhali,noa_cate_06
sentence_36.wav,dataset/chunks/noakhali/noa_cate_06/sentence_36.wav,আপনি কত বছর ধরে বিবাহিত?,noakhali,noa_cate_06
sentence_37.wav,dataset/chunks/noakhali/noa_cate_06/sentence_37.wav,আমার বোন চিকিৎসা পড়াশোনা করছে।,noakhali,noa_cate_06
sentence_38.wav,dataset/chunks/noakhali/noa_cate_06/sentence_38.wav,আপনার বাবা মা কি এখনও কাজ করেন?,noakhali,noa_cate_06
sentence_39.wav,dataset/chunks/noakhali/noa_cate_06/sentence_39.wav,আমরা সবাই একসাথে হোলিডে যাই।,noakhali,noa_cate_06
sentence_40.wav,dataset/chunks/noakhali/noa_cate_06/sentence_40.wav,আপনার সন্তানদের নাম কী?,noakhali,noa_cate_06
sentence_41.wav,dataset/chunks/noakhali/noa_cate_06/sentence_41.wav,আমার ছেলে ফুটবল খেলতে ভালোবাসে।,noakhali,noa_cate_06
sentence_42.wav,dataset/chunks/noakhali/noa_cate_06/sentence_42.wav,আপনার পরিবারের বয়সী সদস্যরা কি সক্রিয়?,noakhali,noa_cate_06
sentence_43.wav,dataset/chunks/noakhali/noa_cate_06/sentence_43.wav,আমি আমার পরিবারের সঙ্গে সিনেমা দেখতে যাই।,noakhali,noa_cate_06
sentence_44.wav,dataset/chunks/noakhali/noa_cate_06/sentence_44.wav,আপনার মা কি রান্না ভালো করেন?,noakhali,noa_cate_06
sentence_45.wav,dataset/chunks/noakhali/noa_cate_06/sentence_45.wav,আমার বাবা সকালবেলা সংবাদ পড়েন।,noakhali,noa_cate_06
sentence_46.wav,dataset/chunks/noakhali/noa_cate_06/sentence_46.wav,আপনার বোনের পছন্দের কাজ কী?,noakhali,noa_cate_06
sentence_47.wav,dataset/chunks/noakhali/noa_cate_06/sentence_47.wav,আমরা বড়দিন একসাথে উদযাপন করি।,noakhali,noa_cate_06
sentence_48.wav,dataset/chunks/noakhali/noa_cate_06/sentence_48.wav,আমার পরিবারে কেউ বিদেশে থাকে।,noakhali,noa_cate_06
sentence_49.wav,dataset/chunks/noakhali/noa_cate_06/sentence_49.wav,আপনার পরিবারের সদস্যরা কি সুস্থ আছে?,noakhali,noa_cate_06
sentence_50.wav,dataset/chunks/noakhali/noa_cate_06/sentence_50.wav,আমি পরিবারকে খুব ভালোবাসি।,noakhali,noa_cate_06
sentence_51.wav,dataset/chunks/noakhali/noa_cate_06/sentence_51.wav,আপনার ভাইবোন কি আপনার সাথে থাকে?,noakhali,noa_cate_06
sentence_52.wav,dataset/chunks/noakhali/noa_cate_06/sentence_52.wav,আমার বাবা মা গ্রামের বাড়িতে থাকেন।,noakhali,noa_cate_06
sentence_53.wav,dataset/chunks/noakhali/noa_cate_06/sentence_53.wav,আমরা একসাথে খেলা করি।,noakhali,noa_cate_06
sentence_54.wav,dataset/chunks/noakhali/noa_cate_06/sentence_54.wav,আপনার পরিবারে কেউ চাকরিতে আছেন কি?,noakhali,noa_cate_06
sentence_55.wav,dataset/chunks/noakhali/noa_cate_06/sentence_55.wav,আমি আমার পরিবারের জন্য সব করি।,noakhali,noa_cate_06
sentence_56.wav,dataset/chunks/noakhali/noa_cate_06/sentence_56.wav,আপনার বাবা মা কি অবসরপ্রাপ্ত?,noakhali,noa_cate_06
sentence_57.wav,dataset/chunks/noakhali/noa_cate_06/sentence_57.wav,আমরা হোলিডেতে গ্রামের বাড়িতে যাই।,noakhali,noa_cate_06
sentence_58.wav,dataset/chunks/noakhali/noa_cate_06/sentence_58.wav,আমার ছোট ভাই স্কুলে ভালো করছে।,noakhali,noa_cate_06
sentence_59.wav,dataset/chunks/noakhali/noa_cate_06/sentence_59.wav,আপনার পরিবার কত ঘনিষ্ঠ?,noakhali,noa_cate_06
sentence_60.wav,dataset/chunks/noakhali/noa_cate_06/sentence_60.wav,আমরা প্রতি মাসে একসাথে বেড়াতে যাই।,noakhali,noa_cate_06
sentence_61.wav,dataset/chunks/noakhali/noa_cate_06/sentence_61.wav,আমার মা গল্প শুনাতে ভালোবাসেন।,noakhali,noa_cate_06
sentence_62.wav,dataset/chunks/noakhali/noa_cate_06/sentence_62.wav,আপনার বাবা কি কখনও ভ্রমণে যান?,noakhali,noa_cate_06
sentence_63.wav,dataset/chunks/noakhali/noa_cate_06/sentence_63.wav,আমি আমার পরিবারকে সব সময় সাহায্য করি।,noakhali,noa_cate_06
sentence_64.wav,dataset/chunks/noakhali/noa_cate_06/sentence_64.wav,আপনার ভাইবোন কি একে অপরকে সাহায্য করে?,noakhali,noa_cate_06
sentence_65.wav,dataset/chunks/noakhali/noa_cate_06/sentence_65.wav,আমরা পরিবারে জন্মদিন উদযাপন করি।,noakhali,noa_cate_06
sentence_66.wav,dataset/chunks/noakhali/noa_cate_06/sentence_66.wav,আমার পরিবারের সঙ্গে সময় কাটানো ভালো লাগে।,noakhali,noa_cate_06
sentence_67.wav,dataset/chunks/noakhali/noa_cate_06/sentence_67.wav,আপনার মা বাবা কি একসাথে আছেন?,noakhali,noa_cate_06
sentence_68.wav,dataset/chunks/noakhali/noa_cate_06/sentence_68.wav,আমার বাবা খুব কঠোর কিন্তু ভালো মানুষ।,noakhali,noa_cate_06
sentence_69.wav,dataset/chunks/noakhali/noa_cate_06/sentence_69.wav,আমরা পারিবারিক ছবি তুলি।,noakhali,noa_cate_06
sentence_70.wav,dataset/chunks/noakhali/noa_cate_06/sentence_70.wav,আমি আমার পরিবারের সুখের জন্য কাজ করি।,noakhali,noa_cate_06
sentence_01.wav,dataset/chunks/noakhali/noa_cate_07/sentence_01.wav,এই বছর ধানের ফলন কেমন হবে?,noakhali,noa_cate_07
sentence_02.wav,dataset/chunks/noakhali/noa_cate_07/sentence_02.wav,আমি মাছ চাষ শুরু করতে চাই।,noakhali,noa_cate_07
sentence_03.wav,dataset/chunks/noakhali/noa_cate_07/sentence_03.wav,বৃষ্টিপাত ঠিক আছে কি?,noakhali,noa_cate_07
sentence_04.wav,dataset/chunks/noakhali/noa_cate_07/sentence_04.wav,জমি প্রস্তুত করা হয়েছে।,noakhali,noa_cate_07
sentence_05.wav,dataset/chunks/noakhali/noa_cate_07/sentence_05.wav,ধানের বীজ কত লাগবে?,noakhali,noa_cate_07
sentence_06.wav,dataset/chunks/noakhali/noa_cate_07/sentence_06.wav,কীটনাশক প্রয়োগ করতে হবে।,noakhali,noa_cate_07
sentence_07.wav,dataset/chunks/noakhali/noa_cate_07/sentence_07.wav,আমি সবজি চাষ করি।,noakhali,noa_cate_07
sentence_08.wav,dataset/chunks/noakhali/noa_cate_07/sentence_08.wav,মাছের পুকুর কত বড়?,noakhali,noa_cate_07
sentence_09.wav,dataset/chunks/noakhali/noa_cate_07/sentence_09.wav,আমার ধান ভালোভাবে ফলন করছে।,noakhali,noa_cate_07
sentence_10.wav,dataset/chunks/noakhali/noa_cate_07/sentence_10.wav,সার দেওয়া হয়েছে।,noakhali,noa_cate_07
sentence_11.wav,dataset/chunks/noakhali/noa_cate_07/sentence_11.wav,কৃষকের জন্য কি সহায়তা আছে?,noakhali,noa_cate_07
sentence_12.wav,dataset/chunks/noakhali/noa_cate_07/sentence_12.wav,গবাদি পশুদের খাওয়ানো হয়েছে।,noakhali,noa_cate_07
sentence_13.wav,dataset/chunks/noakhali/noa_cate_07/sentence_13.wav,আবহাওয়া কেমন থাকবে?,noakhali,noa_cate_07
sentence_14.wav,dataset/chunks/noakhali/noa_cate_07/sentence_14.wav,বৃষ্টির অভাব ধানের জন্য ক্ষতিকর।,noakhali,noa_cate_07
sentence_15.wav,dataset/chunks/noakhali/noa_cate_07/sentence_15.wav,পুকুরে পানি পরীক্ষা করা হয়েছে।,noakhali,noa_cate_07
sentence_16.wav,dataset/chunks/noakhali/noa_cate_07/sentence_16.wav,আমি নতুন সার প্রয়োগ করব।,noakhali,noa_cate_07
sentence_17.wav,dataset/chunks/noakhali/noa_cate_07/sentence_17.wav,কীটপতঙ্গ ধ্বংস করতে হবে।,noakhali,noa_cate_07
sentence_18.wav,dataset/chunks/noakhali/noa_cate_07/sentence_18.wav,ধানের বীজ ভালো মানের কিনুন।,noakhali,noa_cate_07
sentence_19.wav,dataset/chunks/noakhali/noa_cate_07/sentence_19.wav,সবজি খুব দ্রুত বড় হচ্ছে।,noakhali,noa_cate_07
sentence_20.wav,dataset/chunks/noakhali/noa_cate_07/sentence_20.wav,মাছের পুকুরে খাবার দিন।,noakhali,noa_cate_07
sentence_21.wav,dataset/chunks/noakhali/noa_cate_07/sentence_21.wav,জমিতে আগাছা কাটা হয়েছে।,noakhali,noa_cate_07
sentence_22.wav,dataset/chunks/noakhali/noa_cate_07/sentence_22.wav,আমি নতুন পুকুর খনন করেছি।,noakhali,noa_cate_07
sentence_23.wav,dataset/chunks/noakhali/noa_cate_07/sentence_23.wav,এই ফসলের জন্য কত সার লাগবে?,noakhali,noa_cate_07
sentence_24.wav,dataset/chunks/noakhali/noa_cate_07/sentence_24.wav,গরু খুব ভালো অবস্থায় আছে।,noakhali,noa_cate_07
sentence_25.wav,dataset/chunks/noakhali/noa_cate_07/sentence_25.wav,ধান কেটে সংগ্রহ করা হয়েছে।,noakhali,noa_cate_07
sentence_26.wav,dataset/chunks/noakhali/noa_cate_07/sentence_26.wav,আমরা সবজি বাজারে বিক্রি করি।,noakhali,noa_cate_07
sentence_27.wav,dataset/chunks/noakhali/noa_cate_07/sentence_27.wav,মাটি পরীক্ষা করা হয়েছে।,noakhali,noa_cate_07
sentence_28.wav,dataset/chunks/noakhali/noa_cate_07/sentence_28.wav,পোকামাকড়ের আক্রমণ হয়েছে।,noakhali,noa_cate_07
sentence_29.wav,dataset/chunks/noakhali/noa_cate_07/sentence_29.wav,মাছের পুকুর পরিষ্কার করুন।,noakhali,noa_cate_07
sentence_30.wav,dataset/chunks/noakhali/noa_cate_07/sentence_30.wav,আমরা সার ও বীজ কিনব।,noakhali,noa_cate_07
sentence_31.wav,dataset/chunks/noakhali/noa_cate_07/sentence_31.wav,গবাদি পশুদের স্বাস্থ্য পরীক্ষা করা হয়েছে।,noakhali,noa_cate_07
sentence_32.wav,dataset/chunks/noakhali/noa_cate_07/sentence_32.wav,ধানের ফলন ভাল হয়েছে।,noakhali,noa_cate_07
sentence_33.wav,dataset/chunks/noakhali/noa_cate_07/sentence_33.wav,আমি নতুন চারা রোপণ করব।,noakhali,noa_cate_07
sentence_34.wav,dataset/chunks/noakhali/noa_cate_07/sentence_34.wav,আবহাওয়া পরিবর্তনশীল।,noakhali,noa_cate_07
sentence_35.wav,dataset/chunks/noakhali/noa_cate_07/sentence_35.wav,পুকুরে পানি কমে গেছে।,noakhali,noa_cate_07
sentence_36.wav,dataset/chunks/noakhali/noa_cate_07/sentence_36.wav,আমরা নতুন সার পরীক্ষা করব।,noakhali,noa_cate_07
sentence_37.wav,dataset/chunks/noakhali/noa_cate_07/sentence_37.wav,কি মাছের প্রজাতি ভালো ফলন দিচ্ছে?,noakhali,noa_cate_07
sentence_38.wav,dataset/chunks/noakhali/noa_cate_07/sentence_38.wav,জমি উর্বর।,noakhali,noa_cate_07
sentence_39.wav,dataset/chunks/noakhali/noa_cate_07/sentence_39.wav,ফসল রক্ষা করতে কী ব্যবস্থা নেওয়া হয়েছে?,noakhali,noa_cate_07
sentence_40.wav,dataset/chunks/noakhali/noa_cate_07/sentence_40.wav,আমরা গবাদি পশু বিক্রি করব।,noakhali,noa_cate_07
sentence_41.wav,dataset/chunks/noakhali/noa_cate_07/sentence_41.wav,ধানের ফসল শুকিয়ে গেছে।,noakhali,noa_cate_07
sentence_42.wav,dataset/chunks/noakhali/noa_cate_07/sentence_42.wav,পুকুরে নতুন মাছ ছাড়া হয়েছে।,noakhali,noa_cate_07
sentence_43.wav,dataset/chunks/noakhali/noa_cate_07/sentence_43.wav,আবহাওয়া খুব খারাপ।,noakhali,noa_cate_07
sentence_44.wav,dataset/chunks/noakhali/noa_cate_07/sentence_44.wav,আমরা সবজি রোপণ শুরু করেছি।,noakhali,noa_cate_07
sentence_45.wav,dataset/chunks/noakhali/noa_cate_07/sentence_45.wav,মাটির আর্দ্রতা ঠিক আছে কি?,noakhali,noa_cate_07
sentence_46.wav,dataset/chunks/noakhali/noa_cate_07/sentence_46.wav,সার দেওয়ার পর পানি দিন।,noakhali,noa_cate_07
sentence_47.wav,dataset/chunks/noakhali/noa_cate_07/sentence_47.wav,কীটনাশক কত দিন পর প্রয়োগ করতে হবে?,noakhali,noa_cate_07
sentence_48.wav,dataset/chunks/noakhali/noa_cate_07/sentence_48.wav,আমার ধান এখনও সবুজ।,noakhali,noa_cate_07
sentence_49.wav,dataset/chunks/noakhali/noa_cate_07/sentence_49.wav,গবাদি পশুদের জন্য খোরাক প্রস্তুত।,noakhali,noa_cate_07
sentence_50.wav,dataset/chunks/noakhali/noa_cate_07/sentence_50.wav,পুকুরের পানি পরীক্ষা করুন।,noakhali,noa_cate_07
sentence_51.wav,dataset/chunks/noakhali/noa_cate_07/sentence_51.wav,বৃষ্টি হলে ফসলের জন্য ভালো হবে।,noakhali,noa_cate_07
sentence_52.wav,dataset/chunks/noakhali/noa_cate_07/sentence_52.wav,আমরা নতুন সার প্রয়োগ করব।,noakhali,noa_cate_07
sentence_53.wav,dataset/chunks/noakhali/noa_cate_07/sentence_53.wav,কি সময়ে ধান কাটা উচিত?,noakhali,noa_cate_07
sentence_54.wav,dataset/chunks/noakhali/noa_cate_07/sentence_54.wav,পোকামাকড় ধ্বংস করা হয়েছে।,noakhali,noa_cate_07
sentence_55.wav,dataset/chunks/noakhali/noa_cate_07/sentence_55.wav,আমরা ফসল বিক্রি করব।,noakhali,noa_cate_07
sentence_56.wav,dataset/chunks/noakhali/noa_cate_07/sentence_56.wav,গবাদি পশুদের জন্য চিকিৎসা প্রয়োজন।,noakhali,noa_cate_07
sentence_57.wav,dataset/chunks/noakhali/noa_cate_07/sentence_57.wav,মাছের পুকুরে বেশি পানি ঢালুন।,noakhali,noa_cate_07
sentence_58.wav,dataset/chunks/noakhali/noa_cate_07/sentence_58.wav,আমরা কৃষি প্রদর্শনীতে যাব।,noakhali,noa_cate_07
sentence_59.wav,dataset/chunks/noakhali/noa_cate_07/sentence_59.wav,ধানের চারা ভালোভাবে জন্ম নিয়েছে।,noakhali,noa_cate_07
sentence_60.wav,dataset/chunks/noakhali/noa_cate_07/sentence_60.wav,ফসলের জন্য পানি দেওয়া হচ্ছে।,noakhali,noa_cate_07
sentence_61.wav,dataset/chunks/noakhali/noa_cate_07/sentence_61.wav,পোকামাকড়ের আক্রমণ কমে গেছে।,noakhali,noa_cate_07
sentence_62.wav,dataset/chunks/noakhali/noa_cate_07/sentence_62.wav,আমরা নতুন চারা কিনব।,noakhali,noa_cate_07
sentence_63.wav,dataset/chunks/noakhali/noa_cate_07/sentence_63.wav,কি মাছের খাদ্য ভালো ফলন দিচ্ছে?,noakhali,noa_cate_07
sentence_64.wav,dataset/chunks/noakhali/noa_cate_07/sentence_64.wav,জমি খুব উর্বর।,noakhali,noa_cate_07
sentence_65.wav,dataset/chunks/noakhali/noa_cate_07/sentence_65.wav,পুকুরের পানি পরিষ্কার রাখা হয়েছে।,noakhali,noa_cate_07
sentence_66.wav,dataset/chunks/noakhali/noa_cate_07/sentence_66.wav,আমি ধানের ক্ষেতে যাচ্ছি।,noakhali,noa_cate_07
sentence_67.wav,dataset/chunks/noakhali/noa_cate_07/sentence_67.wav,ফসল রক্ষা করতে কৃষক সতর্ক।,noakhali,noa_cate_07
sentence_68.wav,dataset/chunks/noakhali/noa_cate_07/sentence_68.wav,আমরা গবাদি পশু বিক্রির পরিকল্পনা করেছি।,noakhali,noa_cate_07
sentence_69.wav,dataset/chunks/noakhali/noa_cate_07/sentence_69.wav,ধানের ক্ষেতে জৈব সার প্রয়োগ করা হয়েছে।,noakhali,noa_cate_07
sentence_70.wav,dataset/chunks/noakhali/noa_cate_07/sentence_70.wav,আমাদের পুকুরে নতুন মাছ এসেছে।,noakhali,noa_cate_07
sentence_01.wav,dataset/chunks/noakhali/noa_cate_10/sentence_01.wav,আপনি কিভাবে পহেলা বৈশাখ উদযাপন করেন?,noakhali,noa_cate_10
sentence_02.wav,dataset/chunks/noakhali/noa_cate_10/sentence_02.wav,আমি পহেলা বৈশাখে নতুন জামা পরি।,noakhali,noa_cate_10
sentence_03.wav,dataset/chunks/noakhali/noa_cate_10/sentence_03.wav,আমাদের গ্রামে ঈদ খুব বড় উৎসব।,noakhali,noa_cate_10
sentence_04.wav,dataset/chunks/noakhali/noa_cate_10/sentence_04.wav,আপনি পূজা কিভাবে পালন করেন?,noakhali,noa_cate_10
sentence_05.wav,dataset/chunks/noakhali/noa_cate_10/sentence_05.wav,আমরা দুর্গাপূজা দেখতে যাই।,noakhali,noa_cate_10
sentence_06.wav,dataset/chunks/noakhali/noa_cate_10/sentence_06.wav,আমার পরিবার নববর্ষ উদযাপন করে।,noakhali,noa_cate_10
sentence_07.wav,dataset/chunks/noakhali/noa_cate_10/sentence_07.wav,কি ধরনের খাবার উৎসবে থাকে?,noakhali,noa_cate_10
sentence_08.wav,dataset/chunks/noakhali/noa_cate_10/sentence_08.wav,আমরা ঈদের দিনে গিয়ে কার্ড দিই।,noakhali,noa_cate_10
sentence_09.wav,dataset/chunks/noakhali/noa_cate_10/sentence_09.wav,পহেলা বৈশাখে আমরা বাজারে যাই।,noakhali,noa_cate_10
sentence_10.wav,dataset/chunks/noakhali/noa_cate_10/sentence_10.wav,আমরা পহেলা বৈশাখে রঙিন পোশাক পরি।,noakhali,noa_cate_10
sentence_11.wav,dataset/chunks/noakhali/noa_cate_10/sentence_11.wav,হোলি আমাদের বন্ধুদের সঙ্গে খেলা হয়।,noakhali,noa_cate_10
sentence_12.wav,dataset/chunks/noakhali/noa_cate_10/sentence_12.wav,উৎসবে কি ধরনের গান বাজে?,noakhali,noa_cate_10
sentence_13.wav,dataset/chunks/noakhali/noa_cate_10/sentence_13.wav,আমরা লালবসন্ত উৎসব পালন করি।,noakhali,noa_cate_10
sentence_14.wav,dataset/chunks/noakhali/noa_cate_10/sentence_14.wav,আমাদের গ্রামে বর্ষবরণ খুব উৎসবমুখর।,noakhali,noa_cate_10
sentence_15.wav,dataset/chunks/noakhali/noa_cate_10/sentence_15.wav,পহেলা বৈশাখে নতুন বছরের জন্য শুভেচ্ছা বিনিময় করি।,noakhali,noa_cate_10
sentence_16.wav,dataset/chunks/noakhali/noa_cate_10/sentence_16.wav,আমরা ঈদে পরিবারের সঙ্গে ভ্রমণ করি।,noakhali,noa_cate_10
sentence_17.wav,dataset/chunks/noakhali/noa_cate_10/sentence_17.wav,দুর্গাপূজায় মন্দিরে ফুল সাজানো হয়।,noakhali,noa_cate_10
sentence_18.wav,dataset/chunks/noakhali/noa_cate_10/sentence_18.wav,কি ধরনের পোশাক উৎসবে পরা হয়?,noakhali,noa_cate_10
sentence_19.wav,dataset/chunks/noakhali/noa_cate_10/sentence_19.wav,নববর্ষে আমরা মিষ্টি খাই।,noakhali,noa_cate_10
sentence_20.wav,dataset/chunks/noakhali/noa_cate_10/sentence_20.wav,আমরা ঈদের সকালে নতুন জামা পরি।,noakhali,noa_cate_10
sentence_21.wav,dataset/chunks/noakhali/noa_cate_10/sentence_21.wav,পূজার সময় মন্দিরে ভিড় থাকে।,noakhali,noa_cate_10
sentence_22.wav,dataset/chunks/noakhali/noa_cate_10/sentence_22.wav,পহেলা বৈশাখে আমরা পার্কে যাই।,noakhali,noa_cate_10
sentence_23.wav,dataset/chunks/noakhali/noa_cate_10/sentence_23.wav,হোলিতে রঙ ব্যবহার করা হয়।,noakhali,noa_cate_10
sentence_24.wav,dataset/chunks/noakhali/noa_cate_10/sentence_24.wav,আমরা ভোরে পূজার অর্ঘ্য দিই।,noakhali,noa_cate_10
sentence_25.wav,dataset/chunks/noakhali/noa_cate_10/sentence_25.wav,ঈদে আমরা একে অপরকে শুভেচ্ছা জানাই।,noakhali,noa_cate_10
sentence_26.wav,dataset/chunks/noakhali/noa_cate_10/sentence_26.wav,উৎসবের জন্য নতুন সাজসজ্জা করা হয়েছে।,noakhali,noa_cate_10
sentence_27.wav,dataset/chunks/noakhali/noa_cate_10/sentence_27.wav,আমরা নববর্ষে গান গাই।,noakhali,noa_cate_10
sentence_28.wav,dataset/chunks/noakhali/noa_cate_10/sentence_28.wav,দুর্গাপূজায় কুমারী পূজা হয়।,noakhali,noa_cate_10
sentence_29.wav,dataset/chunks/noakhali/noa_cate_10/sentence_29.wav,কি ধরনের খেলাধুলা উৎসবে হয়?,noakhali,noa_cate_10
sentence_30.wav,dataset/chunks/noakhali/noa_cate_10/sentence_30.wav,আমরা হোলিতে একে অপরকে রঙ দিই।,noakhali,noa_cate_10
sentence_31.wav,dataset/chunks/noakhali/noa_cate_10/sentence_31.wav,উৎসবে আমরা নাচ গান করি।,noakhali,noa_cate_10
sentence_32.wav,dataset/chunks/noakhali/noa_cate_10/sentence_32.wav,ঈদের দিনে বাজারে ভিড় হয়।,noakhali,noa_cate_10
sentence_33.wav,dataset/chunks/noakhali/noa_cate_10/sentence_33.wav,পহেলা বৈশাখে আমরা মেলা দেখতে যাই।,noakhali,noa_cate_10
sentence_34.wav,dataset/chunks/noakhali/noa_cate_10/sentence_34.wav,নববর্ষে আমরা নতুন পরিকল্পনা করি।,noakhali,noa_cate_10
sentence_35.wav,dataset/chunks/noakhali/noa_cate_10/sentence_35.wav,দুর্গাপূজায় মন্দিরে আলোকসজ্জা করা হয়।,noakhali,noa_cate_10
sentence_36.wav,dataset/chunks/noakhali/noa_cate_10/sentence_36.wav,হোলিতে আমরা বন্ধুদের সঙ্গে মজা করি।,noakhali,noa_cate_10
sentence_37.wav,dataset/chunks/noakhali/noa_cate_10/sentence_37.wav,কি ধরনের খাবার পূজায় পরিবেশিত হয়?,noakhali,noa_cate_10
sentence_38.wav,dataset/chunks/noakhali/noa_cate_10/sentence_38.wav,আমরা নববর্ষে পরিবারকে উপহার দেই।,noakhali,noa_cate_10
sentence_39.wav,dataset/chunks/noakhali/noa_cate_10/sentence_39.wav,ঈদের সকালে আমরা মসজিদে যাই।,noakhali,noa_cate_10
sentence_40.wav,dataset/chunks/noakhali/noa_cate_10/sentence_40.wav,উৎসবে আমরা traditional পোশাক পরি।,noakhali,noa_cate_10
sentence_41.wav,dataset/chunks/noakhali/noa_cate_10/sentence_41.wav,পহেলা বৈশাখে আমরা রঙিন মিছিল করি।,noakhali,noa_cate_10
sentence_42.wav,dataset/chunks/noakhali/noa_cate_10/sentence_42.wav,হোলিতে আমরা বিভিন্ন রঙের জল ব্যবহার করি।,noakhali,noa_cate_10
sentence_43.wav,dataset/chunks/noakhali/noa_cate_10/sentence_43.wav,নববর্ষের অনুষ্ঠানে গান বাজানো হয়।,noakhali,noa_cate_10
sentence_44.wav,dataset/chunks/noakhali/noa_cate_10/sentence_44.wav,আমরা ঈদের দিনে প্রিয়জনের সঙ্গে খাবার খাই।,noakhali,noa_cate_10
sentence_45.wav,dataset/chunks/noakhali/noa_cate_10/sentence_45.wav,দুর্গাপূজায় প্রতিমা সাজানো হয়।,noakhali,noa_cate_10
sentence_46.wav,dataset/chunks/noakhali/noa_cate_10/sentence_46.wav,উৎসবে আমরা সবাই একসাথে আনন্দ করি।,noakhali,noa_cate_10
sentence_47.wav,dataset/chunks/noakhali/noa_cate_10/sentence_47.wav,পহেলা বৈশাখে নতুন বছরের শুরু হয়।,noakhali,noa_cate_10
sentence_48.wav,dataset/chunks/noakhali/noa_cate_10/sentence_48.wav,নববর্ষে আমরা খোলা আকাশের নিচে অনুষ্ঠান করি।,noakhali,noa_cate_10
sentence_49.wav,dataset/chunks/noakhali/noa_cate_10/sentence_49.wav,ঈদে আমরা একে অপরকে উপহার দেই।,noakhali,noa_cate_10
sentence_50.wav,dataset/chunks/noakhali/noa_cate_10/sentence_50.wav,হোলিতে শিশুদের আনন্দ বেশি।,noakhali,noa_cate_10
sentence_51.wav,dataset/chunks/noakhali/noa_cate_10/sentence_51.wav,আমরা পহেলা বৈশাখে রঙিন পুতুল তৈরি করি।,noakhali,noa_cate_10
sentence_52.wav,dataset/chunks/noakhali/noa_cate_10/sentence_52.wav,দুর্গাপূজায় মন্দিরে ভক্তদের ভিড় থাকে।,noakhali,noa_cate_10
sentence_53.wav,dataset/chunks/noakhali/noa_cate_10/sentence_53.wav,নববর্ষের দিনে আমরা traditional খাবার খাই।,noakhali,noa_cate_10
sentence_54.wav,dataset/chunks/noakhali/noa_cate_10/sentence_54.wav,হোলিতে আমরা গান বাজাই।,noakhali,noa_cate_10
sentence_55.wav,dataset/chunks/noakhali/noa_cate_10/sentence_55.wav,ঈদে আমরা পরিবারের সঙ্গে আনন্দ করি।,noakhali,noa_cate_10
sentence_56.wav,dataset/chunks/noakhali/noa_cate_10/sentence_56.wav,পহেলা বৈশাখে আমরা বাজার থেকে খাবার কিনি।,noakhali,noa_cate_10
sentence_57.wav,dataset/chunks/noakhali/noa_cate_10/sentence_57.wav,নববর্ষে আমরা cultural অনুষ্ঠানে অংশ নিই।,noakhali,noa_cate_10
sentence_58.wav,dataset/chunks/noakhali/noa_cate_10/sentence_58.wav,দুর্গাপূজায় আমরা মেলা দেখি।,noakhali,noa_cate_10
sentence_59.wav,dataset/chunks/noakhali/noa_cate_10/sentence_59.wav,হোলিতে আমরা একে অপরকে মিষ্টি দিই।,noakhali,noa_cate_10
sentence_60.wav,dataset/chunks/noakhali/noa_cate_10/sentence_60.wav,আমরা পহেলা বৈশাখে traditional নাচ করি।,noakhali,noa_cate_10
sentence_61.wav,dataset/chunks/noakhali/noa_cate_10/sentence_61.wav,নববর্ষে আমরা নতুন বছরের জন্য প্রার্থনা করি।,noakhali,noa_cate_10
sentence_62.wav,dataset/chunks/noakhali/noa_cate_10/sentence_62.wav,ঈদের সকালে আমরা মসজিদে যাওয়া শুরু করি।,noakhali,noa_cate_10
sentence_63.wav,dataset/chunks/noakhali/noa_cate_10/sentence_63.wav,হোলিতে আমরা বন্ধুদের সঙ্গে আনন্দ করি।,noakhali,noa_cate_10
sentence_64.wav,dataset/chunks/noakhali/noa_cate_10/sentence_64.wav,পহেলা বৈশাখে আমাদের গ্রামে মেলা হয়।,noakhali,noa_cate_10
sentence_65.wav,dataset/chunks/noakhali/noa_cate_10/sentence_65.wav,নববর্ষের অনুষ্ঠান সকাল থেকে শুরু হয়।,noakhali,noa_cate_10
sentence_66.wav,dataset/chunks/noakhali/noa_cate_10/sentence_66.wav,দুর্গাপূজায় শিশুদের জন্য খেলা হয়।,noakhali,noa_cate_10
sentence_67.wav,dataset/chunks/noakhali/noa_cate_10/sentence_67.wav,হোলিতে আমরা রঙিন পাউডার ব্যবহার করি।,noakhali,noa_cate_10
sentence_68.wav,dataset/chunks/noakhali/noa_cate_10/sentence_68.wav,ঈদে আমরা গ্রামের বাড়িতে যাই।,noakhali,noa_cate_10
sentence_69.wav,dataset/chunks/noakhali/noa_cate_10/sentence_69.wav,পহেলা বৈশাখে আমরা নতুন বছরের জন্য সুইট খাই।,noakhali,noa_cate_10
sentence_70.wav,dataset/chunks/noakhali/noa_cate_10/sentence_70.wav,নববর্ষে আমরা সকলের সঙ্গে আনন্দ ভাগ করি।,noakhali,noa_cate_10
sentence_01.wav,dataset/chunks/noakhali/noa_cate_11/sentence_01.wav,আপনার পরীক্ষা কবে?,noakhali,noa_cate_11
sentence_02.wav,dataset/chunks/noakhali/noa_cate_11/sentence_02.wav,আমি সকাল ৯টায় স্কুলে যাই।,noakhali,noa_cate_11
sentence_03.wav,dataset/chunks/noakhali/noa_cate_11/sentence_03.wav,আজ কোন বিষয়ের ক্লাস আছে?,noakhali,noa_cate_11
sentence_04.wav,dataset/chunks/noakhali/noa_cate_11/sentence_04.wav,আমি গণিত পড়াশোনা করছি।,noakhali,noa_cate_11
sentence_05.wav,dataset/chunks/noakhali/noa_cate_11/sentence_05.wav,আপনার শিক্ষক কে?,noakhali,noa_cate_11
sentence_06.wav,dataset/chunks/noakhali/noa_cate_11/sentence_06.wav,আমার ক্লাস খুব ছোট।,noakhali,noa_cate_11
sentence_07.wav,dataset/chunks/noakhali/noa_cate_11/sentence_07.wav,পরীক্ষা কঠিন হবে কি?,noakhali,noa_cate_11
sentence_08.wav,dataset/chunks/noakhali/noa_cate_11/sentence_08.wav,আমি আজ বাংলা পরীক্ষা দিচ্ছি।,noakhali,noa_cate_11
sentence_09.wav,dataset/chunks/noakhali/noa_cate_11/sentence_09.wav,আপনি কোন কলেজে পড়েন?,noakhali,noa_cate_11
sentence_10.wav,dataset/chunks/noakhali/noa_cate_11/sentence_10.wav,আমার বন্ধু বিজ্ঞান পড়ে।,noakhali,noa_cate_11
sentence_11.wav,dataset/chunks/noakhali/noa_cate_11/sentence_11.wav,আমরা স্কুলে প্রতিদিন ৬ ঘণ্টা পড়ি।,noakhali,noa_cate_11
sentence_12.wav,dataset/chunks/noakhali/noa_cate_11/sentence_12.wav,আপনার হোমওয়ার্ক শেষ হয়েছে কি?,noakhali,noa_cate_11
sentence_13.wav,dataset/chunks/noakhali/noa_cate_11/sentence_13.wav,আমি ইতিহাস পড়তে ভালোবাসি।,noakhali,noa_cate_11
sentence_14.wav,dataset/chunks/noakhali/noa_cate_11/sentence_14.wav,আপনার শিক্ষক ক্লাসে কঠোর কি?,noakhali,noa_cate_11
sentence_15.wav,dataset/chunks/noakhali/noa_cate_11/sentence_15.wav,আমরা লাইব্রেরিতে বই পড়ি।,noakhali,noa_cate_11
sentence_16.wav,dataset/chunks/noakhali/noa_cate_11/sentence_16.wav,পরীক্ষা কত নম্বরের?,noakhali,noa_cate_11
sentence_17.wav,dataset/chunks/noakhali/noa_cate_11/sentence_17.wav,আমার সহপাঠী খুব স্মার্ট।,noakhali,noa_cate_11
sentence_18.wav,dataset/chunks/noakhali/noa_cate_11/sentence_18.wav,আপনি কোন বিষয়ে দুর্বল?,noakhali,noa_cate_11
sentence_19.wav,dataset/chunks/noakhali/noa_cate_11/sentence_19.wav,আমি প্রতিদিন ইংরেজি অনুশীলন করি।,noakhali,noa_cate_11
sentence_20.wav,dataset/chunks/noakhali/noa_cate_11/sentence_20.wav,শিক্ষক আজ নতুন পাঠ শেখালেন।,noakhali,noa_cate_11
sentence_21.wav,dataset/chunks/noakhali/noa_cate_11/sentence_21.wav,আপনার ক্লাসের সময়সূচি কি?,noakhali,noa_cate_11
sentence_22.wav,dataset/chunks/noakhali/noa_cate_11/sentence_22.wav,আমি পরীক্ষার জন্য প্রস্তুতি নিচ্ছি।,noakhali,noa_cate_11
sentence_23.wav,dataset/chunks/noakhali/noa_cate_11/sentence_23.wav,আমরা বিজ্ঞান ল্যাবে পরীক্ষা করি।,noakhali,noa_cate_11
sentence_24.wav,dataset/chunks/noakhali/noa_cate_11/sentence_24.wav,আপনার স্কুলের নাম কি?,noakhali,noa_cate_11
sentence_25.wav,dataset/chunks/noakhali/noa_cate_11/sentence_25.wav,আমার প্রিয় শিক্ষক খুব সহায়ক।,noakhali,noa_cate_11
sentence_26.wav,dataset/chunks/noakhali/noa_cate_11/sentence_26.wav,আমরা গ্রুপ স্টাডি করি।,noakhali,noa_cate_11
sentence_27.wav,dataset/chunks/noakhali/noa_cate_11/sentence_27.wav,আপনি কোন বিষয়ে ভালো?,noakhali,noa_cate_11
sentence_28.wav,dataset/chunks/noakhali/noa_cate_11/sentence_28.wav,আমি নতুন বিষয় শিখতে ভালোবাসি।,noakhali,noa_cate_11
sentence_29.wav,dataset/chunks/noakhali/noa_cate_11/sentence_29.wav,পরীক্ষা শেষ হলে আমরা ছুটি পাই।,noakhali,noa_cate_11
sentence_30.wav,dataset/chunks/noakhali/noa_cate_11/sentence_30.wav,আমার স্কুলে বড় লাইব্রেরি আছে।,noakhali,noa_cate_11
sentence_31.wav,dataset/chunks/noakhali/noa_cate_11/sentence_31.wav,আপনার ক্লাসের সংখ্যা কত?,noakhali,noa_cate_11
sentence_32.wav,dataset/chunks/noakhali/noa_cate_11/sentence_32.wav,আমি প্রতিদিন সকালে পড়াশোনা করি।,noakhali,noa_cate_11
sentence_33.wav,dataset/chunks/noakhali/noa_cate_11/sentence_33.wav,শিক্ষক আজ গণিতের সমস্যা দেখালেন।,noakhali,noa_cate_11
sentence_34.wav,dataset/chunks/noakhali/noa_cate_11/sentence_34.wav,আপনার সহপাঠী কি সাহায্য করছে?,noakhali,noa_cate_11
sentence_35.wav,dataset/chunks/noakhali/noa_cate_11/sentence_35.wav,আমি পরীক্ষার জন্য নোট তৈরি করছি।,noakhali,noa_cate_11
sentence_36.wav,dataset/chunks/noakhali/noa_cate_11/sentence_36.wav,আমরা স্কুলে বিভিন্ন কার্যক্রম করি।,noakhali,noa_cate_11
sentence_37.wav,dataset/chunks/noakhali/noa_cate_11/sentence_37.wav,আপনার শিক্ষক কি ভালো ব্যাখ্যা করেন?,noakhali,noa_cate_11
sentence_38.wav,dataset/chunks/noakhali/noa_cate_11/sentence_38.wav,আমি ইংরেজি বলার অনুশীলন করি।,noakhali,noa_cate_11
sentence_39.wav,dataset/chunks/noakhali/noa_cate_11/sentence_39.wav,আজ ক্লাসে প্র্যাকটিক্যাল হয়েছে।,noakhali,noa_cate_11
sentence_40.wav,dataset/chunks/noakhali/noa_cate_11/sentence_40.wav,আপনার হোমওয়ার্ক কত পৃষ্ঠা?,noakhali,noa_cate_11
sentence_41.wav,dataset/chunks/noakhali/noa_cate_11/sentence_41.wav,আমি পরীক্ষার জন্য প্রশ্ন সমাধান করছি।,noakhali,noa_cate_11
sentence_42.wav,dataset/chunks/noakhali/noa_cate_11/sentence_42.wav,আমরা স্কুলে বার্ষিক ক্রীড়া প্রতিযোগিতা করি।,noakhali,noa_cate_11
sentence_43.wav,dataset/chunks/noakhali/noa_cate_11/sentence_43.wav,আপনার শিক্ষক কি কখনও দেরি করেন?,noakhali,noa_cate_11
sentence_44.wav,dataset/chunks/noakhali/noa_cate_11/sentence_44.wav,আমি নতুন বই কিনেছি।,noakhali,noa_cate_11
sentence_45.wav,dataset/chunks/noakhali/noa_cate_11/sentence_45.wav,ক্লাসে সবাই খুব মনোযোগী।,noakhali,noa_cate_11
sentence_46.wav,dataset/chunks/noakhali/noa_cate_11/sentence_46.wav,আপনার স্কুলের সময়সূচি কি?,noakhali,noa_cate_11
sentence_47.wav,dataset/chunks/noakhali/noa_cate_11/sentence_47.wav,আমরা পরীক্ষার জন্য গ্রুপ স্টাডি করি।,noakhali,noa_cate_11
sentence_48.wav,dataset/chunks/noakhali/noa_cate_11/sentence_48.wav,শিক্ষক আজ বিজ্ঞান পাঠ করলেন।,noakhali,noa_cate_11
sentence_49.wav,dataset/chunks/noakhali/noa_cate_11/sentence_49.wav,আপনার প্রিয় বিষয় কোনটি?,noakhali,noa_cate_11
sentence_50.wav,dataset/chunks/noakhali/noa_cate_11/sentence_50.wav,আমি প্রতিদিন রাতে পড়াশোনা করি।,noakhali,noa_cate_11
sentence_51.wav,dataset/chunks/noakhali/noa_cate_11/sentence_51.wav,আমরা লাইব্রেরিতে নতুন বই দেখেছি।,noakhali,noa_cate_11
sentence_52.wav,dataset/chunks/noakhali/noa_cate_11/sentence_52.wav,শিক্ষক আজ পরীক্ষা নেওয়ার পরিকল্পনা করেছেন।,noakhali,noa_cate_11
sentence_53.wav,dataset/chunks/noakhali/noa_cate_11/sentence_53.wav,আপনার স্কুলের ছুটি কখন?,noakhali,noa_cate_11
sentence_54.wav,dataset/chunks/noakhali/noa_cate_11/sentence_54.wav,আমি পরীক্ষার জন্য নোটগুলি পুনরায় পড়ছি।,noakhali,noa_cate_11
sentence_55.wav,dataset/chunks/noakhali/noa_cate_11/sentence_55.wav,আমরা ক্লাসে project কাজ করছি।,noakhali,noa_cate_11
sentence_56.wav,dataset/chunks/noakhali/noa_cate_11/sentence_56.wav,আপনার সহপাঠী কি সক্রিয়?,noakhali,noa_cate_11
sentence_57.wav,dataset/chunks/noakhali/noa_cate_11/sentence_57.wav,আমি আজ শিক্ষকের সঙ্গে কথা বলেছি।,noakhali,noa_cate_11
sentence_58.wav,dataset/chunks/noakhali/noa_cate_11/sentence_58.wav,স্কুলে আমরা বিভিন্ন cultural অনুষ্ঠান করি।,noakhali,noa_cate_11
sentence_59.wav,dataset/chunks/noakhali/noa_cate_11/sentence_59.wav,আপনার ক্লাসে কত শিক্ষক আছেন?,noakhali,noa_cate_11
sentence_60.wav,dataset/chunks/noakhali/noa_cate_11/sentence_60.wav,আমি প্রতিদিন নতুন শব্দ শিখি।,noakhali,noa_cate_11
sentence_61.wav,dataset/chunks/noakhali/noa_cate_11/sentence_61.wav,পরীক্ষা শেষ হলে আমরা আনন্দ করি।,noakhali,noa_cate_11
sentence_62.wav,dataset/chunks/noakhali/noa_cate_11/sentence_62.wav,শিক্ষক আজ হোমওয়ার্ক দেখেছেন।,noakhali,noa_cate_11
sentence_63.wav,dataset/chunks/noakhali/noa_cate_11/sentence_63.wav,আপনার স্কুলে কত লাইব্রেরি আছে?,noakhali,noa_cate_11
sentence_64.wav,dataset/chunks/noakhali/noa_cate_11/sentence_64.wav,আমরা প্রতিদিন ক্লাসে active থাকি।,noakhali,noa_cate_11
sentence_65.wav,dataset/chunks/noakhali/noa_cate_11/sentence_65.wav,আমি পরীক্ষার জন্য extra practice করি।,noakhali,noa_cate_11
sentence_66.wav,dataset/chunks/noakhali/noa_cate_11/sentence_66.wav,শিক্ষক নতুন প্রশ্ন দেখিয়েছেন।,noakhali,noa_cate_11
sentence_67.wav,dataset/chunks/noakhali/noa_cate_11/sentence_67.wav,আপনার স্কুলের বার্ষিক পরীক্ষা কখন?,noakhali,noa_cate_11
sentence_68.wav,dataset/chunks/noakhali/noa_cate_11/sentence_68.wav,আমি শিক্ষকের পরামর্শ অনুসরণ করি।,noakhali,noa_cate_11
sentence_69.wav,dataset/chunks/noakhali/noa_cate_11/sentence_69.wav,আমরা প্রতিদিন assignment করি।,noakhali,noa_cate_11
sentence_70.wav,dataset/chunks/noakhali/noa_cate_11/sentence_70.wav,আপনার প্রিয় শিক্ষক কে?,noakhali,noa_cate_11
sentence_01.wav,dataset/chunks/noakhali/noa_cate_12/sentence_01.wav,আজকের মিটিং কবে?,noakhali,noa_cate_12
sentence_02.wav,dataset/chunks/noakhali/noa_cate_12/sentence_02.wav,আমি আমার রিপোর্ট প্রস্তুত করেছি।,noakhali,noa_cate_12
sentence_03.wav,dataset/chunks/noakhali/noa_cate_12/sentence_03.wav,অফিসে সময়মতো পৌঁছানো উচিত।,noakhali,noa_cate_12
sentence_04.wav,dataset/chunks/noakhali/noa_cate_12/sentence_04.wav,আপনার সহকর্মী কি সাহায্য করছে?,noakhali,noa_cate_12
sentence_05.wav,dataset/chunks/noakhali/noa_cate_12/sentence_05.wav,আমরা নতুন প্রকল্প শুরু করছি।,noakhali,noa_cate_12
sentence_06.wav,dataset/chunks/noakhali/noa_cate_12/sentence_06.wav,আজ অফিসে কি কাজ আছে?,noakhali,noa_cate_12
sentence_07.wav,dataset/chunks/noakhali/noa_cate_12/sentence_07.wav,আমার কম্পিউটারে সমস্যা হয়েছে।,noakhali,noa_cate_12
sentence_08.wav,dataset/chunks/noakhali/noa_cate_12/sentence_08.wav,মিটিংটি কত সময়ের জন্য?,noakhali,noa_cate_12
sentence_09.wav,dataset/chunks/noakhali/noa_cate_12/sentence_09.wav,আমি প্রেজেন্টেশন প্রস্তুত করছি।,noakhali,noa_cate_12
sentence_10.wav,dataset/chunks/noakhali/noa_cate_12/sentence_10.wav,আপনি কোন দপ্তরে কাজ করেন?,noakhali,noa_cate_12
sentence_11.wav,dataset/chunks/noakhali/noa_cate_12/sentence_11.wav,অফিসের সময়সূচি কি?,noakhali,noa_cate_12
sentence_12.wav,dataset/chunks/noakhali/noa_cate_12/sentence_12.wav,আমি নতুন কর্মচারী প্রশিক্ষণ দিচ্ছি।,noakhali,noa_cate_12
sentence_13.wav,dataset/chunks/noakhali/noa_cate_12/sentence_13.wav,আজ অফিসে তদারকি করা হয়েছে।,noakhali,noa_cate_12
sentence_14.wav,dataset/chunks/noakhali/noa_cate_12/sentence_14.wav,আমরা ক্লায়েন্টের সঙ্গে মিটিং করেছি।,noakhali,noa_cate_12
sentence_15.wav,dataset/chunks/noakhali/noa_cate_12/sentence_15.wav,আমার ল্যাপটপ কাজ করছে না।,noakhali,noa_cate_12
sentence_16.wav,dataset/chunks/noakhali/noa_cate_12/sentence_16.wav,অফিসের কাজ শেষ হয়েছে।,noakhali,noa_cate_12
sentence_17.wav,dataset/chunks/noakhali/noa_cate_12/sentence_17.wav,কি ধরনের রিপোর্ট আজ জমা দিতে হবে?,noakhali,noa_cate_12
sentence_18.wav,dataset/chunks/noakhali/noa_cate_12/sentence_18.wav,আমি ইমেইল পাঠাচ্ছি।,noakhali,noa_cate_12
sentence_19.wav,dataset/chunks/noakhali/noa_cate_12/sentence_19.wav,অফিসে নতুন নীতি প্রয়োগ করা হয়েছে।,noakhali,noa_cate_12
sentence_20.wav,dataset/chunks/noakhali/noa_cate_12/sentence_20.wav,আপনার সহকর্মী punctual কি?,noakhali,noa_cate_12
sentence_21.wav,dataset/chunks/noakhali/noa_cate_12/sentence_21.wav,আমরা অফিসে কাজ ভাগ করেছি।,noakhali,noa_cate_12
sentence_22.wav,dataset/chunks/noakhali/noa_cate_12/sentence_22.wav,আজ অফিসে কি মিটিং আছে?,noakhali,noa_cate_12
sentence_23.wav,dataset/chunks/noakhali/noa_cate_12/sentence_23.wav,আমি ক্লায়েন্টের জন্য ডকুমেন্ট তৈরি করছি।,noakhali,noa_cate_12
sentence_24.wav,dataset/chunks/noakhali/noa_cate_12/sentence_24.wav,অফিসের বাতাস ভালো নেই।,noakhali,noa_cate_12
sentence_25.wav,dataset/chunks/noakhali/noa_cate_12/sentence_25.wav,আমরা নতুন সফটওয়্যার ব্যবহার করছি।,noakhali,noa_cate_12
sentence_26.wav,dataset/chunks/noakhali/noa_cate_12/sentence_26.wav,কি কাজ দ্রুত শেষ করতে হবে?,noakhali,noa_cate_12
sentence_27.wav,dataset/chunks/noakhali/noa_cate_12/sentence_27.wav,আমার ডেস্কে অনেক নথি আছে।,noakhali,noa_cate_12
sentence_28.wav,dataset/chunks/noakhali/noa_cate_12/sentence_28.wav,অফিসে আজ নতুন অতিথি এসেছেন।,noakhali,noa_cate_12
sentence_29.wav,dataset/chunks/noakhali/noa_cate_12/sentence_29.wav,আমরা টিম মিটিং করছি।,noakhali,noa_cate_12
sentence_30.wav,dataset/chunks/noakhali/noa_cate_12/sentence_30.wav,আপনার কাজের অগ্রগতি কেমন?,noakhali,noa_cate_12
sentence_31.wav,dataset/chunks/noakhali/noa_cate_12/sentence_31.wav,আমি নতুন প্রকল্পের পরিকল্পনা করছি।,noakhali,noa_cate_12
sentence_32.wav,dataset/chunks/noakhali/noa_cate_12/sentence_32.wav,আজ অফিসে অনেক কাজ হয়েছে।,noakhali,noa_cate_12
sentence_33.wav,dataset/chunks/noakhali/noa_cate_12/sentence_33.wav,আমি ইমেইল চেক করছি।,noakhali,noa_cate_12
sentence_34.wav,dataset/chunks/noakhali/noa_cate_12/sentence_34.wav,অফিসের কম্পিউটার আপডেট হয়েছে।,noakhali,noa_cate_12
sentence_35.wav,dataset/chunks/noakhali/noa_cate_12/sentence_35.wav,আপনি আজ কোন দপ্তরে কাজ করছেন?,noakhali,noa_cate_12
sentence_36.wav,dataset/chunks/noakhali/noa_cate_12/sentence_36.wav,আমরা নতুন টিম মিটিং শুরু করেছি।,noakhali,noa_cate_12
sentence_37.wav,dataset/chunks/noakhali/noa_cate_12/sentence_37.wav,কি ধরনের রিপোর্ট শেষ হয়েছে?,noakhali,noa_cate_12
sentence_38.wav,dataset/chunks/noakhali/noa_cate_12/sentence_38.wav,আমি অফিসের জন্য প্রেজেন্টেশন তৈরি করেছি।,noakhali,noa_cate_12
sentence_39.wav,dataset/chunks/noakhali/noa_cate_12/sentence_39.wav,আমাদের টিমে নতুন সদস্য যোগ হয়েছে।,noakhali,noa_cate_12
sentence_40.wav,dataset/chunks/noakhali/noa_cate_12/sentence_40.wav,অফিসের কাজের মান খুব ভালো।,noakhali,noa_cate_12
sentence_41.wav,dataset/chunks/noakhali/noa_cate_12/sentence_41.wav,আজ অফিসে কি মিটিং শিডিউল আছে?,noakhali,noa_cate_12
sentence_42.wav,dataset/chunks/noakhali/noa_cate_12/sentence_42.wav,আমি অফিসের ডকুমেন্ট স্ক্যান করছি।,noakhali,noa_cate_12
sentence_43.wav,dataset/chunks/noakhali/noa_cate_12/sentence_43.wav,আপনার সহকর্মী কি ব্যস্ত?,noakhali,noa_cate_12
sentence_44.wav,dataset/chunks/noakhali/noa_cate_12/sentence_44.wav,আমরা অফিসে নথি আপডেট করেছি।,noakhali,noa_cate_12
sentence_45.wav,dataset/chunks/noakhali/noa_cate_12/sentence_45.wav,আজ টিমের সঙ্গে আলোচনা হয়েছে।,noakhali,noa_cate_12
sentence_46.wav,dataset/chunks/noakhali/noa_cate_12/sentence_46.wav,আমি নতুন কর্মচারীর প্রশিক্ষণ দিচ্ছি।,noakhali,noa_cate_12
sentence_47.wav,dataset/chunks/noakhali/noa_cate_12/sentence_47.wav,অফিসে নতুন নীতি প্রয়োগ করা হয়েছে।,noakhali,noa_cate_12
sentence_48.wav,dataset/chunks/noakhali/noa_cate_12/sentence_48.wav,আমার কম্পিউটার হ্যাং করেছে।,noakhali,noa_cate_12
sentence_49.wav,dataset/chunks/noakhali/noa_cate_12/sentence_49.wav,আমরা ক্লায়েন্টের কাছে প্রজেক্ট প্রেজেন্ট করেছি।,noakhali,noa_cate_12
sentence_50.wav,dataset/chunks/noakhali/noa_cate_12/sentence_50.wav,আপনার অফিসের সময়সূচি কি?,noakhali,noa_cate_12
sentence_51.wav,dataset/chunks/noakhali/noa_cate_12/sentence_51.wav,আমি আজ নতুন কাজ শিখছি।,noakhali,noa_cate_12
sentence_52.wav,dataset/chunks/noakhali/noa_cate_12/sentence_52.wav,অফিসে নিরাপত্তা ব্যবস্থা ভালো।,noakhali,noa_cate_12
sentence_53.wav,dataset/chunks/noakhali/noa_cate_12/sentence_53.wav,আমরা অফিসে নতুন টুল ব্যবহার করছি।,noakhali,noa_cate_12
sentence_54.wav,dataset/chunks/noakhali/noa_cate_12/sentence_54.wav,আপনার টিম কি প্রস্তুত?,noakhali,noa_cate_12
sentence_55.wav,dataset/chunks/noakhali/noa_cate_12/sentence_55.wav,আমি অফিসে অনেক নথি সাজাচ্ছি।,noakhali,noa_cate_12
sentence_56.wav,dataset/chunks/noakhali/noa_cate_12/sentence_56.wav,আজ অফিসে নতুন প্রকল্পের আলোচনা হয়েছে।,noakhali,noa_cate_12
sentence_57.wav,dataset/chunks/noakhali/noa_cate_12/sentence_57.wav,আমি আজ টিম মিটিং নিয়ে ব্যস্ত।,noakhali,noa_cate_12
sentence_58.wav,dataset/chunks/noakhali/noa_cate_12/sentence_58.wav,অফিসে নতুন সফটওয়্যার ইনস্টল করা হয়েছে।,noakhali,noa_cate_12
sentence_59.wav,dataset/chunks/noakhali/noa_cate_12/sentence_59.wav,কি ধরনের অফিস কাজ শেষ করতে হবে?,noakhali,noa_cate_12
sentence_60.wav,dataset/chunks/noakhali/noa_cate_12/sentence_60.wav,আমি ক্লায়েন্টের জন্য ডকুমেন্ট প্রস্তুত করছি।,noakhali,noa_cate_12
sentence_61.wav,dataset/chunks/noakhali/noa_cate_12/sentence_61.wav,অফিসে আজ অনেক ইমেইল এসেছে।,noakhali,noa_cate_12
sentence_62.wav,dataset/chunks/noakhali/noa_cate_12/sentence_62.wav,আমাদের টিমের সদস্য সক্রিয়।,noakhali,noa_cate_12
sentence_63.wav,dataset/chunks/noakhali/noa_cate_12/sentence_63.wav,আমি অফিসে নতুন প্রকল্প পরিকল্পনা করছি।,noakhali,noa_cate_12
sentence_64.wav,dataset/chunks/noakhali/noa_cate_12/sentence_64.wav,আজ অফিসে অনেক visitors এসেছে।,noakhali,noa_cate_12
sentence_65.wav,dataset/chunks/noakhali/noa_cate_12/sentence_65.wav,অফিসে meeting room প্রস্তুত।,noakhali,noa_cate_12
sentence_66.wav,dataset/chunks/noakhali/noa_cate_12/sentence_66.wav,আমি অফিসের জন্য রিপোর্ট তৈরি করেছি।,noakhali,noa_cate_12
sentence_67.wav,dataset/chunks/noakhali/noa_cate_12/sentence_67.wav,আমরা নতুন guidelines মেনে চলছি।,noakhali,noa_cate_12
sentence_68.wav,dataset/chunks/noakhali/noa_cate_12/sentence_68.wav,অফিসে কাজের চাপ বেশি।,noakhali,noa_cate_12
sentence_69.wav,dataset/chunks/noakhali/noa_cate_12/sentence_69.wav,আমি ক্লায়েন্টের সাথে discussion করেছি।,noakhali,noa_cate_12
sentence_70.wav,dataset/chunks/noakhali/noa_cate_12/sentence_70.wav,আমাদের অফিসের পরিবেশ খুব ভালো।,noakhali,noa_cate_12
sentence_01.wav,dataset/chunks/noakhali/noa_cate_13/sentence_01.wav,এই ফোনের দাম কত?,noakhali,noa_cate_13
sentence_02.wav,dataset/chunks/noakhali/noa_cate_13/sentence_02.wav,আমি নতুন ল্যাপটপ কিনতে চাই।,noakhali,noa_cate_13
sentence_03.wav,dataset/chunks/noakhali/noa_cate_13/sentence_03.wav,এই চার্জার কি original?,noakhali,noa_cate_13
sentence_04.wav,dataset/chunks/noakhali/noa_cate_13/sentence_04.wav,SIM কার্ড কীভাবে নিতে হবে?,noakhali,noa_cate_13
sentence_05.wav,dataset/chunks/noakhali/noa_cate_13/sentence_05.wav,এই ফোনের warranty কত দিন?,noakhali,noa_cate_13
sentence_06.wav,dataset/chunks/noakhali/noa_cate_13/sentence_06.wav,আমি একটা হেডফোন চাই।,noakhali,noa_cate_13
sentence_07.wav,dataset/chunks/noakhali/noa_cate_13/sentence_07.wav,এই ফোনে camera ভালো কি?,noakhali,noa_cate_13
sentence_08.wav,dataset/chunks/noakhali/noa_cate_13/sentence_08.wav,আপনার দোকানে laptop আছে কি?,noakhali,noa_cate_13
sentence_09.wav,dataset/chunks/noakhali/noa_cate_13/sentence_09.wav,এই চার্জার কত voltage?,noakhali,noa_cate_13
sentence_10.wav,dataset/chunks/noakhali/noa_cate_13/sentence_10.wav,আমি ফোন comparison করতে চাই।,noakhali,noa_cate_13
sentence_11.wav,dataset/chunks/noakhali/noa_cate_13/sentence_11.wav,এই ফোনের color কোনটি আছে?,noakhali,noa_cate_13
sentence_12.wav,dataset/chunks/noakhali/noa_cate_13/sentence_12.wav,SIM card activate করতে কত সময় লাগে?,noakhali,noa_cate_13
sentence_13.wav,dataset/chunks/noakhali/noa_cate_13/sentence_13.wav,এই ফোনের storage কত GB?,noakhali,noa_cate_13
sentence_14.wav,dataset/chunks/noakhali/noa_cate_13/sentence_14.wav,আমি power bank চাই।,noakhali,noa_cate_13
sentence_15.wav,dataset/chunks/noakhali/noa_cate_13/sentence_15.wav,ফোনে নতুন app install করতে পারি কি?,noakhali,noa_cate_13
sentence_16.wav,dataset/chunks/noakhali/noa_cate_13/sentence_16.wav,এই দোকানে accessories পাওয়া যায়?,noakhali,noa_cate_13
sentence_17.wav,dataset/chunks/noakhali/noa_cate_13/sentence_17.wav,এই laptop lightweight কি?,noakhali,noa_cate_13
sentence_18.wav,dataset/chunks/noakhali/noa_cate_13/sentence_18.wav,ফোনের screen protector বিক্রি হয় কি?,noakhali,noa_cate_13
sentence_19.wav,dataset/chunks/noakhali/noa_cate_13/sentence_19.wav,SIM card recharge করা যায় কি?,noakhali,noa_cate_13
sentence_20.wav,dataset/chunks/noakhali/noa_cate_13/sentence_20.wav,আমি refurbished phone কিনতে চাই না।,noakhali,noa_cate_13
sentence_21.wav,dataset/chunks/noakhali/noa_cate_13/sentence_21.wav,ফোনের battery কতক্ষণ চলে?,noakhali,noa_cate_13
sentence_22.wav,dataset/chunks/noakhali/noa_cate_13/sentence_22.wav,আমি এই smartwatch কিনতে চাই।,noakhali,noa_cate_13
sentence_23.wav,dataset/chunks/noakhali/noa_cate_13/sentence_23.wav,ফোনের brand কোনটি?,noakhali,noa_cate_13
sentence_24.wav,dataset/chunks/noakhali/noa_cate_13/sentence_24.wav,এই charger fast charging support করে কি?,noakhali,noa_cate_13
sentence_25.wav,dataset/chunks/noakhali/noa_cate_13/sentence_25.wav,আমি laptop comparison দেখতে চাই।,noakhali,noa_cate_13
sentence_26.wav,dataset/chunks/noakhali/noa_cate_13/sentence_26.wav,ফোনের memory card slot আছে কি?,noakhali,noa_cate_13
sentence_27.wav,dataset/chunks/noakhali/noa_cate_13/sentence_27.wav,SIM card registration করতে কি লাগবে?,noakhali,noa_cate_13
sentence_28.wav,dataset/chunks/noakhali/noa_cate_13/sentence_28.wav,আমি wireless earphones চাই।,noakhali,noa_cate_13
sentence_29.wav,dataset/chunks/noakhali/noa_cate_13/sentence_29.wav,এই phone case waterproof কি?,noakhali,noa_cate_13
sentence_30.wav,dataset/chunks/noakhali/noa_cate_13/sentence_30.wav,আপনার দোকানে projector আছে কি?,noakhali,noa_cate_13
sentence_31.wav,dataset/chunks/noakhali/noa_cate_13/sentence_31.wav,ফোনের software update হয়েছে কি?,noakhali,noa_cate_13
sentence_32.wav,dataset/chunks/noakhali/noa_cate_13/sentence_32.wav,আমি gaming laptop দেখতে চাই।,noakhali,noa_cate_13
sentence_33.wav,dataset/chunks/noakhali/noa_cate_13/sentence_33.wav,ফোনে dual SIM support আছে কি?,noakhali,noa_cate_13
sentence_34.wav,dataset/chunks/noakhali/noa_cate_13/sentence_34.wav,এই power bank কত mAh?,noakhali,noa_cate_13
sentence_35.wav,dataset/chunks/noakhali/noa_cate_13/sentence_35.wav,আমি Bluetooth speaker কিনতে চাই।,noakhali,noa_cate_13
sentence_36.wav,dataset/chunks/noakhali/noa_cate_13/sentence_36.wav,ফোনের price negotiable কি?,noakhali,noa_cate_13
sentence_37.wav,dataset/chunks/noakhali/noa_cate_13/sentence_37.wav,আমি USB cable চাই।,noakhali,noa_cate_13
sentence_38.wav,dataset/chunks/noakhali/noa_cate_13/sentence_38.wav,এই tablet lightweight কি?,noakhali,noa_cate_13
sentence_39.wav,dataset/chunks/noakhali/noa_cate_13/sentence_39.wav,SIM card portability করতে পারি কি?,noakhali,noa_cate_13
sentence_40.wav,dataset/chunks/noakhali/noa_cate_13/sentence_40.wav,ফোনের warranty card আছে কি?,noakhali,noa_cate_13
sentence_41.wav,dataset/chunks/noakhali/noa_cate_13/sentence_41.wav,আমি refurbished laptop চাই না।,noakhali,noa_cate_13
sentence_42.wav,dataset/chunks/noakhali/noa_cate_13/sentence_42.wav,ফোনের charger original কি?,noakhali,noa_cate_13
sentence_43.wav,dataset/chunks/noakhali/noa_cate_13/sentence_43.wav,আমি tablet accessories চাই।,noakhali,noa_cate_13
sentence_44.wav,dataset/chunks/noakhali/noa_cate_13/sentence_44.wav,ফোনের camera resolution কত?,noakhali,noa_cate_13
sentence_45.wav,dataset/chunks/noakhali/noa_cate_13/sentence_45.wav,আমি portable hard drive চাই।,noakhali,noa_cate_13
sentence_46.wav,dataset/chunks/noakhali/noa_cate_13/sentence_46.wav,ফোনে earphone jack আছে কি?,noakhali,noa_cate_13
sentence_47.wav,dataset/chunks/noakhali/noa_cate_13/sentence_47.wav,SIM card online recharge করা যায় কি?,noakhali,noa_cate_13
sentence_48.wav,dataset/chunks/noakhali/noa_cate_13/sentence_48.wav,আমি laptop bag কিনতে চাই।,noakhali,noa_cate_13
sentence_49.wav,dataset/chunks/noakhali/noa_cate_13/sentence_49.wav,ফোনের display কত inch?,noakhali,noa_cate_13
sentence_50.wav,dataset/chunks/noakhali/noa_cate_13/sentence_50.wav,আমি smart home device কিনতে চাই।,noakhali,noa_cate_13
sentence_51.wav,dataset/chunks/noakhali/noa_cate_13/sentence_51.wav,এই charger compatible কি?,noakhali,noa_cate_13
sentence_52.wav,dataset/chunks/noakhali/noa_cate_13/sentence_52.wav,ফোনের processor কত GHz?,noakhali,noa_cate_13
sentence_53.wav,dataset/chunks/noakhali/noa_cate_13/sentence_53.wav,আমি wireless mouse চাই।,noakhali,noa_cate_13
sentence_54.wav,dataset/chunks/noakhali/noa_cate_13/sentence_54.wav,ফোনের screen size বড় কি?,noakhali,noa_cate_13
sentence_55.wav,dataset/chunks/noakhali/noa_cate_13/sentence_55.wav,SIM card balance check করতে পারি কি?,noakhali,noa_cate_13
sentence_56.wav,dataset/chunks/noakhali/noa_cate_13/sentence_56.wav,আমি laptop stand চাই।,noakhali,noa_cate_13
sentence_57.wav,dataset/chunks/noakhali/noa_cate_13/sentence_57.wav,ফোনে fingerprint sensor আছে কি?,noakhali,noa_cate_13
sentence_58.wav,dataset/chunks/noakhali/noa_cate_13/sentence_58.wav,আমি external keyboard চাই।,noakhali,noa_cate_13
sentence_59.wav,dataset/chunks/noakhali/noa_cate_13/sentence_59.wav,ফোনের battery replace করতে হয় কি?,noakhali,noa_cate_13
sentence_60.wav,dataset/chunks/noakhali/noa_cate_13/sentence_60.wav,আমি smartwatch strap চাই।,noakhali,noa_cate_13
sentence_61.wav,dataset/chunks/noakhali/noa_cate_13/sentence_61.wav,ফোনের price range কি?,noakhali,noa_cate_13
sentence_62.wav,dataset/chunks/noakhali/noa_cate_13/sentence_62.wav,আমি gaming console কিনতে চাই।,noakhali,noa_cate_13
sentence_63.wav,dataset/chunks/noakhali/noa_cate_13/sentence_63.wav,ফোনে dual camera আছে কি?,noakhali,noa_cate_13
sentence_64.wav,dataset/chunks/noakhali/noa_cate_13/sentence_64.wav,আমি USB hub চাই।,noakhali,noa_cate_13
sentence_65.wav,dataset/chunks/noakhali/noa_cate_13/sentence_65.wav,ফোনের warranty কত বছর?,noakhali,noa_cate_13
sentence_66.wav,dataset/chunks/noakhali/noa_cate_13/sentence_66.wav,আমি laptop charger চাই।,noakhali,noa_cate_13
sentence_67.wav,dataset/chunks/noakhali/noa_cate_13/sentence_67.wav,ফোনের weight কত?,noakhali,noa_cate_13
sentence_68.wav,dataset/chunks/noakhali/noa_cate_13/sentence_68.wav,আমি HDMI cable চাই।,noakhali,noa_cate_13
sentence_69.wav,dataset/chunks/noakhali/noa_cate_13/sentence_69.wav,ফোনের software version আপডেট হয়েছে কি?,noakhali,noa_cate_13
sentence_70.wav,dataset/chunks/noakhali/noa_cate_13/sentence_70.wav,আমি smart speaker কিনতে চাই।,noakhali,noa_cate_13
sentence_01.wav,dataset/chunks/noakhali/noa_cate_14/sentence_01.wav,অনুগ্রহ করে দরজা বন্ধ করবেন।,noakhali,noa_cate_14
sentence_02.wav,dataset/chunks/noakhali/noa_cate_14/sentence_02.wav,দয়া করে আমাকে সাহায্য করুন।,noakhali,noa_cate_14
sentence_03.wav,dataset/chunks/noakhali/noa_cate_14/sentence_03.wav,আপনি কি আমাকে বইটা দিতে পারেন?,noakhali,noa_cate_14
sentence_04.wav,dataset/chunks/noakhali/noa_cate_14/sentence_04.wav,অনুগ্রহ করে ধীরে কথা বলুন।,noakhali,noa_cate_14
sentence_05.wav,dataset/chunks/noakhali/noa_cate_14/sentence_05.wav,দয়া করে এখানে বসুন।,noakhali,noa_cate_14
sentence_06.wav,dataset/chunks/noakhali/noa_cate_14/sentence_06.wav,আপনি কি আমার জন্য অপেক্ষা করতে পারেন?,noakhali,noa_cate_14
sentence_07.wav,dataset/chunks/noakhali/noa_cate_14/sentence_07.wav,অনুগ্রহ করে আবার বলুন।,noakhali,noa_cate_14
sentence_08.wav,dataset/chunks/noakhali/noa_cate_14/sentence_08.wav,আপনি কি আমাকে রাস্তা দেখাতে পারেন?,noakhali,noa_cate_14
sentence_09.wav,dataset/chunks/noakhali/noa_cate_14/sentence_09.wav,দয়া করে ফোন ব্যবহার করবেন না।,noakhali,noa_cate_14
sentence_10.wav,dataset/chunks/noakhali/noa_cate_14/sentence_10.wav,আপনি কি আমার জন্য এটি কিনতে পারবেন?,noakhali,noa_cate_14
sentence_11.wav,dataset/chunks/noakhali/noa_cate_14/sentence_11.wav,অনুগ্রহ করে আমাকে মনে করিয়ে দিন।,noakhali,noa_cate_14
sentence_12.wav,dataset/chunks/noakhali/noa_cate_14/sentence_12.wav,আপনি কি আমাকে ছবি তুলতে সাহায্য করবেন?,noakhali,noa_cate_14
sentence_13.wav,dataset/chunks/noakhali/noa_cate_14/sentence_13.wav,দয়া করে আমাকে অপেক্ষা করতে দিন।,noakhali,noa_cate_14
sentence_14.wav,dataset/chunks/noakhali/noa_cate_14/sentence_14.wav,অনুগ্রহ করে দরজা খুলে দিন।,noakhali,noa_cate_14
sentence_15.wav,dataset/chunks/noakhali/noa_cate_14/sentence_15.wav,আপনি কি আমার জন্য কাজটি করতে পারেন?,noakhali,noa_cate_14
sentence_16.wav,dataset/chunks/noakhali/noa_cate_14/sentence_16.wav,দয়া করে শব্দ কমান।,noakhali,noa_cate_14
sentence_17.wav,dataset/chunks/noakhali/noa_cate_14/sentence_17.wav,আপনি কি আমাকে জিজ্ঞাসা করতে পারবেন?,noakhali,noa_cate_14
sentence_18.wav,dataset/chunks/noakhali/noa_cate_14/sentence_18.wav,অনুগ্রহ করে আমাকে আসতে দিন।,noakhali,noa_cate_14
sentence_19.wav,dataset/chunks/noakhali/noa_cate_14/sentence_19.wav,আপনি কি আমার সঙ্গে কথা বলবেন?,noakhali,noa_cate_14
sentence_20.wav,dataset/chunks/noakhali/noa_cate_14/sentence_20.wav,দয়া করে আমার দিকে তাকান।,noakhali,noa_cate_14
sentence_21.wav,dataset/chunks/noakhali/noa_cate_14/sentence_21.wav,অনুগ্রহ করে আমাকে সময় দিন।,noakhali,noa_cate_14
sentence_22.wav,dataset/chunks/noakhali/noa_cate_14/sentence_22.wav,আপনি কি আমাকে সাহায্য করতে পারেন?,noakhali,noa_cate_14
sentence_23.wav,dataset/chunks/noakhali/noa_cate_14/sentence_23.wav,দয়া করে আমাকে এটি বোঝান।,noakhali,noa_cate_14
sentence_24.wav,dataset/chunks/noakhali/noa_cate_14/sentence_24.wav,অনুগ্রহ করে এটিকে ধরুন।,noakhali,noa_cate_14
sentence_25.wav,dataset/chunks/noakhali/noa_cate_14/sentence_25.wav,আপনি কি আমাকে তথ্য দিতে পারেন?,noakhali,noa_cate_14
sentence_26.wav,dataset/chunks/noakhali/noa_cate_14/sentence_26.wav,দয়া করে এখানে আসুন।,noakhali,noa_cate_14
sentence_27.wav,dataset/chunks/noakhali/noa_cate_14/sentence_27.wav,অনুগ্রহ করে আমাকে অপেক্ষা করতে বলুন।,noakhali,noa_cate_14
sentence_28.wav,dataset/chunks/noakhali/noa_cate_14/sentence_28.wav,আপনি কি আমাকে রাস্তা দেখাবেন?,noakhali,noa_cate_14
sentence_29.wav,dataset/chunks/noakhali/noa_cate_14/sentence_29.wav,দয়া করে আমার জন্য অপেক্ষা করুন।,noakhali,noa_cate_14
sentence_30.wav,dataset/chunks/noakhali/noa_cate_14/sentence_30.wav,অনুগ্রহ করে আমাকে সাহায্য করতে বলুন।,noakhali,noa_cate_14
sentence_31.wav,dataset/chunks/noakhali/noa_cate_14/sentence_31.wav,আপনি কি আমার জন্য এটি আনবেন?,noakhali,noa_cate_14
sentence_32.wav,dataset/chunks/noakhali/noa_cate_14/sentence_32.wav,দয়া করে আমাকে বসতে দিন।,noakhali,noa_cate_14
sentence_33.wav,dataset/chunks/noakhali/noa_cate_14/sentence_33.wav,অনুগ্রহ করে আমাকে এটি দেখান।,noakhali,noa_cate_14
sentence_34.wav,dataset/chunks/noakhali/noa_cate_14/sentence_34.wav,আপনি কি আমার সঙ্গে খাবেন?,noakhali,noa_cate_14
sentence_35.wav,dataset/chunks/noakhali/noa_cate_14/sentence_35.wav,দয়া করে ধৈর্য ধরুন।,noakhali,noa_cate_14
sentence_36.wav,dataset/chunks/noakhali/noa_cate_14/sentence_36.wav,অনুগ্রহ করে আমাকে ফোন দিন।,noakhali,noa_cate_14
sentence_37.wav,dataset/chunks/noakhali/noa_cate_14/sentence_37.wav,আপনি কি আমার জন্য অপেক্ষা করবেন?,noakhali,noa_cate_14
sentence_38.wav,dataset/chunks/noakhali/noa_cate_14/sentence_38.wav,দয়া করে এটি খুলুন।,noakhali,noa_cate_14
sentence_39.wav,dataset/chunks/noakhali/noa_cate_14/sentence_39.wav,অনুগ্রহ করে এটি বন্ধ করুন।,noakhali,noa_cate_14
sentence_40.wav,dataset/chunks/noakhali/noa_cate_14/sentence_40.wav,আপনি কি আমাকে নির্দেশ দিতে পারেন?,noakhali,noa_cate_14
sentence_41.wav,dataset/chunks/noakhali/noa_cate_14/sentence_41.wav,দয়া করে আমার কথা শোনুন।,noakhali,noa_cate_14
sentence_42.wav,dataset/chunks/noakhali/noa_cate_14/sentence_42.wav,অনুগ্রহ করে আমাকে সময় দিন।,noakhali,noa_cate_14
sentence_43.wav,dataset/chunks/noakhali/noa_cate_14/sentence_43.wav,আপনি কি আমার জন্য এটি আনবেন?,noakhali,noa_cate_14
sentence_44.wav,dataset/chunks/noakhali/noa_cate_14/sentence_44.wav,দয়া করে আমাকে সাহায্য করতে বলুন।,noakhali,noa_cate_14
sentence_45.wav,dataset/chunks/noakhali/noa_cate_14/sentence_45.wav,অনুগ্রহ করে আমাকে অনুমতি দিন।,noakhali,noa_cate_14
sentence_46.wav,dataset/chunks/noakhali/noa_cate_14/sentence_46.wav,আপনি কি আমাকে রাস্তা দেখাবেন?,noakhali,noa_cate_14
sentence_47.wav,dataset/chunks/noakhali/noa_cate_14/sentence_47.wav,দয়া করে এখানে বসুন।,noakhali,noa_cate_14
sentence_48.wav,dataset/chunks/noakhali/noa_cate_14/sentence_48.wav,অনুগ্রহ করে এটি নিন।,noakhali,noa_cate_14
sentence_49.wav,dataset/chunks/noakhali/noa_cate_14/sentence_49.wav,আপনি কি আমাকে এটি দেবেন?,noakhali,noa_cate_14
sentence_50.wav,dataset/chunks/noakhali/noa_cate_14/sentence_50.wav,দয়া করে আমাকে সঙ্গে নিয়ে যান।,noakhali,noa_cate_14
sentence_51.wav,dataset/chunks/noakhali/noa_cate_14/sentence_51.wav,অনুগ্রহ করে আমাকে বলুন।,noakhali,noa_cate_14
sentence_52.wav,dataset/chunks/noakhali/noa_cate_14/sentence_52.wav,আপনি কি আমার জন্য অপেক্ষা করতে পারবেন?,noakhali,noa_cate_14
sentence_53.wav,dataset/chunks/noakhali/noa_cate_14/sentence_53.wav,দয়া করে এটি পরীক্ষা করুন।,noakhali,noa_cate_14
sentence_54.wav,dataset/chunks/noakhali/noa_cate_14/sentence_54.wav,অনুগ্রহ করে আমাকে এটি লিখে দিন।,noakhali,noa_cate_14
sentence_55.wav,dataset/chunks/noakhali/noa_cate_14/sentence_55.wav,আপনি কি আমার জন্য এটি করতে পারেন?,noakhali,noa_cate_14
sentence_56.wav,dataset/chunks/noakhali/noa_cate_14/sentence_56.wav,দয়া করে আমার সঙ্গে যোগাযোগ করুন।,noakhali,noa_cate_14
sentence_57.wav,dataset/chunks/noakhali/noa_cate_14/sentence_57.wav,অনুগ্রহ করে আমাকে সহায়তা করুন।,noakhali,noa_cate_14
sentence_58.wav,dataset/chunks/noakhali/noa_cate_14/sentence_58.wav,আপনি কি আমাকে এটি দেখাবেন?,noakhali,noa_cate_14
sentence_59.wav,dataset/chunks/noakhali/noa_cate_14/sentence_59.wav,দয়া করে আমার জন্য অপেক্ষা করুন।,noakhali,noa_cate_14
sentence_60.wav,dataset/chunks/noakhali/noa_cate_14/sentence_60.wav,অনুগ্রহ করে আমাকে সাহায্য করুন।,noakhali,noa_cate_14
sentence_61.wav,dataset/chunks/noakhali/noa_cate_14/sentence_61.wav,আপনি কি আমাকে সাহায্য করবেন?,noakhali,noa_cate_14
sentence_62.wav,dataset/chunks/noakhali/noa_cate_14/sentence_62.wav,দয়া করে আমাকে এটি বুঝতে দিন।,noakhali,noa_cate_14
sentence_63.wav,dataset/chunks/noakhali/noa_cate_14/sentence_63.wav,অনুগ্রহ করে এটি রাখুন।,noakhali,noa_cate_14
sentence_64.wav,dataset/chunks/noakhali/noa_cate_14/sentence_64.wav,আপনি কি আমাকে অনুমতি দেবেন?,noakhali,noa_cate_14
sentence_65.wav,dataset/chunks/noakhali/noa_cate_14/sentence_65.wav,দয়া করে আমাকে এটি আনতে দিন।,noakhali,noa_cate_14
sentence_66.wav,dataset/chunks/noakhali/noa_cate_14/sentence_66.wav,অনুগ্রহ করে আমাকে নির্দেশ দিন।,noakhali,noa_cate_14
sentence_67.wav,dataset/chunks/noakhali/noa_cate_14/sentence_67.wav,আপনি কি আমাকে এটি আনবেন?,noakhali,noa_cate_14
sentence_68.wav,dataset/chunks/noakhali/noa_cate_14/sentence_68.wav,দয়া করে আমাকে সাহায্য করতে বলুন।,noakhali,noa_cate_14
sentence_69.wav,dataset/chunks/noakhali/noa_cate_14/sentence_69.wav,অনুগ্রহ করে এটি আমার জন্য রাখুন।,noakhali,noa_cate_14
sentence_70.wav,dataset/chunks/noakhali/noa_cate_14/sentence_70.wav,আপনি কি আমার জন্য অপেক্ষা করতে পারবেন?,noakhali,noa_cate_14
sentence_01.wav,dataset/chunks/noakhali/noa_cate_15/sentence_01.wav,আমি সকাল ৬টায় উঠি।,noakhali,noa_cate_15
sentence_02.wav,dataset/chunks/noakhali/noa_cate_15/sentence_02.wav,তুমি কি বাজারে যাচ্ছো?,noakhali,noa_cate_15
sentence_03.wav,dataset/chunks/noakhali/noa_cate_15/sentence_03.wav,আমি ভাত রান্না করছি।,noakhali,noa_cate_15
sentence_04.wav,dataset/chunks/noakhali/noa_cate_15/sentence_04.wav,আমরা প্রতিদিন হাঁটতে যাই।,noakhali,noa_cate_15
sentence_05.wav,dataset/chunks/noakhali/noa_cate_15/sentence_05.wav,তুমি কি আজ শপিং করতে যাবে?,noakhali,noa_cate_15
sentence_06.wav,dataset/chunks/noakhali/noa_cate_15/sentence_06.wav,আমি ব্যাগ প্যাক করছি।,noakhali,noa_cate_15
sentence_07.wav,dataset/chunks/noakhali/noa_cate_15/sentence_07.wav,তুমি কি সকালে নাশতা করেছো?,noakhali,noa_cate_15
sentence_08.wav,dataset/chunks/noakhali/noa_cate_15/sentence_08.wav,আমি লন্ড্রি করছি।,noakhali,noa_cate_15
sentence_09.wav,dataset/chunks/noakhali/noa_cate_15/sentence_09.wav,তুমি কি সিনেমা দেখতে যাবে?,noakhali,noa_cate_15
sentence_10.wav,dataset/chunks/noakhali/noa_cate_15/sentence_10.wav,আমি বই পড়ছি।,noakhali,noa_cate_15
sentence_11.wav,dataset/chunks/noakhali/noa_cate_15/sentence_11.wav,তুমি কি চা খাবে?,noakhali,noa_cate_15
sentence_12.wav,dataset/chunks/noakhali/noa_cate_15/sentence_12.wav,আমি বাসায় ক্লিনিং করছি।,noakhali,noa_cate_15
sentence_13.wav,dataset/chunks/noakhali/noa_cate_15/sentence_13.wav,তুমি কি বাজারে নতুন সবজি পেয়েছো?,noakhali,noa_cate_15
sentence_14.wav,dataset/chunks/noakhali/noa_cate_15/sentence_14.wav,আমি শুতে যাচ্ছি।,noakhali,noa_cate_15
sentence_15.wav,dataset/chunks/noakhali/noa_cate_15/sentence_15.wav,আমরা সকালে দৌড়াচ্ছি।,noakhali,noa_cate_15
sentence_16.wav,dataset/chunks/noakhali/noa_cate_15/sentence_16.wav,তুমি কি কাজ শেষ করেছো?,noakhali,noa_cate_15
sentence_17.wav,dataset/chunks/noakhali/noa_cate_15/sentence_17.wav,আমি দুপুরের খাবার খাচ্ছি।,noakhali,noa_cate_15
sentence_18.wav,dataset/chunks/noakhali/noa_cate_15/sentence_18.wav,তুমি কি কুকিং করতে জানো?,noakhali,noa_cate_15
sentence_19.wav,dataset/chunks/noakhali/noa_cate_15/sentence_19.wav,আমি দোকান যাচ্ছি।,noakhali,noa_cate_15
sentence_20.wav,dataset/chunks/noakhali/noa_cate_15/sentence_20.wav,তুমি কি আজ বাড়িতে থাকছো?,noakhali,noa_cate_15
sentence_21.wav,dataset/chunks/noakhali/noa_cate_15/sentence_21.wav,আমি টিভি দেখছি।,noakhali,noa_cate_15
sentence_22.wav,dataset/chunks/noakhali/noa_cate_15/sentence_22.wav,তুমি কি সাইকেল চালাচ্ছো?,noakhali,noa_cate_15
sentence_23.wav,dataset/chunks/noakhali/noa_cate_15/sentence_23.wav,আমি জামাকাপড় ধরছি।,noakhali,noa_cate_15
sentence_24.wav,dataset/chunks/noakhali/noa_cate_15/sentence_24.wav,তুমি কি বাজার থেকে দুধ এনেছো?,noakhali,noa_cate_15
sentence_25.wav,dataset/chunks/noakhali/noa_cate_15/sentence_25.wav,আমি রাতে ঘুমাতে যাচ্ছি।,noakhali,noa_cate_15
sentence_26.wav,dataset/chunks/noakhali/noa_cate_15/sentence_26.wav,তুমি কি সকাল ৭টায় উঠে আসবে?,noakhali,noa_cate_15
sentence_27.wav,dataset/chunks/noakhali/noa_cate_15/sentence_27.wav,আমি রান্নাঘরে কাজ করছি।,noakhali,noa_cate_15
sentence_28.wav,dataset/chunks/noakhali/noa_cate_15/sentence_28.wav,তুমি কি বাজারে কোন মাংস কিনেছো?,noakhali,noa_cate_15
sentence_29.wav,dataset/chunks/noakhali/noa_cate_15/sentence_29.wav,আমি দুপুরে বিশ্রাম নিচ্ছি।,noakhali,noa_cate_15
sentence_30.wav,dataset/chunks/noakhali/noa_cate_15/sentence_30.wav,তুমি কি সন্ধ্যায় হাঁটবে?,noakhali,noa_cate_15
sentence_31.wav,dataset/chunks/noakhali/noa_cate_15/sentence_31.wav,আমি কফি বানাচ্ছি।,noakhali,noa_cate_15
sentence_32.wav,dataset/chunks/noakhali/noa_cate_15/sentence_32.wav,তুমি কি নিত্যদিন সকালে জগিং করো?,noakhali,noa_cate_15
sentence_33.wav,dataset/chunks/noakhali/noa_cate_15/sentence_33.wav,আমি দুধ ফুটাচ্ছি।,noakhali,noa_cate_15
sentence_34.wav,dataset/chunks/noakhali/noa_cate_15/sentence_34.wav,তুমি কি চা খেতে চাও?,noakhali,noa_cate_15
sentence_35.wav,dataset/chunks/noakhali/noa_cate_15/sentence_35.wav,আমি বাজারে যাচ্ছি।,noakhali,noa_cate_15
sentence_36.wav,dataset/chunks/noakhali/noa_cate_15/sentence_36.wav,তুমি কি বই পড়ছো?,noakhali,noa_cate_15
sentence_37.wav,dataset/chunks/noakhali/noa_cate_15/sentence_37.wav,আমি বাড়ি ঝাড়ু দিচ্ছি।,noakhali,noa_cate_15
sentence_38.wav,dataset/chunks/noakhali/noa_cate_15/sentence_38.wav,তুমি কি দুপুরের খাবার খেয়েছো?,noakhali,noa_cate_15
sentence_39.wav,dataset/chunks/noakhali/noa_cate_15/sentence_39.wav,আমি সবজি কাটছি।,noakhali,noa_cate_15
sentence_40.wav,dataset/chunks/noakhali/noa_cate_15/sentence_40.wav,তুমি কি রাতে শুবে?,noakhali,noa_cate_15
sentence_41.wav,dataset/chunks/noakhali/noa_cate_15/sentence_41.wav,আমি কলম ও কাগজ সাজাচ্ছি।,noakhali,noa_cate_15
sentence_42.wav,dataset/chunks/noakhali/noa_cate_15/sentence_42.wav,তুমি কি আজ রান্না করছো?,noakhali,noa_cate_15
sentence_43.wav,dataset/chunks/noakhali/noa_cate_15/sentence_43.wav,আমি কাপড় ধুয়ে শুকাচ্ছি।,noakhali,noa_cate_15
sentence_44.wav,dataset/chunks/noakhali/noa_cate_15/sentence_44.wav,তুমি কি বাজারে নতুন ফল এনেছো?,noakhali,noa_cate_15
sentence_45.wav,dataset/chunks/noakhali/noa_cate_15/sentence_45.wav,আমি সকালের নাশতা খাচ্ছি।,noakhali,noa_cate_15
sentence_46.wav,dataset/chunks/noakhali/noa_cate_15/sentence_46.wav,তুমি কি আজ ঘুম বেশি করেছো?,noakhali,noa_cate_15
sentence_47.wav,dataset/chunks/noakhali/noa_cate_15/sentence_47.wav,আমি খাবার টেবিলে বসছি।,noakhali,noa_cate_15
sentence_48.wav,dataset/chunks/noakhali/noa_cate_15/sentence_48.wav,তুমি কি বাইরে যাচ্ছো?,noakhali,noa_cate_15
sentence_49.wav,dataset/chunks/noakhali/noa_cate_15/sentence_49.wav,আমি ফ্রিজে খাবার রাখছি।,noakhali,noa_cate_15
sentence_50.wav,dataset/chunks/noakhali/noa_cate_15/sentence_50.wav,তুমি কি বাজারে যাবার আগে তালিকা লিখেছো?,noakhali,noa_cate_15
sentence_51.wav,dataset/chunks/noakhali/noa_cate_15/sentence_51.wav,আমি সকালে ব্যায়াম করছি।,noakhali,noa_cate_15
sentence_52.wav,dataset/chunks/noakhali/noa_cate_15/sentence_52.wav,তুমি কি দুপুরে ঘুমাবে?,noakhali,noa_cate_15
sentence_53.wav,dataset/chunks/noakhali/noa_cate_15/sentence_53.wav,আমি কাপড় ধরছি।,noakhali,noa_cate_15
sentence_54.wav,dataset/chunks/noakhali/noa_cate_15/sentence_54.wav,তুমি কি রান্না শেষ করেছো?,noakhali,noa_cate_15
sentence_55.wav,dataset/chunks/noakhali/noa_cate_15/sentence_55.wav,আমি বাজার থেকে শাক-সবজি এনেছি।,noakhali,noa_cate_15
sentence_56.wav,dataset/chunks/noakhali/noa_cate_15/sentence_56.wav,তুমি কি ঘরে কাজ করছো?,noakhali,noa_cate_15
sentence_57.wav,dataset/chunks/noakhali/noa_cate_15/sentence_57.wav,আমি দুপুরে চা খাচ্ছি।,noakhali,noa_cate_15
sentence_58.wav,dataset/chunks/noakhali/noa_cate_15/sentence_58.wav,তুমি কি রাতের খাবার খাবে?,noakhali,noa_cate_15
sentence_59.wav,dataset/chunks/noakhali/noa_cate_15/sentence_59.wav,আমি সকালের লিস্ট অনুযায়ী কাজ করছি।,noakhali,noa_cate_15
sentence_60.wav,dataset/chunks/noakhali/noa_cate_15/sentence_60.wav,তুমি কি বাজার থেকে দুধ এনেছো?,noakhali,noa_cate_15
sentence_61.wav,dataset/chunks/noakhali/noa_cate_15/sentence_61.wav,আমি সকালে উঠে হাঁটতে যাই।,noakhali,noa_cate_15
sentence_62.wav,dataset/chunks/noakhali/noa_cate_15/sentence_62.wav,তুমি কি ফ্রিজ খোলেছো?,noakhali,noa_cate_15
sentence_63.wav,dataset/chunks/noakhali/noa_cate_15/sentence_63.wav,আমি বালিশ ধরছি।,noakhali,noa_cate_15
sentence_64.wav,dataset/chunks/noakhali/noa_cate_15/sentence_64.wav,তুমি কি রান্না করতে চাও?,noakhali,noa_cate_15
sentence_65.wav,dataset/chunks/noakhali/noa_cate_15/sentence_65.wav,আমি কাপড় লন্ড্রি করছি।,noakhali,noa_cate_15
sentence_66.wav,dataset/chunks/noakhali/noa_cate_15/sentence_66.wav,তুমি কি বাজারে নতুন রুটি কিনেছো?,noakhali,noa_cate_15
sentence_67.wav,dataset/chunks/noakhali/noa_cate_15/sentence_67.wav,আমি রাতের খাবার প্রস্তুত করছি।,noakhali,noa_cate_15
sentence_68.wav,dataset/chunks/noakhali/noa_cate_15/sentence_68.wav,তুমি কি শপিং করতে যাচ্ছো?,noakhali,noa_cate_15
sentence_69.wav,dataset/chunks/noakhali/noa_cate_15/sentence_69.wav,আমি খোলা আকাশের নিচে হাঁটছি।,noakhali,noa_cate_15
sentence_70.wav,dataset/chunks/noakhali/noa_cate_15/sentence_70.wav,তুমি কি আজ সকাল থেকে ব্যস্ত?,noakhali,noa_cate_15
sentence_01.wav,dataset/chunks/noakhali/noa_cate_16/sentence_01.wav,আমার ফোন কাজ করছে না।,noakhali,noa_cate_16
sentence_02.wav,dataset/chunks/noakhali/noa_cate_16/sentence_02.wav,বাস ধীর গতিতে চলছে।,noakhali,noa_cate_16
sentence_03.wav,dataset/chunks/noakhali/noa_cate_16/sentence_03.wav,আমি বিল ঠিকমত পাইনি।,noakhali,noa_cate_16
sentence_04.wav,dataset/chunks/noakhali/noa_cate_16/sentence_04.wav,পানির চাপ খুব কম।,noakhali,noa_cate_16
sentence_05.wav,dataset/chunks/noakhali/noa_cate_16/sentence_05.wav,ইন্টারনেট সংযোগ স্থিতিশীল নয়।,noakhali,noa_cate_16
sentence_06.wav,dataset/chunks/noakhali/noa_cate_16/sentence_06.wav,দোকানে সব পণ্য শেষ।,noakhali,noa_cate_16
sentence_07.wav,dataset/chunks/noakhali/noa_cate_16/sentence_07.wav,বাতি জ্বলে না।,noakhali,noa_cate_16
sentence_08.wav,dataset/chunks/noakhali/noa_cate_16/sentence_08.wav,আমি চা খুব গরম পেয়েছি।,noakhali,noa_cate_16
sentence_09.wav,dataset/chunks/noakhali/noa_cate_16/sentence_09.wav,রিকশা খুব দেরি করছে।,noakhali,noa_cate_16
sentence_10.wav,dataset/chunks/noakhali/noa_cate_16/sentence_10.wav,লিফট বন্ধ।,noakhali,noa_cate_16
sentence_11.wav,dataset/chunks/noakhali/noa_cate_16/sentence_11.wav,আমার অ্যাপ্লিকেশন ক্র্যাশ করছে।,noakhali,noa_cate_16
sentence_12.wav,dataset/chunks/noakhali/noa_cate_16/sentence_12.wav,এই গাড়ি তেল টপ আপ করছে না।,noakhali,noa_cate_16
sentence_13.wav,dataset/chunks/noakhali/noa_cate_16/sentence_13.wav,বাসে অনেক ভিড়।,noakhali,noa_cate_16
sentence_14.wav,dataset/chunks/noakhali/noa_cate_16/sentence_14.wav,আমি খাবার ঠিকমত পাইনি।,noakhali,noa_cate_16
sentence_15.wav,dataset/chunks/noakhali/noa_cate_16/sentence_15.wav,রাস্তায় অনেক ধুলো।,noakhali,noa_cate_16
sentence_16.wav,dataset/chunks/noakhali/noa_cate_16/sentence_16.wav,আমার কম্পিউটার হ্যাং করেছে।,noakhali,noa_cate_16
sentence_17.wav,dataset/chunks/noakhali/noa_cate_16/sentence_17.wav,ফোনের ব্যাটারি দ্রুত শেষ হচ্ছে।,noakhali,noa_cate_16
sentence_18.wav,dataset/chunks/noakhali/noa_cate_16/sentence_18.wav,দোকানের হেডফোন খারাপ।,noakhali,noa_cate_16
sentence_19.wav,dataset/chunks/noakhali/noa_cate_16/sentence_19.wav,রিকশাচালক দেরি করছে।,noakhali,noa_cate_16
sentence_20.wav,dataset/chunks/noakhali/noa_cate_16/sentence_20.wav,পানির ট্যাংক ফাঁকা।,noakhali,noa_cate_16
sentence_21.wav,dataset/chunks/noakhali/noa_cate_16/sentence_21.wav,বাসে এয়ার কন্ডিশনার কাজ করছে না।,noakhali,noa_cate_16
sentence_22.wav,dataset/chunks/noakhali/noa_cate_16/sentence_22.wav,আমার Wi-Fi কানেকশন গড়বড়।,noakhali,noa_cate_16
sentence_23.wav,dataset/chunks/noakhali/noa_cate_16/sentence_23.wav,দোকানের কাস্টমার সার্ভিস খারাপ।,noakhali,noa_cate_16
sentence_24.wav,dataset/chunks/noakhali/noa_cate_16/sentence_24.wav,বাতি ঠিকমত জ্বলে না।,noakhali,noa_cate_16
sentence_25.wav,dataset/chunks/noakhali/noa_cate_16/sentence_25.wav,খাবারের স্বাদ খারাপ।,noakhali,noa_cate_16
sentence_26.wav,dataset/chunks/noakhali/noa_cate_16/sentence_26.wav,লিফট খুব ধীরে চলছে।,noakhali,noa_cate_16
sentence_27.wav,dataset/chunks/noakhali/noa_cate_16/sentence_27.wav,আমার মোবাইল চার্জ হচ্ছে না।,noakhali,noa_cate_16
sentence_28.wav,dataset/chunks/noakhali/noa_cate_16/sentence_28.wav,বাসের ভাড়া বেশি।,noakhali,noa_cate_16
sentence_29.wav,dataset/chunks/noakhali/noa_cate_16/sentence_29.wav,দোকানে পণ্য ভালো মানের নয়।,noakhali,noa_cate_16
sentence_30.wav,dataset/chunks/noakhali/noa_cate_16/sentence_30.wav,রাস্তায় যানজট বেশি।,noakhali,noa_cate_16
sentence_31.wav,dataset/chunks/noakhali/noa_cate_16/sentence_31.wav,আমি আমার টিকেট হারিয়েছি।,noakhali,noa_cate_16
sentence_32.wav,dataset/chunks/noakhali/noa_cate_16/sentence_32.wav,খাবারের পরিমাণ কম।,noakhali,noa_cate_16
sentence_33.wav,dataset/chunks/noakhali/noa_cate_16/sentence_33.wav,আমার কম্পিউটার ধীরগতিতে চলছে।,noakhali,noa_cate_16
sentence_34.wav,dataset/chunks/noakhali/noa_cate_16/sentence_34.wav,রিকশা খুব পুরোনো।,noakhali,noa_cate_16
sentence_35.wav,dataset/chunks/noakhali/noa_cate_16/sentence_35.wav,দোকানে নতুন পণ্য নেই।,noakhali,noa_cate_16
sentence_36.wav,dataset/chunks/noakhali/noa_cate_16/sentence_36.wav,ফোনের সিম কাজ করছে না।,noakhali,noa_cate_16
sentence_37.wav,dataset/chunks/noakhali/noa_cate_16/sentence_37.wav,বাসে বসার জায়গা নেই।,noakhali,noa_cate_16
sentence_38.wav,dataset/chunks/noakhali/noa_cate_16/sentence_38.wav,পানির স্বাদ খারাপ।,noakhali,noa_cate_16
sentence_39.wav,dataset/chunks/noakhali/noa_cate_16/sentence_39.wav,লিফটে শব্দ করছে।,noakhali,noa_cate_16
sentence_40.wav,dataset/chunks/noakhali/noa_cate_16/sentence_40.wav,দোকানের দাম বেশি।,noakhali,noa_cate_16
sentence_41.wav,dataset/chunks/noakhali/noa_cate_16/sentence_41.wav,খাবারের স্বাদ পরিবর্তন হয়েছে।,noakhali,noa_cate_16
sentence_42.wav,dataset/chunks/noakhali/noa_cate_16/sentence_42.wav,আমার ল্যাপটপ হ্যাং করছে।,noakhali,noa_cate_16
sentence_43.wav,dataset/chunks/noakhali/noa_cate_16/sentence_43.wav,বাসে লোকজন অনেক।,noakhali,noa_cate_16
sentence_44.wav,dataset/chunks/noakhali/noa_cate_16/sentence_44.wav,রাস্তায় খোলা গর্ত।,noakhali,noa_cate_16
sentence_45.wav,dataset/chunks/noakhali/noa_cate_16/sentence_45.wav,দোকানে কোনো বিক্রয়কর্মী নেই।,noakhali,noa_cate_16
sentence_46.wav,dataset/chunks/noakhali/noa_cate_16/sentence_46.wav,আমার ফোন ব্যাটারি নষ্ট।,noakhali,noa_cate_16
sentence_47.wav,dataset/chunks/noakhali/noa_cate_16/sentence_47.wav,খাবার খুব ঠান্ডা।,noakhali,noa_cate_16
sentence_48.wav,dataset/chunks/noakhali/noa_cate_16/sentence_48.wav,লিফট খুব দ্রুত চলেছে।,noakhali,noa_cate_16
sentence_49.wav,dataset/chunks/noakhali/noa_cate_16/sentence_49.wav,রিকশা বাসার সামনে দাঁড়ায় না।,noakhali,noa_cate_16
sentence_50.wav,dataset/chunks/noakhali/noa_cate_16/sentence_50.wav,দোকানে পরিষ্কার নেই।,noakhali,noa_cate_16
sentence_51.wav,dataset/chunks/noakhali/noa_cate_16/sentence_51.wav,বাস স্ট্যান্ড দূরে।,noakhali,noa_cate_16
sentence_52.wav,dataset/chunks/noakhali/noa_cate_16/sentence_52.wav,আমার কম্পিউটার হঠাৎ বন্ধ হয়ে গেছে।,noakhali,noa_cate_16
sentence_53.wav,dataset/chunks/noakhali/noa_cate_16/sentence_53.wav,ফোনে নেটওয়ার্ক নেই।,noakhali,noa_cate_16
sentence_54.wav,dataset/chunks/noakhali/noa_cate_16/sentence_54.wav,খাবারের স্বাদ ভালো নয়।,noakhali,noa_cate_16
sentence_55.wav,dataset/chunks/noakhali/noa_cate_16/sentence_55.wav,লিফট লক হয়ে গেছে।,noakhali,noa_cate_16
sentence_56.wav,dataset/chunks/noakhali/noa_cate_16/sentence_56.wav,দোকানের হেডফোন ব্রেক।,noakhali,noa_cate_16
sentence_57.wav,dataset/chunks/noakhali/noa_cate_16/sentence_57.wav,রিকশাচালক রাস্তায় নেই।,noakhali,noa_cate_16
sentence_58.wav,dataset/chunks/noakhali/noa_cate_16/sentence_58.wav,বাসে শীত নেই।,noakhali,noa_cate_16
sentence_59.wav,dataset/chunks/noakhali/noa_cate_16/sentence_59.wav,আমার ফোন হ্যাং করছে।,noakhali,noa_cate_16
sentence_60.wav,dataset/chunks/noakhali/noa_cate_16/sentence_60.wav,দোকানে সঠিক দাম নেই।,noakhali,noa_cate_16
sentence_61.wav,dataset/chunks/noakhali/noa_cate_16/sentence_61.wav,খাবারের স্বাদ খুব ঝাল।,noakhali,noa_cate_16
sentence_62.wav,dataset/chunks/noakhali/noa_cate_16/sentence_62.wav,লিফট বেজে যাচ্ছে।,noakhali,noa_cate_16
sentence_63.wav,dataset/chunks/noakhali/noa_cate_16/sentence_63.wav,আমার ল্যাপটপ কাজ করছে না।,noakhali,noa_cate_16
sentence_64.wav,dataset/chunks/noakhali/noa_cate_16/sentence_64.wav,দোকানের পণ্য ভাঙা।,noakhali,noa_cate_16
sentence_65.wav,dataset/chunks/noakhali/noa_cate_16/sentence_65.wav,রিকশা দূরে গেছে।,noakhali,noa_cate_16
sentence_66.wav,dataset/chunks/noakhali/noa_cate_16/sentence_66.wav,বাস সময়মতো আসেনি।,noakhali,noa_cate_16
sentence_67.wav,dataset/chunks/noakhali/noa_cate_16/sentence_67.wav,আমার মোবাইল নেটওয়ার্ক নেই।,noakhali,noa_cate_16
sentence_68.wav,dataset/chunks/noakhali/noa_cate_16/sentence_68.wav,দোকানের সার্ভিস খারাপ।,noakhali,noa_cate_16
sentence_69.wav,dataset/chunks/noakhali/noa_cate_16/sentence_69.wav,খাবারের পরিমাণ কম।,noakhali,noa_cate_16
sentence_70.wav,dataset/chunks/noakhali/noa_cate_16/sentence_70.wav,লিফট খুব ধীরে চলছে।,noakhali,noa_cate_16
sentence_01.wav,dataset/chunks/noakhali/noa_cate_17/sentence_01.wav,আমি একটি নতুন ব্যাংক অ্যাকাউন্ট খুলতে চাই।,noakhali,noa_cate_17
sentence_02.wav,dataset/chunks/noakhali/noa_cate_17/sentence_02.wav,আমার অ্যাকাউন্ট ব্যালেন্স কত?,noakhali,noa_cate_17
sentence_03.wav,dataset/chunks/noakhali/noa_cate_17/sentence_03.wav,আমি টাকা পাঠাতে চাই।,noakhali,noa_cate_17
sentence_04.wav,dataset/chunks/noakhali/noa_cate_17/sentence_04.wav,ATM কার্ড কোথায় পাব?,noakhali,noa_cate_17
sentence_05.wav,dataset/chunks/noakhali/noa_cate_17/sentence_05.wav,আমি বিকাশে টাকা পাঠাতে চাই।,noakhali,noa_cate_17
sentence_06.wav,dataset/chunks/noakhali/noa_cate_17/sentence_06.wav,চেক জমা দিতে হবে কি?,noakhali,noa_cate_17
sentence_07.wav,dataset/chunks/noakhali/noa_cate_17/sentence_07.wav,ব্যাংকের সময়সূচি কী?,noakhali,noa_cate_17
sentence_08.wav,dataset/chunks/noakhali/noa_cate_17/sentence_08.wav,আমি একটি লোন নিতে চাই।,noakhali,noa_cate_17
sentence_09.wav,dataset/chunks/noakhali/noa_cate_17/sentence_09.wav,ATM কাজ করছে না।,noakhali,noa_cate_17
sentence_10.wav,dataset/chunks/noakhali/noa_cate_17/sentence_10.wav,আমি অনলাইন ব্যাংকিং করতে চাই।,noakhali,noa_cate_17
sentence_11.wav,dataset/chunks/noakhali/noa_cate_17/sentence_11.wav,আমার অ্যাকাউন্টে টাকা ঢুকেনি।,noakhali,noa_cate_17
sentence_12.wav,dataset/chunks/noakhali/noa_cate_17/sentence_12.wav,ব্যাংক খোলা আছে কি?,noakhali,noa_cate_17
sentence_13.wav,dataset/chunks/noakhali/noa_cate_17/sentence_13.wav,আমি একটি ডেবিট কার্ড চাই।,noakhali,noa_cate_17
sentence_14.wav,dataset/chunks/noakhali/noa_cate_17/sentence_14.wav,বিকাশে ট্রান্সফার সফল হয়েছে কি?,noakhali,noa_cate_17
sentence_15.wav,dataset/chunks/noakhali/noa_cate_17/sentence_15.wav,আমি ক্রেডিট কার্ড আবেদন করতে চাই।,noakhali,noa_cate_17
sentence_16.wav,dataset/chunks/noakhali/noa_cate_17/sentence_16.wav,ATM থেকে কত টাকা তুলতে পারি?,noakhali,noa_cate_17
sentence_17.wav,dataset/chunks/noakhali/noa_cate_17/sentence_17.wav,আমার পিন ভুল হয়েছে।,noakhali,noa_cate_17
sentence_18.wav,dataset/chunks/noakhali/noa_cate_17/sentence_18.wav,ব্যাংক ফি কত?,noakhali,noa_cate_17
sentence_19.wav,dataset/chunks/noakhali/noa_cate_17/sentence_19.wav,আমি চেকবই চাই।,noakhali,noa_cate_17
sentence_20.wav,dataset/chunks/noakhali/noa_cate_17/sentence_20.wav,বিকাশে লেনদেন কতক্ষণ সময় নেয়?,noakhali,noa_cate_17
sentence_21.wav,dataset/chunks/noakhali/noa_cate_17/sentence_21.wav,আমি টাকা তুলতে চাই।,noakhali,noa_cate_17
sentence_22.wav,dataset/chunks/noakhali/noa_cate_17/sentence_22.wav,আমার অ্যাকাউন্ট ব্লক হয়েছে।,noakhali,noa_cate_17
sentence_23.wav,dataset/chunks/noakhali/noa_cate_17/sentence_23.wav,ব্যাংকিং সেবা ভালো কি?,noakhali,noa_cate_17
sentence_24.wav,dataset/chunks/noakhali/noa_cate_17/sentence_24.wav,আমি ফান্ড ট্রান্সফার করতে চাই।,noakhali,noa_cate_17
sentence_25.wav,dataset/chunks/noakhali/noa_cate_17/sentence_25.wav,ATM কোথায় আছে?,noakhali,noa_cate_17
sentence_26.wav,dataset/chunks/noakhali/noa_cate_17/sentence_26.wav,আমার ডেবিট কার্ড হারিয়েছে।,noakhali,noa_cate_17
sentence_27.wav,dataset/chunks/noakhali/noa_cate_17/sentence_27.wav,আমি বিকাশ ব্যালেন্স চেক করতে চাই।,noakhali,noa_cate_17
sentence_28.wav,dataset/chunks/noakhali/noa_cate_17/sentence_28.wav,ব্যাংক অ্যাকাউন্ট কতদিনে খোলা হয়?,noakhali,noa_cate_17
sentence_29.wav,dataset/chunks/noakhali/noa_cate_17/sentence_29.wav,আমি মোবাইল ব্যাংকিং ব্যবহার করতে চাই।,noakhali,noa_cate_17
sentence_30.wav,dataset/chunks/noakhali/noa_cate_17/sentence_30.wav,আমি টাকা পাঠিয়েছি কিন্তু পাওয়া যায়নি।,noakhali,noa_cate_17
sentence_31.wav,dataset/chunks/noakhali/noa_cate_17/sentence_31.wav,আমি লোন পরিশোধ করতে চাই।,noakhali,noa_cate_17
sentence_32.wav,dataset/chunks/noakhali/noa_cate_17/sentence_32.wav,ATM থেকে টাকা তুলতে সমস্যা।,noakhali,noa_cate_17
sentence_33.wav,dataset/chunks/noakhali/noa_cate_17/sentence_33.wav,ব্যাংকের চেক অনুমোদিত হয়েছে কি?,noakhali,noa_cate_17
sentence_34.wav,dataset/chunks/noakhali/noa_cate_17/sentence_34.wav,আমি বিকাশে টাকা জমা দিতে চাই।,noakhali,noa_cate_17
sentence_35.wav,dataset/chunks/noakhali/noa_cate_17/sentence_35.wav,আমার ক্রেডিট কার্ড লিমিট কত?,noakhali,noa_cate_17
sentence_36.wav,dataset/chunks/noakhali/noa_cate_17/sentence_36.wav,আমি ব্যাংক খোলা আছে কিনা জানতে চাই।,noakhali,noa_cate_17
sentence_37.wav,dataset/chunks/noakhali/noa_cate_17/sentence_37.wav,আমার অ্যাকাউন্ট নম্বর ভুল।,noakhali,noa_cate_17
sentence_38.wav,dataset/chunks/noakhali/noa_cate_17/sentence_38.wav,আমি ফান্ড রিসিভ করতে পারছি না।,noakhali,noa_cate_17
sentence_39.wav,dataset/chunks/noakhali/noa_cate_17/sentence_39.wav,ব্যাংক সেবা ধীর।,noakhali,noa_cate_17
sentence_40.wav,dataset/chunks/noakhali/noa_cate_17/sentence_40.wav,আমি বিকাশের পিন পরিবর্তন করতে চাই।,noakhali,noa_cate_17
sentence_41.wav,dataset/chunks/noakhali/noa_cate_17/sentence_41.wav,আমি একটি ট্রান্সফার করতে চাই।,noakhali,noa_cate_17
sentence_42.wav,dataset/chunks/noakhali/noa_cate_17/sentence_42.wav,ব্যাংকের কনসাল্ট্যান্ট কোথায় আছে?,noakhali,noa_cate_17
sentence_43.wav,dataset/chunks/noakhali/noa_cate_17/sentence_43.wav,আমার অ্যাকাউন্টে লেনদেন দেখা যায় না।,noakhali,noa_cate_17
sentence_44.wav,dataset/chunks/noakhali/noa_cate_17/sentence_44.wav,আমি নতুন ATM কার্ড চাই।,noakhali,noa_cate_17
sentence_45.wav,dataset/chunks/noakhali/noa_cate_17/sentence_45.wav,বিকাশে লেনদেন বাতিল হয়েছে।,noakhali,noa_cate_17
sentence_46.wav,dataset/chunks/noakhali/noa_cate_17/sentence_46.wav,ব্যাংকের চেক যাচাই হয়েছে কি?,noakhali,noa_cate_17
sentence_47.wav,dataset/chunks/noakhali/noa_cate_17/sentence_47.wav,আমি ফান্ড ট্রান্সফার করতে পারছি না।,noakhali,noa_cate_17
sentence_48.wav,dataset/chunks/noakhali/noa_cate_17/sentence_48.wav,আমার অ্যাকাউন্টে টাকা কমেছে।,noakhali,noa_cate_17
sentence_49.wav,dataset/chunks/noakhali/noa_cate_17/sentence_49.wav,আমি লোন স্ট্যাটাস জানতে চাই।,noakhali,noa_cate_17
sentence_50.wav,dataset/chunks/noakhali/noa_cate_17/sentence_50.wav,ATM খুব ব্যস্ত।,noakhali,noa_cate_17
sentence_51.wav,dataset/chunks/noakhali/noa_cate_17/sentence_51.wav,আমি বিকাশে নতুন নাম্বার রেজিস্টার করতে চাই।,noakhali,noa_cate_17
sentence_52.wav,dataset/chunks/noakhali/noa_cate_17/sentence_52.wav,ব্যাংকের ফি খুব বেশি।,noakhali,noa_cate_17
sentence_53.wav,dataset/chunks/noakhali/noa_cate_17/sentence_53.wav,আমি অনলাইন পেমেন্ট করতে চাই।,noakhali,noa_cate_17
sentence_54.wav,dataset/chunks/noakhali/noa_cate_17/sentence_54.wav,আমার অ্যাকাউন্টে লেনদেন বন্ধ।,noakhali,noa_cate_17
sentence_55.wav,dataset/chunks/noakhali/noa_cate_17/sentence_55.wav,আমি চেক জমা দিতে পারছি না।,noakhali,noa_cate_17
sentence_56.wav,dataset/chunks/noakhali/noa_cate_17/sentence_56.wav,বিকাশে টাকা স্থানান্তর করতে সমস্যা।,noakhali,noa_cate_17
sentence_57.wav,dataset/chunks/noakhali/noa_cate_17/sentence_57.wav,ব্যাংকের সময়সূচি পরিবর্তন হয়েছে।,noakhali,noa_cate_17
sentence_58.wav,dataset/chunks/noakhali/noa_cate_17/sentence_58.wav,আমি ক্রেডিট কার্ড একটিভ করতে চাই।,noakhali,noa_cate_17
sentence_59.wav,dataset/chunks/noakhali/noa_cate_17/sentence_59.wav,আমার লোন অ্যাপ্লিকেশন পেন্ডিং আছে।,noakhali,noa_cate_17
sentence_60.wav,dataset/chunks/noakhali/noa_cate_17/sentence_60.wav,ATM থেকে লেনদেন বাতিল হয়েছে।,noakhali,noa_cate_17
sentence_61.wav,dataset/chunks/noakhali/noa_cate_17/sentence_61.wav,আমি বিকাশে টাকা রিফান্ড চাই।,noakhali,noa_cate_17
sentence_62.wav,dataset/chunks/noakhali/noa_cate_17/sentence_62.wav,ব্যাংকের সার্ভিস খারাপ।,noakhali,noa_cate_17
sentence_63.wav,dataset/chunks/noakhali/noa_cate_17/sentence_63.wav,আমি আমার অ্যাকাউন্ট বন্ধ করতে চাই।,noakhali,noa_cate_17
sentence_64.wav,dataset/chunks/noakhali/noa_cate_17/sentence_64.wav,আমার ডেবিট কার্ড ব্লক হয়েছে।,noakhali,noa_cate_17
sentence_65.wav,dataset/chunks/noakhali/noa_cate_17/sentence_65.wav,আমি ফান্ড রিসিভ করতে পারছি না।,noakhali,noa_cate_17
sentence_66.wav,dataset/chunks/noakhali/noa_cate_17/sentence_66.wav,ব্যাংকের লাইন অনেক লম্বা।,noakhali,noa_cate_17
sentence_67.wav,dataset/chunks/noakhali/noa_cate_17/sentence_67.wav,আমি ক্রেডিট কার্ড বন্ধ করতে চাই।,noakhali,noa_cate_17
sentence_68.wav,dataset/chunks/noakhali/noa_cate_17/sentence_68.wav,আমার অ্যাকাউন্টে টাকা জমা হয়নি।,noakhali,noa_cate_17
sentence_69.wav,dataset/chunks/noakhali/noa_cate_17/sentence_69.wav,আমি বিকাশে লেনদেনের হিস্ট্রি দেখতে চাই।,noakhali,noa_cate_17
sentence_70.wav,dataset/chunks/noakhali/noa_cate_17/sentence_70.wav,ব্যাংকের লোন প্রক্রিয়া ধীর।,noakhali,noa_cate_17
sentence_01.wav,dataset/chunks/noakhali/noa_cate_19/sentence_01.wav,আমি লোকসংগীত শুনতে ভালোবাসি।,noakhali,noa_cate_19
sentence_02.wav,dataset/chunks/noakhali/noa_cate_19/sentence_02.wav,তুমি কি আজ রাতে নাচ দেখতে যাবে?,noakhali,noa_cate_19
sentence_03.wav,dataset/chunks/noakhali/noa_cate_19/sentence_03.wav,মেলা খুব সুন্দর।,noakhali,noa_cate_19
sentence_04.wav,dataset/chunks/noakhali/noa_cate_19/sentence_04.wav,তুমি কি পহেলা বৈশাখ উদযাপন করছো?,noakhali,noa_cate_19
sentence_05.wav,dataset/chunks/noakhali/noa_cate_19/sentence_05.wav,আমি একটি লোকনৃত্য শিখছি।,noakhali,noa_cate_19
sentence_06.wav,dataset/chunks/noakhali/noa_cate_19/sentence_06.wav,আজ রাতে আমরা মেলায় যাচ্ছি।,noakhali,noa_cate_19
sentence_07.wav,dataset/chunks/noakhali/noa_cate_19/sentence_07.wav,তুমি কি বাঁশি বাজাতে পারো?,noakhali,noa_cate_19
sentence_08.wav,dataset/chunks/noakhali/noa_cate_19/sentence_08.wav,আমরা পুতুলনাচ দেখেছি।,noakhali,noa_cate_19
sentence_09.wav,dataset/chunks/noakhali/noa_cate_19/sentence_09.wav,মেলায় অনেক লোক আছে।,noakhali,noa_cate_19
sentence_10.wav,dataset/chunks/noakhali/noa_cate_19/sentence_10.wav,তুমি কি ঢাক বাজাতে চাও?,noakhali,noa_cate_19
sentence_11.wav,dataset/chunks/noakhali/noa_cate_19/sentence_11.wav,আমি নাটক দেখতে যাচ্ছি।,noakhali,noa_cate_19
sentence_12.wav,dataset/chunks/noakhali/noa_cate_19/sentence_12.wav,আজকে কাব্য অনুষ্ঠানে যাচ্ছি।,noakhali,noa_cate_19
sentence_13.wav,dataset/chunks/noakhali/noa_cate_19/sentence_13.wav,তুমি কি গান গাইতে পারো?,noakhali,noa_cate_19
sentence_14.wav,dataset/chunks/noakhali/noa_cate_19/sentence_14.wav,লোকনৃত্য খুব সুন্দর।,noakhali,noa_cate_19
sentence_15.wav,dataset/chunks/noakhali/noa_cate_19/sentence_15.wav,আমরা মেলায় পিঠা খেয়েছি।,noakhali,noa_cate_19
sentence_16.wav,dataset/chunks/noakhali/noa_cate_19/sentence_16.wav,তুমি কি আজকে শিল্প প্রদর্শনী দেখেছো?,noakhali,noa_cate_19
sentence_17.wav,dataset/chunks/noakhali/noa_cate_19/sentence_17.wav,আমি রবীন্দ্রনাথের গান শুনতে ভালোবাসি।,noakhali,noa_cate_19
sentence_18.wav,dataset/chunks/noakhali/noa_cate_19/sentence_18.wav,মেলায় খেলার স্টল আছে।,noakhali,noa_cate_19
sentence_19.wav,dataset/chunks/noakhali/noa_cate_19/sentence_19.wav,তুমি কি আজকে ঢোল বাজাচ্ছো?,noakhali,noa_cate_19
sentence_20.wav,dataset/chunks/noakhali/noa_cate_19/sentence_20.wav,আমরা একটি রাস্তানাটক দেখেছি।,noakhali,noa_cate_19
sentence_21.wav,dataset/chunks/noakhali/noa_cate_19/sentence_21.wav,মেলায় অনেক খাবার বিক্রি হচ্ছে।,noakhali,noa_cate_19
sentence_22.wav,dataset/chunks/noakhali/noa_cate_19/sentence_22.wav,তুমি কি আজকে লোকগীতি শোনাচ্ছো?,noakhali,noa_cate_19
sentence_23.wav,dataset/chunks/noakhali/noa_cate_19/sentence_23.wav,আমি নৃত্য প্রতিযোগিতায় অংশ নিচ্ছি।,noakhali,noa_cate_19
sentence_24.wav,dataset/chunks/noakhali/noa_cate_19/sentence_24.wav,মেলায় সাজানো হয়েছে অনেক আলোকসজ্জা।,noakhali,noa_cate_19
sentence_25.wav,dataset/chunks/noakhali/noa_cate_19/sentence_25.wav,তুমি কি আজকে মেলায় গিয়েছো?,noakhali,noa_cate_19
sentence_26.wav,dataset/chunks/noakhali/noa_cate_19/sentence_26.wav,আমরা একটি লোককাহিনী শোনেছি।,noakhali,noa_cate_19
sentence_27.wav,dataset/chunks/noakhali/noa_cate_19/sentence_27.wav,তুমি কি আজকে নাটক দেখেছো?,noakhali,noa_cate_19
sentence_28.wav,dataset/chunks/noakhali/noa_cate_19/sentence_28.wav,আমি পটচিত্র দেখতে ভালোবাসি।,noakhali,noa_cate_19
sentence_29.wav,dataset/chunks/noakhali/noa_cate_19/sentence_29.wav,মেলায় অনেক শিশু খেলছে।,noakhali,noa_cate_19
sentence_30.wav,dataset/chunks/noakhali/noa_cate_19/sentence_30.wav,তুমি কি লোকনৃত্য শিখছো?,noakhali,noa_cate_19
sentence_31.wav,dataset/chunks/noakhali/noa_cate_19/sentence_31.wav,আমরা পুতুলনাচ প্রদর্শনীতে গিয়েছি।,noakhali,noa_cate_19
sentence_32.wav,dataset/chunks/noakhali/noa_cate_19/sentence_32.wav,মেলায় গান বাজানো হচ্ছে।,noakhali,noa_cate_19
sentence_33.wav,dataset/chunks/noakhali/noa_cate_19/sentence_33.wav,তুমি কি শিল্পকর্ম তৈরি করছো?,noakhali,noa_cate_19
sentence_34.wav,dataset/chunks/noakhali/noa_cate_19/sentence_34.wav,আমি লোকসংগীত শোনাচ্ছি।,noakhali,noa_cate_19
sentence_35.wav,dataset/chunks/noakhali/noa_cate_19/sentence_35.wav,মেলায় খেলনা বিক্রি হচ্ছে।,noakhali,noa_cate_19
sentence_36.wav,dataset/chunks/noakhali/noa_cate_19/sentence_36.wav,তুমি কি আজকে পিঠা খেয়েছো?,noakhali,noa_cate_19
sentence_37.wav,dataset/chunks/noakhali/noa_cate_19/sentence_37.wav,আমরা নৃত্য প্রদর্শনীতে অংশ নিয়েছি।,noakhali,noa_cate_19
sentence_38.wav,dataset/chunks/noakhali/noa_cate_19/sentence_38.wav,মেলায় বিভিন্ন খাবার রয়েছে।,noakhali,noa_cate_19
sentence_39.wav,dataset/chunks/noakhali/noa_cate_19/sentence_39.wav,তুমি কি আজকে কাব্য শোনাচ্ছো?,noakhali,noa_cate_19
sentence_40.wav,dataset/chunks/noakhali/noa_cate_19/sentence_40.wav,আমি রবীন্দ্রনাথের গান গাইছি।,noakhali,noa_cate_19
sentence_41.wav,dataset/chunks/noakhali/noa_cate_19/sentence_41.wav,মেলায় রঙিন বাতি জ্বলে।,noakhali,noa_cate_19
sentence_42.wav,dataset/chunks/noakhali/noa_cate_19/sentence_42.wav,তুমি কি আজকে নাটক মঞ্চস্থ করছো?,noakhali,noa_cate_19
sentence_43.wav,dataset/chunks/noakhali/noa_cate_19/sentence_43.wav,আমরা লোকনৃত্য দেখতে যাচ্ছি।,noakhali,noa_cate_19
sentence_44.wav,dataset/chunks/noakhali/noa_cate_19/sentence_44.wav,মেলায় অনেক ছবি তোলা হচ্ছে।,noakhali,noa_cate_19
sentence_45.wav,dataset/chunks/noakhali/noa_cate_19/sentence_45.wav,তুমি কি পুতুলনাচ পছন্দ করো?,noakhali,noa_cate_19
sentence_46.wav,dataset/chunks/noakhali/noa_cate_19/sentence_46.wav,আমি নৃত্য প্রশিক্ষণ নিচ্ছি।,noakhali,noa_cate_19
sentence_47.wav,dataset/chunks/noakhali/noa_cate_19/sentence_47.wav,মেলায় লোকশিল্প প্রদর্শিত হচ্ছে।,noakhali,noa_cate_19
sentence_48.wav,dataset/chunks/noakhali/noa_cate_19/sentence_48.wav,তুমি কি আজকে গান শোনাচ্ছো?,noakhali,noa_cate_19
sentence_49.wav,dataset/chunks/noakhali/noa_cate_19/sentence_49.wav,আমরা মেলায় হস্তশিল্প কিনেছি।,noakhali,noa_cate_19
sentence_50.wav,dataset/chunks/noakhali/noa_cate_19/sentence_50.wav,মেলায় অনেক লোক আনন্দ করছে।,noakhali,noa_cate_19
sentence_51.wav,dataset/chunks/noakhali/noa_cate_19/sentence_51.wav,তুমি কি আজকে মেলার খেলা খেলেছো?,noakhali,noa_cate_19
sentence_52.wav,dataset/chunks/noakhali/noa_cate_19/sentence_52.wav,আমি লোকনৃত্য প্রদর্শনীতে গিয়েছি।,noakhali,noa_cate_19
sentence_53.wav,dataset/chunks/noakhali/noa_cate_19/sentence_53.wav,মেলায় মিষ্টি বিক্রি হচ্ছে।,noakhali,noa_cate_19
sentence_54.wav,dataset/chunks/noakhali/noa_cate_19/sentence_54.wav,তুমি কি আজকে রাস্তানাটক দেখেছো?,noakhali,noa_cate_19
sentence_55.wav,dataset/chunks/noakhali/noa_cate_19/sentence_55.wav,আমি পুতুলনাচ তৈরি করছি।,noakhali,noa_cate_19
sentence_56.wav,dataset/chunks/noakhali/noa_cate_19/sentence_56.wav,মেলায় বিভিন্ন নাচ প্রদর্শিত হচ্ছে।,noakhali,noa_cate_19
sentence_57.wav,dataset/chunks/noakhali/noa_cate_19/sentence_57.wav,তুমি কি আজকে শিল্প প্রদর্শনীতে গিয়েছো?,noakhali,noa_cate_19
sentence_58.wav,dataset/chunks/noakhali/noa_cate_19/sentence_58.wav,আমরা মেলায় গান শুনেছি।,noakhali,noa_cate_19
sentence_59.wav,dataset/chunks/noakhali/noa_cate_19/sentence_59.wav,মেলায় লোকসংগীত বাজানো হয়েছে।,noakhali,noa_cate_19
sentence_60.wav,dataset/chunks/noakhali/noa_cate_19/sentence_60.wav,তুমি কি আজকে পিঠা খেয়েছো?,noakhali,noa_cate_19
sentence_61.wav,dataset/chunks/noakhali/noa_cate_19/sentence_61.wav,আমি নৃত্য প্রশিক্ষণে অংশ নিচ্ছি।,noakhali,noa_cate_19
sentence_62.wav,dataset/chunks/noakhali/noa_cate_19/sentence_62.wav,মেলায় খেলা প্রদর্শনী হয়েছে।,noakhali,noa_cate_19
sentence_63.wav,dataset/chunks/noakhali/noa_cate_19/sentence_63.wav,তুমি কি আজকে রঙিন লাইট দেখেছো?,noakhali,noa_cate_19
sentence_64.wav,dataset/chunks/noakhali/noa_cate_19/sentence_64.wav,আমরা মেলায় হস্তশিল্প শিখেছি।,noakhali,noa_cate_19
sentence_65.wav,dataset/chunks/noakhali/noa_cate_19/sentence_65.wav,মেলায় লোককাহিনী বলা হয়েছে।,noakhali,noa_cate_19
sentence_66.wav,dataset/chunks/noakhali/noa_cate_19/sentence_66.wav,তুমি কি আজকে কাব্য শোনেছো?,noakhali,noa_cate_19
sentence_67.wav,dataset/chunks/noakhali/noa_cate_19/sentence_67.wav,আমি মেলায় গিয়েছি।,noakhali,noa_cate_19
sentence_68.wav,dataset/chunks/noakhali/noa_cate_19/sentence_68.wav,মেলায় নাটক প্রদর্শিত হয়েছে।,noakhali,noa_cate_19
sentence_69.wav,dataset/chunks/noakhali/noa_cate_19/sentence_69.wav,তুমি কি আজকে গান গেয়েছো?,noakhali,noa_cate_19
sentence_70.wav,dataset/chunks/noakhali/noa_cate_19/sentence_70.wav,আমরা মেলায় নাচ উপভোগ করেছি।,noakhali,noa_cate_19
sentence_01.wav,dataset/chunks/rangpur/ran_cate_01/sentence_01.wav,আপনি কোথা থেকে এসেছেন?,rangpur,ran_cate_01
sentence_02.wav,dataset/chunks/rangpur/ran_cate_01/sentence_02.wav,আপনার নাম কী?,rangpur,ran_cate_01
sentence_03.wav,dataset/chunks/rangpur/ran_cate_01/sentence_03.wav,আমার নাম জন।,rangpur,ran_cate_01
sentence_04.wav,dataset/chunks/rangpur/ran_cate_01/sentence_04.wav,আপনার সাথে পরিচিত হয়ে ভালো লাগলো।,rangpur,ran_cate_01
sentence_05.wav,dataset/chunks/rangpur/ran_cate_01/sentence_05.wav,আমি এই এলাকায় নতুন।,rangpur,ran_cate_01
sentence_06.wav,dataset/chunks/rangpur/ran_cate_01/sentence_06.wav,আপনি কি এখানে থাকেন?,rangpur,ran_cate_01
sentence_07.wav,dataset/chunks/rangpur/ran_cate_01/sentence_07.wav,আপনি কি প্রথমবার এখানে এসেছেন?,rangpur,ran_cate_01
sentence_08.wav,dataset/chunks/rangpur/ran_cate_01/sentence_08.wav,আমি বাংলাদেশে ভ্রমণে এসেছি।,rangpur,ran_cate_01
sentence_09.wav,dataset/chunks/rangpur/ran_cate_01/sentence_09.wav,আপনি কী করেন?,rangpur,ran_cate_01
sentence_10.wav,dataset/chunks/rangpur/ran_cate_01/sentence_10.wav,আমি একজন ছাত্র।,rangpur,ran_cate_01
sentence_11.wav,dataset/chunks/rangpur/ran_cate_01/sentence_11.wav,আপনার বাড়ি কোথায়?,rangpur,ran_cate_01
sentence_12.wav,dataset/chunks/rangpur/ran_cate_01/sentence_12.wav,আপনি কেমন আছেন?,rangpur,ran_cate_01
sentence_13.wav,dataset/chunks/rangpur/ran_cate_01/sentence_13.wav,আমি ভালো আছি।,rangpur,ran_cate_01
sentence_14.wav,dataset/chunks/rangpur/ran_cate_01/sentence_14.wav,অনেক দিন পর দেখা হলো।,rangpur,ran_cate_01
sentence_15.wav,dataset/chunks/rangpur/ran_cate_01/sentence_15.wav,আপনাকে আবার দেখে ভালো লাগছে।,rangpur,ran_cate_01
sentence_16.wav,dataset/chunks/rangpur/ran_cate_01/sentence_16.wav,আপনি কি আমাকে সাহায্য করতে পারবেন?,rangpur,ran_cate_01
sentence_17.wav,dataset/chunks/rangpur/ran_cate_01/sentence_17.wav,আপনার সাথে কথা বলে ভালো লাগছে।,rangpur,ran_cate_01
sentence_18.wav,dataset/chunks/rangpur/ran_cate_01/sentence_18.wav,আমি এখানে কাজের জন্য এসেছি।,rangpur,ran_cate_01
sentence_19.wav,dataset/chunks/rangpur/ran_cate_01/sentence_19.wav,আপনি কোন দেশ থেকে এসেছেন?,rangpur,ran_cate_01
sentence_20.wav,dataset/chunks/rangpur/ran_cate_01/sentence_20.wav,আমি ইংরেজি বলতে পারি।,rangpur,ran_cate_01
sentence_21.wav,dataset/chunks/rangpur/ran_cate_01/sentence_21.wav,আপনি কি বাংলা বলতে পারেন?,rangpur,ran_cate_01
sentence_22.wav,dataset/chunks/rangpur/ran_cate_01/sentence_22.wav,আমি বাংলা শিখছি।,rangpur,ran_cate_01
sentence_23.wav,dataset/chunks/rangpur/ran_cate_01/sentence_23.wav,ধন্যবাদ আপনাকে।,rangpur,ran_cate_01
sentence_24.wav,dataset/chunks/rangpur/ran_cate_01/sentence_24.wav,আপনাকে স্বাগতম।,rangpur,ran_cate_01
sentence_25.wav,dataset/chunks/rangpur/ran_cate_01/sentence_25.wav,আপনার বয়স কত?,rangpur,ran_cate_01
sentence_26.wav,dataset/chunks/rangpur/ran_cate_01/sentence_26.wav,আমি এখানে পড়াশোনা করছি।,rangpur,ran_cate_01
sentence_27.wav,dataset/chunks/rangpur/ran_cate_01/sentence_27.wav,আমি এই শহরটি পছন্দ করি।,rangpur,ran_cate_01
sentence_28.wav,dataset/chunks/rangpur/ran_cate_01/sentence_28.wav,আপনার পরিবার কেমন আছে?,rangpur,ran_cate_01
sentence_29.wav,dataset/chunks/rangpur/ran_cate_01/sentence_29.wav,আপনার সাথে দেখা করতে পেরে আনন্দিত।,rangpur,ran_cate_01
sentence_30.wav,dataset/chunks/rangpur/ran_cate_01/sentence_30.wav,আপনি কি এখানে দীর্ঘদিন থাকবেন?,rangpur,ran_cate_01
sentence_31.wav,dataset/chunks/rangpur/ran_cate_01/sentence_31.wav,আমি কয়েকদিনের জন্য এসেছি।,rangpur,ran_cate_01
sentence_32.wav,dataset/chunks/rangpur/ran_cate_01/sentence_32.wav,আপনার সাথে যোগাযোগ রাখতে চাই।,rangpur,ran_cate_01
sentence_33.wav,dataset/chunks/rangpur/ran_cate_01/sentence_33.wav,এটা আমার প্রথম সফর।,rangpur,ran_cate_01
sentence_34.wav,dataset/chunks/rangpur/ran_cate_01/sentence_34.wav,আমি আপনার দেশ সম্পর্কে জানতে চাই।,rangpur,ran_cate_01
sentence_35.wav,dataset/chunks/rangpur/ran_cate_01/sentence_35.wav,আপনি কোথায় কাজ করেন?,rangpur,ran_cate_01
sentence_36.wav,dataset/chunks/rangpur/ran_cate_01/sentence_36.wav,আপনার ফোন নম্বর দিতে পারেন?,rangpur,ran_cate_01
sentence_37.wav,dataset/chunks/rangpur/ran_cate_01/sentence_37.wav,আমি আপনার সাথে পরে কথা বলবো।,rangpur,ran_cate_01
sentence_38.wav,dataset/chunks/rangpur/ran_cate_01/sentence_38.wav,আপনাকে দেখে ভালো লাগলো।,rangpur,ran_cate_01
sentence_39.wav,dataset/chunks/rangpur/ran_cate_01/sentence_39.wav,আপনি কি এখানে একা এসেছেন?,rangpur,ran_cate_01
sentence_40.wav,dataset/chunks/rangpur/ran_cate_01/sentence_40.wav,আমি আমার বন্ধুর সাথে এসেছি।,rangpur,ran_cate_01
sentence_41.wav,dataset/chunks/rangpur/ran_cate_01/sentence_41.wav,আপনার পেশা কী?,rangpur,ran_cate_01
sentence_42.wav,dataset/chunks/rangpur/ran_cate_01/sentence_42.wav,আমি একজন শিক্ষক।,rangpur,ran_cate_01
sentence_43.wav,dataset/chunks/rangpur/ran_cate_01/sentence_43.wav,আপনার সাথে কাজ করতে চাই।,rangpur,ran_cate_01
sentence_44.wav,dataset/chunks/rangpur/ran_cate_01/sentence_44.wav,আজকে আবহাওয়া সুন্দর।,rangpur,ran_cate_01
sentence_45.wav,dataset/chunks/rangpur/ran_cate_01/sentence_45.wav,আপনি কি এখানে থাকেন নাকি ভ্রমণে এসেছেন?,rangpur,ran_cate_01
sentence_46.wav,dataset/chunks/rangpur/ran_cate_01/sentence_46.wav,আমি এই জায়গাটি প্রথমবার দেখছি।,rangpur,ran_cate_01
sentence_47.wav,dataset/chunks/rangpur/ran_cate_01/sentence_47.wav,আপনার সাথে পরিচয় হওয়া আমার জন্য সম্মানের।,rangpur,ran_cate_01
sentence_48.wav,dataset/chunks/rangpur/ran_cate_01/sentence_48.wav,আপনি কোন ভাষায় কথা বলেন?,rangpur,ran_cate_01
sentence_49.wav,dataset/chunks/rangpur/ran_cate_01/sentence_49.wav,আমি আপনার কাছ থেকে শিখতে চাই।,rangpur,ran_cate_01
sentence_50.wav,dataset/chunks/rangpur/ran_cate_01/sentence_50.wav,আমি খুব আনন্দিত।,rangpur,ran_cate_01
sentence_51.wav,dataset/chunks/rangpur/ran_cate_01/sentence_51.wav,আপনার দিনটি কেমন কাটছে?,rangpur,ran_cate_01
sentence_52.wav,dataset/chunks/rangpur/ran_cate_01/sentence_52.wav,আমি একটু দেরি করেছি।,rangpur,ran_cate_01
sentence_53.wav,dataset/chunks/rangpur/ran_cate_01/sentence_53.wav,আপনাকে অপেক্ষা করানোর জন্য দুঃখিত।,rangpur,ran_cate_01
sentence_54.wav,dataset/chunks/rangpur/ran_cate_01/sentence_54.wav,আপনার সাথে আবার দেখা হবে আশা করি।,rangpur,ran_cate_01
sentence_55.wav,dataset/chunks/rangpur/ran_cate_01/sentence_55.wav,আপনি কি কাছাকাছি থাকেন?,rangpur,ran_cate_01
sentence_56.wav,dataset/chunks/rangpur/ran_cate_01/sentence_56.wav,আমি আপনার সাহায্যের জন্য কৃতজ্ঞ।,rangpur,ran_cate_01
sentence_57.wav,dataset/chunks/rangpur/ran_cate_01/sentence_57.wav,আপনাকে শুভেচ্ছা জানাই।,rangpur,ran_cate_01
sentence_58.wav,dataset/chunks/rangpur/ran_cate_01/sentence_58.wav,আপনার দিনটি শুভ হোক।,rangpur,ran_cate_01
sentence_59.wav,dataset/chunks/rangpur/ran_cate_01/sentence_59.wav,আপনার সাথে কথা বলা আনন্দের ছিল।,rangpur,ran_cate_01
sentence_60.wav,dataset/chunks/rangpur/ran_cate_01/sentence_60.wav,আমি আপনাকে সম্মান করি।,rangpur,ran_cate_01
sentence_61.wav,dataset/chunks/rangpur/ran_cate_01/sentence_61.wav,আমি এখানে কাজ শুরু করেছি।,rangpur,ran_cate_01
sentence_62.wav,dataset/chunks/rangpur/ran_cate_01/sentence_62.wav,আপনি কখন এসেছেন?,rangpur,ran_cate_01
sentence_63.wav,dataset/chunks/rangpur/ran_cate_01/sentence_63.wav,আমি গতকাল এসেছি।,rangpur,ran_cate_01
sentence_64.wav,dataset/chunks/rangpur/ran_cate_01/sentence_64.wav,আপনি কতদিন থাকবেন?,rangpur,ran_cate_01
sentence_65.wav,dataset/chunks/rangpur/ran_cate_01/sentence_65.wav,আমি এক সপ্তাহ থাকবো।,rangpur,ran_cate_01
sentence_66.wav,dataset/chunks/rangpur/ran_cate_01/sentence_66.wav,আপনার সাথে বন্ধুত্ব করতে চাই।,rangpur,ran_cate_01
sentence_67.wav,dataset/chunks/rangpur/ran_cate_01/sentence_67.wav,আপনি খুব ভদ্র মানুষ।,rangpur,ran_cate_01
sentence_68.wav,dataset/chunks/rangpur/ran_cate_01/sentence_68.wav,আমি আপনাকে ধন্যবাদ জানাই।,rangpur,ran_cate_01
sentence_69.wav,dataset/chunks/rangpur/ran_cate_01/sentence_69.wav,আপনার সাথে দেখা হওয়া সৌভাগ্যের।,rangpur,ran_cate_01
sentence_70.wav,dataset/chunks/rangpur/ran_cate_01/sentence_70.wav,আমি আপনার সাথে আবার যোগাযোগ করবো।,rangpur,ran_cate_01
sentence_01.wav,dataset/chunks/rangpur/ran_cate_02/sentence_01.wav,বাস স্ট্যান্ড কোথায়?,rangpur,ran_cate_02
sentence_02.wav,dataset/chunks/rangpur/ran_cate_02/sentence_02.wav,এই রাস্তাটি কোথায় যায়?,rangpur,ran_cate_02
sentence_03.wav,dataset/chunks/rangpur/ran_cate_02/sentence_03.wav,রেলওয়ে স্টেশন কত দূরে?,rangpur,ran_cate_02
sentence_04.wav,dataset/chunks/rangpur/ran_cate_02/sentence_04.wav,বিমানবন্দর যাওয়ার রাস্তা কোনটি?,rangpur,ran_cate_02
sentence_05.wav,dataset/chunks/rangpur/ran_cate_02/sentence_05.wav,বাজারে যেতে কোন বাসে উঠবো?,rangpur,ran_cate_02
sentence_06.wav,dataset/chunks/rangpur/ran_cate_02/sentence_06.wav,এই বাস কি ঢাকায় যাবে?,rangpur,ran_cate_02
sentence_07.wav,dataset/chunks/rangpur/ran_cate_02/sentence_07.wav,ভাড়া কত?,rangpur,ran_cate_02
sentence_08.wav,dataset/chunks/rangpur/ran_cate_02/sentence_08.wav,রিকশার ভাড়া কত নেবেন?,rangpur,ran_cate_02
sentence_09.wav,dataset/chunks/rangpur/ran_cate_02/sentence_09.wav,আমাকে হাসপাতালে নিয়ে চলুন।,rangpur,ran_cate_02
sentence_10.wav,dataset/chunks/rangpur/ran_cate_02/sentence_10.wav,এই ট্রেন কখন ছাড়বে?,rangpur,ran_cate_02
sentence_11.wav,dataset/chunks/rangpur/ran_cate_02/sentence_11.wav,ট্রেন কত নম্বর প্ল্যাটফর্মে আসবে?,rangpur,ran_cate_02
sentence_12.wav,dataset/chunks/rangpur/ran_cate_02/sentence_12.wav,এখানে কি টিকিট কাউন্টার আছে?,rangpur,ran_cate_02
sentence_13.wav,dataset/chunks/rangpur/ran_cate_02/sentence_13.wav,"এক টিকিট দিন, চট্টগ্রামের জন্য।",rangpur,ran_cate_02
sentence_14.wav,dataset/chunks/rangpur/ran_cate_02/sentence_14.wav,বাস কখন ছাড়বে?,rangpur,ran_cate_02
sentence_15.wav,dataset/chunks/rangpur/ran_cate_02/sentence_15.wav,এই রাস্তায় কি যানজট হয়?,rangpur,ran_cate_02
sentence_16.wav,dataset/chunks/rangpur/ran_cate_02/sentence_16.wav,সোজা গেলে কি ব্যাংক পাবো?,rangpur,ran_cate_02
sentence_17.wav,dataset/chunks/rangpur/ran_cate_02/sentence_17.wav,ডানদিকে গেলে কি হাসপাতাল?,rangpur,ran_cate_02
sentence_18.wav,dataset/chunks/rangpur/ran_cate_02/sentence_18.wav,বামদিকে মোড় নিন।,rangpur,ran_cate_02
sentence_19.wav,dataset/chunks/rangpur/ran_cate_02/sentence_19.wav,সোজা এগিয়ে যান।,rangpur,ran_cate_02
sentence_20.wav,dataset/chunks/rangpur/ran_cate_02/sentence_20.wav,এই জায়গাটা কত দূরে?,rangpur,ran_cate_02
sentence_21.wav,dataset/chunks/rangpur/ran_cate_02/sentence_21.wav,হাঁটলে কত সময় লাগবে?,rangpur,ran_cate_02
sentence_22.wav,dataset/chunks/rangpur/ran_cate_02/sentence_22.wav,গাড়ি পাওয়া যাবে কোথায়?,rangpur,ran_cate_02
sentence_23.wav,dataset/chunks/rangpur/ran_cate_02/sentence_23.wav,এখানে কি উবার পাওয়া যায়?,rangpur,ran_cate_02
sentence_24.wav,dataset/chunks/rangpur/ran_cate_02/sentence_24.wav,আপনি কি আমাকে পথ দেখাতে পারবেন?,rangpur,ran_cate_02
sentence_25.wav,dataset/chunks/rangpur/ran_cate_02/sentence_25.wav,এই রাস্তা কি নিরাপদ?,rangpur,ran_cate_02
sentence_26.wav,dataset/chunks/rangpur/ran_cate_02/sentence_26.wav,এখানে কি পার্কিং আছে?,rangpur,ran_cate_02
sentence_27.wav,dataset/chunks/rangpur/ran_cate_02/sentence_27.wav,গাড়ি রাখার জায়গা কোথায়?,rangpur,ran_cate_02
sentence_28.wav,dataset/chunks/rangpur/ran_cate_02/sentence_28.wav,এই ট্রেন কি সময়মতো আসবে?,rangpur,ran_cate_02
sentence_29.wav,dataset/chunks/rangpur/ran_cate_02/sentence_29.wav,বাসে কি সিট খালি আছে?,rangpur,ran_cate_02
sentence_30.wav,dataset/chunks/rangpur/ran_cate_02/sentence_30.wav,এই বাস কি সরাসরি যাবে?,rangpur,ran_cate_02
sentence_31.wav,dataset/chunks/rangpur/ran_cate_02/sentence_31.wav,মাঝপথে কি নামতে পারবো?,rangpur,ran_cate_02
sentence_32.wav,dataset/chunks/rangpur/ran_cate_02/sentence_32.wav,আমাকে পরের স্টপে নামিয়ে দিন।,rangpur,ran_cate_02
sentence_33.wav,dataset/chunks/rangpur/ran_cate_02/sentence_33.wav,এই রাস্তা কি শর্টকাট?,rangpur,ran_cate_02
sentence_34.wav,dataset/chunks/rangpur/ran_cate_02/sentence_34.wav,এখানে কি ট্যাক্সি স্ট্যান্ড আছে?,rangpur,ran_cate_02
sentence_35.wav,dataset/chunks/rangpur/ran_cate_02/sentence_35.wav,গন্তব্যে পৌঁছাতে কত সময় লাগবে?,rangpur,ran_cate_02
sentence_36.wav,dataset/chunks/rangpur/ran_cate_02/sentence_36.wav,রিকশা কি পাওয়া যাবে?,rangpur,ran_cate_02
sentence_37.wav,dataset/chunks/rangpur/ran_cate_02/sentence_37.wav,ট্রেন কি দেরি করছে?,rangpur,ran_cate_02
sentence_38.wav,dataset/chunks/rangpur/ran_cate_02/sentence_38.wav,এই বাস কোথায় থামে?,rangpur,ran_cate_02
sentence_39.wav,dataset/chunks/rangpur/ran_cate_02/sentence_39.wav,আপনারা কি রাতের বাস চালান?,rangpur,ran_cate_02
sentence_40.wav,dataset/chunks/rangpur/ran_cate_02/sentence_40.wav,শেষ বাস কখন?,rangpur,ran_cate_02
sentence_41.wav,dataset/chunks/rangpur/ran_cate_02/sentence_41.wav,এই রাস্তা কি বন্ধ?,rangpur,ran_cate_02
sentence_42.wav,dataset/chunks/rangpur/ran_cate_02/sentence_42.wav,বিকল্প রাস্তা কোনটি?,rangpur,ran_cate_02
sentence_43.wav,dataset/chunks/rangpur/ran_cate_02/sentence_43.wav,এখানে কি সিগন্যাল আছে?,rangpur,ran_cate_02
sentence_44.wav,dataset/chunks/rangpur/ran_cate_02/sentence_44.wav,রাস্তা কি মেরামত হচ্ছে?,rangpur,ran_cate_02
sentence_45.wav,dataset/chunks/rangpur/ran_cate_02/sentence_45.wav,আমাকে বিশ্ববিদ্যালয়ে যেতে হবে।,rangpur,ran_cate_02
sentence_46.wav,dataset/chunks/rangpur/ran_cate_02/sentence_46.wav,বিশ্ববিদ্যালয়ের বাস কোথা থেকে ছাড়ে?,rangpur,ran_cate_02
sentence_47.wav,dataset/chunks/rangpur/ran_cate_02/sentence_47.wav,টিকিটের দাম কত?,rangpur,ran_cate_02
sentence_48.wav,dataset/chunks/rangpur/ran_cate_02/sentence_48.wav,এখানে কি মেট্রো স্টেশন আছে?,rangpur,ran_cate_02
sentence_49.wav,dataset/chunks/rangpur/ran_cate_02/sentence_49.wav,মেট্রো কখন ছাড়ে?,rangpur,ran_cate_02
sentence_50.wav,dataset/chunks/rangpur/ran_cate_02/sentence_50.wav,এই রাস্তা কি প্রধান সড়ক?,rangpur,ran_cate_02
sentence_51.wav,dataset/chunks/rangpur/ran_cate_02/sentence_51.wav,আমাকে থানায় যেতে হবে।,rangpur,ran_cate_02
sentence_52.wav,dataset/chunks/rangpur/ran_cate_02/sentence_52.wav,পুলিশ স্টেশন কোথায়?,rangpur,ran_cate_02
sentence_53.wav,dataset/chunks/rangpur/ran_cate_02/sentence_53.wav,এই এলাকায় কি বাস চলে?,rangpur,ran_cate_02
sentence_54.wav,dataset/chunks/rangpur/ran_cate_02/sentence_54.wav,এখানে কি সিএনজি পাওয়া যায়?,rangpur,ran_cate_02
sentence_55.wav,dataset/chunks/rangpur/ran_cate_02/sentence_55.wav,আমাকে দ্রুত পৌঁছাতে হবে।,rangpur,ran_cate_02
sentence_56.wav,dataset/chunks/rangpur/ran_cate_02/sentence_56.wav,এখানে কি ফেরি ঘাট আছে?,rangpur,ran_cate_02
sentence_57.wav,dataset/chunks/rangpur/ran_cate_02/sentence_57.wav,ফেরি কখন ছাড়বে?,rangpur,ran_cate_02
sentence_58.wav,dataset/chunks/rangpur/ran_cate_02/sentence_58.wav,নদী পার হতে কত সময় লাগবে?,rangpur,ran_cate_02
sentence_59.wav,dataset/chunks/rangpur/ran_cate_02/sentence_59.wav,এই ট্রেন কি এক্সপ্রেস?,rangpur,ran_cate_02
sentence_60.wav,dataset/chunks/rangpur/ran_cate_02/sentence_60.wav,এখানে কি বাস বদলাতে হবে?,rangpur,ran_cate_02
sentence_61.wav,dataset/chunks/rangpur/ran_cate_02/sentence_61.wav,এই বাস কি এয়ারকন্ডিশন্ড?,rangpur,ran_cate_02
sentence_62.wav,dataset/chunks/rangpur/ran_cate_02/sentence_62.wav,রাস্তায় কি টোল দিতে হয়?,rangpur,ran_cate_02
sentence_63.wav,dataset/chunks/rangpur/ran_cate_02/sentence_63.wav,টোল কত?,rangpur,ran_cate_02
sentence_64.wav,dataset/chunks/rangpur/ran_cate_02/sentence_64.wav,এখানে কি রাস্তা নিরাপদ রাতে?,rangpur,ran_cate_02
sentence_65.wav,dataset/chunks/rangpur/ran_cate_02/sentence_65.wav,আমি পথ হারিয়ে ফেলেছি।,rangpur,ran_cate_02
sentence_66.wav,dataset/chunks/rangpur/ran_cate_02/sentence_66.wav,আমাকে মানচিত্র দেখাতে পারবেন?,rangpur,ran_cate_02
sentence_67.wav,dataset/chunks/rangpur/ran_cate_02/sentence_67.wav,কাছাকাছি কোন হোটেল আছে?,rangpur,ran_cate_02
sentence_68.wav,dataset/chunks/rangpur/ran_cate_02/sentence_68.wav,এই এলাকা কি শহরের ভেতরে?,rangpur,ran_cate_02
sentence_69.wav,dataset/chunks/rangpur/ran_cate_02/sentence_69.wav,এখানে কি ট্রাফিক বেশি?,rangpur,ran_cate_02
sentence_70.wav,dataset/chunks/rangpur/ran_cate_02/sentence_70.wav,আমাকে সঠিক দিকটি বলুন।,rangpur,ran_cate_02
sentence_01.wav,dataset/chunks/rangpur/ran_cate_03/sentence_01.wav,এই জিনিসটির দাম কত?,rangpur,ran_cate_03
sentence_02.wav,dataset/chunks/rangpur/ran_cate_03/sentence_02.wav,দাম একটু কম হবে?,rangpur,ran_cate_03
sentence_03.wav,dataset/chunks/rangpur/ran_cate_03/sentence_03.wav,এক কেজি চাল দিন।,rangpur,ran_cate_03
sentence_04.wav,dataset/chunks/rangpur/ran_cate_03/sentence_04.wav,আধা কেজি চিনি দিন।,rangpur,ran_cate_03
sentence_05.wav,dataset/chunks/rangpur/ran_cate_03/sentence_05.wav,এটা কি দেশি পণ্য?,rangpur,ran_cate_03
sentence_06.wav,dataset/chunks/rangpur/ran_cate_03/sentence_06.wav,এটা কি বিদেশি পণ্য?,rangpur,ran_cate_03
sentence_07.wav,dataset/chunks/rangpur/ran_cate_03/sentence_07.wav,একটু ভালো মানের দেখান।,rangpur,ran_cate_03
sentence_08.wav,dataset/chunks/rangpur/ran_cate_03/sentence_08.wav,এর থেকে সস্তা কিছু আছে?,rangpur,ran_cate_03
sentence_09.wav,dataset/chunks/rangpur/ran_cate_03/sentence_09.wav,এটা খুব দামী।,rangpur,ran_cate_03
sentence_10.wav,dataset/chunks/rangpur/ran_cate_03/sentence_10.wav,আমি এটা কিনতে চাই।,rangpur,ran_cate_03
sentence_11.wav,dataset/chunks/rangpur/ran_cate_03/sentence_11.wav,আপনার কাছে কি তাজা সবজি আছে?,rangpur,ran_cate_03
sentence_12.wav,dataset/chunks/rangpur/ran_cate_03/sentence_12.wav,এই ফলগুলো কি আজকের?,rangpur,ran_cate_03
sentence_13.wav,dataset/chunks/rangpur/ran_cate_03/sentence_13.wav,এক ডজন ডিম দিন।,rangpur,ran_cate_03
sentence_14.wav,dataset/chunks/rangpur/ran_cate_03/sentence_14.wav,কত টাকা হলো?,rangpur,ran_cate_03
sentence_15.wav,dataset/chunks/rangpur/ran_cate_03/sentence_15.wav,আমি নগদ পরিশোধ করবো।,rangpur,ran_cate_03
sentence_16.wav,dataset/chunks/rangpur/ran_cate_03/sentence_16.wav,মোবাইল ব্যাংকিং নেওয়া হয়?,rangpur,ran_cate_03
sentence_17.wav,dataset/chunks/rangpur/ran_cate_03/sentence_17.wav,বিকাশে টাকা দিতে পারি?,rangpur,ran_cate_03
sentence_18.wav,dataset/chunks/rangpur/ran_cate_03/sentence_18.wav,একটি ব্যাগ দেবেন?,rangpur,ran_cate_03
sentence_19.wav,dataset/chunks/rangpur/ran_cate_03/sentence_19.wav,এই কাপড়ের রং কি উঠবে?,rangpur,ran_cate_03
sentence_20.wav,dataset/chunks/rangpur/ran_cate_03/sentence_20.wav,এই শার্টের অন্য সাইজ আছে?,rangpur,ran_cate_03
sentence_21.wav,dataset/chunks/rangpur/ran_cate_03/sentence_21.wav,ছোট সাইজ দেখান।,rangpur,ran_cate_03
sentence_22.wav,dataset/chunks/rangpur/ran_cate_03/sentence_22.wav,বড় সাইজ আছে?,rangpur,ran_cate_03
sentence_23.wav,dataset/chunks/rangpur/ran_cate_03/sentence_23.wav,আমি নীল রঙেরটি চাই।,rangpur,ran_cate_03
sentence_24.wav,dataset/chunks/rangpur/ran_cate_03/sentence_24.wav,অন্য রং আছে?,rangpur,ran_cate_03
sentence_25.wav,dataset/chunks/rangpur/ran_cate_03/sentence_25.wav,এটা কি আসল পণ্য?,rangpur,ran_cate_03
sentence_26.wav,dataset/chunks/rangpur/ran_cate_03/sentence_26.wav,গ্যারান্টি আছে?,rangpur,ran_cate_03
sentence_27.wav,dataset/chunks/rangpur/ran_cate_03/sentence_27.wav,রসিদ দিন।,rangpur,ran_cate_03
sentence_28.wav,dataset/chunks/rangpur/ran_cate_03/sentence_28.wav,আমি পরে এসে নেব।,rangpur,ran_cate_03
sentence_29.wav,dataset/chunks/rangpur/ran_cate_03/sentence_29.wav,এটা কি ছাড়ে দেওয়া যাবে?,rangpur,ran_cate_03
sentence_30.wav,dataset/chunks/rangpur/ran_cate_03/sentence_30.wav,আজ কি কোনো অফার আছে?,rangpur,ran_cate_03
sentence_31.wav,dataset/chunks/rangpur/ran_cate_03/sentence_31.wav,আমি পাইকারি কিনতে চাই।,rangpur,ran_cate_03
sentence_32.wav,dataset/chunks/rangpur/ran_cate_03/sentence_32.wav,পাইকারি দাম কত?,rangpur,ran_cate_03
sentence_33.wav,dataset/chunks/rangpur/ran_cate_03/sentence_33.wav,এই পণ্যটি নতুন এসেছে?,rangpur,ran_cate_03
sentence_34.wav,dataset/chunks/rangpur/ran_cate_03/sentence_34.wav,এর মেয়াদ কতদিন?,rangpur,ran_cate_03
sentence_35.wav,dataset/chunks/rangpur/ran_cate_03/sentence_35.wav,এই ওষুধের মেয়াদ শেষ হয়েছে?,rangpur,ran_cate_03
sentence_36.wav,dataset/chunks/rangpur/ran_cate_03/sentence_36.wav,আমাকে ভালো মানের চাল দিন।,rangpur,ran_cate_03
sentence_37.wav,dataset/chunks/rangpur/ran_cate_03/sentence_37.wav,এই মাছটি কি তাজা?,rangpur,ran_cate_03
sentence_38.wav,dataset/chunks/rangpur/ran_cate_03/sentence_38.wav,এই মাংস কত কেজি?,rangpur,ran_cate_03
sentence_39.wav,dataset/chunks/rangpur/ran_cate_03/sentence_39.wav,এক কেজির কম হবে না।,rangpur,ran_cate_03
sentence_40.wav,dataset/chunks/rangpur/ran_cate_03/sentence_40.wav,একটু কম করে দিন।,rangpur,ran_cate_03
sentence_41.wav,dataset/chunks/rangpur/ran_cate_03/sentence_41.wav,আমি দরদাম করতে চাই।,rangpur,ran_cate_03
sentence_42.wav,dataset/chunks/rangpur/ran_cate_03/sentence_42.wav,চূড়ান্ত দাম কত?,rangpur,ran_cate_03
sentence_43.wav,dataset/chunks/rangpur/ran_cate_03/sentence_43.wav,এই জুতাটি কি টেকসই?,rangpur,ran_cate_03
sentence_44.wav,dataset/chunks/rangpur/ran_cate_03/sentence_44.wav,এই মোবাইলের দাম কত?,rangpur,ran_cate_03
sentence_45.wav,dataset/chunks/rangpur/ran_cate_03/sentence_45.wav,এই ফোনে কি গ্যারান্টি আছে?,rangpur,ran_cate_03
sentence_46.wav,dataset/chunks/rangpur/ran_cate_03/sentence_46.wav,চার্জারটি আলাদা কিনতে হবে?,rangpur,ran_cate_03
sentence_47.wav,dataset/chunks/rangpur/ran_cate_03/sentence_47.wav,এটি কি ক্যাশ অন ডেলিভারি?,rangpur,ran_cate_03
sentence_48.wav,dataset/chunks/rangpur/ran_cate_03/sentence_48.wav,আমি অর্ডার দিতে চাই।,rangpur,ran_cate_03
sentence_49.wav,dataset/chunks/rangpur/ran_cate_03/sentence_49.wav,পণ্যটি কখন ডেলিভারি হবে?,rangpur,ran_cate_03
sentence_50.wav,dataset/chunks/rangpur/ran_cate_03/sentence_50.wav,এই দোকান কখন বন্ধ হয়?,rangpur,ran_cate_03
sentence_51.wav,dataset/chunks/rangpur/ran_cate_03/sentence_51.wav,আমি একটা উপহার কিনতে চাই।,rangpur,ran_cate_03
sentence_52.wav,dataset/chunks/rangpur/ran_cate_03/sentence_52.wav,উপহার মোড়ানো হবে?,rangpur,ran_cate_03
sentence_53.wav,dataset/chunks/rangpur/ran_cate_03/sentence_53.wav,এটি কি ফেরত দেওয়া যাবে?,rangpur,ran_cate_03
sentence_54.wav,dataset/chunks/rangpur/ran_cate_03/sentence_54.wav,রিটার্ন পলিসি কী?,rangpur,ran_cate_03
sentence_55.wav,dataset/chunks/rangpur/ran_cate_03/sentence_55.wav,এই কাপড়টি খুব সুন্দর।,rangpur,ran_cate_03
sentence_56.wav,dataset/chunks/rangpur/ran_cate_03/sentence_56.wav,এটি কি কটন?,rangpur,ran_cate_03
sentence_57.wav,dataset/chunks/rangpur/ran_cate_03/sentence_57.wav,এই পণ্যটি কোথায় তৈরি?,rangpur,ran_cate_03
sentence_58.wav,dataset/chunks/rangpur/ran_cate_03/sentence_58.wav,এটি কি ছাড়ে বিক্রি হচ্ছে?,rangpur,ran_cate_03
sentence_59.wav,dataset/chunks/rangpur/ran_cate_03/sentence_59.wav,আমি আরও কিছু দেখতে চাই।,rangpur,ran_cate_03
sentence_60.wav,dataset/chunks/rangpur/ran_cate_03/sentence_60.wav,আপনার দোকানে কি কার্ড নেওয়া হয়?,rangpur,ran_cate_03
sentence_61.wav,dataset/chunks/rangpur/ran_cate_03/sentence_61.wav,মোট বিল কত হলো?,rangpur,ran_cate_03
sentence_62.wav,dataset/chunks/rangpur/ran_cate_03/sentence_62.wav,আমি টাকা ভাঙাতে চাই।,rangpur,ran_cate_03
sentence_63.wav,dataset/chunks/rangpur/ran_cate_03/sentence_63.wav,ছোট নোট আছে?,rangpur,ran_cate_03
sentence_64.wav,dataset/chunks/rangpur/ran_cate_03/sentence_64.wav,এই ফলগুলো ওজন করে দিন।,rangpur,ran_cate_03
sentence_65.wav,dataset/chunks/rangpur/ran_cate_03/sentence_65.wav,এক কেজির একটু কম দিন।,rangpur,ran_cate_03
sentence_66.wav,dataset/chunks/rangpur/ran_cate_03/sentence_66.wav,আজকে বাজারে ভিড় বেশি।,rangpur,ran_cate_03
sentence_67.wav,dataset/chunks/rangpur/ran_cate_03/sentence_67.wav,দাম কেন এত বেশি?,rangpur,ran_cate_03
sentence_68.wav,dataset/chunks/rangpur/ran_cate_03/sentence_68.wav,কাল কি দাম কম হবে?,rangpur,ran_cate_03
sentence_69.wav,dataset/chunks/rangpur/ran_cate_03/sentence_69.wav,আমি নিয়মিত ক্রেতা।,rangpur,ran_cate_03
sentence_70.wav,dataset/chunks/rangpur/ran_cate_03/sentence_70.wav,আবার আসবো।,rangpur,ran_cate_03
sentence_01.wav,dataset/chunks/rangpur/ran_cate_04/sentence_01.wav,আমি একটি টেবিল বুক করতে চাই।,rangpur,ran_cate_04
sentence_02.wav,dataset/chunks/rangpur/ran_cate_04/sentence_02.wav,দুই জনের জন্য একটি টেবিল দিন।,rangpur,ran_cate_04
sentence_03.wav,dataset/chunks/rangpur/ran_cate_04/sentence_03.wav,মেনু কার্ডটি দিন।,rangpur,ran_cate_04
sentence_04.wav,dataset/chunks/rangpur/ran_cate_04/sentence_04.wav,আজকের বিশেষ খাবার কী?,rangpur,ran_cate_04
sentence_05.wav,dataset/chunks/rangpur/ran_cate_04/sentence_05.wav,আমি ভাত ও মুরগির মাংস চাই।,rangpur,ran_cate_04
sentence_06.wav,dataset/chunks/rangpur/ran_cate_04/sentence_06.wav,এই খাবারটি ঝাল কি?,rangpur,ran_cate_04
sentence_07.wav,dataset/chunks/rangpur/ran_cate_04/sentence_07.wav,কম ঝাল করে দিন।,rangpur,ran_cate_04
sentence_08.wav,dataset/chunks/rangpur/ran_cate_04/sentence_08.wav,আমি নিরামিষ খাবার চাই।,rangpur,ran_cate_04
sentence_09.wav,dataset/chunks/rangpur/ran_cate_04/sentence_09.wav,এখানে কি হালাল খাবার পাওয়া যায়?,rangpur,ran_cate_04
sentence_10.wav,dataset/chunks/rangpur/ran_cate_04/sentence_10.wav,পানি দিন।,rangpur,ran_cate_04
sentence_11.wav,dataset/chunks/rangpur/ran_cate_04/sentence_11.wav,ঠান্ডা পানি আছে?,rangpur,ran_cate_04
sentence_12.wav,dataset/chunks/rangpur/ran_cate_04/sentence_12.wav,একটি কোমল পানীয় দিন।,rangpur,ran_cate_04
sentence_13.wav,dataset/chunks/rangpur/ran_cate_04/sentence_13.wav,এই খাবারটি খুব সুস্বাদু।,rangpur,ran_cate_04
sentence_14.wav,dataset/chunks/rangpur/ran_cate_04/sentence_14.wav,খাবারটি খুব লবণাক্ত।,rangpur,ran_cate_04
sentence_15.wav,dataset/chunks/rangpur/ran_cate_04/sentence_15.wav,বিল দিন।,rangpur,ran_cate_04
sentence_16.wav,dataset/chunks/rangpur/ran_cate_04/sentence_16.wav,আমি নগদে পরিশোধ করবো।,rangpur,ran_cate_04
sentence_17.wav,dataset/chunks/rangpur/ran_cate_04/sentence_17.wav,কার্ডে পরিশোধ করা যাবে?,rangpur,ran_cate_04
sentence_18.wav,dataset/chunks/rangpur/ran_cate_04/sentence_18.wav,খাবারটি কতক্ষণে আসবে?,rangpur,ran_cate_04
sentence_19.wav,dataset/chunks/rangpur/ran_cate_04/sentence_19.wav,আরেকটি প্লেট দিন।,rangpur,ran_cate_04
sentence_20.wav,dataset/chunks/rangpur/ran_cate_04/sentence_20.wav,চামচ ও কাঁটা দিন।,rangpur,ran_cate_04
sentence_21.wav,dataset/chunks/rangpur/ran_cate_04/sentence_21.wav,এখানে কি ওয়াইফাই আছে?,rangpur,ran_cate_04
sentence_22.wav,dataset/chunks/rangpur/ran_cate_04/sentence_22.wav,ওয়াইফাই পাসওয়ার্ড কী?,rangpur,ran_cate_04
sentence_23.wav,dataset/chunks/rangpur/ran_cate_04/sentence_23.wav,খাবারটি প্যাকেট করে দিন।,rangpur,ran_cate_04
sentence_24.wav,dataset/chunks/rangpur/ran_cate_04/sentence_24.wav,আমি বাসায় নিয়ে যাব।,rangpur,ran_cate_04
sentence_25.wav,dataset/chunks/rangpur/ran_cate_04/sentence_25.wav,একটি কফি দিন।,rangpur,ran_cate_04
sentence_26.wav,dataset/chunks/rangpur/ran_cate_04/sentence_26.wav,চা আছে?,rangpur,ran_cate_04
sentence_27.wav,dataset/chunks/rangpur/ran_cate_04/sentence_27.wav,দুধ চা দিন।,rangpur,ran_cate_04
sentence_28.wav,dataset/chunks/rangpur/ran_cate_04/sentence_28.wav,চিনি ছাড়া চা দিন।,rangpur,ran_cate_04
sentence_29.wav,dataset/chunks/rangpur/ran_cate_04/sentence_29.wav,এখানে কি ব্রেকফাস্ট পাওয়া যায়?,rangpur,ran_cate_04
sentence_30.wav,dataset/chunks/rangpur/ran_cate_04/sentence_30.wav,দুপুরের খাবার কখন শুরু হয়?,rangpur,ran_cate_04
sentence_31.wav,dataset/chunks/rangpur/ran_cate_04/sentence_31.wav,রাতের খাবার কখন পরিবেশন করা হয়?,rangpur,ran_cate_04
sentence_32.wav,dataset/chunks/rangpur/ran_cate_04/sentence_32.wav,আমি মাছের তরকারি চাই।,rangpur,ran_cate_04
sentence_33.wav,dataset/chunks/rangpur/ran_cate_04/sentence_33.wav,গরুর মাংস আছে?,rangpur,ran_cate_04
sentence_34.wav,dataset/chunks/rangpur/ran_cate_04/sentence_34.wav,এই স্যুপটি গরম কি?,rangpur,ran_cate_04
sentence_35.wav,dataset/chunks/rangpur/ran_cate_04/sentence_35.wav,একটু লেবু দিন।,rangpur,ran_cate_04
sentence_36.wav,dataset/chunks/rangpur/ran_cate_04/sentence_36.wav,এই রেস্টুরেন্ট খুব পরিষ্কার।,rangpur,ran_cate_04
sentence_37.wav,dataset/chunks/rangpur/ran_cate_04/sentence_37.wav,পরিবেশটি খুব সুন্দর।,rangpur,ran_cate_04
sentence_38.wav,dataset/chunks/rangpur/ran_cate_04/sentence_38.wav,খাবার পরিবেশন দ্রুত হয়েছে।,rangpur,ran_cate_04
sentence_39.wav,dataset/chunks/rangpur/ran_cate_04/sentence_39.wav,খাবার পরিবেশন দেরিতে হয়েছে।,rangpur,ran_cate_04
sentence_40.wav,dataset/chunks/rangpur/ran_cate_04/sentence_40.wav,আর কিছু লাগবে?,rangpur,ran_cate_04
sentence_41.wav,dataset/chunks/rangpur/ran_cate_04/sentence_41.wav,আমি আরও ভাত চাই।,rangpur,ran_cate_04
sentence_42.wav,dataset/chunks/rangpur/ran_cate_04/sentence_42.wav,একটু ঝোল দিন।,rangpur,ran_cate_04
sentence_43.wav,dataset/chunks/rangpur/ran_cate_04/sentence_43.wav,এটি কি তাজা রান্না?,rangpur,ran_cate_04
sentence_44.wav,dataset/chunks/rangpur/ran_cate_04/sentence_44.wav,এখানে কি পরিবার নিয়ে বসা যায়?,rangpur,ran_cate_04
sentence_45.wav,dataset/chunks/rangpur/ran_cate_04/sentence_45.wav,শিশুদের জন্য আলাদা চেয়ার আছে?,rangpur,ran_cate_04
sentence_46.wav,dataset/chunks/rangpur/ran_cate_04/sentence_46.wav,খাবারটি খুব গরম।,rangpur,ran_cate_04
sentence_47.wav,dataset/chunks/rangpur/ran_cate_04/sentence_47.wav,এটি খুব ঠান্ডা।,rangpur,ran_cate_04
sentence_48.wav,dataset/chunks/rangpur/ran_cate_04/sentence_48.wav,এখানে কি অনলাইনে অর্ডার করা যায়?,rangpur,ran_cate_04
sentence_49.wav,dataset/chunks/rangpur/ran_cate_04/sentence_49.wav,ডেলিভারি কত সময় লাগে?,rangpur,ran_cate_04
sentence_50.wav,dataset/chunks/rangpur/ran_cate_04/sentence_50.wav,এই খাবারটির দাম কত?,rangpur,ran_cate_04
sentence_51.wav,dataset/chunks/rangpur/ran_cate_04/sentence_51.wav,আমি অল্প পরিমাণ চাই।,rangpur,ran_cate_04
sentence_52.wav,dataset/chunks/rangpur/ran_cate_04/sentence_52.wav,বড় পরিমাণ দিন।,rangpur,ran_cate_04
sentence_53.wav,dataset/chunks/rangpur/ran_cate_04/sentence_53.wav,এই খাবারটি খুব মিষ্টি।,rangpur,ran_cate_04
sentence_54.wav,dataset/chunks/rangpur/ran_cate_04/sentence_54.wav,এটি কি ঝাল কম করা যাবে?,rangpur,ran_cate_04
sentence_55.wav,dataset/chunks/rangpur/ran_cate_04/sentence_55.wav,আরেক গ্লাস পানি দিন।,rangpur,ran_cate_04
sentence_56.wav,dataset/chunks/rangpur/ran_cate_04/sentence_56.wav,আমি ধন্যবাদ জানাই।,rangpur,ran_cate_04
sentence_57.wav,dataset/chunks/rangpur/ran_cate_04/sentence_57.wav,পরিষেবা খুব ভালো ছিল।,rangpur,ran_cate_04
sentence_58.wav,dataset/chunks/rangpur/ran_cate_04/sentence_58.wav,পরিষেবা উন্নত করা দরকার।,rangpur,ran_cate_04
sentence_59.wav,dataset/chunks/rangpur/ran_cate_04/sentence_59.wav,আমি এই রেস্টুরেন্টটি পছন্দ করি।,rangpur,ran_cate_04
sentence_60.wav,dataset/chunks/rangpur/ran_cate_04/sentence_60.wav,এটি কি এয়ার কন্ডিশনড?,rangpur,ran_cate_04
sentence_61.wav,dataset/chunks/rangpur/ran_cate_04/sentence_61.wav,বাইরে বসার ব্যবস্থা আছে?,rangpur,ran_cate_04
sentence_62.wav,dataset/chunks/rangpur/ran_cate_04/sentence_62.wav,খাবারে অ্যালার্জির উপাদান আছে?,rangpur,ran_cate_04
sentence_63.wav,dataset/chunks/rangpur/ran_cate_04/sentence_63.wav,আমি বাদাম খেতে পারি না।,rangpur,ran_cate_04
sentence_64.wav,dataset/chunks/rangpur/ran_cate_04/sentence_64.wav,এটি কি গ্লুটেন মুক্ত?,rangpur,ran_cate_04
sentence_65.wav,dataset/chunks/rangpur/ran_cate_04/sentence_65.wav,আমাকে একটি ন্যাপকিন দিন।,rangpur,ran_cate_04
sentence_66.wav,dataset/chunks/rangpur/ran_cate_04/sentence_66.wav,খাবার খুব ভালো লেগেছে।,rangpur,ran_cate_04
sentence_67.wav,dataset/chunks/rangpur/ran_cate_04/sentence_67.wav,আবার আসবো।,rangpur,ran_cate_04
sentence_68.wav,dataset/chunks/rangpur/ran_cate_04/sentence_68.wav,এখানে কি বুফে আছে?,rangpur,ran_cate_04
sentence_69.wav,dataset/chunks/rangpur/ran_cate_04/sentence_69.wav,বুফের দাম কত?,rangpur,ran_cate_04
sentence_70.wav,dataset/chunks/rangpur/ran_cate_04/sentence_70.wav,"ধন্যবাদ, বিদায়।",rangpur,ran_cate_04
sentence_01.wav,dataset/chunks/rangpur/ran_cate_06/sentence_01.wav,আমার মাথা ব্যথা করছে।,rangpur,ran_cate_06
sentence_02.wav,dataset/chunks/rangpur/ran_cate_06/sentence_02.wav,কাছাকাছি হাসপাতাল কোথায়?,rangpur,ran_cate_06
sentence_03.wav,dataset/chunks/rangpur/ran_cate_06/sentence_03.wav,ডাক্তারের জন্য কীভাবে অ্যাপয়েন্টমেন্ট নেব?,rangpur,ran_cate_06
sentence_04.wav,dataset/chunks/rangpur/ran_cate_06/sentence_04.wav,আমাকে একটি ওষুধের দোকান দেখান।,rangpur,ran_cate_06
sentence_05.wav,dataset/chunks/rangpur/ran_cate_06/sentence_05.wav,আমি জ্বর অনুভব করছি।,rangpur,ran_cate_06
sentence_06.wav,dataset/chunks/rangpur/ran_cate_06/sentence_06.wav,আমি দুর্ঘটনার শিকার হয়েছি।,rangpur,ran_cate_06
sentence_07.wav,dataset/chunks/rangpur/ran_cate_06/sentence_07.wav,হাসপাতালে কত সময় লাগবে পৌঁছাতে?,rangpur,ran_cate_06
sentence_08.wav,dataset/chunks/rangpur/ran_cate_06/sentence_08.wav,আমার পায়ে চোট লেগেছে।,rangpur,ran_cate_06
sentence_09.wav,dataset/chunks/rangpur/ran_cate_06/sentence_09.wav,আমাকে হাসপাতালে নিয়ে যান।,rangpur,ran_cate_06
sentence_10.wav,dataset/chunks/rangpur/ran_cate_06/sentence_10.wav,আমি শ্বাসকষ্ট অনুভব করছি।,rangpur,ran_cate_06
sentence_11.wav,dataset/chunks/rangpur/ran_cate_06/sentence_11.wav,আমাকে দ্রুত সাহায্য করুন।,rangpur,ran_cate_06
sentence_12.wav,dataset/chunks/rangpur/ran_cate_06/sentence_12.wav,ডাক্তার কখন উপস্থিত থাকবেন?,rangpur,ran_cate_06
sentence_13.wav,dataset/chunks/rangpur/ran_cate_06/sentence_13.wav,আমার শিশু অসুস্থ।,rangpur,ran_cate_06
sentence_14.wav,dataset/chunks/rangpur/ran_cate_06/sentence_14.wav,আমার পেটে ব্যথা করছে।,rangpur,ran_cate_06
sentence_15.wav,dataset/chunks/rangpur/ran_cate_06/sentence_15.wav,ওষুধের নাম কী?,rangpur,ran_cate_06
sentence_16.wav,dataset/chunks/rangpur/ran_cate_06/sentence_16.wav,আমি ধমনীতে ব্যথা অনুভব করছি।,rangpur,ran_cate_06
sentence_17.wav,dataset/chunks/rangpur/ran_cate_06/sentence_17.wav,এটি কি জরুরি অবস্থা?,rangpur,ran_cate_06
sentence_18.wav,dataset/chunks/rangpur/ran_cate_06/sentence_18.wav,আমি অলস লাগছে।,rangpur,ran_cate_06
sentence_19.wav,dataset/chunks/rangpur/ran_cate_06/sentence_19.wav,আমার চোখে সমস্যা হচ্ছে।,rangpur,ran_cate_06
sentence_20.wav,dataset/chunks/rangpur/ran_cate_06/sentence_20.wav,ডাক্তার কি বাংলা বলতে পারেন?,rangpur,ran_cate_06
sentence_21.wav,dataset/chunks/rangpur/ran_cate_06/sentence_21.wav,আমি অ্যালার্জি আক্রান্ত।,rangpur,ran_cate_06
sentence_22.wav,dataset/chunks/rangpur/ran_cate_06/sentence_22.wav,আমার সর্দি কাশি আছে।,rangpur,ran_cate_06
sentence_23.wav,dataset/chunks/rangpur/ran_cate_06/sentence_23.wav,হাসপাতালে কি ভিড় বেশি?,rangpur,ran_cate_06
sentence_24.wav,dataset/chunks/rangpur/ran_cate_06/sentence_24.wav,আমাকে একটি ব্যান্ডেজ দিন।,rangpur,ran_cate_06
sentence_25.wav,dataset/chunks/rangpur/ran_cate_06/sentence_25.wav,আমার দাঁতে ব্যথা করছে।,rangpur,ran_cate_06
sentence_26.wav,dataset/chunks/rangpur/ran_cate_06/sentence_26.wav,এখানে কি জরুরি ওষুধ পাওয়া যায়?,rangpur,ran_cate_06
sentence_27.wav,dataset/chunks/rangpur/ran_cate_06/sentence_27.wav,"আমি অসুস্থ, আমার বিশ্রাম প্রয়োজন।",rangpur,ran_cate_06
sentence_28.wav,dataset/chunks/rangpur/ran_cate_06/sentence_28.wav,আপনার ওষুধের পরিমাণ কত?,rangpur,ran_cate_06
sentence_29.wav,dataset/chunks/rangpur/ran_cate_06/sentence_29.wav,আমার পায়ে জ্বালা অনুভব হচ্ছে।,rangpur,ran_cate_06
sentence_30.wav,dataset/chunks/rangpur/ran_cate_06/sentence_30.wav,হাসপাতালে কি ডাক্তার সারাদিন থাকে?,rangpur,ran_cate_06
sentence_31.wav,dataset/chunks/rangpur/ran_cate_06/sentence_31.wav,আমাকে দ্রুত ট্যাক্সি দিন।,rangpur,ran_cate_06
sentence_32.wav,dataset/chunks/rangpur/ran_cate_06/sentence_32.wav,আমি গলা ব্যথা অনুভব করছি।,rangpur,ran_cate_06
sentence_33.wav,dataset/chunks/rangpur/ran_cate_06/sentence_33.wav,আমার হাতে কাটা গেছে।,rangpur,ran_cate_06
sentence_34.wav,dataset/chunks/rangpur/ran_cate_06/sentence_34.wav,এখানে কি স্বাস্থ্য পরীক্ষা করা যায়?,rangpur,ran_cate_06
sentence_35.wav,dataset/chunks/rangpur/ran_cate_06/sentence_35.wav,আমার পেট খারাপ লাগছে।,rangpur,ran_cate_06
sentence_36.wav,dataset/chunks/rangpur/ran_cate_06/sentence_36.wav,আমার চুল পড়ছে।,rangpur,ran_cate_06
sentence_37.wav,dataset/chunks/rangpur/ran_cate_06/sentence_37.wav,কি ওষুধ খাবো?,rangpur,ran_cate_06
sentence_38.wav,dataset/chunks/rangpur/ran_cate_06/sentence_38.wav,আমার শ্বাসনালি ব্যথা করছে।,rangpur,ran_cate_06
sentence_39.wav,dataset/chunks/rangpur/ran_cate_06/sentence_39.wav,আমার ডায়াবেটিস আছে।,rangpur,ran_cate_06
sentence_40.wav,dataset/chunks/rangpur/ran_cate_06/sentence_40.wav,আমাকে ইনজেকশন দেওয়া দরকার।,rangpur,ran_cate_06
sentence_41.wav,dataset/chunks/rangpur/ran_cate_06/sentence_41.wav,আমাকে ব্যথা উপশমের জন্য কিছু দিন।,rangpur,ran_cate_06
sentence_42.wav,dataset/chunks/rangpur/ran_cate_06/sentence_42.wav,আমি দুর্বল লাগছি।,rangpur,ran_cate_06
sentence_43.wav,dataset/chunks/rangpur/ran_cate_06/sentence_43.wav,আমার নাক দিয়ে রক্ত পড়ছে।,rangpur,ran_cate_06
sentence_44.wav,dataset/chunks/rangpur/ran_cate_06/sentence_44.wav,ডাক্তার কি এখন ফ্রি আছেন?,rangpur,ran_cate_06
sentence_45.wav,dataset/chunks/rangpur/ran_cate_06/sentence_45.wav,আমার বুক ব্যথা করছে।,rangpur,ran_cate_06
sentence_46.wav,dataset/chunks/rangpur/ran_cate_06/sentence_46.wav,আমার চোখ লাল হয়ে গেছে।,rangpur,ran_cate_06
sentence_47.wav,dataset/chunks/rangpur/ran_cate_06/sentence_47.wav,কি টেস্ট করাতে হবে?,rangpur,ran_cate_06
sentence_48.wav,dataset/chunks/rangpur/ran_cate_06/sentence_48.wav,আমি বুকধড় ধড় করছি।,rangpur,ran_cate_06
sentence_49.wav,dataset/chunks/rangpur/ran_cate_06/sentence_49.wav,হাসপাতালে কি অ্যাম্বুল্যান্স আছে?,rangpur,ran_cate_06
sentence_50.wav,dataset/chunks/rangpur/ran_cate_06/sentence_50.wav,আমার চামড়ায় চুলকানি হচ্ছে।,rangpur,ran_cate_06
sentence_51.wav,dataset/chunks/rangpur/ran_cate_06/sentence_51.wav,ওষুধটি কখন খাবো?,rangpur,ran_cate_06
sentence_52.wav,dataset/chunks/rangpur/ran_cate_06/sentence_52.wav,আমার কানে ব্যথা করছে।,rangpur,ran_cate_06
sentence_53.wav,dataset/chunks/rangpur/ran_cate_06/sentence_53.wav,আমাকে রক্ত পরীক্ষা করাতে হবে।,rangpur,ran_cate_06
sentence_54.wav,dataset/chunks/rangpur/ran_cate_06/sentence_54.wav,আমি গরমে অসুস্থ।,rangpur,ran_cate_06
sentence_55.wav,dataset/chunks/rangpur/ran_cate_06/sentence_55.wav,আমার দাঁতের ইনফেকশন হয়েছে।,rangpur,ran_cate_06
sentence_56.wav,dataset/chunks/rangpur/ran_cate_06/sentence_56.wav,এখানে কি স্যালাইন দেওয়া হয়?,rangpur,ran_cate_06
sentence_57.wav,dataset/chunks/rangpur/ran_cate_06/sentence_57.wav,আমার পায়ের আঙুল ফোলা গেছে।,rangpur,ran_cate_06
sentence_58.wav,dataset/chunks/rangpur/ran_cate_06/sentence_58.wav,আমাকে ব্যথানাশক দিন।,rangpur,ran_cate_06
sentence_59.wav,dataset/chunks/rangpur/ran_cate_06/sentence_59.wav,কি খেলে সুস্থতা হবে?,rangpur,ran_cate_06
sentence_60.wav,dataset/chunks/rangpur/ran_cate_06/sentence_60.wav,আমি মাথা ঘোরাতে লাগছে।,rangpur,ran_cate_06
sentence_61.wav,dataset/chunks/rangpur/ran_cate_06/sentence_61.wav,হাসপাতালে কি ডাক্তার রাতেও থাকেন?,rangpur,ran_cate_06
sentence_62.wav,dataset/chunks/rangpur/ran_cate_06/sentence_62.wav,আমার গলার প্রদাহ আছে।,rangpur,ran_cate_06
sentence_63.wav,dataset/chunks/rangpur/ran_cate_06/sentence_63.wav,আমার শরীরে জ্বালা অনুভূত হচ্ছে।,rangpur,ran_cate_06
sentence_64.wav,dataset/chunks/rangpur/ran_cate_06/sentence_64.wav,আমাকে ওষুধের রিসিপি দিন।,rangpur,ran_cate_06
sentence_65.wav,dataset/chunks/rangpur/ran_cate_06/sentence_65.wav,কি ওষুধ বেশি কার্যকর?,rangpur,ran_cate_06
sentence_66.wav,dataset/chunks/rangpur/ran_cate_06/sentence_66.wav,আমার গায়ে র‍্যাশ হয়েছে।,rangpur,ran_cate_06
sentence_67.wav,dataset/chunks/rangpur/ran_cate_06/sentence_67.wav,আমি পায়ে ব্যথা অনুভব করছি।,rangpur,ran_cate_06
sentence_68.wav,dataset/chunks/rangpur/ran_cate_06/sentence_68.wav,হাসপাতালে কি অ্যাপয়েন্টমেন্ট লাগবে?,rangpur,ran_cate_06
sentence_69.wav,dataset/chunks/rangpur/ran_cate_06/sentence_69.wav,আমাকে দ্রুত দেখুন।,rangpur,ran_cate_06
sentence_70.wav,dataset/chunks/rangpur/ran_cate_06/sentence_70.wav,আমার পেট খুব ব্যথা করছে।,rangpur,ran_cate_06
sentence_01.wav,dataset/chunks/rangpur/ran_cate_07/sentence_01.wav,আপনার পরিবারে কয়জন সদস্য আছে?,rangpur,ran_cate_07
sentence_02.wav,dataset/chunks/rangpur/ran_cate_07/sentence_02.wav,আমার বাবা একজন শিক্ষক।,rangpur,ran_cate_07
sentence_03.wav,dataset/chunks/rangpur/ran_cate_07/sentence_03.wav,আপনি কোথায় বড় হয়েছেন?,rangpur,ran_cate_07
sentence_04.wav,dataset/chunks/rangpur/ran_cate_07/sentence_04.wav,আমার মা ঘরে থাকেন।,rangpur,ran_cate_07
sentence_05.wav,dataset/chunks/rangpur/ran_cate_07/sentence_05.wav,আপনার ভাইবোন আছে কি?,rangpur,ran_cate_07
sentence_06.wav,dataset/chunks/rangpur/ran_cate_07/sentence_06.wav,আমার এক ভাই ও দুই বোন আছে।,rangpur,ran_cate_07
sentence_07.wav,dataset/chunks/rangpur/ran_cate_07/sentence_07.wav,আমরা একসাথে ভ্রমণ করতে ভালোবাসি।,rangpur,ran_cate_07
sentence_08.wav,dataset/chunks/rangpur/ran_cate_07/sentence_08.wav,আপনার পছন্দের খাবার কী?,rangpur,ran_cate_07
sentence_09.wav,dataset/chunks/rangpur/ran_cate_07/sentence_09.wav,আমার ছোট বোন স্কুলে পড়ে।,rangpur,ran_cate_07
sentence_10.wav,dataset/chunks/rangpur/ran_cate_07/sentence_10.wav,আপনার বাবা কোথায় কাজ করেন?,rangpur,ran_cate_07
sentence_11.wav,dataset/chunks/rangpur/ran_cate_07/sentence_11.wav,আমার পরিবার সব সময় একসাথে খেতে বসে।,rangpur,ran_cate_07
sentence_12.wav,dataset/chunks/rangpur/ran_cate_07/sentence_12.wav,আপনার মা কি রান্না করতে ভালোবাসেন?,rangpur,ran_cate_07
sentence_13.wav,dataset/chunks/rangpur/ran_cate_07/sentence_13.wav,আমরা প্রতি বছর ঈদে মিলিত হই।,rangpur,ran_cate_07
sentence_14.wav,dataset/chunks/rangpur/ran_cate_07/sentence_14.wav,আপনার পছন্দের ছুটি কী?,rangpur,ran_cate_07
sentence_15.wav,dataset/chunks/rangpur/ran_cate_07/sentence_15.wav,আমার বাবা সকালবেলা হাঁটতে যান।,rangpur,ran_cate_07
sentence_16.wav,dataset/chunks/rangpur/ran_cate_07/sentence_16.wav,আপনার পরিবারে কারা রয়েছেন?,rangpur,ran_cate_07
sentence_17.wav,dataset/chunks/rangpur/ran_cate_07/sentence_17.wav,আমার দাদা আমাদের সঙ্গে থাকে।,rangpur,ran_cate_07
sentence_18.wav,dataset/chunks/rangpur/ran_cate_07/sentence_18.wav,আপনি কি বিবাহিত?,rangpur,ran_cate_07
sentence_19.wav,dataset/chunks/rangpur/ran_cate_07/sentence_19.wav,আমি বিবাহিত এবং আমার দুই সন্তান আছে।,rangpur,ran_cate_07
sentence_20.wav,dataset/chunks/rangpur/ran_cate_07/sentence_20.wav,আপনার বোন কি বিশ্ববিদ্যালয়ে পড়ে?,rangpur,ran_cate_07
sentence_21.wav,dataset/chunks/rangpur/ran_cate_07/sentence_21.wav,আমরা রোববার একসাথে সিনেমা দেখি।,rangpur,ran_cate_07
sentence_22.wav,dataset/chunks/rangpur/ran_cate_07/sentence_22.wav,আপনার পছন্দের পরিবারের অনুষ্ঠান কোনটি?,rangpur,ran_cate_07
sentence_23.wav,dataset/chunks/rangpur/ran_cate_07/sentence_23.wav,আমার বাবা মা আমাদের জন্য খুব যত্নশীল।,rangpur,ran_cate_07
sentence_24.wav,dataset/chunks/rangpur/ran_cate_07/sentence_24.wav,আপনার শিশুরা স্কুলে ভালো করছে কি?,rangpur,ran_cate_07
sentence_25.wav,dataset/chunks/rangpur/ran_cate_07/sentence_25.wav,আমার পরিবারের সবাই স্বাস্থ্যকর জীবনযাপন করে।,rangpur,ran_cate_07
sentence_26.wav,dataset/chunks/rangpur/ran_cate_07/sentence_26.wav,আপনি কোথায় বেড়ে উঠেছেন?,rangpur,ran_cate_07
sentence_27.wav,dataset/chunks/rangpur/ran_cate_07/sentence_27.wav,আমার পরিবার গ্রামে থাকে।,rangpur,ran_cate_07
sentence_28.wav,dataset/chunks/rangpur/ran_cate_07/sentence_28.wav,আপনার বাবা কি বিদেশে কাজ করেন?,rangpur,ran_cate_07
sentence_29.wav,dataset/chunks/rangpur/ran_cate_07/sentence_29.wav,আমি আমার পরিবারের সঙ্গে ছুটিতে যাই।,rangpur,ran_cate_07
sentence_30.wav,dataset/chunks/rangpur/ran_cate_07/sentence_30.wav,আপনার পরিবারে ছোট ছোট ভাইবোন আছে কি?,rangpur,ran_cate_07
sentence_31.wav,dataset/chunks/rangpur/ran_cate_07/sentence_31.wav,আমার ভাই ফুটবল খেলে।,rangpur,ran_cate_07
sentence_32.wav,dataset/chunks/rangpur/ran_cate_07/sentence_32.wav,আপনার মা কি কাজ করেন?,rangpur,ran_cate_07
sentence_33.wav,dataset/chunks/rangpur/ran_cate_07/sentence_33.wav,আমরা প্রতি সপ্তাহে একসাথে খাবার করি।,rangpur,ran_cate_07
sentence_34.wav,dataset/chunks/rangpur/ran_cate_07/sentence_34.wav,আপনার বাবা কি বাসায় থাকেন?,rangpur,ran_cate_07
sentence_35.wav,dataset/chunks/rangpur/ran_cate_07/sentence_35.wav,আমার পরিবারে সবাই একে অপরকে সাহায্য করে।,rangpur,ran_cate_07
sentence_36.wav,dataset/chunks/rangpur/ran_cate_07/sentence_36.wav,আপনি কত বছর ধরে বিবাহিত?,rangpur,ran_cate_07
sentence_37.wav,dataset/chunks/rangpur/ran_cate_07/sentence_37.wav,আমার বোন চিকিৎসা পড়াশোনা করছে।,rangpur,ran_cate_07
sentence_38.wav,dataset/chunks/rangpur/ran_cate_07/sentence_38.wav,আপনার বাবা মা কি এখনও কাজ করেন?,rangpur,ran_cate_07
sentence_39.wav,dataset/chunks/rangpur/ran_cate_07/sentence_39.wav,আমরা সবাই একসাথে হোলিডে যাই।,rangpur,ran_cate_07
sentence_40.wav,dataset/chunks/rangpur/ran_cate_07/sentence_40.wav,আপনার সন্তানদের নাম কী?,rangpur,ran_cate_07
sentence_41.wav,dataset/chunks/rangpur/ran_cate_07/sentence_41.wav,আমার ছেলে ফুটবল খেলতে ভালোবাসে।,rangpur,ran_cate_07
sentence_42.wav,dataset/chunks/rangpur/ran_cate_07/sentence_42.wav,আপনার পরিবারের বয়সী সদস্যরা কি সক্রিয়?,rangpur,ran_cate_07
sentence_43.wav,dataset/chunks/rangpur/ran_cate_07/sentence_43.wav,আমি আমার পরিবারের সঙ্গে সিনেমা দেখতে যাই।,rangpur,ran_cate_07
sentence_44.wav,dataset/chunks/rangpur/ran_cate_07/sentence_44.wav,আপনার মা কি রান্না ভালো করেন?,rangpur,ran_cate_07
sentence_45.wav,dataset/chunks/rangpur/ran_cate_07/sentence_45.wav,আমার বাবা সকালবেলা সংবাদ পড়েন।,rangpur,ran_cate_07
sentence_46.wav,dataset/chunks/rangpur/ran_cate_07/sentence_46.wav,আপনার বোনের পছন্দের কাজ কী?,rangpur,ran_cate_07
sentence_47.wav,dataset/chunks/rangpur/ran_cate_07/sentence_47.wav,আমরা বড়দিন একসাথে উদযাপন করি।,rangpur,ran_cate_07
sentence_48.wav,dataset/chunks/rangpur/ran_cate_07/sentence_48.wav,আমার পরিবারে কেউ বিদেশে থাকে।,rangpur,ran_cate_07
sentence_49.wav,dataset/chunks/rangpur/ran_cate_07/sentence_49.wav,আপনার পরিবারের সদস্যরা কি সুস্থ আছে?,rangpur,ran_cate_07
sentence_50.wav,dataset/chunks/rangpur/ran_cate_07/sentence_50.wav,আমি পরিবারকে খুব ভালোবাসি।,rangpur,ran_cate_07
sentence_51.wav,dataset/chunks/rangpur/ran_cate_07/sentence_51.wav,আপনার ভাইবোন কি আপনার সাথে থাকে?,rangpur,ran_cate_07
sentence_52.wav,dataset/chunks/rangpur/ran_cate_07/sentence_52.wav,আমার বাবা মা গ্রামের বাড়িতে থাকেন।,rangpur,ran_cate_07
sentence_53.wav,dataset/chunks/rangpur/ran_cate_07/sentence_53.wav,আমরা একসাথে খেলা করি।,rangpur,ran_cate_07
sentence_54.wav,dataset/chunks/rangpur/ran_cate_07/sentence_54.wav,আপনার পরিবারে কেউ চাকরিতে আছেন কি?,rangpur,ran_cate_07
sentence_55.wav,dataset/chunks/rangpur/ran_cate_07/sentence_55.wav,আমি আমার পরিবারের জন্য সব করি।,rangpur,ran_cate_07
sentence_56.wav,dataset/chunks/rangpur/ran_cate_07/sentence_56.wav,আপনার বাবা মা কি অবসরপ্রাপ্ত?,rangpur,ran_cate_07
sentence_57.wav,dataset/chunks/rangpur/ran_cate_07/sentence_57.wav,আমরা হোলিডেতে গ্রামের বাড়িতে যাই।,rangpur,ran_cate_07
sentence_58.wav,dataset/chunks/rangpur/ran_cate_07/sentence_58.wav,আমার ছোট ভাই স্কুলে ভালো করছে।,rangpur,ran_cate_07
sentence_59.wav,dataset/chunks/rangpur/ran_cate_07/sentence_59.wav,আপনার পরিবার কত ঘনিষ্ঠ?,rangpur,ran_cate_07
sentence_60.wav,dataset/chunks/rangpur/ran_cate_07/sentence_60.wav,আমরা প্রতি মাসে একসাথে বেড়াতে যাই।,rangpur,ran_cate_07
sentence_61.wav,dataset/chunks/rangpur/ran_cate_07/sentence_61.wav,আমার মা গল্প শুনাতে ভালোবাসেন।,rangpur,ran_cate_07
sentence_62.wav,dataset/chunks/rangpur/ran_cate_07/sentence_62.wav,আপনার বাবা কি কখনও ভ্রমণে যান?,rangpur,ran_cate_07
sentence_63.wav,dataset/chunks/rangpur/ran_cate_07/sentence_63.wav,আমি আমার পরিবারকে সব সময় সাহায্য করি।,rangpur,ran_cate_07
sentence_64.wav,dataset/chunks/rangpur/ran_cate_07/sentence_64.wav,আপনার ভাইবোন কি একে অপরকে সাহায্য করে?,rangpur,ran_cate_07
sentence_65.wav,dataset/chunks/rangpur/ran_cate_07/sentence_65.wav,আমরা পরিবারে জন্মদিন উদযাপন করি।,rangpur,ran_cate_07
sentence_66.wav,dataset/chunks/rangpur/ran_cate_07/sentence_66.wav,আমার পরিবারের সঙ্গে সময় কাটানো ভালো লাগে।,rangpur,ran_cate_07
sentence_67.wav,dataset/chunks/rangpur/ran_cate_07/sentence_67.wav,আপনার মা বাবা কি একসাথে আছেন?,rangpur,ran_cate_07
sentence_68.wav,dataset/chunks/rangpur/ran_cate_07/sentence_68.wav,আমার বাবা খুব কঠোর কিন্তু ভালো মানুষ।,rangpur,ran_cate_07
sentence_69.wav,dataset/chunks/rangpur/ran_cate_07/sentence_69.wav,আমরা পারিবারিক ছবি তুলি।,rangpur,ran_cate_07
sentence_70.wav,dataset/chunks/rangpur/ran_cate_07/sentence_70.wav,আমি আমার পরিবারের সুখের জন্য কাজ করি।,rangpur,ran_cate_07
sentence_01.wav,dataset/chunks/rangpur/ran_cate_08/sentence_01.wav,এই বছর ধানের ফলন কেমন হবে?,rangpur,ran_cate_08
sentence_02.wav,dataset/chunks/rangpur/ran_cate_08/sentence_02.wav,আমি মাছ চাষ শুরু করতে চাই।,rangpur,ran_cate_08
sentence_03.wav,dataset/chunks/rangpur/ran_cate_08/sentence_03.wav,বৃষ্টিপাত ঠিক আছে কি?,rangpur,ran_cate_08
sentence_04.wav,dataset/chunks/rangpur/ran_cate_08/sentence_04.wav,জমি প্রস্তুত করা হয়েছে।,rangpur,ran_cate_08
sentence_05.wav,dataset/chunks/rangpur/ran_cate_08/sentence_05.wav,ধানের বীজ কত লাগবে?,rangpur,ran_cate_08
sentence_06.wav,dataset/chunks/rangpur/ran_cate_08/sentence_06.wav,কীটনাশক প্রয়োগ করতে হবে।,rangpur,ran_cate_08
sentence_07.wav,dataset/chunks/rangpur/ran_cate_08/sentence_07.wav,আমি সবজি চাষ করি।,rangpur,ran_cate_08
sentence_08.wav,dataset/chunks/rangpur/ran_cate_08/sentence_08.wav,মাছের পুকুর কত বড়?,rangpur,ran_cate_08
sentence_09.wav,dataset/chunks/rangpur/ran_cate_08/sentence_09.wav,আমার ধান ভালোভাবে ফলন করছে।,rangpur,ran_cate_08
sentence_10.wav,dataset/chunks/rangpur/ran_cate_08/sentence_10.wav,সার দেওয়া হয়েছে।,rangpur,ran_cate_08
sentence_11.wav,dataset/chunks/rangpur/ran_cate_08/sentence_11.wav,কৃষকের জন্য কি সহায়তা আছে?,rangpur,ran_cate_08
sentence_12.wav,dataset/chunks/rangpur/ran_cate_08/sentence_12.wav,গবাদি পশুদের খাওয়ানো হয়েছে।,rangpur,ran_cate_08
sentence_13.wav,dataset/chunks/rangpur/ran_cate_08/sentence_13.wav,আবহাওয়া কেমন থাকবে?,rangpur,ran_cate_08
sentence_14.wav,dataset/chunks/rangpur/ran_cate_08/sentence_14.wav,বৃষ্টির অভাব ধানের জন্য ক্ষতিকর।,rangpur,ran_cate_08
sentence_15.wav,dataset/chunks/rangpur/ran_cate_08/sentence_15.wav,পুকুরে পানি পরীক্ষা করা হয়েছে।,rangpur,ran_cate_08
sentence_16.wav,dataset/chunks/rangpur/ran_cate_08/sentence_16.wav,আমি নতুন সার প্রয়োগ করব।,rangpur,ran_cate_08
sentence_17.wav,dataset/chunks/rangpur/ran_cate_08/sentence_17.wav,কীটপতঙ্গ ধ্বংস করতে হবে।,rangpur,ran_cate_08
sentence_18.wav,dataset/chunks/rangpur/ran_cate_08/sentence_18.wav,ধানের বীজ ভালো মানের কিনুন।,rangpur,ran_cate_08
sentence_19.wav,dataset/chunks/rangpur/ran_cate_08/sentence_19.wav,সবজি খুব দ্রুত বড় হচ্ছে।,rangpur,ran_cate_08
sentence_20.wav,dataset/chunks/rangpur/ran_cate_08/sentence_20.wav,মাছের পুকুরে খাবার দিন।,rangpur,ran_cate_08
sentence_21.wav,dataset/chunks/rangpur/ran_cate_08/sentence_21.wav,জমিতে আগাছা কাটা হয়েছে।,rangpur,ran_cate_08
sentence_22.wav,dataset/chunks/rangpur/ran_cate_08/sentence_22.wav,আমি নতুন পুকুর খনন করেছি।,rangpur,ran_cate_08
sentence_23.wav,dataset/chunks/rangpur/ran_cate_08/sentence_23.wav,এই ফসলের জন্য কত সার লাগবে?,rangpur,ran_cate_08
sentence_24.wav,dataset/chunks/rangpur/ran_cate_08/sentence_24.wav,গরু খুব ভালো অবস্থায় আছে।,rangpur,ran_cate_08
sentence_25.wav,dataset/chunks/rangpur/ran_cate_08/sentence_25.wav,ধান কেটে সংগ্রহ করা হয়েছে।,rangpur,ran_cate_08
sentence_26.wav,dataset/chunks/rangpur/ran_cate_08/sentence_26.wav,আমরা সবজি বাজারে বিক্রি করি।,rangpur,ran_cate_08
sentence_27.wav,dataset/chunks/rangpur/ran_cate_08/sentence_27.wav,মাটি পরীক্ষা করা হয়েছে।,rangpur,ran_cate_08
sentence_28.wav,dataset/chunks/rangpur/ran_cate_08/sentence_28.wav,পোকামাকড়ের আক্রমণ হয়েছে।,rangpur,ran_cate_08
sentence_29.wav,dataset/chunks/rangpur/ran_cate_08/sentence_29.wav,মাছের পুকুর পরিষ্কার করুন।,rangpur,ran_cate_08
sentence_30.wav,dataset/chunks/rangpur/ran_cate_08/sentence_30.wav,আমরা সার ও বীজ কিনব।,rangpur,ran_cate_08
sentence_31.wav,dataset/chunks/rangpur/ran_cate_08/sentence_31.wav,গবাদি পশুদের স্বাস্থ্য পরীক্ষা করা হয়েছে।,rangpur,ran_cate_08
sentence_32.wav,dataset/chunks/rangpur/ran_cate_08/sentence_32.wav,ধানের ফলন ভাল হয়েছে।,rangpur,ran_cate_08
sentence_33.wav,dataset/chunks/rangpur/ran_cate_08/sentence_33.wav,আমি নতুন চারা রোপণ করব।,rangpur,ran_cate_08
sentence_34.wav,dataset/chunks/rangpur/ran_cate_08/sentence_34.wav,আবহাওয়া পরিবর্তনশীল।,rangpur,ran_cate_08
sentence_35.wav,dataset/chunks/rangpur/ran_cate_08/sentence_35.wav,পুকুরে পানি কমে গেছে।,rangpur,ran_cate_08
sentence_36.wav,dataset/chunks/rangpur/ran_cate_08/sentence_36.wav,আমরা নতুন সার পরীক্ষা করব।,rangpur,ran_cate_08
sentence_37.wav,dataset/chunks/rangpur/ran_cate_08/sentence_37.wav,কি মাছের প্রজাতি ভালো ফলন দিচ্ছে?,rangpur,ran_cate_08
sentence_38.wav,dataset/chunks/rangpur/ran_cate_08/sentence_38.wav,জমি উর্বর।,rangpur,ran_cate_08
sentence_39.wav,dataset/chunks/rangpur/ran_cate_08/sentence_39.wav,ফসল রক্ষা করতে কী ব্যবস্থা নেওয়া হয়েছে?,rangpur,ran_cate_08
sentence_40.wav,dataset/chunks/rangpur/ran_cate_08/sentence_40.wav,আমরা গবাদি পশু বিক্রি করব।,rangpur,ran_cate_08
sentence_41.wav,dataset/chunks/rangpur/ran_cate_08/sentence_41.wav,ধানের ফসল শুকিয়ে গেছে।,rangpur,ran_cate_08
sentence_42.wav,dataset/chunks/rangpur/ran_cate_08/sentence_42.wav,পুকুরে নতুন মাছ ছাড়া হয়েছে।,rangpur,ran_cate_08
sentence_43.wav,dataset/chunks/rangpur/ran_cate_08/sentence_43.wav,আবহাওয়া খুব খারাপ।,rangpur,ran_cate_08
sentence_44.wav,dataset/chunks/rangpur/ran_cate_08/sentence_44.wav,আমরা সবজি রোপণ শুরু করেছি।,rangpur,ran_cate_08
sentence_45.wav,dataset/chunks/rangpur/ran_cate_08/sentence_45.wav,মাটির আর্দ্রতা ঠিক আছে কি?,rangpur,ran_cate_08
sentence_46.wav,dataset/chunks/rangpur/ran_cate_08/sentence_46.wav,সার দেওয়ার পর পানি দিন।,rangpur,ran_cate_08
sentence_47.wav,dataset/chunks/rangpur/ran_cate_08/sentence_47.wav,কীটনাশক কত দিন পর প্রয়োগ করতে হবে?,rangpur,ran_cate_08
sentence_48.wav,dataset/chunks/rangpur/ran_cate_08/sentence_48.wav,আমার ধান এখনও সবুজ।,rangpur,ran_cate_08
sentence_49.wav,dataset/chunks/rangpur/ran_cate_08/sentence_49.wav,গবাদি পশুদের জন্য খোরাক প্রস্তুত।,rangpur,ran_cate_08
sentence_50.wav,dataset/chunks/rangpur/ran_cate_08/sentence_50.wav,পুকুরের পানি পরীক্ষা করুন।,rangpur,ran_cate_08
sentence_51.wav,dataset/chunks/rangpur/ran_cate_08/sentence_51.wav,বৃষ্টি হলে ফসলের জন্য ভালো হবে।,rangpur,ran_cate_08
sentence_52.wav,dataset/chunks/rangpur/ran_cate_08/sentence_52.wav,আমরা নতুন সার প্রয়োগ করব।,rangpur,ran_cate_08
sentence_53.wav,dataset/chunks/rangpur/ran_cate_08/sentence_53.wav,কি সময়ে ধান কাটা উচিত?,rangpur,ran_cate_08
sentence_54.wav,dataset/chunks/rangpur/ran_cate_08/sentence_54.wav,পোকামাকড় ধ্বংস করা হয়েছে।,rangpur,ran_cate_08
sentence_55.wav,dataset/chunks/rangpur/ran_cate_08/sentence_55.wav,আমরা ফসল বিক্রি করব।,rangpur,ran_cate_08
sentence_56.wav,dataset/chunks/rangpur/ran_cate_08/sentence_56.wav,গবাদি পশুদের জন্য চিকিৎসা প্রয়োজন।,rangpur,ran_cate_08
sentence_57.wav,dataset/chunks/rangpur/ran_cate_08/sentence_57.wav,মাছের পুকুরে বেশি পানি ঢালুন।,rangpur,ran_cate_08
sentence_58.wav,dataset/chunks/rangpur/ran_cate_08/sentence_58.wav,আমরা কৃষি প্রদর্শনীতে যাব।,rangpur,ran_cate_08
sentence_59.wav,dataset/chunks/rangpur/ran_cate_08/sentence_59.wav,ধানের চারা ভালোভাবে জন্ম নিয়েছে।,rangpur,ran_cate_08
sentence_60.wav,dataset/chunks/rangpur/ran_cate_08/sentence_60.wav,ফসলের জন্য পানি দেওয়া হচ্ছে।,rangpur,ran_cate_08
sentence_61.wav,dataset/chunks/rangpur/ran_cate_08/sentence_61.wav,পোকামাকড়ের আক্রমণ কমে গেছে।,rangpur,ran_cate_08
sentence_62.wav,dataset/chunks/rangpur/ran_cate_08/sentence_62.wav,আমরা নতুন চারা কিনব।,rangpur,ran_cate_08
sentence_63.wav,dataset/chunks/rangpur/ran_cate_08/sentence_63.wav,কি মাছের খাদ্য ভালো ফলন দিচ্ছে?,rangpur,ran_cate_08
sentence_64.wav,dataset/chunks/rangpur/ran_cate_08/sentence_64.wav,জমি খুব উর্বর।,rangpur,ran_cate_08
sentence_65.wav,dataset/chunks/rangpur/ran_cate_08/sentence_65.wav,পুকুরের পানি পরিষ্কার রাখা হয়েছে।,rangpur,ran_cate_08
sentence_66.wav,dataset/chunks/rangpur/ran_cate_08/sentence_66.wav,আমি ধানের ক্ষেতে যাচ্ছি।,rangpur,ran_cate_08
sentence_67.wav,dataset/chunks/rangpur/ran_cate_08/sentence_67.wav,ফসল রক্ষা করতে কৃষক সতর্ক।,rangpur,ran_cate_08
sentence_68.wav,dataset/chunks/rangpur/ran_cate_08/sentence_68.wav,আমরা গবাদি পশু বিক্রির পরিকল্পনা করেছি।,rangpur,ran_cate_08
sentence_69.wav,dataset/chunks/rangpur/ran_cate_08/sentence_69.wav,ধানের ক্ষেতে জৈব সার প্রয়োগ করা হয়েছে।,rangpur,ran_cate_08
sentence_70.wav,dataset/chunks/rangpur/ran_cate_08/sentence_70.wav,আমাদের পুকুরে নতুন মাছ এসেছে।,rangpur,ran_cate_08
sentence_01.wav,dataset/chunks/rangpur/ran_cate_09/sentence_01.wav,আজ খুব গরম।,rangpur,ran_cate_09
sentence_02.wav,dataset/chunks/rangpur/ran_cate_09/sentence_02.wav,কাল বৃষ্টি হবে কি?,rangpur,ran_cate_09
sentence_03.wav,dataset/chunks/rangpur/ran_cate_09/sentence_03.wav,বাতাস কেমন চলছে?,rangpur,ran_cate_09
sentence_04.wav,dataset/chunks/rangpur/ran_cate_09/sentence_04.wav,আজ সূর্য ভালোভাবে উঠেছে।,rangpur,ran_cate_09
sentence_05.wav,dataset/chunks/rangpur/ran_cate_09/sentence_05.wav,তাপমাত্রা কত?,rangpur,ran_cate_09
sentence_06.wav,dataset/chunks/rangpur/ran_cate_09/sentence_06.wav,আজ মেঘলা দিন।,rangpur,ran_cate_09
sentence_07.wav,dataset/chunks/rangpur/ran_cate_09/sentence_07.wav,বাতাস খুব ঠান্ডা।,rangpur,ran_cate_09
sentence_08.wav,dataset/chunks/rangpur/ran_cate_09/sentence_08.wav,আজ দিনের আলো সুন্দর।,rangpur,ran_cate_09
sentence_09.wav,dataset/chunks/rangpur/ran_cate_09/sentence_09.wav,ঝড় আসছে কি?,rangpur,ran_cate_09
sentence_10.wav,dataset/chunks/rangpur/ran_cate_09/sentence_10.wav,আজ রাত খুব ঠান্ডা।,rangpur,ran_cate_09
sentence_11.wav,dataset/chunks/rangpur/ran_cate_09/sentence_11.wav,আকাশ পরিষ্কার।,rangpur,ran_cate_09
sentence_12.wav,dataset/chunks/rangpur/ran_cate_09/sentence_12.wav,বৃষ্টি শুরু হয়েছে।,rangpur,ran_cate_09
sentence_13.wav,dataset/chunks/rangpur/ran_cate_09/sentence_13.wav,তাপমাত্রা বেশি হলে গরম লাগবে।,rangpur,ran_cate_09
sentence_14.wav,dataset/chunks/rangpur/ran_cate_09/sentence_14.wav,ধুলোবালি কেটে গেছে।,rangpur,ran_cate_09
sentence_15.wav,dataset/chunks/rangpur/ran_cate_09/sentence_15.wav,জলবায়ু পরিবর্তন হচ্ছে।,rangpur,ran_cate_09
sentence_16.wav,dataset/chunks/rangpur/ran_cate_09/sentence_16.wav,আজ সূর্য ঝলমল করছে।,rangpur,ran_cate_09
sentence_17.wav,dataset/chunks/rangpur/ran_cate_09/sentence_17.wav,বাতাস কি বেশি তীব্র?,rangpur,ran_cate_09
sentence_18.wav,dataset/chunks/rangpur/ran_cate_09/sentence_18.wav,আজ দিনের তাপমাত্রা ৩৫°সেলসিয়াস।,rangpur,ran_cate_09
sentence_19.wav,dataset/chunks/rangpur/ran_cate_09/sentence_19.wav,আকাশে সবুজ মেঘ।,rangpur,ran_cate_09
sentence_20.wav,dataset/chunks/rangpur/ran_cate_09/sentence_20.wav,বৃষ্টির পর মাটি ভিজে গেছে।,rangpur,ran_cate_09
sentence_21.wav,dataset/chunks/rangpur/ran_cate_09/sentence_21.wav,আজ খুব আর্দ্রতা আছে।,rangpur,ran_cate_09
sentence_22.wav,dataset/chunks/rangpur/ran_cate_09/sentence_22.wav,কি ধরনের আবহাওয়া আপনার পছন্দ?,rangpur,ran_cate_09
sentence_23.wav,dataset/chunks/rangpur/ran_cate_09/sentence_23.wav,সূর্যাস্ত খুব সুন্দর হয়েছে।,rangpur,ran_cate_09
sentence_24.wav,dataset/chunks/rangpur/ran_cate_09/sentence_24.wav,আগামীকাল খুব ঠান্ডা হবে।,rangpur,ran_cate_09
sentence_25.wav,dataset/chunks/rangpur/ran_cate_09/sentence_25.wav,ঝড়ের পূর্বাভাস আছে।,rangpur,ran_cate_09
sentence_26.wav,dataset/chunks/rangpur/ran_cate_09/sentence_26.wav,বাতাসের দিক পরিবর্তিত হয়েছে।,rangpur,ran_cate_09
sentence_27.wav,dataset/chunks/rangpur/ran_cate_09/sentence_27.wav,আকাশে সূর্যোদয় দেখা যাচ্ছে।,rangpur,ran_cate_09
sentence_28.wav,dataset/chunks/rangpur/ran_cate_09/sentence_28.wav,আজ রাতের আকাশে তারা দেখা যাচ্ছে।,rangpur,ran_cate_09
sentence_29.wav,dataset/chunks/rangpur/ran_cate_09/sentence_29.wav,বাতাসে তীব্রতা আছে কি?,rangpur,ran_cate_09
sentence_30.wav,dataset/chunks/rangpur/ran_cate_09/sentence_30.wav,গ্রীষ্মকাল খুব গরম।,rangpur,ran_cate_09
sentence_31.wav,dataset/chunks/rangpur/ran_cate_09/sentence_31.wav,শীতকাল খুব ঠান্ডা।,rangpur,ran_cate_09
sentence_32.wav,dataset/chunks/rangpur/ran_cate_09/sentence_32.wav,আজকের আর্দ্রতা কেমন?,rangpur,ran_cate_09
sentence_33.wav,dataset/chunks/rangpur/ran_cate_09/sentence_33.wav,মেঘ কেটে গেছে।,rangpur,ran_cate_09
sentence_34.wav,dataset/chunks/rangpur/ran_cate_09/sentence_34.wav,ঝড়ের সময় বাইরে যাবেন না।,rangpur,ran_cate_09
sentence_35.wav,dataset/chunks/rangpur/ran_cate_09/sentence_35.wav,আজকের আকাশ নীল।,rangpur,ran_cate_09
sentence_36.wav,dataset/chunks/rangpur/ran_cate_09/sentence_36.wav,বাতাসে ধুলো আছে।,rangpur,ran_cate_09
sentence_37.wav,dataset/chunks/rangpur/ran_cate_09/sentence_37.wav,বৃষ্টির পর সবুজ গাছ আরও সুন্দর।,rangpur,ran_cate_09
sentence_38.wav,dataset/chunks/rangpur/ran_cate_09/sentence_38.wav,আজ খুব ধোঁয়া আছে।,rangpur,ran_cate_09
sentence_39.wav,dataset/chunks/rangpur/ran_cate_09/sentence_39.wav,আগামীকাল বৃষ্টি হবে কি?,rangpur,ran_cate_09
sentence_40.wav,dataset/chunks/rangpur/ran_cate_09/sentence_40.wav,আজ দুপুরে তাপমাত্রা কম।,rangpur,ran_cate_09
sentence_41.wav,dataset/chunks/rangpur/ran_cate_09/sentence_41.wav,সূর্য আকাশে উজ্জ্বল।,rangpur,ran_cate_09
sentence_42.wav,dataset/chunks/rangpur/ran_cate_09/sentence_42.wav,আজ বাতাস একটু ঠান্ডা।,rangpur,ran_cate_09
sentence_43.wav,dataset/chunks/rangpur/ran_cate_09/sentence_43.wav,ঝড়ের সময় কি precautions নিতে হবে?,rangpur,ran_cate_09
sentence_44.wav,dataset/chunks/rangpur/ran_cate_09/sentence_44.wav,আজকের আবহাওয়া স্বাভাবিক।,rangpur,ran_cate_09
sentence_45.wav,dataset/chunks/rangpur/ran_cate_09/sentence_45.wav,বৃষ্টি হলে রাস্তা ভিজে যাবে।,rangpur,ran_cate_09
sentence_46.wav,dataset/chunks/rangpur/ran_cate_09/sentence_46.wav,হাওয়া খুব নরম।,rangpur,ran_cate_09
sentence_47.wav,dataset/chunks/rangpur/ran_cate_09/sentence_47.wav,আজ সূর্য উঠার সময় দেরি হয়েছে।,rangpur,ran_cate_09
sentence_48.wav,dataset/chunks/rangpur/ran_cate_09/sentence_48.wav,আবহাওয়া রিপোর্ট কি হয়েছে?,rangpur,ran_cate_09
sentence_49.wav,dataset/chunks/rangpur/ran_cate_09/sentence_49.wav,আজকের তাপমাত্রা বেশী।,rangpur,ran_cate_09
sentence_50.wav,dataset/chunks/rangpur/ran_cate_09/sentence_50.wav,রাতে খুব ঠান্ডা হবে।,rangpur,ran_cate_09
sentence_51.wav,dataset/chunks/rangpur/ran_cate_09/sentence_51.wav,গ্রীষ্মের দিন দীর্ঘ।,rangpur,ran_cate_09
sentence_52.wav,dataset/chunks/rangpur/ran_cate_09/sentence_52.wav,শীতের রাত ছোট।,rangpur,ran_cate_09
sentence_53.wav,dataset/chunks/rangpur/ran_cate_09/sentence_53.wav,ঝড়ের কারণে বিদ্যুৎ চলে গেছে।,rangpur,ran_cate_09
sentence_54.wav,dataset/chunks/rangpur/ran_cate_09/sentence_54.wav,মেঘলা দিনে ছবি তোলা ভালো।,rangpur,ran_cate_09
sentence_55.wav,dataset/chunks/rangpur/ran_cate_09/sentence_55.wav,বাতাসে আর্দ্রতা বেশি।,rangpur,ran_cate_09
sentence_56.wav,dataset/chunks/rangpur/ran_cate_09/sentence_56.wav,কি ধরনের বাতাস চলছে?,rangpur,ran_cate_09
sentence_57.wav,dataset/chunks/rangpur/ran_cate_09/sentence_57.wav,আজ রাতের আকাশ পরিষ্কার।,rangpur,ran_cate_09
sentence_58.wav,dataset/chunks/rangpur/ran_cate_09/sentence_58.wav,বৃষ্টিপাত কম।,rangpur,ran_cate_09
sentence_59.wav,dataset/chunks/rangpur/ran_cate_09/sentence_59.wav,আগামীকাল তাপমাত্রা বাড়বে।,rangpur,ran_cate_09
sentence_60.wav,dataset/chunks/rangpur/ran_cate_09/sentence_60.wav,ঝড়ের সময় সড়ক নিরাপদ নয়।,rangpur,ran_cate_09
sentence_61.wav,dataset/chunks/rangpur/ran_cate_09/sentence_61.wav,আজ হালকা বৃষ্টি হচ্ছে।,rangpur,ran_cate_09
sentence_62.wav,dataset/chunks/rangpur/ran_cate_09/sentence_62.wav,বাতাসের তীব্রতা কমেছে।,rangpur,ran_cate_09
sentence_63.wav,dataset/chunks/rangpur/ran_cate_09/sentence_63.wav,আজকের সূর্যাস্ত সুন্দর।,rangpur,ran_cate_09
sentence_64.wav,dataset/chunks/rangpur/ran_cate_09/sentence_64.wav,কি সময়ে বৃষ্টি হবে?,rangpur,ran_cate_09
sentence_65.wav,dataset/chunks/rangpur/ran_cate_09/sentence_65.wav,আকাশে মেঘ অনেক।,rangpur,ran_cate_09
sentence_66.wav,dataset/chunks/rangpur/ran_cate_09/sentence_66.wav,আজ খুব শীতল দিন।,rangpur,ran_cate_09
sentence_67.wav,dataset/chunks/rangpur/ran_cate_09/sentence_67.wav,বাতাসের দিক পূর্ব।,rangpur,ran_cate_09
sentence_68.wav,dataset/chunks/rangpur/ran_cate_09/sentence_68.wav,হঠাৎ ঝড় এসেছে।,rangpur,ran_cate_09
sentence_69.wav,dataset/chunks/rangpur/ran_cate_09/sentence_69.wav,আজ খুব রৌদ্রজ্জ্বল।,rangpur,ran_cate_09
sentence_70.wav,dataset/chunks/rangpur/ran_cate_09/sentence_70.wav,আগামীকাল হালকা বাতাস থাকবে।,rangpur,ran_cate_09
sentence_01.wav,dataset/chunks/rangpur/ran_cate_10/sentence_01.wav,আপনি কিভাবে পহেলা বৈশাখ উদযাপন করেন?,rangpur,ran_cate_10
sentence_02.wav,dataset/chunks/rangpur/ran_cate_10/sentence_02.wav,আমি পহেলা বৈশাখে নতুন জামা পরি।,rangpur,ran_cate_10
sentence_03.wav,dataset/chunks/rangpur/ran_cate_10/sentence_03.wav,আমাদের গ্রামে ঈদ খুব বড় উৎসব।,rangpur,ran_cate_10
sentence_04.wav,dataset/chunks/rangpur/ran_cate_10/sentence_04.wav,আপনি পূজা কিভাবে পালন করেন?,rangpur,ran_cate_10
sentence_05.wav,dataset/chunks/rangpur/ran_cate_10/sentence_05.wav,আমরা দুর্গাপূজা দেখতে যাই।,rangpur,ran_cate_10
sentence_06.wav,dataset/chunks/rangpur/ran_cate_10/sentence_06.wav,আমার পরিবার নববর্ষ উদযাপন করে।,rangpur,ran_cate_10
sentence_07.wav,dataset/chunks/rangpur/ran_cate_10/sentence_07.wav,কি ধরনের খাবার উৎসবে থাকে?,rangpur,ran_cate_10
sentence_08.wav,dataset/chunks/rangpur/ran_cate_10/sentence_08.wav,আমরা ঈদের দিনে গিয়ে কার্ড দিই।,rangpur,ran_cate_10
sentence_09.wav,dataset/chunks/rangpur/ran_cate_10/sentence_09.wav,পহেলা বৈশাখে আমরা বাজারে যাই।,rangpur,ran_cate_10
sentence_10.wav,dataset/chunks/rangpur/ran_cate_10/sentence_10.wav,আমরা পহেলা বৈশাখে রঙিন পোশাক পরি।,rangpur,ran_cate_10
sentence_11.wav,dataset/chunks/rangpur/ran_cate_10/sentence_11.wav,হোলি আমাদের বন্ধুদের সঙ্গে খেলা হয়।,rangpur,ran_cate_10
sentence_12.wav,dataset/chunks/rangpur/ran_cate_10/sentence_12.wav,উৎসবে কি ধরনের গান বাজে?,rangpur,ran_cate_10
sentence_13.wav,dataset/chunks/rangpur/ran_cate_10/sentence_13.wav,আমরা লালবসন্ত উৎসব পালন করি।,rangpur,ran_cate_10
sentence_14.wav,dataset/chunks/rangpur/ran_cate_10/sentence_14.wav,আমাদের গ্রামে বর্ষবরণ খুব উৎসবমুখর।,rangpur,ran_cate_10
sentence_15.wav,dataset/chunks/rangpur/ran_cate_10/sentence_15.wav,পহেলা বৈশাখে নতুন বছরের জন্য শুভেচ্ছা বিনিময় করি।,rangpur,ran_cate_10
sentence_16.wav,dataset/chunks/rangpur/ran_cate_10/sentence_16.wav,আমরা ঈদে পরিবারের সঙ্গে ভ্রমণ করি।,rangpur,ran_cate_10
sentence_17.wav,dataset/chunks/rangpur/ran_cate_10/sentence_17.wav,দুর্গাপূজায় মন্দিরে ফুল সাজানো হয়।,rangpur,ran_cate_10
sentence_18.wav,dataset/chunks/rangpur/ran_cate_10/sentence_18.wav,কি ধরনের পোশাক উৎসবে পরা হয়?,rangpur,ran_cate_10
sentence_19.wav,dataset/chunks/rangpur/ran_cate_10/sentence_19.wav,নববর্ষে আমরা মিষ্টি খাই।,rangpur,ran_cate_10
sentence_20.wav,dataset/chunks/rangpur/ran_cate_10/sentence_20.wav,আমরা ঈদের সকালে নতুন জামা পরি।,rangpur,ran_cate_10
sentence_21.wav,dataset/chunks/rangpur/ran_cate_10/sentence_21.wav,পূজার সময় মন্দিরে ভিড় থাকে।,rangpur,ran_cate_10
sentence_22.wav,dataset/chunks/rangpur/ran_cate_10/sentence_22.wav,পহেলা বৈশাখে আমরা পার্কে যাই।,rangpur,ran_cate_10
sentence_23.wav,dataset/chunks/rangpur/ran_cate_10/sentence_23.wav,হোলিতে রঙ ব্যবহার করা হয়।,rangpur,ran_cate_10
sentence_24.wav,dataset/chunks/rangpur/ran_cate_10/sentence_24.wav,আমরা ভোরে পূজার অর্ঘ্য দিই।,rangpur,ran_cate_10
sentence_25.wav,dataset/chunks/rangpur/ran_cate_10/sentence_25.wav,ঈদে আমরা একে অপরকে শুভেচ্ছা জানাই।,rangpur,ran_cate_10
sentence_26.wav,dataset/chunks/rangpur/ran_cate_10/sentence_26.wav,উৎসবের জন্য নতুন সাজসজ্জা করা হয়েছে।,rangpur,ran_cate_10
sentence_27.wav,dataset/chunks/rangpur/ran_cate_10/sentence_27.wav,আমরা নববর্ষে গান গাই।,rangpur,ran_cate_10
sentence_28.wav,dataset/chunks/rangpur/ran_cate_10/sentence_28.wav,দুর্গাপূজায় কুমারী পূজা হয়।,rangpur,ran_cate_10
sentence_29.wav,dataset/chunks/rangpur/ran_cate_10/sentence_29.wav,কি ধরনের খেলাধুলা উৎসবে হয়?,rangpur,ran_cate_10
sentence_30.wav,dataset/chunks/rangpur/ran_cate_10/sentence_30.wav,আমরা হোলিতে একে অপরকে রঙ দিই।,rangpur,ran_cate_10
sentence_31.wav,dataset/chunks/rangpur/ran_cate_10/sentence_31.wav,উৎসবে আমরা নাচ গান করি।,rangpur,ran_cate_10
sentence_32.wav,dataset/chunks/rangpur/ran_cate_10/sentence_32.wav,ঈদের দিনে বাজারে ভিড় হয়।,rangpur,ran_cate_10
sentence_33.wav,dataset/chunks/rangpur/ran_cate_10/sentence_33.wav,পহেলা বৈশাখে আমরা মেলা দেখতে যাই।,rangpur,ran_cate_10
sentence_34.wav,dataset/chunks/rangpur/ran_cate_10/sentence_34.wav,নববর্ষে আমরা নতুন পরিকল্পনা করি।,rangpur,ran_cate_10
sentence_35.wav,dataset/chunks/rangpur/ran_cate_10/sentence_35.wav,দুর্গাপূজায় মন্দিরে আলোকসজ্জা করা হয়।,rangpur,ran_cate_10
sentence_36.wav,dataset/chunks/rangpur/ran_cate_10/sentence_36.wav,হোলিতে আমরা বন্ধুদের সঙ্গে মজা করি।,rangpur,ran_cate_10
sentence_37.wav,dataset/chunks/rangpur/ran_cate_10/sentence_37.wav,কি ধরনের খাবার পূজায় পরিবেশিত হয়?,rangpur,ran_cate_10
sentence_38.wav,dataset/chunks/rangpur/ran_cate_10/sentence_38.wav,আমরা নববর্ষে পরিবারকে উপহার দেই।,rangpur,ran_cate_10
sentence_39.wav,dataset/chunks/rangpur/ran_cate_10/sentence_39.wav,ঈদের সকালে আমরা মসজিদে যাই।,rangpur,ran_cate_10
sentence_40.wav,dataset/chunks/rangpur/ran_cate_10/sentence_40.wav,উৎসবে আমরা traditional পোশাক পরি।,rangpur,ran_cate_10
sentence_41.wav,dataset/chunks/rangpur/ran_cate_10/sentence_41.wav,পহেলা বৈশাখে আমরা রঙিন মিছিল করি।,rangpur,ran_cate_10
sentence_42.wav,dataset/chunks/rangpur/ran_cate_10/sentence_42.wav,হোলিতে আমরা বিভিন্ন রঙের জল ব্যবহার করি।,rangpur,ran_cate_10
sentence_43.wav,dataset/chunks/rangpur/ran_cate_10/sentence_43.wav,নববর্ষের অনুষ্ঠানে গান বাজানো হয়।,rangpur,ran_cate_10
sentence_44.wav,dataset/chunks/rangpur/ran_cate_10/sentence_44.wav,আমরা ঈদের দিনে প্রিয়জনের সঙ্গে খাবার খাই।,rangpur,ran_cate_10
sentence_45.wav,dataset/chunks/rangpur/ran_cate_10/sentence_45.wav,দুর্গাপূজায় প্রতিমা সাজানো হয়।,rangpur,ran_cate_10
sentence_46.wav,dataset/chunks/rangpur/ran_cate_10/sentence_46.wav,উৎসবে আমরা সবাই একসাথে আনন্দ করি।,rangpur,ran_cate_10
sentence_47.wav,dataset/chunks/rangpur/ran_cate_10/sentence_47.wav,পহেলা বৈশাখে নতুন বছরের শুরু হয়।,rangpur,ran_cate_10
sentence_48.wav,dataset/chunks/rangpur/ran_cate_10/sentence_48.wav,নববর্ষে আমরা খোলা আকাশের নিচে অনুষ্ঠান করি।,rangpur,ran_cate_10
sentence_49.wav,dataset/chunks/rangpur/ran_cate_10/sentence_49.wav,ঈদে আমরা একে অপরকে উপহার দেই।,rangpur,ran_cate_10
sentence_50.wav,dataset/chunks/rangpur/ran_cate_10/sentence_50.wav,হোলিতে শিশুদের আনন্দ বেশি।,rangpur,ran_cate_10
sentence_51.wav,dataset/chunks/rangpur/ran_cate_10/sentence_51.wav,আমরা পহেলা বৈশাখে রঙিন পুতুল তৈরি করি।,rangpur,ran_cate_10
sentence_52.wav,dataset/chunks/rangpur/ran_cate_10/sentence_52.wav,দুর্গাপূজায় মন্দিরে ভক্তদের ভিড় থাকে।,rangpur,ran_cate_10
sentence_53.wav,dataset/chunks/rangpur/ran_cate_10/sentence_53.wav,নববর্ষের দিনে আমরা traditional খাবার খাই।,rangpur,ran_cate_10
sentence_54.wav,dataset/chunks/rangpur/ran_cate_10/sentence_54.wav,হোলিতে আমরা গান বাজাই।,rangpur,ran_cate_10
sentence_55.wav,dataset/chunks/rangpur/ran_cate_10/sentence_55.wav,ঈদে আমরা পরিবারের সঙ্গে আনন্দ করি।,rangpur,ran_cate_10
sentence_56.wav,dataset/chunks/rangpur/ran_cate_10/sentence_56.wav,পহেলা বৈশাখে আমরা বাজার থেকে খাবার কিনি।,rangpur,ran_cate_10
sentence_57.wav,dataset/chunks/rangpur/ran_cate_10/sentence_57.wav,নববর্ষে আমরা cultural অনুষ্ঠানে অংশ নিই।,rangpur,ran_cate_10
sentence_58.wav,dataset/chunks/rangpur/ran_cate_10/sentence_58.wav,দুর্গাপূজায় আমরা মেলা দেখি।,rangpur,ran_cate_10
sentence_59.wav,dataset/chunks/rangpur/ran_cate_10/sentence_59.wav,হোলিতে আমরা একে অপরকে মিষ্টি দিই।,rangpur,ran_cate_10
sentence_60.wav,dataset/chunks/rangpur/ran_cate_10/sentence_60.wav,আমরা পহেলা বৈশাখে traditional নাচ করি।,rangpur,ran_cate_10
sentence_61.wav,dataset/chunks/rangpur/ran_cate_10/sentence_61.wav,নববর্ষে আমরা নতুন বছরের জন্য প্রার্থনা করি।,rangpur,ran_cate_10
sentence_62.wav,dataset/chunks/rangpur/ran_cate_10/sentence_62.wav,ঈদের সকালে আমরা মসজিদে যাওয়া শুরু করি।,rangpur,ran_cate_10
sentence_63.wav,dataset/chunks/rangpur/ran_cate_10/sentence_63.wav,হোলিতে আমরা বন্ধুদের সঙ্গে আনন্দ করি।,rangpur,ran_cate_10
sentence_64.wav,dataset/chunks/rangpur/ran_cate_10/sentence_64.wav,পহেলা বৈশাখে আমাদের গ্রামে মেলা হয়।,rangpur,ran_cate_10
sentence_65.wav,dataset/chunks/rangpur/ran_cate_10/sentence_65.wav,নববর্ষের অনুষ্ঠান সকাল থেকে শুরু হয়।,rangpur,ran_cate_10
sentence_66.wav,dataset/chunks/rangpur/ran_cate_10/sentence_66.wav,দুর্গাপূজায় শিশুদের জন্য খেলা হয়।,rangpur,ran_cate_10
sentence_67.wav,dataset/chunks/rangpur/ran_cate_10/sentence_67.wav,হোলিতে আমরা রঙিন পাউডার ব্যবহার করি।,rangpur,ran_cate_10
sentence_68.wav,dataset/chunks/rangpur/ran_cate_10/sentence_68.wav,ঈদে আমরা গ্রামের বাড়িতে যাই।,rangpur,ran_cate_10
sentence_69.wav,dataset/chunks/rangpur/ran_cate_10/sentence_69.wav,পহেলা বৈশাখে আমরা নতুন বছরের জন্য সুইট খাই।,rangpur,ran_cate_10
sentence_70.wav,dataset/chunks/rangpur/ran_cate_10/sentence_70.wav,নববর্ষে আমরা সকলের সঙ্গে আনন্দ ভাগ করি।,rangpur,ran_cate_10
sentence_01.wav,dataset/chunks/rangpur/ran_cate_12/sentence_01.wav,আজকের মিটিং কবে?,rangpur,ran_cate_12
sentence_02.wav,dataset/chunks/rangpur/ran_cate_12/sentence_02.wav,আমি আমার রিপোর্ট প্রস্তুত করেছি।,rangpur,ran_cate_12
sentence_03.wav,dataset/chunks/rangpur/ran_cate_12/sentence_03.wav,অফিসে সময়মতো পৌঁছানো উচিত।,rangpur,ran_cate_12
sentence_04.wav,dataset/chunks/rangpur/ran_cate_12/sentence_04.wav,আপনার সহকর্মী কি সাহায্য করছে?,rangpur,ran_cate_12
sentence_05.wav,dataset/chunks/rangpur/ran_cate_12/sentence_05.wav,আমরা নতুন প্রকল্প শুরু করছি।,rangpur,ran_cate_12
sentence_06.wav,dataset/chunks/rangpur/ran_cate_12/sentence_06.wav,আজ অফিসে কি কাজ আছে?,rangpur,ran_cate_12
sentence_07.wav,dataset/chunks/rangpur/ran_cate_12/sentence_07.wav,আমার কম্পিউটারে সমস্যা হয়েছে।,rangpur,ran_cate_12
sentence_08.wav,dataset/chunks/rangpur/ran_cate_12/sentence_08.wav,মিটিংটি কত সময়ের জন্য?,rangpur,ran_cate_12
sentence_09.wav,dataset/chunks/rangpur/ran_cate_12/sentence_09.wav,আমি প্রেজেন্টেশন প্রস্তুত করছি।,rangpur,ran_cate_12
sentence_10.wav,dataset/chunks/rangpur/ran_cate_12/sentence_10.wav,আপনি কোন দপ্তরে কাজ করেন?,rangpur,ran_cate_12
sentence_11.wav,dataset/chunks/rangpur/ran_cate_12/sentence_11.wav,অফিসের সময়সূচি কি?,rangpur,ran_cate_12
sentence_12.wav,dataset/chunks/rangpur/ran_cate_12/sentence_12.wav,আমি নতুন কর্মচারী প্রশিক্ষণ দিচ্ছি।,rangpur,ran_cate_12
sentence_13.wav,dataset/chunks/rangpur/ran_cate_12/sentence_13.wav,আজ অফিসে তদারকি করা হয়েছে।,rangpur,ran_cate_12
sentence_14.wav,dataset/chunks/rangpur/ran_cate_12/sentence_14.wav,আমরা ক্লায়েন্টের সঙ্গে মিটিং করেছি।,rangpur,ran_cate_12
sentence_15.wav,dataset/chunks/rangpur/ran_cate_12/sentence_15.wav,আমার ল্যাপটপ কাজ করছে না।,rangpur,ran_cate_12
sentence_16.wav,dataset/chunks/rangpur/ran_cate_12/sentence_16.wav,অফিসের কাজ শেষ হয়েছে।,rangpur,ran_cate_12
sentence_17.wav,dataset/chunks/rangpur/ran_cate_12/sentence_17.wav,কি ধরনের রিপোর্ট আজ জমা দিতে হবে?,rangpur,ran_cate_12
sentence_18.wav,dataset/chunks/rangpur/ran_cate_12/sentence_18.wav,আমি ইমেইল পাঠাচ্ছি।,rangpur,ran_cate_12
sentence_19.wav,dataset/chunks/rangpur/ran_cate_12/sentence_19.wav,অফিসে নতুন নীতি প্রয়োগ করা হয়েছে।,rangpur,ran_cate_12
sentence_20.wav,dataset/chunks/rangpur/ran_cate_12/sentence_20.wav,আপনার সহকর্মী punctual কি?,rangpur,ran_cate_12
sentence_21.wav,dataset/chunks/rangpur/ran_cate_12/sentence_21.wav,আমরা অফিসে কাজ ভাগ করেছি।,rangpur,ran_cate_12
sentence_22.wav,dataset/chunks/rangpur/ran_cate_12/sentence_22.wav,আজ অফিসে কি মিটিং আছে?,rangpur,ran_cate_12
sentence_23.wav,dataset/chunks/rangpur/ran_cate_12/sentence_23.wav,আমি ক্লায়েন্টের জন্য ডকুমেন্ট তৈরি করছি।,rangpur,ran_cate_12
sentence_24.wav,dataset/chunks/rangpur/ran_cate_12/sentence_24.wav,অফিসের বাতাস ভালো নেই।,rangpur,ran_cate_12
sentence_25.wav,dataset/chunks/rangpur/ran_cate_12/sentence_25.wav,আমরা নতুন সফটওয়্যার ব্যবহার করছি।,rangpur,ran_cate_12
sentence_26.wav,dataset/chunks/rangpur/ran_cate_12/sentence_26.wav,কি কাজ দ্রুত শেষ করতে হবে?,rangpur,ran_cate_12
sentence_27.wav,dataset/chunks/rangpur/ran_cate_12/sentence_27.wav,আমার ডেস্কে অনেক নথি আছে।,rangpur,ran_cate_12
sentence_28.wav,dataset/chunks/rangpur/ran_cate_12/sentence_28.wav,অফিসে আজ নতুন অতিথি এসেছেন।,rangpur,ran_cate_12
sentence_29.wav,dataset/chunks/rangpur/ran_cate_12/sentence_29.wav,আমরা টিম মিটিং করছি।,rangpur,ran_cate_12
sentence_30.wav,dataset/chunks/rangpur/ran_cate_12/sentence_30.wav,আপনার কাজের অগ্রগতি কেমন?,rangpur,ran_cate_12
sentence_31.wav,dataset/chunks/rangpur/ran_cate_12/sentence_31.wav,আমি নতুন প্রকল্পের পরিকল্পনা করছি।,rangpur,ran_cate_12
sentence_32.wav,dataset/chunks/rangpur/ran_cate_12/sentence_32.wav,আজ অফিসে অনেক কাজ হয়েছে।,rangpur,ran_cate_12
sentence_33.wav,dataset/chunks/rangpur/ran_cate_12/sentence_33.wav,আমি ইমেইল চেক করছি।,rangpur,ran_cate_12
sentence_34.wav,dataset/chunks/rangpur/ran_cate_12/sentence_34.wav,অফিসের কম্পিউটার আপডেট হয়েছে।,rangpur,ran_cate_12
sentence_35.wav,dataset/chunks/rangpur/ran_cate_12/sentence_35.wav,আপনি আজ কোন দপ্তরে কাজ করছেন?,rangpur,ran_cate_12
sentence_36.wav,dataset/chunks/rangpur/ran_cate_12/sentence_36.wav,আমরা নতুন টিম মিটিং শুরু করেছি।,rangpur,ran_cate_12
sentence_37.wav,dataset/chunks/rangpur/ran_cate_12/sentence_37.wav,কি ধরনের রিপোর্ট শেষ হয়েছে?,rangpur,ran_cate_12
sentence_38.wav,dataset/chunks/rangpur/ran_cate_12/sentence_38.wav,আমি অফিসের জন্য প্রেজেন্টেশন তৈরি করেছি।,rangpur,ran_cate_12
sentence_39.wav,dataset/chunks/rangpur/ran_cate_12/sentence_39.wav,আমাদের টিমে নতুন সদস্য যোগ হয়েছে।,rangpur,ran_cate_12
sentence_40.wav,dataset/chunks/rangpur/ran_cate_12/sentence_40.wav,অফিসের কাজের মান খুব ভালো।,rangpur,ran_cate_12
sentence_41.wav,dataset/chunks/rangpur/ran_cate_12/sentence_41.wav,আজ অফিসে কি মিটিং শিডিউল আছে?,rangpur,ran_cate_12
sentence_42.wav,dataset/chunks/rangpur/ran_cate_12/sentence_42.wav,আমি অফিসের ডকুমেন্ট স্ক্যান করছি।,rangpur,ran_cate_12
sentence_43.wav,dataset/chunks/rangpur/ran_cate_12/sentence_43.wav,আপনার সহকর্মী কি ব্যস্ত?,rangpur,ran_cate_12
sentence_44.wav,dataset/chunks/rangpur/ran_cate_12/sentence_44.wav,আমরা অফিসে নথি আপডেট করেছি।,rangpur,ran_cate_12
sentence_45.wav,dataset/chunks/rangpur/ran_cate_12/sentence_45.wav,আজ টিমের সঙ্গে আলোচনা হয়েছে।,rangpur,ran_cate_12
sentence_46.wav,dataset/chunks/rangpur/ran_cate_12/sentence_46.wav,আমি নতুন কর্মচারীর প্রশিক্ষণ দিচ্ছি।,rangpur,ran_cate_12
sentence_47.wav,dataset/chunks/rangpur/ran_cate_12/sentence_47.wav,অফিসে নতুন নীতি প্রয়োগ করা হয়েছে।,rangpur,ran_cate_12
sentence_48.wav,dataset/chunks/rangpur/ran_cate_12/sentence_48.wav,আমার কম্পিউটার হ্যাং করেছে।,rangpur,ran_cate_12
sentence_49.wav,dataset/chunks/rangpur/ran_cate_12/sentence_49.wav,আমরা ক্লায়েন্টের কাছে প্রজেক্ট প্রেজেন্ট করেছি।,rangpur,ran_cate_12
sentence_50.wav,dataset/chunks/rangpur/ran_cate_12/sentence_50.wav,আপনার অফিসের সময়সূচি কি?,rangpur,ran_cate_12
sentence_51.wav,dataset/chunks/rangpur/ran_cate_12/sentence_51.wav,আমি আজ নতুন কাজ শিখছি।,rangpur,ran_cate_12
sentence_52.wav,dataset/chunks/rangpur/ran_cate_12/sentence_52.wav,অফিসে নিরাপত্তা ব্যবস্থা ভালো।,rangpur,ran_cate_12
sentence_53.wav,dataset/chunks/rangpur/ran_cate_12/sentence_53.wav,আমরা অফিসে নতুন টুল ব্যবহার করছি।,rangpur,ran_cate_12
sentence_54.wav,dataset/chunks/rangpur/ran_cate_12/sentence_54.wav,আপনার টিম কি প্রস্তুত?,rangpur,ran_cate_12
sentence_55.wav,dataset/chunks/rangpur/ran_cate_12/sentence_55.wav,আমি অফিসে অনেক নথি সাজাচ্ছি।,rangpur,ran_cate_12
sentence_56.wav,dataset/chunks/rangpur/ran_cate_12/sentence_56.wav,আজ অফিসে নতুন প্রকল্পের আলোচনা হয়েছে।,rangpur,ran_cate_12
sentence_57.wav,dataset/chunks/rangpur/ran_cate_12/sentence_57.wav,আমি আজ টিম মিটিং নিয়ে ব্যস্ত।,rangpur,ran_cate_12
sentence_58.wav,dataset/chunks/rangpur/ran_cate_12/sentence_58.wav,অফিসে নতুন সফটওয়্যার ইনস্টল করা হয়েছে।,rangpur,ran_cate_12
sentence_59.wav,dataset/chunks/rangpur/ran_cate_12/sentence_59.wav,কি ধরনের অফিস কাজ শেষ করতে হবে?,rangpur,ran_cate_12
sentence_60.wav,dataset/chunks/rangpur/ran_cate_12/sentence_60.wav,আমি ক্লায়েন্টের জন্য ডকুমেন্ট প্রস্তুত করছি।,rangpur,ran_cate_12
sentence_61.wav,dataset/chunks/rangpur/ran_cate_12/sentence_61.wav,অফিসে আজ অনেক ইমেইল এসেছে।,rangpur,ran_cate_12
sentence_62.wav,dataset/chunks/rangpur/ran_cate_12/sentence_62.wav,আমাদের টিমের সদস্য সক্রিয়।,rangpur,ran_cate_12
sentence_63.wav,dataset/chunks/rangpur/ran_cate_12/sentence_63.wav,আমি অফিসে নতুন প্রকল্প পরিকল্পনা করছি।,rangpur,ran_cate_12
sentence_64.wav,dataset/chunks/rangpur/ran_cate_12/sentence_64.wav,আজ অফিসে অনেক visitors এসেছে।,rangpur,ran_cate_12
sentence_65.wav,dataset/chunks/rangpur/ran_cate_12/sentence_65.wav,অফিসে meeting room প্রস্তুত।,rangpur,ran_cate_12
sentence_66.wav,dataset/chunks/rangpur/ran_cate_12/sentence_66.wav,আমি অফিসের জন্য রিপোর্ট তৈরি করেছি।,rangpur,ran_cate_12
sentence_67.wav,dataset/chunks/rangpur/ran_cate_12/sentence_67.wav,আমরা নতুন guidelines মেনে চলছি।,rangpur,ran_cate_12
sentence_68.wav,dataset/chunks/rangpur/ran_cate_12/sentence_68.wav,অফিসে কাজের চাপ বেশি।,rangpur,ran_cate_12
sentence_69.wav,dataset/chunks/rangpur/ran_cate_12/sentence_69.wav,আমি ক্লায়েন্টের সাথে discussion করেছি।,rangpur,ran_cate_12
sentence_70.wav,dataset/chunks/rangpur/ran_cate_12/sentence_70.wav,আমাদের অফিসের পরিবেশ খুব ভালো।,rangpur,ran_cate_12
sentence_01.wav,dataset/chunks/rangpur/ran_cate_13/sentence_01.wav,এই ফোনের দাম কত?,rangpur,ran_cate_13
sentence_02.wav,dataset/chunks/rangpur/ran_cate_13/sentence_02.wav,আমি নতুন ল্যাপটপ কিনতে চাই।,rangpur,ran_cate_13
sentence_03.wav,dataset/chunks/rangpur/ran_cate_13/sentence_03.wav,এই চার্জার কি original?,rangpur,ran_cate_13
sentence_04.wav,dataset/chunks/rangpur/ran_cate_13/sentence_04.wav,SIM কার্ড কীভাবে নিতে হবে?,rangpur,ran_cate_13
sentence_05.wav,dataset/chunks/rangpur/ran_cate_13/sentence_05.wav,এই ফোনের warranty কত দিন?,rangpur,ran_cate_13
sentence_06.wav,dataset/chunks/rangpur/ran_cate_13/sentence_06.wav,আমি একটা হেডফোন চাই।,rangpur,ran_cate_13
sentence_07.wav,dataset/chunks/rangpur/ran_cate_13/sentence_07.wav,এই ফোনে camera ভালো কি?,rangpur,ran_cate_13
sentence_08.wav,dataset/chunks/rangpur/ran_cate_13/sentence_08.wav,আপনার দোকানে laptop আছে কি?,rangpur,ran_cate_13
sentence_09.wav,dataset/chunks/rangpur/ran_cate_13/sentence_09.wav,এই চার্জার কত voltage?,rangpur,ran_cate_13
sentence_10.wav,dataset/chunks/rangpur/ran_cate_13/sentence_10.wav,আমি ফোন comparison করতে চাই।,rangpur,ran_cate_13
sentence_11.wav,dataset/chunks/rangpur/ran_cate_13/sentence_11.wav,এই ফোনের color কোনটি আছে?,rangpur,ran_cate_13
sentence_12.wav,dataset/chunks/rangpur/ran_cate_13/sentence_12.wav,SIM card activate করতে কত সময় লাগে?,rangpur,ran_cate_13
sentence_13.wav,dataset/chunks/rangpur/ran_cate_13/sentence_13.wav,এই ফোনের storage কত GB?,rangpur,ran_cate_13
sentence_14.wav,dataset/chunks/rangpur/ran_cate_13/sentence_14.wav,আমি power bank চাই।,rangpur,ran_cate_13
sentence_15.wav,dataset/chunks/rangpur/ran_cate_13/sentence_15.wav,ফোনে নতুন app install করতে পারি কি?,rangpur,ran_cate_13
sentence_16.wav,dataset/chunks/rangpur/ran_cate_13/sentence_16.wav,এই দোকানে accessories পাওয়া যায়?,rangpur,ran_cate_13
sentence_17.wav,dataset/chunks/rangpur/ran_cate_13/sentence_17.wav,এই laptop lightweight কি?,rangpur,ran_cate_13
sentence_18.wav,dataset/chunks/rangpur/ran_cate_13/sentence_18.wav,ফোনের screen protector বিক্রি হয় কি?,rangpur,ran_cate_13
sentence_19.wav,dataset/chunks/rangpur/ran_cate_13/sentence_19.wav,SIM card recharge করা যায় কি?,rangpur,ran_cate_13
sentence_20.wav,dataset/chunks/rangpur/ran_cate_13/sentence_20.wav,আমি refurbished phone কিনতে চাই না।,rangpur,ran_cate_13
sentence_21.wav,dataset/chunks/rangpur/ran_cate_13/sentence_21.wav,ফোনের battery কতক্ষণ চলে?,rangpur,ran_cate_13
sentence_22.wav,dataset/chunks/rangpur/ran_cate_13/sentence_22.wav,আমি এই smartwatch কিনতে চাই।,rangpur,ran_cate_13
sentence_23.wav,dataset/chunks/rangpur/ran_cate_13/sentence_23.wav,ফোনের brand কোনটি?,rangpur,ran_cate_13
sentence_24.wav,dataset/chunks/rangpur/ran_cate_13/sentence_24.wav,এই charger fast charging support করে কি?,rangpur,ran_cate_13
sentence_25.wav,dataset/chunks/rangpur/ran_cate_13/sentence_25.wav,আমি laptop comparison দেখতে চাই।,rangpur,ran_cate_13
sentence_26.wav,dataset/chunks/rangpur/ran_cate_13/sentence_26.wav,ফোনের memory card slot আছে কি?,rangpur,ran_cate_13
sentence_27.wav,dataset/chunks/rangpur/ran_cate_13/sentence_27.wav,SIM card registration করতে কি লাগবে?,rangpur,ran_cate_13
sentence_28.wav,dataset/chunks/rangpur/ran_cate_13/sentence_28.wav,আমি wireless earphones চাই।,rangpur,ran_cate_13
sentence_29.wav,dataset/chunks/rangpur/ran_cate_13/sentence_29.wav,এই phone case waterproof কি?,rangpur,ran_cate_13
sentence_30.wav,dataset/chunks/rangpur/ran_cate_13/sentence_30.wav,আপনার দোকানে projector আছে কি?,rangpur,ran_cate_13
sentence_31.wav,dataset/chunks/rangpur/ran_cate_13/sentence_31.wav,ফোনের software update হয়েছে কি?,rangpur,ran_cate_13
sentence_32.wav,dataset/chunks/rangpur/ran_cate_13/sentence_32.wav,আমি gaming laptop দেখতে চাই।,rangpur,ran_cate_13
sentence_33.wav,dataset/chunks/rangpur/ran_cate_13/sentence_33.wav,ফোনে dual SIM support আছে কি?,rangpur,ran_cate_13
sentence_34.wav,dataset/chunks/rangpur/ran_cate_13/sentence_34.wav,এই power bank কত mAh?,rangpur,ran_cate_13
sentence_35.wav,dataset/chunks/rangpur/ran_cate_13/sentence_35.wav,আমি Bluetooth speaker কিনতে চাই।,rangpur,ran_cate_13
sentence_36.wav,dataset/chunks/rangpur/ran_cate_13/sentence_36.wav,ফোনের price negotiable কি?,rangpur,ran_cate_13
sentence_37.wav,dataset/chunks/rangpur/ran_cate_13/sentence_37.wav,আমি USB cable চাই।,rangpur,ran_cate_13
sentence_38.wav,dataset/chunks/rangpur/ran_cate_13/sentence_38.wav,এই tablet lightweight কি?,rangpur,ran_cate_13
sentence_39.wav,dataset/chunks/rangpur/ran_cate_13/sentence_39.wav,SIM card portability করতে পারি কি?,rangpur,ran_cate_13
sentence_40.wav,dataset/chunks/rangpur/ran_cate_13/sentence_40.wav,ফোনের warranty card আছে কি?,rangpur,ran_cate_13
sentence_41.wav,dataset/chunks/rangpur/ran_cate_13/sentence_41.wav,আমি refurbished laptop চাই না।,rangpur,ran_cate_13
sentence_42.wav,dataset/chunks/rangpur/ran_cate_13/sentence_42.wav,ফোনের charger original কি?,rangpur,ran_cate_13
sentence_43.wav,dataset/chunks/rangpur/ran_cate_13/sentence_43.wav,আমি tablet accessories চাই।,rangpur,ran_cate_13
sentence_44.wav,dataset/chunks/rangpur/ran_cate_13/sentence_44.wav,ফোনের camera resolution কত?,rangpur,ran_cate_13
sentence_45.wav,dataset/chunks/rangpur/ran_cate_13/sentence_45.wav,আমি portable hard drive চাই।,rangpur,ran_cate_13
sentence_46.wav,dataset/chunks/rangpur/ran_cate_13/sentence_46.wav,ফোনে earphone jack আছে কি?,rangpur,ran_cate_13
sentence_47.wav,dataset/chunks/rangpur/ran_cate_13/sentence_47.wav,SIM card online recharge করা যায় কি?,rangpur,ran_cate_13
sentence_48.wav,dataset/chunks/rangpur/ran_cate_13/sentence_48.wav,আমি laptop bag কিনতে চাই।,rangpur,ran_cate_13
sentence_49.wav,dataset/chunks/rangpur/ran_cate_13/sentence_49.wav,ফোনের display কত inch?,rangpur,ran_cate_13
sentence_50.wav,dataset/chunks/rangpur/ran_cate_13/sentence_50.wav,আমি smart home device কিনতে চাই।,rangpur,ran_cate_13
sentence_51.wav,dataset/chunks/rangpur/ran_cate_13/sentence_51.wav,এই charger compatible কি?,rangpur,ran_cate_13
sentence_52.wav,dataset/chunks/rangpur/ran_cate_13/sentence_52.wav,ফোনের processor কত GHz?,rangpur,ran_cate_13
sentence_53.wav,dataset/chunks/rangpur/ran_cate_13/sentence_53.wav,আমি wireless mouse চাই।,rangpur,ran_cate_13
sentence_54.wav,dataset/chunks/rangpur/ran_cate_13/sentence_54.wav,ফোনের screen size বড় কি?,rangpur,ran_cate_13
sentence_55.wav,dataset/chunks/rangpur/ran_cate_13/sentence_55.wav,SIM card balance check করতে পারি কি?,rangpur,ran_cate_13
sentence_56.wav,dataset/chunks/rangpur/ran_cate_13/sentence_56.wav,আমি laptop stand চাই।,rangpur,ran_cate_13
sentence_57.wav,dataset/chunks/rangpur/ran_cate_13/sentence_57.wav,ফোনে fingerprint sensor আছে কি?,rangpur,ran_cate_13
sentence_58.wav,dataset/chunks/rangpur/ran_cate_13/sentence_58.wav,আমি external keyboard চাই।,rangpur,ran_cate_13
sentence_59.wav,dataset/chunks/rangpur/ran_cate_13/sentence_59.wav,ফোনের battery replace করতে হয় কি?,rangpur,ran_cate_13
sentence_60.wav,dataset/chunks/rangpur/ran_cate_13/sentence_60.wav,আমি smartwatch strap চাই।,rangpur,ran_cate_13
sentence_61.wav,dataset/chunks/rangpur/ran_cate_13/sentence_61.wav,ফোনের price range কি?,rangpur,ran_cate_13
sentence_62.wav,dataset/chunks/rangpur/ran_cate_13/sentence_62.wav,আমি gaming console কিনতে চাই।,rangpur,ran_cate_13
sentence_63.wav,dataset/chunks/rangpur/ran_cate_13/sentence_63.wav,ফোনে dual camera আছে কি?,rangpur,ran_cate_13
sentence_64.wav,dataset/chunks/rangpur/ran_cate_13/sentence_64.wav,আমি USB hub চাই।,rangpur,ran_cate_13
sentence_65.wav,dataset/chunks/rangpur/ran_cate_13/sentence_65.wav,ফোনের warranty কত বছর?,rangpur,ran_cate_13
sentence_66.wav,dataset/chunks/rangpur/ran_cate_13/sentence_66.wav,আমি laptop charger চাই।,rangpur,ran_cate_13
sentence_67.wav,dataset/chunks/rangpur/ran_cate_13/sentence_67.wav,ফোনের weight কত?,rangpur,ran_cate_13
sentence_68.wav,dataset/chunks/rangpur/ran_cate_13/sentence_68.wav,আমি HDMI cable চাই।,rangpur,ran_cate_13
sentence_69.wav,dataset/chunks/rangpur/ran_cate_13/sentence_69.wav,ফোনের software version আপডেট হয়েছে কি?,rangpur,ran_cate_13
sentence_70.wav,dataset/chunks/rangpur/ran_cate_13/sentence_70.wav,আমি smart speaker কিনতে চাই।,rangpur,ran_cate_13
sentence_01.wav,dataset/chunks/rangpur/ran_cate_14/sentence_01.wav,অনুগ্রহ করে দরজা বন্ধ করবেন।,rangpur,ran_cate_14
sentence_02.wav,dataset/chunks/rangpur/ran_cate_14/sentence_02.wav,দয়া করে আমাকে সাহায্য করুন।,rangpur,ran_cate_14
sentence_03.wav,dataset/chunks/rangpur/ran_cate_14/sentence_03.wav,আপনি কি আমাকে বইটা দিতে পারেন?,rangpur,ran_cate_14
sentence_04.wav,dataset/chunks/rangpur/ran_cate_14/sentence_04.wav,অনুগ্রহ করে ধীরে কথা বলুন।,rangpur,ran_cate_14
sentence_05.wav,dataset/chunks/rangpur/ran_cate_14/sentence_05.wav,দয়া করে এখানে বসুন।,rangpur,ran_cate_14
sentence_06.wav,dataset/chunks/rangpur/ran_cate_14/sentence_06.wav,আপনি কি আমার জন্য অপেক্ষা করতে পারেন?,rangpur,ran_cate_14
sentence_07.wav,dataset/chunks/rangpur/ran_cate_14/sentence_07.wav,অনুগ্রহ করে আবার বলুন।,rangpur,ran_cate_14
sentence_08.wav,dataset/chunks/rangpur/ran_cate_14/sentence_08.wav,আপনি কি আমাকে রাস্তা দেখাতে পারেন?,rangpur,ran_cate_14
sentence_09.wav,dataset/chunks/rangpur/ran_cate_14/sentence_09.wav,দয়া করে ফোন ব্যবহার করবেন না।,rangpur,ran_cate_14
sentence_10.wav,dataset/chunks/rangpur/ran_cate_14/sentence_10.wav,আপনি কি আমার জন্য এটি কিনতে পারবেন?,rangpur,ran_cate_14
sentence_11.wav,dataset/chunks/rangpur/ran_cate_14/sentence_11.wav,অনুগ্রহ করে আমাকে মনে করিয়ে দিন।,rangpur,ran_cate_14
sentence_12.wav,dataset/chunks/rangpur/ran_cate_14/sentence_12.wav,আপনি কি আমাকে ছবি তুলতে সাহায্য করবেন?,rangpur,ran_cate_14
sentence_13.wav,dataset/chunks/rangpur/ran_cate_14/sentence_13.wav,দয়া করে আমাকে অপেক্ষা করতে দিন।,rangpur,ran_cate_14
sentence_14.wav,dataset/chunks/rangpur/ran_cate_14/sentence_14.wav,অনুগ্রহ করে দরজা খুলে দিন।,rangpur,ran_cate_14
sentence_15.wav,dataset/chunks/rangpur/ran_cate_14/sentence_15.wav,আপনি কি আমার জন্য কাজটি করতে পারেন?,rangpur,ran_cate_14
sentence_16.wav,dataset/chunks/rangpur/ran_cate_14/sentence_16.wav,দয়া করে শব্দ কমান।,rangpur,ran_cate_14
sentence_17.wav,dataset/chunks/rangpur/ran_cate_14/sentence_17.wav,আপনি কি আমাকে জিজ্ঞাসা করতে পারবেন?,rangpur,ran_cate_14
sentence_18.wav,dataset/chunks/rangpur/ran_cate_14/sentence_18.wav,অনুগ্রহ করে আমাকে আসতে দিন।,rangpur,ran_cate_14
sentence_19.wav,dataset/chunks/rangpur/ran_cate_14/sentence_19.wav,আপনি কি আমার সঙ্গে কথা বলবেন?,rangpur,ran_cate_14
sentence_20.wav,dataset/chunks/rangpur/ran_cate_14/sentence_20.wav,দয়া করে আমার দিকে তাকান।,rangpur,ran_cate_14
sentence_21.wav,dataset/chunks/rangpur/ran_cate_14/sentence_21.wav,অনুগ্রহ করে আমাকে সময় দিন।,rangpur,ran_cate_14
sentence_22.wav,dataset/chunks/rangpur/ran_cate_14/sentence_22.wav,আপনি কি আমাকে সাহায্য করতে পারেন?,rangpur,ran_cate_14
sentence_23.wav,dataset/chunks/rangpur/ran_cate_14/sentence_23.wav,দয়া করে আমাকে এটি বোঝান।,rangpur,ran_cate_14
sentence_24.wav,dataset/chunks/rangpur/ran_cate_14/sentence_24.wav,অনুগ্রহ করে এটিকে ধরুন।,rangpur,ran_cate_14
sentence_25.wav,dataset/chunks/rangpur/ran_cate_14/sentence_25.wav,আপনি কি আমাকে তথ্য দিতে পারেন?,rangpur,ran_cate_14
sentence_26.wav,dataset/chunks/rangpur/ran_cate_14/sentence_26.wav,দয়া করে এখানে আসুন।,rangpur,ran_cate_14
sentence_27.wav,dataset/chunks/rangpur/ran_cate_14/sentence_27.wav,অনুগ্রহ করে আমাকে অপেক্ষা করতে বলুন।,rangpur,ran_cate_14
sentence_28.wav,dataset/chunks/rangpur/ran_cate_14/sentence_28.wav,আপনি কি আমাকে রাস্তা দেখাবেন?,rangpur,ran_cate_14
sentence_29.wav,dataset/chunks/rangpur/ran_cate_14/sentence_29.wav,দয়া করে আমার জন্য অপেক্ষা করুন।,rangpur,ran_cate_14
sentence_30.wav,dataset/chunks/rangpur/ran_cate_14/sentence_30.wav,অনুগ্রহ করে আমাকে সাহায্য করতে বলুন।,rangpur,ran_cate_14
sentence_31.wav,dataset/chunks/rangpur/ran_cate_14/sentence_31.wav,আপনি কি আমার জন্য এটি আনবেন?,rangpur,ran_cate_14
sentence_32.wav,dataset/chunks/rangpur/ran_cate_14/sentence_32.wav,দয়া করে আমাকে বসতে দিন।,rangpur,ran_cate_14
sentence_33.wav,dataset/chunks/rangpur/ran_cate_14/sentence_33.wav,অনুগ্রহ করে আমাকে এটি দেখান।,rangpur,ran_cate_14
sentence_34.wav,dataset/chunks/rangpur/ran_cate_14/sentence_34.wav,আপনি কি আমার সঙ্গে খাবেন?,rangpur,ran_cate_14
sentence_35.wav,dataset/chunks/rangpur/ran_cate_14/sentence_35.wav,দয়া করে ধৈর্য ধরুন।,rangpur,ran_cate_14
sentence_36.wav,dataset/chunks/rangpur/ran_cate_14/sentence_36.wav,অনুগ্রহ করে আমাকে ফোন দিন।,rangpur,ran_cate_14
sentence_37.wav,dataset/chunks/rangpur/ran_cate_14/sentence_37.wav,আপনি কি আমার জন্য অপেক্ষা করবেন?,rangpur,ran_cate_14
sentence_38.wav,dataset/chunks/rangpur/ran_cate_14/sentence_38.wav,দয়া করে এটি খুলুন।,rangpur,ran_cate_14
sentence_39.wav,dataset/chunks/rangpur/ran_cate_14/sentence_39.wav,অনুগ্রহ করে এটি বন্ধ করুন।,rangpur,ran_cate_14
sentence_40.wav,dataset/chunks/rangpur/ran_cate_14/sentence_40.wav,আপনি কি আমাকে নির্দেশ দিতে পারেন?,rangpur,ran_cate_14
sentence_41.wav,dataset/chunks/rangpur/ran_cate_14/sentence_41.wav,দয়া করে আমার কথা শোনুন।,rangpur,ran_cate_14
sentence_42.wav,dataset/chunks/rangpur/ran_cate_14/sentence_42.wav,অনুগ্রহ করে আমাকে সময় দিন।,rangpur,ran_cate_14
sentence_43.wav,dataset/chunks/rangpur/ran_cate_14/sentence_43.wav,আপনি কি আমার জন্য এটি আনবেন?,rangpur,ran_cate_14
sentence_44.wav,dataset/chunks/rangpur/ran_cate_14/sentence_44.wav,দয়া করে আমাকে সাহায্য করতে বলুন।,rangpur,ran_cate_14
sentence_45.wav,dataset/chunks/rangpur/ran_cate_14/sentence_45.wav,অনুগ্রহ করে আমাকে অনুমতি দিন।,rangpur,ran_cate_14
sentence_46.wav,dataset/chunks/rangpur/ran_cate_14/sentence_46.wav,আপনি কি আমাকে রাস্তা দেখাবেন?,rangpur,ran_cate_14
sentence_47.wav,dataset/chunks/rangpur/ran_cate_14/sentence_47.wav,দয়া করে এখানে বসুন।,rangpur,ran_cate_14
sentence_48.wav,dataset/chunks/rangpur/ran_cate_14/sentence_48.wav,অনুগ্রহ করে এটি নিন।,rangpur,ran_cate_14
sentence_49.wav,dataset/chunks/rangpur/ran_cate_14/sentence_49.wav,আপনি কি আমাকে এটি দেবেন?,rangpur,ran_cate_14
sentence_50.wav,dataset/chunks/rangpur/ran_cate_14/sentence_50.wav,দয়া করে আমাকে সঙ্গে নিয়ে যান।,rangpur,ran_cate_14
sentence_51.wav,dataset/chunks/rangpur/ran_cate_14/sentence_51.wav,অনুগ্রহ করে আমাকে বলুন।,rangpur,ran_cate_14
sentence_52.wav,dataset/chunks/rangpur/ran_cate_14/sentence_52.wav,আপনি কি আমার জন্য অপেক্ষা করতে পারবেন?,rangpur,ran_cate_14
sentence_53.wav,dataset/chunks/rangpur/ran_cate_14/sentence_53.wav,দয়া করে এটি পরীক্ষা করুন।,rangpur,ran_cate_14
sentence_54.wav,dataset/chunks/rangpur/ran_cate_14/sentence_54.wav,অনুগ্রহ করে আমাকে এটি লিখে দিন।,rangpur,ran_cate_14
sentence_55.wav,dataset/chunks/rangpur/ran_cate_14/sentence_55.wav,আপনি কি আমার জন্য এটি করতে পারেন?,rangpur,ran_cate_14
sentence_56.wav,dataset/chunks/rangpur/ran_cate_14/sentence_56.wav,দয়া করে আমার সঙ্গে যোগাযোগ করুন।,rangpur,ran_cate_14
sentence_57.wav,dataset/chunks/rangpur/ran_cate_14/sentence_57.wav,অনুগ্রহ করে আমাকে সহায়তা করুন।,rangpur,ran_cate_14
sentence_58.wav,dataset/chunks/rangpur/ran_cate_14/sentence_58.wav,আপনি কি আমাকে এটি দেখাবেন?,rangpur,ran_cate_14
sentence_59.wav,dataset/chunks/rangpur/ran_cate_14/sentence_59.wav,দয়া করে আমার জন্য অপেক্ষা করুন।,rangpur,ran_cate_14
sentence_60.wav,dataset/chunks/rangpur/ran_cate_14/sentence_60.wav,অনুগ্রহ করে আমাকে সাহায্য করুন।,rangpur,ran_cate_14
sentence_61.wav,dataset/chunks/rangpur/ran_cate_14/sentence_61.wav,আপনি কি আমাকে সাহায্য করবেন?,rangpur,ran_cate_14
sentence_62.wav,dataset/chunks/rangpur/ran_cate_14/sentence_62.wav,দয়া করে আমাকে এটি বুঝতে দিন।,rangpur,ran_cate_14
sentence_63.wav,dataset/chunks/rangpur/ran_cate_14/sentence_63.wav,অনুগ্রহ করে এটি রাখুন।,rangpur,ran_cate_14
sentence_64.wav,dataset/chunks/rangpur/ran_cate_14/sentence_64.wav,আপনি কি আমাকে অনুমতি দেবেন?,rangpur,ran_cate_14
sentence_65.wav,dataset/chunks/rangpur/ran_cate_14/sentence_65.wav,দয়া করে আমাকে এটি আনতে দিন।,rangpur,ran_cate_14
sentence_66.wav,dataset/chunks/rangpur/ran_cate_14/sentence_66.wav,অনুগ্রহ করে আমাকে নির্দেশ দিন।,rangpur,ran_cate_14
sentence_67.wav,dataset/chunks/rangpur/ran_cate_14/sentence_67.wav,আপনি কি আমাকে এটি আনবেন?,rangpur,ran_cate_14
sentence_68.wav,dataset/chunks/rangpur/ran_cate_14/sentence_68.wav,দয়া করে আমাকে সাহায্য করতে বলুন।,rangpur,ran_cate_14
sentence_69.wav,dataset/chunks/rangpur/ran_cate_14/sentence_69.wav,অনুগ্রহ করে এটি আমার জন্য রাখুন।,rangpur,ran_cate_14
sentence_70.wav,dataset/chunks/rangpur/ran_cate_14/sentence_70.wav,আপনি কি আমার জন্য অপেক্ষা করতে পারবেন?,rangpur,ran_cate_14
sentence_01.wav,dataset/chunks/rangpur/ran_cate_15/sentence_01.wav,আমি সকাল ৬টায় উঠি।,rangpur,ran_cate_15
sentence_02.wav,dataset/chunks/rangpur/ran_cate_15/sentence_02.wav,তুমি কি বাজারে যাচ্ছো?,rangpur,ran_cate_15
sentence_03.wav,dataset/chunks/rangpur/ran_cate_15/sentence_03.wav,আমি ভাত রান্না করছি।,rangpur,ran_cate_15
sentence_04.wav,dataset/chunks/rangpur/ran_cate_15/sentence_04.wav,আমরা প্রতিদিন হাঁটতে যাই।,rangpur,ran_cate_15
sentence_05.wav,dataset/chunks/rangpur/ran_cate_15/sentence_05.wav,তুমি কি আজ শপিং করতে যাবে?,rangpur,ran_cate_15
sentence_06.wav,dataset/chunks/rangpur/ran_cate_15/sentence_06.wav,আমি ব্যাগ প্যাক করছি।,rangpur,ran_cate_15
sentence_07.wav,dataset/chunks/rangpur/ran_cate_15/sentence_07.wav,তুমি কি সকালে নাশতা করেছো?,rangpur,ran_cate_15
sentence_08.wav,dataset/chunks/rangpur/ran_cate_15/sentence_08.wav,আমি লন্ড্রি করছি।,rangpur,ran_cate_15
sentence_09.wav,dataset/chunks/rangpur/ran_cate_15/sentence_09.wav,তুমি কি সিনেমা দেখতে যাবে?,rangpur,ran_cate_15
sentence_10.wav,dataset/chunks/rangpur/ran_cate_15/sentence_10.wav,আমি বই পড়ছি।,rangpur,ran_cate_15
sentence_11.wav,dataset/chunks/rangpur/ran_cate_15/sentence_11.wav,তুমি কি চা খাবে?,rangpur,ran_cate_15
sentence_12.wav,dataset/chunks/rangpur/ran_cate_15/sentence_12.wav,আমি বাসায় ক্লিনিং করছি।,rangpur,ran_cate_15
sentence_13.wav,dataset/chunks/rangpur/ran_cate_15/sentence_13.wav,তুমি কি বাজারে নতুন সবজি পেয়েছো?,rangpur,ran_cate_15
sentence_14.wav,dataset/chunks/rangpur/ran_cate_15/sentence_14.wav,আমি শুতে যাচ্ছি।,rangpur,ran_cate_15
sentence_15.wav,dataset/chunks/rangpur/ran_cate_15/sentence_15.wav,আমরা সকালে দৌড়াচ্ছি।,rangpur,ran_cate_15
sentence_16.wav,dataset/chunks/rangpur/ran_cate_15/sentence_16.wav,তুমি কি কাজ শেষ করেছো?,rangpur,ran_cate_15
sentence_17.wav,dataset/chunks/rangpur/ran_cate_15/sentence_17.wav,আমি দুপুরের খাবার খাচ্ছি।,rangpur,ran_cate_15
sentence_18.wav,dataset/chunks/rangpur/ran_cate_15/sentence_18.wav,তুমি কি কুকিং করতে জানো?,rangpur,ran_cate_15
sentence_19.wav,dataset/chunks/rangpur/ran_cate_15/sentence_19.wav,আমি দোকান যাচ্ছি।,rangpur,ran_cate_15
sentence_20.wav,dataset/chunks/rangpur/ran_cate_15/sentence_20.wav,তুমি কি আজ বাড়িতে থাকছো?,rangpur,ran_cate_15
sentence_21.wav,dataset/chunks/rangpur/ran_cate_15/sentence_21.wav,আমি টিভি দেখছি।,rangpur,ran_cate_15
sentence_22.wav,dataset/chunks/rangpur/ran_cate_15/sentence_22.wav,তুমি কি সাইকেল চালাচ্ছো?,rangpur,ran_cate_15
sentence_23.wav,dataset/chunks/rangpur/ran_cate_15/sentence_23.wav,আমি জামাকাপড় ধরছি।,rangpur,ran_cate_15
sentence_24.wav,dataset/chunks/rangpur/ran_cate_15/sentence_24.wav,তুমি কি বাজার থেকে দুধ এনেছো?,rangpur,ran_cate_15
sentence_25.wav,dataset/chunks/rangpur/ran_cate_15/sentence_25.wav,আমি রাতে ঘুমাতে যাচ্ছি।,rangpur,ran_cate_15
sentence_26.wav,dataset/chunks/rangpur/ran_cate_15/sentence_26.wav,তুমি কি সকাল ৭টায় উঠে আসবে?,rangpur,ran_cate_15
sentence_27.wav,dataset/chunks/rangpur/ran_cate_15/sentence_27.wav,আমি রান্নাঘরে কাজ করছি।,rangpur,ran_cate_15
sentence_28.wav,dataset/chunks/rangpur/ran_cate_15/sentence_28.wav,তুমি কি বাজারে কোন মাংস কিনেছো?,rangpur,ran_cate_15
sentence_29.wav,dataset/chunks/rangpur/ran_cate_15/sentence_29.wav,আমি দুপুরে বিশ্রাম নিচ্ছি।,rangpur,ran_cate_15
sentence_30.wav,dataset/chunks/rangpur/ran_cate_15/sentence_30.wav,তুমি কি সন্ধ্যায় হাঁটবে?,rangpur,ran_cate_15
sentence_31.wav,dataset/chunks/rangpur/ran_cate_15/sentence_31.wav,আমি কফি বানাচ্ছি।,rangpur,ran_cate_15
sentence_32.wav,dataset/chunks/rangpur/ran_cate_15/sentence_32.wav,তুমি কি নিত্যদিন সকালে জগিং করো?,rangpur,ran_cate_15
sentence_33.wav,dataset/chunks/rangpur/ran_cate_15/sentence_33.wav,আমি দুধ ফুটাচ্ছি।,rangpur,ran_cate_15
sentence_34.wav,dataset/chunks/rangpur/ran_cate_15/sentence_34.wav,তুমি কি চা খেতে চাও?,rangpur,ran_cate_15
sentence_35.wav,dataset/chunks/rangpur/ran_cate_15/sentence_35.wav,আমি বাজারে যাচ্ছি।,rangpur,ran_cate_15
sentence_36.wav,dataset/chunks/rangpur/ran_cate_15/sentence_36.wav,তুমি কি বই পড়ছো?,rangpur,ran_cate_15
sentence_37.wav,dataset/chunks/rangpur/ran_cate_15/sentence_37.wav,আমি বাড়ি ঝাড়ু দিচ্ছি।,rangpur,ran_cate_15
sentence_38.wav,dataset/chunks/rangpur/ran_cate_15/sentence_38.wav,তুমি কি দুপুরের খাবার খেয়েছো?,rangpur,ran_cate_15
sentence_39.wav,dataset/chunks/rangpur/ran_cate_15/sentence_39.wav,আমি সবজি কাটছি।,rangpur,ran_cate_15
sentence_40.wav,dataset/chunks/rangpur/ran_cate_15/sentence_40.wav,তুমি কি রাতে শুবে?,rangpur,ran_cate_15
sentence_41.wav,dataset/chunks/rangpur/ran_cate_15/sentence_41.wav,আমি কলম ও কাগজ সাজাচ্ছি।,rangpur,ran_cate_15
sentence_42.wav,dataset/chunks/rangpur/ran_cate_15/sentence_42.wav,তুমি কি আজ রান্না করছো?,rangpur,ran_cate_15
sentence_43.wav,dataset/chunks/rangpur/ran_cate_15/sentence_43.wav,আমি কাপড় ধুয়ে শুকাচ্ছি।,rangpur,ran_cate_15
sentence_44.wav,dataset/chunks/rangpur/ran_cate_15/sentence_44.wav,তুমি কি বাজারে নতুন ফল এনেছো?,rangpur,ran_cate_15
sentence_45.wav,dataset/chunks/rangpur/ran_cate_15/sentence_45.wav,আমি সকালের নাশতা খাচ্ছি।,rangpur,ran_cate_15
sentence_46.wav,dataset/chunks/rangpur/ran_cate_15/sentence_46.wav,তুমি কি আজ ঘুম বেশি করেছো?,rangpur,ran_cate_15
sentence_47.wav,dataset/chunks/rangpur/ran_cate_15/sentence_47.wav,আমি খাবার টেবিলে বসছি।,rangpur,ran_cate_15
sentence_48.wav,dataset/chunks/rangpur/ran_cate_15/sentence_48.wav,তুমি কি বাইরে যাচ্ছো?,rangpur,ran_cate_15
sentence_49.wav,dataset/chunks/rangpur/ran_cate_15/sentence_49.wav,আমি ফ্রিজে খাবার রাখছি।,rangpur,ran_cate_15
sentence_50.wav,dataset/chunks/rangpur/ran_cate_15/sentence_50.wav,তুমি কি বাজারে যাবার আগে তালিকা লিখেছো?,rangpur,ran_cate_15
sentence_51.wav,dataset/chunks/rangpur/ran_cate_15/sentence_51.wav,আমি সকালে ব্যায়াম করছি।,rangpur,ran_cate_15
sentence_52.wav,dataset/chunks/rangpur/ran_cate_15/sentence_52.wav,তুমি কি দুপুরে ঘুমাবে?,rangpur,ran_cate_15
sentence_53.wav,dataset/chunks/rangpur/ran_cate_15/sentence_53.wav,আমি কাপড় ধরছি।,rangpur,ran_cate_15
sentence_54.wav,dataset/chunks/rangpur/ran_cate_15/sentence_54.wav,তুমি কি রান্না শেষ করেছো?,rangpur,ran_cate_15
sentence_55.wav,dataset/chunks/rangpur/ran_cate_15/sentence_55.wav,আমি বাজার থেকে শাক-সবজি এনেছি।,rangpur,ran_cate_15
sentence_56.wav,dataset/chunks/rangpur/ran_cate_15/sentence_56.wav,তুমি কি ঘরে কাজ করছো?,rangpur,ran_cate_15
sentence_57.wav,dataset/chunks/rangpur/ran_cate_15/sentence_57.wav,আমি দুপুরে চা খাচ্ছি।,rangpur,ran_cate_15
sentence_58.wav,dataset/chunks/rangpur/ran_cate_15/sentence_58.wav,তুমি কি রাতের খাবার খাবে?,rangpur,ran_cate_15
sentence_59.wav,dataset/chunks/rangpur/ran_cate_15/sentence_59.wav,আমি সকালের লিস্ট অনুযায়ী কাজ করছি।,rangpur,ran_cate_15
sentence_60.wav,dataset/chunks/rangpur/ran_cate_15/sentence_60.wav,তুমি কি বাজার থেকে দুধ এনেছো?,rangpur,ran_cate_15
sentence_61.wav,dataset/chunks/rangpur/ran_cate_15/sentence_61.wav,আমি সকালে উঠে হাঁটতে যাই।,rangpur,ran_cate_15
sentence_62.wav,dataset/chunks/rangpur/ran_cate_15/sentence_62.wav,তুমি কি ফ্রিজ খোলেছো?,rangpur,ran_cate_15
sentence_63.wav,dataset/chunks/rangpur/ran_cate_15/sentence_63.wav,আমি বালিশ ধরছি।,rangpur,ran_cate_15
sentence_64.wav,dataset/chunks/rangpur/ran_cate_15/sentence_64.wav,তুমি কি রান্না করতে চাও?,rangpur,ran_cate_15
sentence_65.wav,dataset/chunks/rangpur/ran_cate_15/sentence_65.wav,আমি কাপড় লন্ড্রি করছি।,rangpur,ran_cate_15
sentence_66.wav,dataset/chunks/rangpur/ran_cate_15/sentence_66.wav,তুমি কি বাজারে নতুন রুটি কিনেছো?,rangpur,ran_cate_15
sentence_67.wav,dataset/chunks/rangpur/ran_cate_15/sentence_67.wav,আমি রাতের খাবার প্রস্তুত করছি।,rangpur,ran_cate_15
sentence_68.wav,dataset/chunks/rangpur/ran_cate_15/sentence_68.wav,তুমি কি শপিং করতে যাচ্ছো?,rangpur,ran_cate_15
sentence_69.wav,dataset/chunks/rangpur/ran_cate_15/sentence_69.wav,আমি খোলা আকাশের নিচে হাঁটছি।,rangpur,ran_cate_15
sentence_70.wav,dataset/chunks/rangpur/ran_cate_15/sentence_70.wav,তুমি কি আজ সকাল থেকে ব্যস্ত?,rangpur,ran_cate_15
sentence_01.wav,dataset/chunks/rangpur/ran_cate_16/sentence_01.wav,আমার ফোন কাজ করছে না।,rangpur,ran_cate_16
sentence_02.wav,dataset/chunks/rangpur/ran_cate_16/sentence_02.wav,বাস ধীর গতিতে চলছে।,rangpur,ran_cate_16
sentence_03.wav,dataset/chunks/rangpur/ran_cate_16/sentence_03.wav,আমি বিল ঠিকমত পাইনি।,rangpur,ran_cate_16
sentence_04.wav,dataset/chunks/rangpur/ran_cate_16/sentence_04.wav,পানির চাপ খুব কম।,rangpur,ran_cate_16
sentence_05.wav,dataset/chunks/rangpur/ran_cate_16/sentence_05.wav,ইন্টারনেট সংযোগ স্থিতিশীল নয়।,rangpur,ran_cate_16
sentence_06.wav,dataset/chunks/rangpur/ran_cate_16/sentence_06.wav,দোকানে সব পণ্য শেষ।,rangpur,ran_cate_16
sentence_07.wav,dataset/chunks/rangpur/ran_cate_16/sentence_07.wav,বাতি জ্বলে না।,rangpur,ran_cate_16
sentence_08.wav,dataset/chunks/rangpur/ran_cate_16/sentence_08.wav,আমি চা খুব গরম পেয়েছি।,rangpur,ran_cate_16
sentence_09.wav,dataset/chunks/rangpur/ran_cate_16/sentence_09.wav,রিকশা খুব দেরি করছে।,rangpur,ran_cate_16
sentence_10.wav,dataset/chunks/rangpur/ran_cate_16/sentence_10.wav,লিফট বন্ধ।,rangpur,ran_cate_16
sentence_11.wav,dataset/chunks/rangpur/ran_cate_16/sentence_11.wav,আমার অ্যাপ্লিকেশন ক্র্যাশ করছে।,rangpur,ran_cate_16
sentence_12.wav,dataset/chunks/rangpur/ran_cate_16/sentence_12.wav,এই গাড়ি তেল টপ আপ করছে না।,rangpur,ran_cate_16
sentence_13.wav,dataset/chunks/rangpur/ran_cate_16/sentence_13.wav,বাসে অনেক ভিড়।,rangpur,ran_cate_16
sentence_14.wav,dataset/chunks/rangpur/ran_cate_16/sentence_14.wav,আমি খাবার ঠিকমত পাইনি।,rangpur,ran_cate_16
sentence_15.wav,dataset/chunks/rangpur/ran_cate_16/sentence_15.wav,রাস্তায় অনেক ধুলো।,rangpur,ran_cate_16
sentence_16.wav,dataset/chunks/rangpur/ran_cate_16/sentence_16.wav,আমার কম্পিউটার হ্যাং করেছে।,rangpur,ran_cate_16
sentence_17.wav,dataset/chunks/rangpur/ran_cate_16/sentence_17.wav,ফোনের ব্যাটারি দ্রুত শেষ হচ্ছে।,rangpur,ran_cate_16
sentence_18.wav,dataset/chunks/rangpur/ran_cate_16/sentence_18.wav,দোকানের হেডফোন খারাপ।,rangpur,ran_cate_16
sentence_19.wav,dataset/chunks/rangpur/ran_cate_16/sentence_19.wav,রিকশাচালক দেরি করছে।,rangpur,ran_cate_16
sentence_20.wav,dataset/chunks/rangpur/ran_cate_16/sentence_20.wav,পানির ট্যাংক ফাঁকা।,rangpur,ran_cate_16
sentence_21.wav,dataset/chunks/rangpur/ran_cate_16/sentence_21.wav,বাসে এয়ার কন্ডিশনার কাজ করছে না।,rangpur,ran_cate_16
sentence_22.wav,dataset/chunks/rangpur/ran_cate_16/sentence_22.wav,আমার Wi-Fi কানেকশন গড়বড়।,rangpur,ran_cate_16
sentence_23.wav,dataset/chunks/rangpur/ran_cate_16/sentence_23.wav,দোকানের কাস্টমার সার্ভিস খারাপ।,rangpur,ran_cate_16
sentence_24.wav,dataset/chunks/rangpur/ran_cate_16/sentence_24.wav,বাতি ঠিকমত জ্বলে না।,rangpur,ran_cate_16
sentence_25.wav,dataset/chunks/rangpur/ran_cate_16/sentence_25.wav,খাবারের স্বাদ খারাপ।,rangpur,ran_cate_16
sentence_26.wav,dataset/chunks/rangpur/ran_cate_16/sentence_26.wav,লিফট খুব ধীরে চলছে।,rangpur,ran_cate_16
sentence_27.wav,dataset/chunks/rangpur/ran_cate_16/sentence_27.wav,আমার মোবাইল চার্জ হচ্ছে না।,rangpur,ran_cate_16
sentence_28.wav,dataset/chunks/rangpur/ran_cate_16/sentence_28.wav,বাসের ভাড়া বেশি।,rangpur,ran_cate_16
sentence_29.wav,dataset/chunks/rangpur/ran_cate_16/sentence_29.wav,দোকানে পণ্য ভালো মানের নয়।,rangpur,ran_cate_16
sentence_30.wav,dataset/chunks/rangpur/ran_cate_16/sentence_30.wav,রাস্তায় যানজট বেশি।,rangpur,ran_cate_16
sentence_31.wav,dataset/chunks/rangpur/ran_cate_16/sentence_31.wav,আমি আমার টিকেট হারিয়েছি।,rangpur,ran_cate_16
sentence_32.wav,dataset/chunks/rangpur/ran_cate_16/sentence_32.wav,খাবারের পরিমাণ কম।,rangpur,ran_cate_16
sentence_33.wav,dataset/chunks/rangpur/ran_cate_16/sentence_33.wav,আমার কম্পিউটার ধীরগতিতে চলছে।,rangpur,ran_cate_16
sentence_34.wav,dataset/chunks/rangpur/ran_cate_16/sentence_34.wav,রিকশা খুব পুরোনো।,rangpur,ran_cate_16
sentence_35.wav,dataset/chunks/rangpur/ran_cate_16/sentence_35.wav,দোকানে নতুন পণ্য নেই।,rangpur,ran_cate_16
sentence_36.wav,dataset/chunks/rangpur/ran_cate_16/sentence_36.wav,ফোনের সিম কাজ করছে না।,rangpur,ran_cate_16
sentence_37.wav,dataset/chunks/rangpur/ran_cate_16/sentence_37.wav,বাসে বসার জায়গা নেই।,rangpur,ran_cate_16
sentence_38.wav,dataset/chunks/rangpur/ran_cate_16/sentence_38.wav,পানির স্বাদ খারাপ।,rangpur,ran_cate_16
sentence_39.wav,dataset/chunks/rangpur/ran_cate_16/sentence_39.wav,লিফটে শব্দ করছে।,rangpur,ran_cate_16
sentence_40.wav,dataset/chunks/rangpur/ran_cate_16/sentence_40.wav,দোকানের দাম বেশি।,rangpur,ran_cate_16
sentence_41.wav,dataset/chunks/rangpur/ran_cate_16/sentence_41.wav,খাবারের স্বাদ পরিবর্তন হয়েছে।,rangpur,ran_cate_16
sentence_42.wav,dataset/chunks/rangpur/ran_cate_16/sentence_42.wav,আমার ল্যাপটপ হ্যাং করছে।,rangpur,ran_cate_16
sentence_43.wav,dataset/chunks/rangpur/ran_cate_16/sentence_43.wav,বাসে লোকজন অনেক।,rangpur,ran_cate_16
sentence_44.wav,dataset/chunks/rangpur/ran_cate_16/sentence_44.wav,রাস্তায় খোলা গর্ত।,rangpur,ran_cate_16
sentence_45.wav,dataset/chunks/rangpur/ran_cate_16/sentence_45.wav,দোকানে কোনো বিক্রয়কর্মী নেই।,rangpur,ran_cate_16
sentence_46.wav,dataset/chunks/rangpur/ran_cate_16/sentence_46.wav,আমার ফোন ব্যাটারি নষ্ট।,rangpur,ran_cate_16
sentence_47.wav,dataset/chunks/rangpur/ran_cate_16/sentence_47.wav,খাবার খুব ঠান্ডা।,rangpur,ran_cate_16
sentence_48.wav,dataset/chunks/rangpur/ran_cate_16/sentence_48.wav,লিফট খুব দ্রুত চলেছে।,rangpur,ran_cate_16
sentence_49.wav,dataset/chunks/rangpur/ran_cate_16/sentence_49.wav,রিকশা বাসার সামনে দাঁড়ায় না।,rangpur,ran_cate_16
sentence_50.wav,dataset/chunks/rangpur/ran_cate_16/sentence_50.wav,দোকানে পরিষ্কার নেই।,rangpur,ran_cate_16
sentence_51.wav,dataset/chunks/rangpur/ran_cate_16/sentence_51.wav,বাস স্ট্যান্ড দূরে।,rangpur,ran_cate_16
sentence_52.wav,dataset/chunks/rangpur/ran_cate_16/sentence_52.wav,আমার কম্পিউটার হঠাৎ বন্ধ হয়ে গেছে।,rangpur,ran_cate_16
sentence_53.wav,dataset/chunks/rangpur/ran_cate_16/sentence_53.wav,ফোনে নেটওয়ার্ক নেই।,rangpur,ran_cate_16
sentence_54.wav,dataset/chunks/rangpur/ran_cate_16/sentence_54.wav,খাবারের স্বাদ ভালো নয়।,rangpur,ran_cate_16
sentence_55.wav,dataset/chunks/rangpur/ran_cate_16/sentence_55.wav,লিফট লক হয়ে গেছে।,rangpur,ran_cate_16
sentence_56.wav,dataset/chunks/rangpur/ran_cate_16/sentence_56.wav,দোকানের হেডফোন ব্রেক।,rangpur,ran_cate_16
sentence_57.wav,dataset/chunks/rangpur/ran_cate_16/sentence_57.wav,রিকশাচালক রাস্তায় নেই।,rangpur,ran_cate_16
sentence_58.wav,dataset/chunks/rangpur/ran_cate_16/sentence_58.wav,বাসে শীত নেই।,rangpur,ran_cate_16
sentence_59.wav,dataset/chunks/rangpur/ran_cate_16/sentence_59.wav,আমার ফোন হ্যাং করছে।,rangpur,ran_cate_16
sentence_60.wav,dataset/chunks/rangpur/ran_cate_16/sentence_60.wav,দোকানে সঠিক দাম নেই।,rangpur,ran_cate_16
sentence_61.wav,dataset/chunks/rangpur/ran_cate_16/sentence_61.wav,খাবারের স্বাদ খুব ঝাল।,rangpur,ran_cate_16
sentence_62.wav,dataset/chunks/rangpur/ran_cate_16/sentence_62.wav,লিফট বেজে যাচ্ছে।,rangpur,ran_cate_16
sentence_63.wav,dataset/chunks/rangpur/ran_cate_16/sentence_63.wav,আমার ল্যাপটপ কাজ করছে না।,rangpur,ran_cate_16
sentence_64.wav,dataset/chunks/rangpur/ran_cate_16/sentence_64.wav,দোকানের পণ্য ভাঙা।,rangpur,ran_cate_16
sentence_65.wav,dataset/chunks/rangpur/ran_cate_16/sentence_65.wav,রিকশা দূরে গেছে।,rangpur,ran_cate_16
sentence_66.wav,dataset/chunks/rangpur/ran_cate_16/sentence_66.wav,বাস সময়মতো আসেনি।,rangpur,ran_cate_16
sentence_67.wav,dataset/chunks/rangpur/ran_cate_16/sentence_67.wav,আমার মোবাইল নেটওয়ার্ক নেই।,rangpur,ran_cate_16
sentence_68.wav,dataset/chunks/rangpur/ran_cate_16/sentence_68.wav,দোকানের সার্ভিস খারাপ।,rangpur,ran_cate_16
sentence_69.wav,dataset/chunks/rangpur/ran_cate_16/sentence_69.wav,খাবারের পরিমাণ কম।,rangpur,ran_cate_16
sentence_70.wav,dataset/chunks/rangpur/ran_cate_16/sentence_70.wav,লিফট খুব ধীরে চলছে।,rangpur,ran_cate_16
sentence_01.wav,dataset/chunks/rangpur/ran_cate_17/sentence_01.wav,আমি একটি নতুন ব্যাংক অ্যাকাউন্ট খুলতে চাই।,rangpur,ran_cate_17
sentence_02.wav,dataset/chunks/rangpur/ran_cate_17/sentence_02.wav,আমার অ্যাকাউন্ট ব্যালেন্স কত?,rangpur,ran_cate_17
sentence_03.wav,dataset/chunks/rangpur/ran_cate_17/sentence_03.wav,আমি টাকা পাঠাতে চাই।,rangpur,ran_cate_17
sentence_04.wav,dataset/chunks/rangpur/ran_cate_17/sentence_04.wav,ATM কার্ড কোথায় পাব?,rangpur,ran_cate_17
sentence_05.wav,dataset/chunks/rangpur/ran_cate_17/sentence_05.wav,আমি বিকাশে টাকা পাঠাতে চাই।,rangpur,ran_cate_17
sentence_06.wav,dataset/chunks/rangpur/ran_cate_17/sentence_06.wav,চেক জমা দিতে হবে কি?,rangpur,ran_cate_17
sentence_07.wav,dataset/chunks/rangpur/ran_cate_17/sentence_07.wav,ব্যাংকের সময়সূচি কী?,rangpur,ran_cate_17
sentence_08.wav,dataset/chunks/rangpur/ran_cate_17/sentence_08.wav,আমি একটি লোন নিতে চাই।,rangpur,ran_cate_17
sentence_09.wav,dataset/chunks/rangpur/ran_cate_17/sentence_09.wav,ATM কাজ করছে না।,rangpur,ran_cate_17
sentence_10.wav,dataset/chunks/rangpur/ran_cate_17/sentence_10.wav,আমি অনলাইন ব্যাংকিং করতে চাই।,rangpur,ran_cate_17
sentence_11.wav,dataset/chunks/rangpur/ran_cate_17/sentence_11.wav,আমার অ্যাকাউন্টে টাকা ঢুকেনি।,rangpur,ran_cate_17
sentence_12.wav,dataset/chunks/rangpur/ran_cate_17/sentence_12.wav,ব্যাংক খোলা আছে কি?,rangpur,ran_cate_17
sentence_13.wav,dataset/chunks/rangpur/ran_cate_17/sentence_13.wav,আমি একটি ডেবিট কার্ড চাই।,rangpur,ran_cate_17
sentence_14.wav,dataset/chunks/rangpur/ran_cate_17/sentence_14.wav,বিকাশে ট্রান্সফার সফল হয়েছে কি?,rangpur,ran_cate_17
sentence_15.wav,dataset/chunks/rangpur/ran_cate_17/sentence_15.wav,আমি ক্রেডিট কার্ড আবেদন করতে চাই।,rangpur,ran_cate_17
sentence_16.wav,dataset/chunks/rangpur/ran_cate_17/sentence_16.wav,ATM থেকে কত টাকা তুলতে পারি?,rangpur,ran_cate_17
sentence_17.wav,dataset/chunks/rangpur/ran_cate_17/sentence_17.wav,আমার পিন ভুল হয়েছে।,rangpur,ran_cate_17
sentence_18.wav,dataset/chunks/rangpur/ran_cate_17/sentence_18.wav,ব্যাংক ফি কত?,rangpur,ran_cate_17
sentence_19.wav,dataset/chunks/rangpur/ran_cate_17/sentence_19.wav,আমি চেকবই চাই।,rangpur,ran_cate_17
sentence_20.wav,dataset/chunks/rangpur/ran_cate_17/sentence_20.wav,বিকাশে লেনদেন কতক্ষণ সময় নেয়?,rangpur,ran_cate_17
sentence_21.wav,dataset/chunks/rangpur/ran_cate_17/sentence_21.wav,আমি টাকা তুলতে চাই।,rangpur,ran_cate_17
sentence_22.wav,dataset/chunks/rangpur/ran_cate_17/sentence_22.wav,আমার অ্যাকাউন্ট ব্লক হয়েছে।,rangpur,ran_cate_17
sentence_23.wav,dataset/chunks/rangpur/ran_cate_17/sentence_23.wav,ব্যাংকিং সেবা ভালো কি?,rangpur,ran_cate_17
sentence_24.wav,dataset/chunks/rangpur/ran_cate_17/sentence_24.wav,আমি ফান্ড ট্রান্সফার করতে চাই।,rangpur,ran_cate_17
sentence_25.wav,dataset/chunks/rangpur/ran_cate_17/sentence_25.wav,ATM কোথায় আছে?,rangpur,ran_cate_17
sentence_26.wav,dataset/chunks/rangpur/ran_cate_17/sentence_26.wav,আমার ডেবিট কার্ড হারিয়েছে।,rangpur,ran_cate_17
sentence_27.wav,dataset/chunks/rangpur/ran_cate_17/sentence_27.wav,আমি বিকাশ ব্যালেন্স চেক করতে চাই।,rangpur,ran_cate_17
sentence_28.wav,dataset/chunks/rangpur/ran_cate_17/sentence_28.wav,ব্যাংক অ্যাকাউন্ট কতদিনে খোলা হয়?,rangpur,ran_cate_17
sentence_29.wav,dataset/chunks/rangpur/ran_cate_17/sentence_29.wav,আমি মোবাইল ব্যাংকিং ব্যবহার করতে চাই।,rangpur,ran_cate_17
sentence_30.wav,dataset/chunks/rangpur/ran_cate_17/sentence_30.wav,আমি টাকা পাঠিয়েছি কিন্তু পাওয়া যায়নি।,rangpur,ran_cate_17
sentence_31.wav,dataset/chunks/rangpur/ran_cate_17/sentence_31.wav,আমি লোন পরিশোধ করতে চাই।,rangpur,ran_cate_17
sentence_32.wav,dataset/chunks/rangpur/ran_cate_17/sentence_32.wav,ATM থেকে টাকা তুলতে সমস্যা।,rangpur,ran_cate_17
sentence_33.wav,dataset/chunks/rangpur/ran_cate_17/sentence_33.wav,ব্যাংকের চেক অনুমোদিত হয়েছে কি?,rangpur,ran_cate_17
sentence_34.wav,dataset/chunks/rangpur/ran_cate_17/sentence_34.wav,আমি বিকাশে টাকা জমা দিতে চাই।,rangpur,ran_cate_17
sentence_35.wav,dataset/chunks/rangpur/ran_cate_17/sentence_35.wav,আমার ক্রেডিট কার্ড লিমিট কত?,rangpur,ran_cate_17
sentence_36.wav,dataset/chunks/rangpur/ran_cate_17/sentence_36.wav,আমি ব্যাংক খোলা আছে কিনা জানতে চাই।,rangpur,ran_cate_17
sentence_37.wav,dataset/chunks/rangpur/ran_cate_17/sentence_37.wav,আমার অ্যাকাউন্ট নম্বর ভুল।,rangpur,ran_cate_17
sentence_38.wav,dataset/chunks/rangpur/ran_cate_17/sentence_38.wav,আমি ফান্ড রিসিভ করতে পারছি না।,rangpur,ran_cate_17
sentence_39.wav,dataset/chunks/rangpur/ran_cate_17/sentence_39.wav,ব্যাংক সেবা ধীর।,rangpur,ran_cate_17
sentence_40.wav,dataset/chunks/rangpur/ran_cate_17/sentence_40.wav,আমি বিকাশের পিন পরিবর্তন করতে চাই।,rangpur,ran_cate_17
sentence_41.wav,dataset/chunks/rangpur/ran_cate_17/sentence_41.wav,আমি একটি ট্রান্সফার করতে চাই।,rangpur,ran_cate_17
sentence_42.wav,dataset/chunks/rangpur/ran_cate_17/sentence_42.wav,ব্যাংকের কনসাল্ট্যান্ট কোথায় আছে?,rangpur,ran_cate_17
sentence_43.wav,dataset/chunks/rangpur/ran_cate_17/sentence_43.wav,আমার অ্যাকাউন্টে লেনদেন দেখা যায় না।,rangpur,ran_cate_17
sentence_44.wav,dataset/chunks/rangpur/ran_cate_17/sentence_44.wav,আমি নতুন ATM কার্ড চাই।,rangpur,ran_cate_17
sentence_45.wav,dataset/chunks/rangpur/ran_cate_17/sentence_45.wav,বিকাশে লেনদেন বাতিল হয়েছে।,rangpur,ran_cate_17
sentence_46.wav,dataset/chunks/rangpur/ran_cate_17/sentence_46.wav,ব্যাংকের চেক যাচাই হয়েছে কি?,rangpur,ran_cate_17
sentence_47.wav,dataset/chunks/rangpur/ran_cate_17/sentence_47.wav,আমি ফান্ড ট্রান্সফার করতে পারছি না।,rangpur,ran_cate_17
sentence_48.wav,dataset/chunks/rangpur/ran_cate_17/sentence_48.wav,আমার অ্যাকাউন্টে টাকা কমেছে।,rangpur,ran_cate_17
sentence_49.wav,dataset/chunks/rangpur/ran_cate_17/sentence_49.wav,আমি লোন স্ট্যাটাস জানতে চাই।,rangpur,ran_cate_17
sentence_50.wav,dataset/chunks/rangpur/ran_cate_17/sentence_50.wav,ATM খুব ব্যস্ত।,rangpur,ran_cate_17
sentence_51.wav,dataset/chunks/rangpur/ran_cate_17/sentence_51.wav,আমি বিকাশে নতুন নাম্বার রেজিস্টার করতে চাই।,rangpur,ran_cate_17
sentence_52.wav,dataset/chunks/rangpur/ran_cate_17/sentence_52.wav,ব্যাংকের ফি খুব বেশি।,rangpur,ran_cate_17
sentence_53.wav,dataset/chunks/rangpur/ran_cate_17/sentence_53.wav,আমি অনলাইন পেমেন্ট করতে চাই।,rangpur,ran_cate_17
sentence_54.wav,dataset/chunks/rangpur/ran_cate_17/sentence_54.wav,আমার অ্যাকাউন্টে লেনদেন বন্ধ।,rangpur,ran_cate_17
sentence_55.wav,dataset/chunks/rangpur/ran_cate_17/sentence_55.wav,আমি চেক জমা দিতে পারছি না।,rangpur,ran_cate_17
sentence_56.wav,dataset/chunks/rangpur/ran_cate_17/sentence_56.wav,বিকাশে টাকা স্থানান্তর করতে সমস্যা।,rangpur,ran_cate_17
sentence_57.wav,dataset/chunks/rangpur/ran_cate_17/sentence_57.wav,ব্যাংকের সময়সূচি পরিবর্তন হয়েছে।,rangpur,ran_cate_17
sentence_58.wav,dataset/chunks/rangpur/ran_cate_17/sentence_58.wav,আমি ক্রেডিট কার্ড একটিভ করতে চাই।,rangpur,ran_cate_17
sentence_59.wav,dataset/chunks/rangpur/ran_cate_17/sentence_59.wav,আমার লোন অ্যাপ্লিকেশন পেন্ডিং আছে।,rangpur,ran_cate_17
sentence_60.wav,dataset/chunks/rangpur/ran_cate_17/sentence_60.wav,ATM থেকে লেনদেন বাতিল হয়েছে।,rangpur,ran_cate_17
sentence_61.wav,dataset/chunks/rangpur/ran_cate_17/sentence_61.wav,আমি বিকাশে টাকা রিফান্ড চাই।,rangpur,ran_cate_17
sentence_62.wav,dataset/chunks/rangpur/ran_cate_17/sentence_62.wav,ব্যাংকের সার্ভিস খারাপ।,rangpur,ran_cate_17
sentence_63.wav,dataset/chunks/rangpur/ran_cate_17/sentence_63.wav,আমি আমার অ্যাকাউন্ট বন্ধ করতে চাই।,rangpur,ran_cate_17
sentence_64.wav,dataset/chunks/rangpur/ran_cate_17/sentence_64.wav,আমার ডেবিট কার্ড ব্লক হয়েছে।,rangpur,ran_cate_17
sentence_65.wav,dataset/chunks/rangpur/ran_cate_17/sentence_65.wav,আমি ফান্ড রিসিভ করতে পারছি না।,rangpur,ran_cate_17
sentence_66.wav,dataset/chunks/rangpur/ran_cate_17/sentence_66.wav,ব্যাংকের লাইন অনেক লম্বা।,rangpur,ran_cate_17
sentence_67.wav,dataset/chunks/rangpur/ran_cate_17/sentence_67.wav,আমি ক্রেডিট কার্ড বন্ধ করতে চাই।,rangpur,ran_cate_17
sentence_68.wav,dataset/chunks/rangpur/ran_cate_17/sentence_68.wav,আমার অ্যাকাউন্টে টাকা জমা হয়নি।,rangpur,ran_cate_17
sentence_69.wav,dataset/chunks/rangpur/ran_cate_17/sentence_69.wav,আমি বিকাশে লেনদেনের হিস্ট্রি দেখতে চাই।,rangpur,ran_cate_17
sentence_70.wav,dataset/chunks/rangpur/ran_cate_17/sentence_70.wav,ব্যাংকের লোন প্রক্রিয়া ধীর।,rangpur,ran_cate_17
sentence_01.wav,dataset/chunks/rangpur/ran_cate_18/sentence_01.wav,আমি খুব খুশি।,rangpur,ran_cate_18
sentence_02.wav,dataset/chunks/rangpur/ran_cate_18/sentence_02.wav,তুমি কীভাবে অনুভব করছো?,rangpur,ran_cate_18
sentence_03.wav,dataset/chunks/rangpur/ran_cate_18/sentence_03.wav,আমি দুঃখিত।,rangpur,ran_cate_18
sentence_04.wav,dataset/chunks/rangpur/ran_cate_18/sentence_04.wav,এটা সত্যিই দুঃখজনক।,rangpur,ran_cate_18
sentence_05.wav,dataset/chunks/rangpur/ran_cate_18/sentence_05.wav,আমি রাগান্বিত।,rangpur,ran_cate_18
sentence_06.wav,dataset/chunks/rangpur/ran_cate_18/sentence_06.wav,তুমি কেন রাগ করছো?,rangpur,ran_cate_18
sentence_07.wav,dataset/chunks/rangpur/ran_cate_18/sentence_07.wav,আমি উত্তেজিত।,rangpur,ran_cate_18
sentence_08.wav,dataset/chunks/rangpur/ran_cate_18/sentence_08.wav,এটা আমার জন্য আশ্চর্যজনক।,rangpur,ran_cate_18
sentence_09.wav,dataset/chunks/rangpur/ran_cate_18/sentence_09.wav,আমি ভীত।,rangpur,ran_cate_18
sentence_10.wav,dataset/chunks/rangpur/ran_cate_18/sentence_10.wav,তুমি কেন ভয় পাচ্ছো?,rangpur,ran_cate_18
sentence_11.wav,dataset/chunks/rangpur/ran_cate_18/sentence_11.wav,আমি দারুণ খুশি।,rangpur,ran_cate_18
sentence_12.wav,dataset/chunks/rangpur/ran_cate_18/sentence_12.wav,এটা সত্যিই আমাকে কষ্ট দিচ্ছে।,rangpur,ran_cate_18
sentence_13.wav,dataset/chunks/rangpur/ran_cate_18/sentence_13.wav,আমি হতাশ।,rangpur,ran_cate_18
sentence_14.wav,dataset/chunks/rangpur/ran_cate_18/sentence_14.wav,তুমি খুব আনন্দিত দেখাচ্ছো।,rangpur,ran_cate_18
sentence_15.wav,dataset/chunks/rangpur/ran_cate_18/sentence_15.wav,আমি অবাক।,rangpur,ran_cate_18
sentence_16.wav,dataset/chunks/rangpur/ran_cate_18/sentence_16.wav,এটা আমার জন্য দুঃসংবাদ।,rangpur,ran_cate_18
sentence_17.wav,dataset/chunks/rangpur/ran_cate_18/sentence_17.wav,আমি খুব দুঃখিত।,rangpur,ran_cate_18
sentence_18.wav,dataset/chunks/rangpur/ran_cate_18/sentence_18.wav,তুমি কি খুশি?,rangpur,ran_cate_18
sentence_19.wav,dataset/chunks/rangpur/ran_cate_18/sentence_19.wav,আমি উত্তেজিত অনুভব করছি।,rangpur,ran_cate_18
sentence_20.wav,dataset/chunks/rangpur/ran_cate_18/sentence_20.wav,আমি রাগান্বিত হয়ে যাচ্ছি।,rangpur,ran_cate_18
sentence_21.wav,dataset/chunks/rangpur/ran_cate_18/sentence_21.wav,এটা সত্যিই অবাক করা।,rangpur,ran_cate_18
sentence_22.wav,dataset/chunks/rangpur/ran_cate_18/sentence_22.wav,"আমি দুঃখিত, এটা আমার দোষ।",rangpur,ran_cate_18
sentence_23.wav,dataset/chunks/rangpur/ran_cate_18/sentence_23.wav,তুমি কেমন অনুভব করছো?,rangpur,ran_cate_18
sentence_24.wav,dataset/chunks/rangpur/ran_cate_18/sentence_24.wav,আমি শান্ত।,rangpur,ran_cate_18
sentence_25.wav,dataset/chunks/rangpur/ran_cate_18/sentence_25.wav,এটা আমাকে আনন্দিত করছে।,rangpur,ran_cate_18
sentence_26.wav,dataset/chunks/rangpur/ran_cate_18/sentence_26.wav,আমি চিন্তিত।,rangpur,ran_cate_18
sentence_27.wav,dataset/chunks/rangpur/ran_cate_18/sentence_27.wav,আমি হতাশ হয়ে যাচ্ছি।,rangpur,ran_cate_18
sentence_28.wav,dataset/chunks/rangpur/ran_cate_18/sentence_28.wav,তুমি রাগান্বিত না তো?,rangpur,ran_cate_18
sentence_29.wav,dataset/chunks/rangpur/ran_cate_18/sentence_29.wav,আমি সত্যিই আনন্দিত।,rangpur,ran_cate_18
sentence_30.wav,dataset/chunks/rangpur/ran_cate_18/sentence_30.wav,এটা আমাকে বিরক্ত করছে।,rangpur,ran_cate_18
sentence_31.wav,dataset/chunks/rangpur/ran_cate_18/sentence_31.wav,আমি অবাক হয়ে গেলাম।,rangpur,ran_cate_18
sentence_32.wav,dataset/chunks/rangpur/ran_cate_18/sentence_32.wav,আমি খুব ভীত।,rangpur,ran_cate_18
sentence_33.wav,dataset/chunks/rangpur/ran_cate_18/sentence_33.wav,তুমি আনন্দিত দেখাচ্ছো।,rangpur,ran_cate_18
sentence_34.wav,dataset/chunks/rangpur/ran_cate_18/sentence_34.wav,আমি হতাশ অনুভব করছি।,rangpur,ran_cate_18
sentence_35.wav,dataset/chunks/rangpur/ran_cate_18/sentence_35.wav,আমি রাগান্বিত হয়ে গিয়েছি।,rangpur,ran_cate_18
sentence_36.wav,dataset/chunks/rangpur/ran_cate_18/sentence_36.wav,এটা আমাকে আনন্দ দিচ্ছে।,rangpur,ran_cate_18
sentence_37.wav,dataset/chunks/rangpur/ran_cate_18/sentence_37.wav,আমি উদ্বিগ্ন।,rangpur,ran_cate_18
sentence_38.wav,dataset/chunks/rangpur/ran_cate_18/sentence_38.wav,তুমি কেন দুঃখিত?,rangpur,ran_cate_18
sentence_39.wav,dataset/chunks/rangpur/ran_cate_18/sentence_39.wav,আমি খুব খুশি অনুভব করছি।,rangpur,ran_cate_18
sentence_40.wav,dataset/chunks/rangpur/ran_cate_18/sentence_40.wav,এটা সত্যিই বিরক্তিকর।,rangpur,ran_cate_18
sentence_41.wav,dataset/chunks/rangpur/ran_cate_18/sentence_41.wav,আমি আশ্চর্য।,rangpur,ran_cate_18
sentence_42.wav,dataset/chunks/rangpur/ran_cate_18/sentence_42.wav,তুমি ভয় পাচ্ছো কেন?,rangpur,ran_cate_18
sentence_43.wav,dataset/chunks/rangpur/ran_cate_18/sentence_43.wav,আমি খুব আনন্দিত।,rangpur,ran_cate_18
sentence_44.wav,dataset/chunks/rangpur/ran_cate_18/sentence_44.wav,এটা আমাকে দুঃখিত করছে।,rangpur,ran_cate_18
sentence_45.wav,dataset/chunks/rangpur/ran_cate_18/sentence_45.wav,আমি রাগ অনুভব করছি।,rangpur,ran_cate_18
sentence_46.wav,dataset/chunks/rangpur/ran_cate_18/sentence_46.wav,তুমি উত্তেজিত নাকি?,rangpur,ran_cate_18
sentence_47.wav,dataset/chunks/rangpur/ran_cate_18/sentence_47.wav,আমি অবাক হয়ে যাচ্ছি।,rangpur,ran_cate_18
sentence_48.wav,dataset/chunks/rangpur/ran_cate_18/sentence_48.wav,এটা সত্যিই দারুণ।,rangpur,ran_cate_18
sentence_49.wav,dataset/chunks/rangpur/ran_cate_18/sentence_49.wav,আমি শান্ত অনুভব করছি।,rangpur,ran_cate_18
sentence_50.wav,dataset/chunks/rangpur/ran_cate_18/sentence_50.wav,তুমি দুঃখিত নাকি?,rangpur,ran_cate_18
sentence_51.wav,dataset/chunks/rangpur/ran_cate_18/sentence_51.wav,আমি খুব চিন্তিত।,rangpur,ran_cate_18
sentence_52.wav,dataset/chunks/rangpur/ran_cate_18/sentence_52.wav,এটা আমাকে বিরক্ত করছে।,rangpur,ran_cate_18
sentence_53.wav,dataset/chunks/rangpur/ran_cate_18/sentence_53.wav,আমি আনন্দ অনুভব করছি।,rangpur,ran_cate_18
sentence_54.wav,dataset/chunks/rangpur/ran_cate_18/sentence_54.wav,তুমি রাগান্বিত নাকি?,rangpur,ran_cate_18
sentence_55.wav,dataset/chunks/rangpur/ran_cate_18/sentence_55.wav,আমি আশ্চর্য অনুভব করছি।,rangpur,ran_cate_18
sentence_56.wav,dataset/chunks/rangpur/ran_cate_18/sentence_56.wav,এটা আমাকে উত্তেজিত করছে।,rangpur,ran_cate_18
sentence_57.wav,dataset/chunks/rangpur/ran_cate_18/sentence_57.wav,"আমি দুঃখিত, আমি কিছু করতে পারিনি।",rangpur,ran_cate_18
sentence_58.wav,dataset/chunks/rangpur/ran_cate_18/sentence_58.wav,তুমি খুশি নাকি?,rangpur,ran_cate_18
sentence_59.wav,dataset/chunks/rangpur/ran_cate_18/sentence_59.wav,আমি খুব ভীত অনুভব করছি।,rangpur,ran_cate_18
sentence_60.wav,dataset/chunks/rangpur/ran_cate_18/sentence_60.wav,এটা সত্যিই দুঃখজনক।,rangpur,ran_cate_18
sentence_61.wav,dataset/chunks/rangpur/ran_cate_18/sentence_61.wav,আমি রাগান্বিত হয়ে যাচ্ছি।,rangpur,ran_cate_18
sentence_62.wav,dataset/chunks/rangpur/ran_cate_18/sentence_62.wav,তুমি উদ্বিগ্ন নাকি?,rangpur,ran_cate_18
sentence_63.wav,dataset/chunks/rangpur/ran_cate_18/sentence_63.wav,আমি খুব আনন্দিত অনুভব করছি।,rangpur,ran_cate_18
sentence_64.wav,dataset/chunks/rangpur/ran_cate_18/sentence_64.wav,এটা আমাকে হতাশ করছে।,rangpur,ran_cate_18
sentence_65.wav,dataset/chunks/rangpur/ran_cate_18/sentence_65.wav,আমি শান্ত অনুভব করছি।,rangpur,ran_cate_18
sentence_66.wav,dataset/chunks/rangpur/ran_cate_18/sentence_66.wav,তুমি দারুণ খুশি দেখাচ্ছো।,rangpur,ran_cate_18
sentence_67.wav,dataset/chunks/rangpur/ran_cate_18/sentence_67.wav,আমি বিরক্ত অনুভব করছি।,rangpur,ran_cate_18
sentence_68.wav,dataset/chunks/rangpur/ran_cate_18/sentence_68.wav,এটা আমাকে অবাক করছে।,rangpur,ran_cate_18
sentence_69.wav,dataset/chunks/rangpur/ran_cate_18/sentence_69.wav,আমি উত্তেজিত হয়ে যাচ্ছি।,rangpur,ran_cate_18
sentence_70.wav,dataset/chunks/rangpur/ran_cate_18/sentence_70.wav,আমি সত্যিই খুশি।,rangpur,ran_cate_18
sentence_01.wav,dataset/chunks/rangpur/ran_cate_19/sentence_01.wav,আমি লোকসংগীত শুনতে ভালোবাসি।,rangpur,ran_cate_19
sentence_02.wav,dataset/chunks/rangpur/ran_cate_19/sentence_02.wav,তুমি কি আজ রাতে নাচ দেখতে যাবে?,rangpur,ran_cate_19
sentence_03.wav,dataset/chunks/rangpur/ran_cate_19/sentence_03.wav,মেলা খুব সুন্দর।,rangpur,ran_cate_19
sentence_04.wav,dataset/chunks/rangpur/ran_cate_19/sentence_04.wav,তুমি কি পহেলা বৈশাখ উদযাপন করছো?,rangpur,ran_cate_19
sentence_05.wav,dataset/chunks/rangpur/ran_cate_19/sentence_05.wav,আমি একটি লোকনৃত্য শিখছি।,rangpur,ran_cate_19
sentence_06.wav,dataset/chunks/rangpur/ran_cate_19/sentence_06.wav,আজ রাতে আমরা মেলায় যাচ্ছি।,rangpur,ran_cate_19
sentence_07.wav,dataset/chunks/rangpur/ran_cate_19/sentence_07.wav,তুমি কি বাঁশি বাজাতে পারো?,rangpur,ran_cate_19
sentence_08.wav,dataset/chunks/rangpur/ran_cate_19/sentence_08.wav,আমরা পুতুলনাচ দেখেছি।,rangpur,ran_cate_19
sentence_09.wav,dataset/chunks/rangpur/ran_cate_19/sentence_09.wav,মেলায় অনেক লোক আছে।,rangpur,ran_cate_19
sentence_10.wav,dataset/chunks/rangpur/ran_cate_19/sentence_10.wav,তুমি কি ঢাক বাজাতে চাও?,rangpur,ran_cate_19
sentence_11.wav,dataset/chunks/rangpur/ran_cate_19/sentence_11.wav,আমি নাটক দেখতে যাচ্ছি।,rangpur,ran_cate_19
sentence_12.wav,dataset/chunks/rangpur/ran_cate_19/sentence_12.wav,আজকে কাব্য অনুষ্ঠানে যাচ্ছি।,rangpur,ran_cate_19
sentence_13.wav,dataset/chunks/rangpur/ran_cate_19/sentence_13.wav,তুমি কি গান গাইতে পারো?,rangpur,ran_cate_19
sentence_14.wav,dataset/chunks/rangpur/ran_cate_19/sentence_14.wav,লোকনৃত্য খুব সুন্দর।,rangpur,ran_cate_19
sentence_15.wav,dataset/chunks/rangpur/ran_cate_19/sentence_15.wav,আমরা মেলায় পিঠা খেয়েছি।,rangpur,ran_cate_19
sentence_16.wav,dataset/chunks/rangpur/ran_cate_19/sentence_16.wav,তুমি কি আজকে শিল্প প্রদর্শনী দেখেছো?,rangpur,ran_cate_19
sentence_17.wav,dataset/chunks/rangpur/ran_cate_19/sentence_17.wav,আমি রবীন্দ্রনাথের গান শুনতে ভালোবাসি।,rangpur,ran_cate_19
sentence_18.wav,dataset/chunks/rangpur/ran_cate_19/sentence_18.wav,মেলায় খেলার স্টল আছে।,rangpur,ran_cate_19
sentence_19.wav,dataset/chunks/rangpur/ran_cate_19/sentence_19.wav,তুমি কি আজকে ঢোল বাজাচ্ছো?,rangpur,ran_cate_19
sentence_20.wav,dataset/chunks/rangpur/ran_cate_19/sentence_20.wav,আমরা একটি রাস্তানাটক দেখেছি।,rangpur,ran_cate_19
sentence_21.wav,dataset/chunks/rangpur/ran_cate_19/sentence_21.wav,মেলায় অনেক খাবার বিক্রি হচ্ছে।,rangpur,ran_cate_19
sentence_22.wav,dataset/chunks/rangpur/ran_cate_19/sentence_22.wav,তুমি কি আজকে লোকগীতি শোনাচ্ছো?,rangpur,ran_cate_19
sentence_23.wav,dataset/chunks/rangpur/ran_cate_19/sentence_23.wav,আমি নৃত্য প্রতিযোগিতায় অংশ নিচ্ছি।,rangpur,ran_cate_19
sentence_24.wav,dataset/chunks/rangpur/ran_cate_19/sentence_24.wav,মেলায় সাজানো হয়েছে অনেক আলোকসজ্জা।,rangpur,ran_cate_19
sentence_25.wav,dataset/chunks/rangpur/ran_cate_19/sentence_25.wav,তুমি কি আজকে মেলায় গিয়েছো?,rangpur,ran_cate_19
sentence_26.wav,dataset/chunks/rangpur/ran_cate_19/sentence_26.wav,আমরা একটি লোককাহিনী শোনেছি।,rangpur,ran_cate_19
sentence_27.wav,dataset/chunks/rangpur/ran_cate_19/sentence_27.wav,তুমি কি আজকে নাটক দেখেছো?,rangpur,ran_cate_19
sentence_28.wav,dataset/chunks/rangpur/ran_cate_19/sentence_28.wav,আমি পটচিত্র দেখতে ভালোবাসি।,rangpur,ran_cate_19
sentence_29.wav,dataset/chunks/rangpur/ran_cate_19/sentence_29.wav,মেলায় অনেক শিশু খেলছে।,rangpur,ran_cate_19
sentence_30.wav,dataset/chunks/rangpur/ran_cate_19/sentence_30.wav,তুমি কি লোকনৃত্য শিখছো?,rangpur,ran_cate_19
sentence_31.wav,dataset/chunks/rangpur/ran_cate_19/sentence_31.wav,আমরা পুতুলনাচ প্রদর্শনীতে গিয়েছি।,rangpur,ran_cate_19
sentence_32.wav,dataset/chunks/rangpur/ran_cate_19/sentence_32.wav,মেলায় গান বাজানো হচ্ছে।,rangpur,ran_cate_19
sentence_33.wav,dataset/chunks/rangpur/ran_cate_19/sentence_33.wav,তুমি কি শিল্পকর্ম তৈরি করছো?,rangpur,ran_cate_19
sentence_34.wav,dataset/chunks/rangpur/ran_cate_19/sentence_34.wav,আমি লোকসংগীত শোনাচ্ছি।,rangpur,ran_cate_19
sentence_35.wav,dataset/chunks/rangpur/ran_cate_19/sentence_35.wav,মেলায় খেলনা বিক্রি হচ্ছে।,rangpur,ran_cate_19
sentence_36.wav,dataset/chunks/rangpur/ran_cate_19/sentence_36.wav,তুমি কি আজকে পিঠা খেয়েছো?,rangpur,ran_cate_19
sentence_37.wav,dataset/chunks/rangpur/ran_cate_19/sentence_37.wav,আমরা নৃত্য প্রদর্শনীতে অংশ নিয়েছি।,rangpur,ran_cate_19
sentence_38.wav,dataset/chunks/rangpur/ran_cate_19/sentence_38.wav,মেলায় বিভিন্ন খাবার রয়েছে।,rangpur,ran_cate_19
sentence_39.wav,dataset/chunks/rangpur/ran_cate_19/sentence_39.wav,তুমি কি আজকে কাব্য শোনাচ্ছো?,rangpur,ran_cate_19
sentence_40.wav,dataset/chunks/rangpur/ran_cate_19/sentence_40.wav,আমি রবীন্দ্রনাথের গান গাইছি।,rangpur,ran_cate_19
sentence_41.wav,dataset/chunks/rangpur/ran_cate_19/sentence_41.wav,মেলায় রঙিন বাতি জ্বলে।,rangpur,ran_cate_19
sentence_42.wav,dataset/chunks/rangpur/ran_cate_19/sentence_42.wav,তুমি কি আজকে নাটক মঞ্চস্থ করছো?,rangpur,ran_cate_19
sentence_43.wav,dataset/chunks/rangpur/ran_cate_19/sentence_43.wav,আমরা লোকনৃত্য দেখতে যাচ্ছি।,rangpur,ran_cate_19
sentence_44.wav,dataset/chunks/rangpur/ran_cate_19/sentence_44.wav,মেলায় অনেক ছবি তোলা হচ্ছে।,rangpur,ran_cate_19
sentence_45.wav,dataset/chunks/rangpur/ran_cate_19/sentence_45.wav,তুমি কি পুতুলনাচ পছন্দ করো?,rangpur,ran_cate_19
sentence_46.wav,dataset/chunks/rangpur/ran_cate_19/sentence_46.wav,আমি নৃত্য প্রশিক্ষণ নিচ্ছি।,rangpur,ran_cate_19
sentence_47.wav,dataset/chunks/rangpur/ran_cate_19/sentence_47.wav,মেলায় লোকশিল্প প্রদর্শিত হচ্ছে।,rangpur,ran_cate_19
sentence_48.wav,dataset/chunks/rangpur/ran_cate_19/sentence_48.wav,তুমি কি আজকে গান শোনাচ্ছো?,rangpur,ran_cate_19
sentence_49.wav,dataset/chunks/rangpur/ran_cate_19/sentence_49.wav,আমরা মেলায় হস্তশিল্প কিনেছি।,rangpur,ran_cate_19
sentence_50.wav,dataset/chunks/rangpur/ran_cate_19/sentence_50.wav,মেলায় অনেক লোক আনন্দ করছে।,rangpur,ran_cate_19
sentence_51.wav,dataset/chunks/rangpur/ran_cate_19/sentence_51.wav,তুমি কি আজকে মেলার খেলা খেলেছো?,rangpur,ran_cate_19
sentence_52.wav,dataset/chunks/rangpur/ran_cate_19/sentence_52.wav,আমি লোকনৃত্য প্রদর্শনীতে গিয়েছি।,rangpur,ran_cate_19
sentence_53.wav,dataset/chunks/rangpur/ran_cate_19/sentence_53.wav,মেলায় মিষ্টি বিক্রি হচ্ছে।,rangpur,ran_cate_19
sentence_54.wav,dataset/chunks/rangpur/ran_cate_19/sentence_54.wav,তুমি কি আজকে রাস্তানাটক দেখেছো?,rangpur,ran_cate_19
sentence_55.wav,dataset/chunks/rangpur/ran_cate_19/sentence_55.wav,আমি পুতুলনাচ তৈরি করছি।,rangpur,ran_cate_19
sentence_56.wav,dataset/chunks/rangpur/ran_cate_19/sentence_56.wav,মেলায় বিভিন্ন নাচ প্রদর্শিত হচ্ছে।,rangpur,ran_cate_19
sentence_57.wav,dataset/chunks/rangpur/ran_cate_19/sentence_57.wav,তুমি কি আজকে শিল্প প্রদর্শনীতে গিয়েছো?,rangpur,ran_cate_19
sentence_58.wav,dataset/chunks/rangpur/ran_cate_19/sentence_58.wav,আমরা মেলায় গান শুনেছি।,rangpur,ran_cate_19
sentence_59.wav,dataset/chunks/rangpur/ran_cate_19/sentence_59.wav,মেলায় লোকসংগীত বাজানো হয়েছে।,rangpur,ran_cate_19
sentence_60.wav,dataset/chunks/rangpur/ran_cate_19/sentence_60.wav,তুমি কি আজকে পিঠা খেয়েছো?,rangpur,ran_cate_19
sentence_61.wav,dataset/chunks/rangpur/ran_cate_19/sentence_61.wav,আমি নৃত্য প্রশিক্ষণে অংশ নিচ্ছি।,rangpur,ran_cate_19
sentence_62.wav,dataset/chunks/rangpur/ran_cate_19/sentence_62.wav,মেলায় খেলা প্রদর্শনী হয়েছে।,rangpur,ran_cate_19
sentence_63.wav,dataset/chunks/rangpur/ran_cate_19/sentence_63.wav,তুমি কি আজকে রঙিন লাইট দেখেছো?,rangpur,ran_cate_19
sentence_64.wav,dataset/chunks/rangpur/ran_cate_19/sentence_64.wav,আমরা মেলায় হস্তশিল্প শিখেছি।,rangpur,ran_cate_19
sentence_65.wav,dataset/chunks/rangpur/ran_cate_19/sentence_65.wav,মেলায় লোককাহিনী বলা হয়েছে।,rangpur,ran_cate_19
sentence_66.wav,dataset/chunks/rangpur/ran_cate_19/sentence_66.wav,তুমি কি আজকে কাব্য শোনেছো?,rangpur,ran_cate_19
sentence_67.wav,dataset/chunks/rangpur/ran_cate_19/sentence_67.wav,আমি মেলায় গিয়েছি।,rangpur,ran_cate_19
sentence_68.wav,dataset/chunks/rangpur/ran_cate_19/sentence_68.wav,মেলায় নাটক প্রদর্শিত হয়েছে।,rangpur,ran_cate_19
sentence_69.wav,dataset/chunks/rangpur/ran_cate_19/sentence_69.wav,তুমি কি আজকে গান গেয়েছো?,rangpur,ran_cate_19
sentence_70.wav,dataset/chunks/rangpur/ran_cate_19/sentence_70.wav,আমরা মেলায় নাচ উপভোগ করেছি।,rangpur,ran_cate_19
sentence_01.wav,dataset/chunks/sylhet/syl_cate_01/sentence_01.wav,আপনি কোথা থেকে এসেছেন?,sylhet,syl_cate_01
sentence_02.wav,dataset/chunks/sylhet/syl_cate_01/sentence_02.wav,আপনার নাম কী?,sylhet,syl_cate_01
sentence_03.wav,dataset/chunks/sylhet/syl_cate_01/sentence_03.wav,আমার নাম জন।,sylhet,syl_cate_01
sentence_04.wav,dataset/chunks/sylhet/syl_cate_01/sentence_04.wav,আপনার সাথে পরিচিত হয়ে ভালো লাগলো।,sylhet,syl_cate_01
sentence_05.wav,dataset/chunks/sylhet/syl_cate_01/sentence_05.wav,আমি এই এলাকায় নতুন।,sylhet,syl_cate_01
sentence_06.wav,dataset/chunks/sylhet/syl_cate_01/sentence_06.wav,আপনি কি এখানে থাকেন?,sylhet,syl_cate_01
sentence_07.wav,dataset/chunks/sylhet/syl_cate_01/sentence_07.wav,আপনি কি প্রথমবার এখানে এসেছেন?,sylhet,syl_cate_01
sentence_08.wav,dataset/chunks/sylhet/syl_cate_01/sentence_08.wav,আমি বাংলাদেশে ভ্রমণে এসেছি।,sylhet,syl_cate_01
sentence_09.wav,dataset/chunks/sylhet/syl_cate_01/sentence_09.wav,আপনি কী করেন?,sylhet,syl_cate_01
sentence_10.wav,dataset/chunks/sylhet/syl_cate_01/sentence_10.wav,আমি একজন ছাত্র।,sylhet,syl_cate_01
sentence_11.wav,dataset/chunks/sylhet/syl_cate_01/sentence_11.wav,আপনার বাড়ি কোথায়?,sylhet,syl_cate_01
sentence_12.wav,dataset/chunks/sylhet/syl_cate_01/sentence_12.wav,আপনি কেমন আছেন?,sylhet,syl_cate_01
sentence_13.wav,dataset/chunks/sylhet/syl_cate_01/sentence_13.wav,আমি ভালো আছি।,sylhet,syl_cate_01
sentence_14.wav,dataset/chunks/sylhet/syl_cate_01/sentence_14.wav,অনেক দিন পর দেখা হলো।,sylhet,syl_cate_01
sentence_15.wav,dataset/chunks/sylhet/syl_cate_01/sentence_15.wav,আপনাকে আবার দেখে ভালো লাগছে।,sylhet,syl_cate_01
sentence_16.wav,dataset/chunks/sylhet/syl_cate_01/sentence_16.wav,আপনি কি আমাকে সাহায্য করতে পারবেন?,sylhet,syl_cate_01
sentence_17.wav,dataset/chunks/sylhet/syl_cate_01/sentence_17.wav,আপনার সাথে কথা বলে ভালো লাগছে।,sylhet,syl_cate_01
sentence_18.wav,dataset/chunks/sylhet/syl_cate_01/sentence_18.wav,আমি এখানে কাজের জন্য এসেছি।,sylhet,syl_cate_01
sentence_19.wav,dataset/chunks/sylhet/syl_cate_01/sentence_19.wav,আপনি কোন দেশ থেকে এসেছেন?,sylhet,syl_cate_01
sentence_20.wav,dataset/chunks/sylhet/syl_cate_01/sentence_20.wav,আমি ইংরেজি বলতে পারি।,sylhet,syl_cate_01
sentence_21.wav,dataset/chunks/sylhet/syl_cate_01/sentence_21.wav,আপনি কি বাংলা বলতে পারেন?,sylhet,syl_cate_01
sentence_22.wav,dataset/chunks/sylhet/syl_cate_01/sentence_22.wav,আমি বাংলা শিখছি।,sylhet,syl_cate_01
sentence_23.wav,dataset/chunks/sylhet/syl_cate_01/sentence_23.wav,ধন্যবাদ আপনাকে।,sylhet,syl_cate_01
sentence_24.wav,dataset/chunks/sylhet/syl_cate_01/sentence_24.wav,আপনাকে স্বাগতম।,sylhet,syl_cate_01
sentence_25.wav,dataset/chunks/sylhet/syl_cate_01/sentence_25.wav,আপনার বয়স কত?,sylhet,syl_cate_01
sentence_26.wav,dataset/chunks/sylhet/syl_cate_01/sentence_26.wav,আমি এখানে পড়াশোনা করছি।,sylhet,syl_cate_01
sentence_27.wav,dataset/chunks/sylhet/syl_cate_01/sentence_27.wav,আমি এই শহরটি পছন্দ করি।,sylhet,syl_cate_01
sentence_28.wav,dataset/chunks/sylhet/syl_cate_01/sentence_28.wav,আপনার পরিবার কেমন আছে?,sylhet,syl_cate_01
sentence_29.wav,dataset/chunks/sylhet/syl_cate_01/sentence_29.wav,আপনার সাথে দেখা করতে পেরে আনন্দিত।,sylhet,syl_cate_01
sentence_30.wav,dataset/chunks/sylhet/syl_cate_01/sentence_30.wav,আপনি কি এখানে দীর্ঘদিন থাকবেন?,sylhet,syl_cate_01
sentence_31.wav,dataset/chunks/sylhet/syl_cate_01/sentence_31.wav,আমি কয়েকদিনের জন্য এসেছি।,sylhet,syl_cate_01
sentence_32.wav,dataset/chunks/sylhet/syl_cate_01/sentence_32.wav,আপনার সাথে যোগাযোগ রাখতে চাই।,sylhet,syl_cate_01
sentence_33.wav,dataset/chunks/sylhet/syl_cate_01/sentence_33.wav,এটা আমার প্রথম সফর।,sylhet,syl_cate_01
sentence_34.wav,dataset/chunks/sylhet/syl_cate_01/sentence_34.wav,আমি আপনার দেশ সম্পর্কে জানতে চাই।,sylhet,syl_cate_01
sentence_35.wav,dataset/chunks/sylhet/syl_cate_01/sentence_35.wav,আপনি কোথায় কাজ করেন?,sylhet,syl_cate_01
sentence_36.wav,dataset/chunks/sylhet/syl_cate_01/sentence_36.wav,আপনার ফোন নম্বর দিতে পারেন?,sylhet,syl_cate_01
sentence_37.wav,dataset/chunks/sylhet/syl_cate_01/sentence_37.wav,আমি আপনার সাথে পরে কথা বলবো।,sylhet,syl_cate_01
sentence_38.wav,dataset/chunks/sylhet/syl_cate_01/sentence_38.wav,আপনাকে দেখে ভালো লাগলো।,sylhet,syl_cate_01
sentence_39.wav,dataset/chunks/sylhet/syl_cate_01/sentence_39.wav,আপনি কি এখানে একা এসেছেন?,sylhet,syl_cate_01
sentence_40.wav,dataset/chunks/sylhet/syl_cate_01/sentence_40.wav,আমি আমার বন্ধুর সাথে এসেছি।,sylhet,syl_cate_01
sentence_41.wav,dataset/chunks/sylhet/syl_cate_01/sentence_41.wav,আপনার পেশা কী?,sylhet,syl_cate_01
sentence_42.wav,dataset/chunks/sylhet/syl_cate_01/sentence_42.wav,আমি একজন শিক্ষক।,sylhet,syl_cate_01
sentence_43.wav,dataset/chunks/sylhet/syl_cate_01/sentence_43.wav,আপনার সাথে কাজ করতে চাই।,sylhet,syl_cate_01
sentence_44.wav,dataset/chunks/sylhet/syl_cate_01/sentence_44.wav,আজকে আবহাওয়া সুন্দর।,sylhet,syl_cate_01
sentence_45.wav,dataset/chunks/sylhet/syl_cate_01/sentence_45.wav,আপনি কি এখানে থাকেন নাকি ভ্রমণে এসেছেন?,sylhet,syl_cate_01
sentence_46.wav,dataset/chunks/sylhet/syl_cate_01/sentence_46.wav,আমি এই জায়গাটি প্রথমবার দেখছি।,sylhet,syl_cate_01
sentence_47.wav,dataset/chunks/sylhet/syl_cate_01/sentence_47.wav,আপনার সাথে পরিচয় হওয়া আমার জন্য সম্মানের।,sylhet,syl_cate_01
sentence_48.wav,dataset/chunks/sylhet/syl_cate_01/sentence_48.wav,আপনি কোন ভাষায় কথা বলেন?,sylhet,syl_cate_01
sentence_49.wav,dataset/chunks/sylhet/syl_cate_01/sentence_49.wav,আমি আপনার কাছ থেকে শিখতে চাই।,sylhet,syl_cate_01
sentence_50.wav,dataset/chunks/sylhet/syl_cate_01/sentence_50.wav,আমি খুব আনন্দিত।,sylhet,syl_cate_01
sentence_51.wav,dataset/chunks/sylhet/syl_cate_01/sentence_51.wav,আপনার দিনটি কেমন কাটছে?,sylhet,syl_cate_01
sentence_52.wav,dataset/chunks/sylhet/syl_cate_01/sentence_52.wav,আমি একটু দেরি করেছি।,sylhet,syl_cate_01
sentence_53.wav,dataset/chunks/sylhet/syl_cate_01/sentence_53.wav,আপনাকে অপেক্ষা করানোর জন্য দুঃখিত।,sylhet,syl_cate_01
sentence_54.wav,dataset/chunks/sylhet/syl_cate_01/sentence_54.wav,আপনার সাথে আবার দেখা হবে আশা করি।,sylhet,syl_cate_01
sentence_55.wav,dataset/chunks/sylhet/syl_cate_01/sentence_55.wav,আপনি কি কাছাকাছি থাকেন?,sylhet,syl_cate_01
sentence_56.wav,dataset/chunks/sylhet/syl_cate_01/sentence_56.wav,আমি আপনার সাহায্যের জন্য কৃতজ্ঞ।,sylhet,syl_cate_01
sentence_57.wav,dataset/chunks/sylhet/syl_cate_01/sentence_57.wav,আপনাকে শুভেচ্ছা জানাই।,sylhet,syl_cate_01
sentence_58.wav,dataset/chunks/sylhet/syl_cate_01/sentence_58.wav,আপনার দিনটি শুভ হোক।,sylhet,syl_cate_01
sentence_59.wav,dataset/chunks/sylhet/syl_cate_01/sentence_59.wav,আপনার সাথে কথা বলা আনন্দের ছিল।,sylhet,syl_cate_01
sentence_60.wav,dataset/chunks/sylhet/syl_cate_01/sentence_60.wav,আমি আপনাকে সম্মান করি।,sylhet,syl_cate_01
sentence_61.wav,dataset/chunks/sylhet/syl_cate_01/sentence_61.wav,আমি এখানে কাজ শুরু করেছি।,sylhet,syl_cate_01
sentence_62.wav,dataset/chunks/sylhet/syl_cate_01/sentence_62.wav,আপনি কখন এসেছেন?,sylhet,syl_cate_01
sentence_63.wav,dataset/chunks/sylhet/syl_cate_01/sentence_63.wav,আমি গতকাল এসেছি।,sylhet,syl_cate_01
sentence_64.wav,dataset/chunks/sylhet/syl_cate_01/sentence_64.wav,আপনি কতদিন থাকবেন?,sylhet,syl_cate_01
sentence_65.wav,dataset/chunks/sylhet/syl_cate_01/sentence_65.wav,আমি এক সপ্তাহ থাকবো।,sylhet,syl_cate_01
sentence_66.wav,dataset/chunks/sylhet/syl_cate_01/sentence_66.wav,আপনার সাথে বন্ধুত্ব করতে চাই।,sylhet,syl_cate_01
sentence_67.wav,dataset/chunks/sylhet/syl_cate_01/sentence_67.wav,আপনি খুব ভদ্র মানুষ।,sylhet,syl_cate_01
sentence_68.wav,dataset/chunks/sylhet/syl_cate_01/sentence_68.wav,আমি আপনাকে ধন্যবাদ জানাই।,sylhet,syl_cate_01
sentence_69.wav,dataset/chunks/sylhet/syl_cate_01/sentence_69.wav,আপনার সাথে দেখা হওয়া সৌভাগ্যের।,sylhet,syl_cate_01
sentence_70.wav,dataset/chunks/sylhet/syl_cate_01/sentence_70.wav,আমি আপনার সাথে আবার যোগাযোগ করবো।,sylhet,syl_cate_01
sentence_01.wav,dataset/chunks/sylhet/syl_cate_02/sentence_01.wav,বাস স্ট্যান্ড কোথায়?,sylhet,syl_cate_02
sentence_02.wav,dataset/chunks/sylhet/syl_cate_02/sentence_02.wav,এই রাস্তাটি কোথায় যায়?,sylhet,syl_cate_02
sentence_03.wav,dataset/chunks/sylhet/syl_cate_02/sentence_03.wav,রেলওয়ে স্টেশন কত দূরে?,sylhet,syl_cate_02
sentence_04.wav,dataset/chunks/sylhet/syl_cate_02/sentence_04.wav,বিমানবন্দর যাওয়ার রাস্তা কোনটি?,sylhet,syl_cate_02
sentence_05.wav,dataset/chunks/sylhet/syl_cate_02/sentence_05.wav,বাজারে যেতে কোন বাসে উঠবো?,sylhet,syl_cate_02
sentence_06.wav,dataset/chunks/sylhet/syl_cate_02/sentence_06.wav,এই বাস কি ঢাকায় যাবে?,sylhet,syl_cate_02
sentence_07.wav,dataset/chunks/sylhet/syl_cate_02/sentence_07.wav,ভাড়া কত?,sylhet,syl_cate_02
sentence_08.wav,dataset/chunks/sylhet/syl_cate_02/sentence_08.wav,রিকশার ভাড়া কত নেবেন?,sylhet,syl_cate_02
sentence_09.wav,dataset/chunks/sylhet/syl_cate_02/sentence_09.wav,আমাকে হাসপাতালে নিয়ে চলুন।,sylhet,syl_cate_02
sentence_10.wav,dataset/chunks/sylhet/syl_cate_02/sentence_10.wav,এই ট্রেন কখন ছাড়বে?,sylhet,syl_cate_02
sentence_11.wav,dataset/chunks/sylhet/syl_cate_02/sentence_11.wav,ট্রেন কত নম্বর প্ল্যাটফর্মে আসবে?,sylhet,syl_cate_02
sentence_12.wav,dataset/chunks/sylhet/syl_cate_02/sentence_12.wav,এখানে কি টিকিট কাউন্টার আছে?,sylhet,syl_cate_02
sentence_13.wav,dataset/chunks/sylhet/syl_cate_02/sentence_13.wav,"এক টিকিট দিন, চট্টগ্রামের জন্য।",sylhet,syl_cate_02
sentence_14.wav,dataset/chunks/sylhet/syl_cate_02/sentence_14.wav,বাস কখন ছাড়বে?,sylhet,syl_cate_02
sentence_15.wav,dataset/chunks/sylhet/syl_cate_02/sentence_15.wav,এই রাস্তায় কি যানজট হয়?,sylhet,syl_cate_02
sentence_16.wav,dataset/chunks/sylhet/syl_cate_02/sentence_16.wav,সোজা গেলে কি ব্যাংক পাবো?,sylhet,syl_cate_02
sentence_17.wav,dataset/chunks/sylhet/syl_cate_02/sentence_17.wav,ডানদিকে গেলে কি হাসপাতাল?,sylhet,syl_cate_02
sentence_18.wav,dataset/chunks/sylhet/syl_cate_02/sentence_18.wav,বামদিকে মোড় নিন।,sylhet,syl_cate_02
sentence_19.wav,dataset/chunks/sylhet/syl_cate_02/sentence_19.wav,সোজা এগিয়ে যান।,sylhet,syl_cate_02
sentence_20.wav,dataset/chunks/sylhet/syl_cate_02/sentence_20.wav,এই জায়গাটা কত দূরে?,sylhet,syl_cate_02
sentence_21.wav,dataset/chunks/sylhet/syl_cate_02/sentence_21.wav,হাঁটলে কত সময় লাগবে?,sylhet,syl_cate_02
sentence_22.wav,dataset/chunks/sylhet/syl_cate_02/sentence_22.wav,গাড়ি পাওয়া যাবে কোথায়?,sylhet,syl_cate_02
sentence_23.wav,dataset/chunks/sylhet/syl_cate_02/sentence_23.wav,এখানে কি উবার পাওয়া যায়?,sylhet,syl_cate_02
sentence_24.wav,dataset/chunks/sylhet/syl_cate_02/sentence_24.wav,আপনি কি আমাকে পথ দেখাতে পারবেন?,sylhet,syl_cate_02
sentence_25.wav,dataset/chunks/sylhet/syl_cate_02/sentence_25.wav,এই রাস্তা কি নিরাপদ?,sylhet,syl_cate_02
sentence_26.wav,dataset/chunks/sylhet/syl_cate_02/sentence_26.wav,এখানে কি পার্কিং আছে?,sylhet,syl_cate_02
sentence_27.wav,dataset/chunks/sylhet/syl_cate_02/sentence_27.wav,গাড়ি রাখার জায়গা কোথায়?,sylhet,syl_cate_02
sentence_28.wav,dataset/chunks/sylhet/syl_cate_02/sentence_28.wav,এই ট্রেন কি সময়মতো আসবে?,sylhet,syl_cate_02
sentence_29.wav,dataset/chunks/sylhet/syl_cate_02/sentence_29.wav,বাসে কি সিট খালি আছে?,sylhet,syl_cate_02
sentence_30.wav,dataset/chunks/sylhet/syl_cate_02/sentence_30.wav,এই বাস কি সরাসরি যাবে?,sylhet,syl_cate_02
sentence_31.wav,dataset/chunks/sylhet/syl_cate_02/sentence_31.wav,মাঝপথে কি নামতে পারবো?,sylhet,syl_cate_02
sentence_32.wav,dataset/chunks/sylhet/syl_cate_02/sentence_32.wav,আমাকে পরের স্টপে নামিয়ে দিন।,sylhet,syl_cate_02
sentence_33.wav,dataset/chunks/sylhet/syl_cate_02/sentence_33.wav,এই রাস্তা কি শর্টকাট?,sylhet,syl_cate_02
sentence_34.wav,dataset/chunks/sylhet/syl_cate_02/sentence_34.wav,এখানে কি ট্যাক্সি স্ট্যান্ড আছে?,sylhet,syl_cate_02
sentence_35.wav,dataset/chunks/sylhet/syl_cate_02/sentence_35.wav,গন্তব্যে পৌঁছাতে কত সময় লাগবে?,sylhet,syl_cate_02
sentence_36.wav,dataset/chunks/sylhet/syl_cate_02/sentence_36.wav,রিকশা কি পাওয়া যাবে?,sylhet,syl_cate_02
sentence_37.wav,dataset/chunks/sylhet/syl_cate_02/sentence_37.wav,ট্রেন কি দেরি করছে?,sylhet,syl_cate_02
sentence_38.wav,dataset/chunks/sylhet/syl_cate_02/sentence_38.wav,এই বাস কোথায় থামে?,sylhet,syl_cate_02
sentence_39.wav,dataset/chunks/sylhet/syl_cate_02/sentence_39.wav,আপনারা কি রাতের বাস চালান?,sylhet,syl_cate_02
sentence_40.wav,dataset/chunks/sylhet/syl_cate_02/sentence_40.wav,শেষ বাস কখন?,sylhet,syl_cate_02
sentence_41.wav,dataset/chunks/sylhet/syl_cate_02/sentence_41.wav,এই রাস্তা কি বন্ধ?,sylhet,syl_cate_02
sentence_42.wav,dataset/chunks/sylhet/syl_cate_02/sentence_42.wav,বিকল্প রাস্তা কোনটি?,sylhet,syl_cate_02
sentence_43.wav,dataset/chunks/sylhet/syl_cate_02/sentence_43.wav,এখানে কি সিগন্যাল আছে?,sylhet,syl_cate_02
sentence_44.wav,dataset/chunks/sylhet/syl_cate_02/sentence_44.wav,রাস্তা কি মেরামত হচ্ছে?,sylhet,syl_cate_02
sentence_45.wav,dataset/chunks/sylhet/syl_cate_02/sentence_45.wav,আমাকে বিশ্ববিদ্যালয়ে যেতে হবে।,sylhet,syl_cate_02
sentence_46.wav,dataset/chunks/sylhet/syl_cate_02/sentence_46.wav,বিশ্ববিদ্যালয়ের বাস কোথা থেকে ছাড়ে?,sylhet,syl_cate_02
sentence_47.wav,dataset/chunks/sylhet/syl_cate_02/sentence_47.wav,টিকিটের দাম কত?,sylhet,syl_cate_02
sentence_48.wav,dataset/chunks/sylhet/syl_cate_02/sentence_48.wav,এখানে কি মেট্রো স্টেশন আছে?,sylhet,syl_cate_02
sentence_49.wav,dataset/chunks/sylhet/syl_cate_02/sentence_49.wav,মেট্রো কখন ছাড়ে?,sylhet,syl_cate_02
sentence_50.wav,dataset/chunks/sylhet/syl_cate_02/sentence_50.wav,এই রাস্তা কি প্রধান সড়ক?,sylhet,syl_cate_02
sentence_51.wav,dataset/chunks/sylhet/syl_cate_02/sentence_51.wav,আমাকে থানায় যেতে হবে।,sylhet,syl_cate_02
sentence_52.wav,dataset/chunks/sylhet/syl_cate_02/sentence_52.wav,পুলিশ স্টেশন কোথায়?,sylhet,syl_cate_02
sentence_53.wav,dataset/chunks/sylhet/syl_cate_02/sentence_53.wav,এই এলাকায় কি বাস চলে?,sylhet,syl_cate_02
sentence_54.wav,dataset/chunks/sylhet/syl_cate_02/sentence_54.wav,এখানে কি সিএনজি পাওয়া যায়?,sylhet,syl_cate_02
sentence_55.wav,dataset/chunks/sylhet/syl_cate_02/sentence_55.wav,আমাকে দ্রুত পৌঁছাতে হবে।,sylhet,syl_cate_02
sentence_56.wav,dataset/chunks/sylhet/syl_cate_02/sentence_56.wav,এখানে কি ফেরি ঘাট আছে?,sylhet,syl_cate_02
sentence_57.wav,dataset/chunks/sylhet/syl_cate_02/sentence_57.wav,ফেরি কখন ছাড়বে?,sylhet,syl_cate_02
sentence_58.wav,dataset/chunks/sylhet/syl_cate_02/sentence_58.wav,নদী পার হতে কত সময় লাগবে?,sylhet,syl_cate_02
sentence_59.wav,dataset/chunks/sylhet/syl_cate_02/sentence_59.wav,এই ট্রেন কি এক্সপ্রেস?,sylhet,syl_cate_02
sentence_60.wav,dataset/chunks/sylhet/syl_cate_02/sentence_60.wav,এখানে কি বাস বদলাতে হবে?,sylhet,syl_cate_02
sentence_61.wav,dataset/chunks/sylhet/syl_cate_02/sentence_61.wav,এই বাস কি এয়ারকন্ডিশন্ড?,sylhet,syl_cate_02
sentence_62.wav,dataset/chunks/sylhet/syl_cate_02/sentence_62.wav,রাস্তায় কি টোল দিতে হয়?,sylhet,syl_cate_02
sentence_63.wav,dataset/chunks/sylhet/syl_cate_02/sentence_63.wav,টোল কত?,sylhet,syl_cate_02
sentence_64.wav,dataset/chunks/sylhet/syl_cate_02/sentence_64.wav,এখানে কি রাস্তা নিরাপদ রাতে?,sylhet,syl_cate_02
sentence_65.wav,dataset/chunks/sylhet/syl_cate_02/sentence_65.wav,আমি পথ হারিয়ে ফেলেছি।,sylhet,syl_cate_02
sentence_66.wav,dataset/chunks/sylhet/syl_cate_02/sentence_66.wav,আমাকে মানচিত্র দেখাতে পারবেন?,sylhet,syl_cate_02
sentence_67.wav,dataset/chunks/sylhet/syl_cate_02/sentence_67.wav,কাছাকাছি কোন হোটেল আছে?,sylhet,syl_cate_02
sentence_68.wav,dataset/chunks/sylhet/syl_cate_02/sentence_68.wav,এই এলাকা কি শহরের ভেতরে?,sylhet,syl_cate_02
sentence_69.wav,dataset/chunks/sylhet/syl_cate_02/sentence_69.wav,এখানে কি ট্রাফিক বেশি?,sylhet,syl_cate_02
sentence_70.wav,dataset/chunks/sylhet/syl_cate_02/sentence_70.wav,আমাকে সঠিক দিকটি বলুন।,sylhet,syl_cate_02
sentence_01.wav,dataset/chunks/sylhet/syl_cate_03/sentence_01.wav,এই জিনিসটির দাম কত?,sylhet,syl_cate_03
sentence_02.wav,dataset/chunks/sylhet/syl_cate_03/sentence_02.wav,দাম একটু কম হবে?,sylhet,syl_cate_03
sentence_03.wav,dataset/chunks/sylhet/syl_cate_03/sentence_03.wav,এক কেজি চাল দিন।,sylhet,syl_cate_03
sentence_04.wav,dataset/chunks/sylhet/syl_cate_03/sentence_04.wav,আধা কেজি চিনি দিন।,sylhet,syl_cate_03
sentence_05.wav,dataset/chunks/sylhet/syl_cate_03/sentence_05.wav,এটা কি দেশি পণ্য?,sylhet,syl_cate_03
sentence_06.wav,dataset/chunks/sylhet/syl_cate_03/sentence_06.wav,এটা কি বিদেশি পণ্য?,sylhet,syl_cate_03
sentence_07.wav,dataset/chunks/sylhet/syl_cate_03/sentence_07.wav,একটু ভালো মানের দেখান।,sylhet,syl_cate_03
sentence_08.wav,dataset/chunks/sylhet/syl_cate_03/sentence_08.wav,এর থেকে সস্তা কিছু আছে?,sylhet,syl_cate_03
sentence_09.wav,dataset/chunks/sylhet/syl_cate_03/sentence_09.wav,এটা খুব দামী।,sylhet,syl_cate_03
sentence_10.wav,dataset/chunks/sylhet/syl_cate_03/sentence_10.wav,আমি এটা কিনতে চাই।,sylhet,syl_cate_03
sentence_11.wav,dataset/chunks/sylhet/syl_cate_03/sentence_11.wav,আপনার কাছে কি তাজা সবজি আছে?,sylhet,syl_cate_03
sentence_12.wav,dataset/chunks/sylhet/syl_cate_03/sentence_12.wav,এই ফলগুলো কি আজকের?,sylhet,syl_cate_03
sentence_13.wav,dataset/chunks/sylhet/syl_cate_03/sentence_13.wav,এক ডজন ডিম দিন।,sylhet,syl_cate_03
sentence_14.wav,dataset/chunks/sylhet/syl_cate_03/sentence_14.wav,কত টাকা হলো?,sylhet,syl_cate_03
sentence_15.wav,dataset/chunks/sylhet/syl_cate_03/sentence_15.wav,আমি নগদ পরিশোধ করবো।,sylhet,syl_cate_03
sentence_16.wav,dataset/chunks/sylhet/syl_cate_03/sentence_16.wav,মোবাইল ব্যাংকিং নেওয়া হয়?,sylhet,syl_cate_03
sentence_17.wav,dataset/chunks/sylhet/syl_cate_03/sentence_17.wav,বিকাশে টাকা দিতে পারি?,sylhet,syl_cate_03
sentence_18.wav,dataset/chunks/sylhet/syl_cate_03/sentence_18.wav,একটি ব্যাগ দেবেন?,sylhet,syl_cate_03
sentence_19.wav,dataset/chunks/sylhet/syl_cate_03/sentence_19.wav,এই কাপড়ের রং কি উঠবে?,sylhet,syl_cate_03
sentence_20.wav,dataset/chunks/sylhet/syl_cate_03/sentence_20.wav,এই শার্টের অন্য সাইজ আছে?,sylhet,syl_cate_03
sentence_21.wav,dataset/chunks/sylhet/syl_cate_03/sentence_21.wav,ছোট সাইজ দেখান।,sylhet,syl_cate_03
sentence_22.wav,dataset/chunks/sylhet/syl_cate_03/sentence_22.wav,বড় সাইজ আছে?,sylhet,syl_cate_03
sentence_23.wav,dataset/chunks/sylhet/syl_cate_03/sentence_23.wav,আমি নীল রঙেরটি চাই।,sylhet,syl_cate_03
sentence_24.wav,dataset/chunks/sylhet/syl_cate_03/sentence_24.wav,অন্য রং আছে?,sylhet,syl_cate_03
sentence_25.wav,dataset/chunks/sylhet/syl_cate_03/sentence_25.wav,এটা কি আসল পণ্য?,sylhet,syl_cate_03
sentence_26.wav,dataset/chunks/sylhet/syl_cate_03/sentence_26.wav,গ্যারান্টি আছে?,sylhet,syl_cate_03
sentence_27.wav,dataset/chunks/sylhet/syl_cate_03/sentence_27.wav,রসিদ দিন।,sylhet,syl_cate_03
sentence_28.wav,dataset/chunks/sylhet/syl_cate_03/sentence_28.wav,আমি পরে এসে নেব।,sylhet,syl_cate_03
sentence_29.wav,dataset/chunks/sylhet/syl_cate_03/sentence_29.wav,এটা কি ছাড়ে দেওয়া যাবে?,sylhet,syl_cate_03
sentence_30.wav,dataset/chunks/sylhet/syl_cate_03/sentence_30.wav,আজ কি কোনো অফার আছে?,sylhet,syl_cate_03
sentence_31.wav,dataset/chunks/sylhet/syl_cate_03/sentence_31.wav,আমি পাইকারি কিনতে চাই।,sylhet,syl_cate_03
sentence_32.wav,dataset/chunks/sylhet/syl_cate_03/sentence_32.wav,পাইকারি দাম কত?,sylhet,syl_cate_03
sentence_33.wav,dataset/chunks/sylhet/syl_cate_03/sentence_33.wav,এই পণ্যটি নতুন এসেছে?,sylhet,syl_cate_03
sentence_34.wav,dataset/chunks/sylhet/syl_cate_03/sentence_34.wav,এর মেয়াদ কতদিন?,sylhet,syl_cate_03
sentence_35.wav,dataset/chunks/sylhet/syl_cate_03/sentence_35.wav,এই ওষুধের মেয়াদ শেষ হয়েছে?,sylhet,syl_cate_03
sentence_36.wav,dataset/chunks/sylhet/syl_cate_03/sentence_36.wav,আমাকে ভালো মানের চাল দিন।,sylhet,syl_cate_03
sentence_37.wav,dataset/chunks/sylhet/syl_cate_03/sentence_37.wav,এই মাছটি কি তাজা?,sylhet,syl_cate_03
sentence_38.wav,dataset/chunks/sylhet/syl_cate_03/sentence_38.wav,এই মাংস কত কেজি?,sylhet,syl_cate_03
sentence_39.wav,dataset/chunks/sylhet/syl_cate_03/sentence_39.wav,এক কেজির কম হবে না।,sylhet,syl_cate_03
sentence_40.wav,dataset/chunks/sylhet/syl_cate_03/sentence_40.wav,একটু কম করে দিন।,sylhet,syl_cate_03
sentence_41.wav,dataset/chunks/sylhet/syl_cate_03/sentence_41.wav,আমি দরদাম করতে চাই।,sylhet,syl_cate_03
sentence_42.wav,dataset/chunks/sylhet/syl_cate_03/sentence_42.wav,চূড়ান্ত দাম কত?,sylhet,syl_cate_03
sentence_43.wav,dataset/chunks/sylhet/syl_cate_03/sentence_43.wav,এই জুতাটি কি টেকসই?,sylhet,syl_cate_03
sentence_44.wav,dataset/chunks/sylhet/syl_cate_03/sentence_44.wav,এই মোবাইলের দাম কত?,sylhet,syl_cate_03
sentence_45.wav,dataset/chunks/sylhet/syl_cate_03/sentence_45.wav,এই ফোনে কি গ্যারান্টি আছে?,sylhet,syl_cate_03
sentence_46.wav,dataset/chunks/sylhet/syl_cate_03/sentence_46.wav,চার্জারটি আলাদা কিনতে হবে?,sylhet,syl_cate_03
sentence_47.wav,dataset/chunks/sylhet/syl_cate_03/sentence_47.wav,এটি কি ক্যাশ অন ডেলিভারি?,sylhet,syl_cate_03
sentence_48.wav,dataset/chunks/sylhet/syl_cate_03/sentence_48.wav,আমি অর্ডার দিতে চাই।,sylhet,syl_cate_03
sentence_49.wav,dataset/chunks/sylhet/syl_cate_03/sentence_49.wav,পণ্যটি কখন ডেলিভারি হবে?,sylhet,syl_cate_03
sentence_50.wav,dataset/chunks/sylhet/syl_cate_03/sentence_50.wav,এই দোকান কখন বন্ধ হয়?,sylhet,syl_cate_03
sentence_51.wav,dataset/chunks/sylhet/syl_cate_03/sentence_51.wav,আমি একটা উপহার কিনতে চাই।,sylhet,syl_cate_03
sentence_52.wav,dataset/chunks/sylhet/syl_cate_03/sentence_52.wav,উপহার মোড়ানো হবে?,sylhet,syl_cate_03
sentence_53.wav,dataset/chunks/sylhet/syl_cate_03/sentence_53.wav,এটি কি ফেরত দেওয়া যাবে?,sylhet,syl_cate_03
sentence_54.wav,dataset/chunks/sylhet/syl_cate_03/sentence_54.wav,রিটার্ন পলিসি কী?,sylhet,syl_cate_03
sentence_55.wav,dataset/chunks/sylhet/syl_cate_03/sentence_55.wav,এই কাপড়টি খুব সুন্দর।,sylhet,syl_cate_03
sentence_56.wav,dataset/chunks/sylhet/syl_cate_03/sentence_56.wav,এটি কি কটন?,sylhet,syl_cate_03
sentence_57.wav,dataset/chunks/sylhet/syl_cate_03/sentence_57.wav,এই পণ্যটি কোথায় তৈরি?,sylhet,syl_cate_03
sentence_58.wav,dataset/chunks/sylhet/syl_cate_03/sentence_58.wav,এটি কি ছাড়ে বিক্রি হচ্ছে?,sylhet,syl_cate_03
sentence_59.wav,dataset/chunks/sylhet/syl_cate_03/sentence_59.wav,আমি আরও কিছু দেখতে চাই।,sylhet,syl_cate_03
sentence_60.wav,dataset/chunks/sylhet/syl_cate_03/sentence_60.wav,আপনার দোকানে কি কার্ড নেওয়া হয়?,sylhet,syl_cate_03
sentence_61.wav,dataset/chunks/sylhet/syl_cate_03/sentence_61.wav,মোট বিল কত হলো?,sylhet,syl_cate_03
sentence_62.wav,dataset/chunks/sylhet/syl_cate_03/sentence_62.wav,আমি টাকা ভাঙাতে চাই।,sylhet,syl_cate_03
sentence_63.wav,dataset/chunks/sylhet/syl_cate_03/sentence_63.wav,ছোট নোট আছে?,sylhet,syl_cate_03
sentence_64.wav,dataset/chunks/sylhet/syl_cate_03/sentence_64.wav,এই ফলগুলো ওজন করে দিন।,sylhet,syl_cate_03
sentence_65.wav,dataset/chunks/sylhet/syl_cate_03/sentence_65.wav,এক কেজির একটু কম দিন।,sylhet,syl_cate_03
sentence_66.wav,dataset/chunks/sylhet/syl_cate_03/sentence_66.wav,আজকে বাজারে ভিড় বেশি।,sylhet,syl_cate_03
sentence_67.wav,dataset/chunks/sylhet/syl_cate_03/sentence_67.wav,দাম কেন এত বেশি?,sylhet,syl_cate_03
sentence_68.wav,dataset/chunks/sylhet/syl_cate_03/sentence_68.wav,কাল কি দাম কম হবে?,sylhet,syl_cate_03
sentence_69.wav,dataset/chunks/sylhet/syl_cate_03/sentence_69.wav,আমি নিয়মিত ক্রেতা।,sylhet,syl_cate_03
sentence_70.wav,dataset/chunks/sylhet/syl_cate_03/sentence_70.wav,আবার আসবো।,sylhet,syl_cate_03
sentence_01.wav,dataset/chunks/sylhet/syl_cate_04/sentence_01.wav,আমি একটি টেবিল বুক করতে চাই।,sylhet,syl_cate_04
sentence_02.wav,dataset/chunks/sylhet/syl_cate_04/sentence_02.wav,দুই জনের জন্য একটি টেবিল দিন।,sylhet,syl_cate_04
sentence_03.wav,dataset/chunks/sylhet/syl_cate_04/sentence_03.wav,মেনু কার্ডটি দিন।,sylhet,syl_cate_04
sentence_04.wav,dataset/chunks/sylhet/syl_cate_04/sentence_04.wav,আজকের বিশেষ খাবার কী?,sylhet,syl_cate_04
sentence_05.wav,dataset/chunks/sylhet/syl_cate_04/sentence_05.wav,আমি ভাত ও মুরগির মাংস চাই।,sylhet,syl_cate_04
sentence_06.wav,dataset/chunks/sylhet/syl_cate_04/sentence_06.wav,এই খাবারটি ঝাল কি?,sylhet,syl_cate_04
sentence_07.wav,dataset/chunks/sylhet/syl_cate_04/sentence_07.wav,কম ঝাল করে দিন।,sylhet,syl_cate_04
sentence_08.wav,dataset/chunks/sylhet/syl_cate_04/sentence_08.wav,আমি নিরামিষ খাবার চাই।,sylhet,syl_cate_04
sentence_09.wav,dataset/chunks/sylhet/syl_cate_04/sentence_09.wav,এখানে কি হালাল খাবার পাওয়া যায়?,sylhet,syl_cate_04
sentence_10.wav,dataset/chunks/sylhet/syl_cate_04/sentence_10.wav,পানি দিন।,sylhet,syl_cate_04
sentence_11.wav,dataset/chunks/sylhet/syl_cate_04/sentence_11.wav,ঠান্ডা পানি আছে?,sylhet,syl_cate_04
sentence_12.wav,dataset/chunks/sylhet/syl_cate_04/sentence_12.wav,একটি কোমল পানীয় দিন।,sylhet,syl_cate_04
sentence_13.wav,dataset/chunks/sylhet/syl_cate_04/sentence_13.wav,এই খাবারটি খুব সুস্বাদু।,sylhet,syl_cate_04
sentence_14.wav,dataset/chunks/sylhet/syl_cate_04/sentence_14.wav,খাবারটি খুব লবণাক্ত।,sylhet,syl_cate_04
sentence_15.wav,dataset/chunks/sylhet/syl_cate_04/sentence_15.wav,বিল দিন।,sylhet,syl_cate_04
sentence_16.wav,dataset/chunks/sylhet/syl_cate_04/sentence_16.wav,আমি নগদে পরিশোধ করবো।,sylhet,syl_cate_04
sentence_17.wav,dataset/chunks/sylhet/syl_cate_04/sentence_17.wav,কার্ডে পরিশোধ করা যাবে?,sylhet,syl_cate_04
sentence_18.wav,dataset/chunks/sylhet/syl_cate_04/sentence_18.wav,খাবারটি কতক্ষণে আসবে?,sylhet,syl_cate_04
sentence_19.wav,dataset/chunks/sylhet/syl_cate_04/sentence_19.wav,আরেকটি প্লেট দিন।,sylhet,syl_cate_04
sentence_20.wav,dataset/chunks/sylhet/syl_cate_04/sentence_20.wav,চামচ ও কাঁটা দিন।,sylhet,syl_cate_04
sentence_21.wav,dataset/chunks/sylhet/syl_cate_04/sentence_21.wav,এখানে কি ওয়াইফাই আছে?,sylhet,syl_cate_04
sentence_22.wav,dataset/chunks/sylhet/syl_cate_04/sentence_22.wav,ওয়াইফাই পাসওয়ার্ড কী?,sylhet,syl_cate_04
sentence_23.wav,dataset/chunks/sylhet/syl_cate_04/sentence_23.wav,খাবারটি প্যাকেট করে দিন।,sylhet,syl_cate_04
sentence_24.wav,dataset/chunks/sylhet/syl_cate_04/sentence_24.wav,আমি বাসায় নিয়ে যাব।,sylhet,syl_cate_04
sentence_25.wav,dataset/chunks/sylhet/syl_cate_04/sentence_25.wav,একটি কফি দিন।,sylhet,syl_cate_04
sentence_26.wav,dataset/chunks/sylhet/syl_cate_04/sentence_26.wav,চা আছে?,sylhet,syl_cate_04
sentence_27.wav,dataset/chunks/sylhet/syl_cate_04/sentence_27.wav,দুধ চা দিন।,sylhet,syl_cate_04
sentence_28.wav,dataset/chunks/sylhet/syl_cate_04/sentence_28.wav,চিনি ছাড়া চা দিন।,sylhet,syl_cate_04
sentence_29.wav,dataset/chunks/sylhet/syl_cate_04/sentence_29.wav,এখানে কি ব্রেকফাস্ট পাওয়া যায়?,sylhet,syl_cate_04
sentence_30.wav,dataset/chunks/sylhet/syl_cate_04/sentence_30.wav,দুপুরের খাবার কখন শুরু হয়?,sylhet,syl_cate_04
sentence_31.wav,dataset/chunks/sylhet/syl_cate_04/sentence_31.wav,রাতের খাবার কখন পরিবেশন করা হয়?,sylhet,syl_cate_04
sentence_32.wav,dataset/chunks/sylhet/syl_cate_04/sentence_32.wav,আমি মাছের তরকারি চাই।,sylhet,syl_cate_04
sentence_33.wav,dataset/chunks/sylhet/syl_cate_04/sentence_33.wav,গরুর মাংস আছে?,sylhet,syl_cate_04
sentence_34.wav,dataset/chunks/sylhet/syl_cate_04/sentence_34.wav,এই স্যুপটি গরম কি?,sylhet,syl_cate_04
sentence_35.wav,dataset/chunks/sylhet/syl_cate_04/sentence_35.wav,একটু লেবু দিন।,sylhet,syl_cate_04
sentence_36.wav,dataset/chunks/sylhet/syl_cate_04/sentence_36.wav,এই রেস্টুরেন্ট খুব পরিষ্কার।,sylhet,syl_cate_04
sentence_37.wav,dataset/chunks/sylhet/syl_cate_04/sentence_37.wav,পরিবেশটি খুব সুন্দর।,sylhet,syl_cate_04
sentence_38.wav,dataset/chunks/sylhet/syl_cate_04/sentence_38.wav,খাবার পরিবেশন দ্রুত হয়েছে।,sylhet,syl_cate_04
sentence_39.wav,dataset/chunks/sylhet/syl_cate_04/sentence_39.wav,খাবার পরিবেশন দেরিতে হয়েছে।,sylhet,syl_cate_04
sentence_40.wav,dataset/chunks/sylhet/syl_cate_04/sentence_40.wav,আর কিছু লাগবে?,sylhet,syl_cate_04
sentence_41.wav,dataset/chunks/sylhet/syl_cate_04/sentence_41.wav,আমি আরও ভাত চাই।,sylhet,syl_cate_04
sentence_42.wav,dataset/chunks/sylhet/syl_cate_04/sentence_42.wav,একটু ঝোল দিন।,sylhet,syl_cate_04
sentence_43.wav,dataset/chunks/sylhet/syl_cate_04/sentence_43.wav,এটি কি তাজা রান্না?,sylhet,syl_cate_04
sentence_44.wav,dataset/chunks/sylhet/syl_cate_04/sentence_44.wav,এখানে কি পরিবার নিয়ে বসা যায়?,sylhet,syl_cate_04
sentence_45.wav,dataset/chunks/sylhet/syl_cate_04/sentence_45.wav,শিশুদের জন্য আলাদা চেয়ার আছে?,sylhet,syl_cate_04
sentence_46.wav,dataset/chunks/sylhet/syl_cate_04/sentence_46.wav,খাবারটি খুব গরম।,sylhet,syl_cate_04
sentence_47.wav,dataset/chunks/sylhet/syl_cate_04/sentence_47.wav,এটি খুব ঠান্ডা।,sylhet,syl_cate_04
sentence_48.wav,dataset/chunks/sylhet/syl_cate_04/sentence_48.wav,এখানে কি অনলাইনে অর্ডার করা যায়?,sylhet,syl_cate_04
sentence_49.wav,dataset/chunks/sylhet/syl_cate_04/sentence_49.wav,ডেলিভারি কত সময় লাগে?,sylhet,syl_cate_04
sentence_50.wav,dataset/chunks/sylhet/syl_cate_04/sentence_50.wav,এই খাবারটির দাম কত?,sylhet,syl_cate_04
sentence_51.wav,dataset/chunks/sylhet/syl_cate_04/sentence_51.wav,আমি অল্প পরিমাণ চাই।,sylhet,syl_cate_04
sentence_52.wav,dataset/chunks/sylhet/syl_cate_04/sentence_52.wav,বড় পরিমাণ দিন।,sylhet,syl_cate_04
sentence_53.wav,dataset/chunks/sylhet/syl_cate_04/sentence_53.wav,এই খাবারটি খুব মিষ্টি।,sylhet,syl_cate_04
sentence_54.wav,dataset/chunks/sylhet/syl_cate_04/sentence_54.wav,এটি কি ঝাল কম করা যাবে?,sylhet,syl_cate_04
sentence_55.wav,dataset/chunks/sylhet/syl_cate_04/sentence_55.wav,আরেক গ্লাস পানি দিন।,sylhet,syl_cate_04
sentence_56.wav,dataset/chunks/sylhet/syl_cate_04/sentence_56.wav,আমি ধন্যবাদ জানাই।,sylhet,syl_cate_04
sentence_57.wav,dataset/chunks/sylhet/syl_cate_04/sentence_57.wav,পরিষেবা খুব ভালো ছিল।,sylhet,syl_cate_04
sentence_58.wav,dataset/chunks/sylhet/syl_cate_04/sentence_58.wav,পরিষেবা উন্নত করা দরকার।,sylhet,syl_cate_04
sentence_59.wav,dataset/chunks/sylhet/syl_cate_04/sentence_59.wav,আমি এই রেস্টুরেন্টটি পছন্দ করি।,sylhet,syl_cate_04
sentence_60.wav,dataset/chunks/sylhet/syl_cate_04/sentence_60.wav,এটি কি এয়ার কন্ডিশনড?,sylhet,syl_cate_04
sentence_61.wav,dataset/chunks/sylhet/syl_cate_04/sentence_61.wav,বাইরে বসার ব্যবস্থা আছে?,sylhet,syl_cate_04
sentence_62.wav,dataset/chunks/sylhet/syl_cate_04/sentence_62.wav,খাবারে অ্যালার্জির উপাদান আছে?,sylhet,syl_cate_04
sentence_63.wav,dataset/chunks/sylhet/syl_cate_04/sentence_63.wav,আমি বাদাম খেতে পারি না।,sylhet,syl_cate_04
sentence_64.wav,dataset/chunks/sylhet/syl_cate_04/sentence_64.wav,এটি কি গ্লুটেন মুক্ত?,sylhet,syl_cate_04
sentence_65.wav,dataset/chunks/sylhet/syl_cate_04/sentence_65.wav,আমাকে একটি ন্যাপকিন দিন।,sylhet,syl_cate_04
sentence_66.wav,dataset/chunks/sylhet/syl_cate_04/sentence_66.wav,খাবার খুব ভালো লেগেছে।,sylhet,syl_cate_04
sentence_67.wav,dataset/chunks/sylhet/syl_cate_04/sentence_67.wav,আবার আসবো।,sylhet,syl_cate_04
sentence_68.wav,dataset/chunks/sylhet/syl_cate_04/sentence_68.wav,এখানে কি বুফে আছে?,sylhet,syl_cate_04
sentence_69.wav,dataset/chunks/sylhet/syl_cate_04/sentence_69.wav,বুফের দাম কত?,sylhet,syl_cate_04
sentence_70.wav,dataset/chunks/sylhet/syl_cate_04/sentence_70.wav,"ধন্যবাদ, বিদায়।",sylhet,syl_cate_04
sentence_01.wav,dataset/chunks/sylhet/syl_cate_05/sentence_01.wav,আমি বাংলাদেশের কিছু দর্শনীয় স্থান দেখতে চাই।,sylhet,syl_cate_05
sentence_02.wav,dataset/chunks/sylhet/syl_cate_05/sentence_02.wav,এই জায়গাটি কখন খোলা থাকে?,sylhet,syl_cate_05
sentence_03.wav,dataset/chunks/sylhet/syl_cate_05/sentence_03.wav,টিকিটের দাম কত?,sylhet,syl_cate_05
sentence_04.wav,dataset/chunks/sylhet/syl_cate_05/sentence_04.wav,আমাকে একটি গাইড দরকার।,sylhet,syl_cate_05
sentence_05.wav,dataset/chunks/sylhet/syl_cate_05/sentence_05.wav,আমরা গ্রুপে ঘুরতে এসেছি।,sylhet,syl_cate_05
sentence_06.wav,dataset/chunks/sylhet/syl_cate_05/sentence_06.wav,ছবি তোলা যাবে কি?,sylhet,syl_cate_05
sentence_07.wav,dataset/chunks/sylhet/syl_cate_05/sentence_07.wav,এই দর্শনীয় স্থানটি খুব সুন্দর।,sylhet,syl_cate_05
sentence_08.wav,dataset/chunks/sylhet/syl_cate_05/sentence_08.wav,আমাকে মানচিত্র দেখান।,sylhet,syl_cate_05
sentence_09.wav,dataset/chunks/sylhet/syl_cate_05/sentence_09.wav,আমি সকাল ১০টায় পৌঁছেছি।,sylhet,syl_cate_05
sentence_10.wav,dataset/chunks/sylhet/syl_cate_05/sentence_10.wav,পর্যটকরা এখানে খুব বেশি।,sylhet,syl_cate_05
sentence_11.wav,dataset/chunks/sylhet/syl_cate_05/sentence_11.wav,আমাকে হোটেলের ঠিকানা দিন।,sylhet,syl_cate_05
sentence_12.wav,dataset/chunks/sylhet/syl_cate_05/sentence_12.wav,এই জায়গায় কি খাবার পাওয়া যায়?,sylhet,syl_cate_05
sentence_13.wav,dataset/chunks/sylhet/syl_cate_05/sentence_13.wav,আমরা তিন ঘণ্টা থাকবো।,sylhet,syl_cate_05
sentence_14.wav,dataset/chunks/sylhet/syl_cate_05/sentence_14.wav,জলের পাশে ছবি তুলুন।,sylhet,syl_cate_05
sentence_15.wav,dataset/chunks/sylhet/syl_cate_05/sentence_15.wav,সুন্দর দিকটি দেখুন।,sylhet,syl_cate_05
sentence_16.wav,dataset/chunks/sylhet/syl_cate_05/sentence_16.wav,আমাদের গাইড কি বাংলায় কথা বলতে পারে?,sylhet,syl_cate_05
sentence_17.wav,dataset/chunks/sylhet/syl_cate_05/sentence_17.wav,পার্কিং এর জায়গা কোথায়?,sylhet,syl_cate_05
sentence_18.wav,dataset/chunks/sylhet/syl_cate_05/sentence_18.wav,এখানে কি নৌকা ভাড়া পাওয়া যায়?,sylhet,syl_cate_05
sentence_19.wav,dataset/chunks/sylhet/syl_cate_05/sentence_19.wav,আমি নদীর উপর ভ্রমণ করতে চাই।,sylhet,syl_cate_05
sentence_20.wav,dataset/chunks/sylhet/syl_cate_05/sentence_20.wav,আমাদের আরও তথ্য দরকার।,sylhet,syl_cate_05
sentence_21.wav,dataset/chunks/sylhet/syl_cate_05/sentence_21.wav,এই জায়গাটি ইতিহাসে গুরুত্বপূর্ণ।,sylhet,syl_cate_05
sentence_22.wav,dataset/chunks/sylhet/syl_cate_05/sentence_22.wav,আপনি কি গাইড সার্ভিস করেন?,sylhet,syl_cate_05
sentence_23.wav,dataset/chunks/sylhet/syl_cate_05/sentence_23.wav,আমি সকালবেলা আবার আসব।,sylhet,syl_cate_05
sentence_24.wav,dataset/chunks/sylhet/syl_cate_05/sentence_24.wav,আমাকে দুইজনের জন্য টিকিট দিন।,sylhet,syl_cate_05
sentence_25.wav,dataset/chunks/sylhet/syl_cate_05/sentence_25.wav,এখানে কি কোনো ছাড় আছে?,sylhet,syl_cate_05
sentence_26.wav,dataset/chunks/sylhet/syl_cate_05/sentence_26.wav,আমাদের ছবি তুলতে সাহায্য করুন।,sylhet,syl_cate_05
sentence_27.wav,dataset/chunks/sylhet/syl_cate_05/sentence_27.wav,এই দিক দিয়ে হাঁটুন।,sylhet,syl_cate_05
sentence_28.wav,dataset/chunks/sylhet/syl_cate_05/sentence_28.wav,দর্শকরা এখানে অনেক ছবি তুলছে।,sylhet,syl_cate_05
sentence_29.wav,dataset/chunks/sylhet/syl_cate_05/sentence_29.wav,আমি মিউজিয়াম ঘুরতে চাই।,sylhet,syl_cate_05
sentence_30.wav,dataset/chunks/sylhet/syl_cate_05/sentence_30.wav,রেস্টুরেন্টটি খুব কাছে।,sylhet,syl_cate_05
sentence_31.wav,dataset/chunks/sylhet/syl_cate_05/sentence_31.wav,আমরা পিকনিক করতে এসেছি।,sylhet,syl_cate_05
sentence_32.wav,dataset/chunks/sylhet/syl_cate_05/sentence_32.wav,এই জায়গার ইতিহাস জানতে চাই।,sylhet,syl_cate_05
sentence_33.wav,dataset/chunks/sylhet/syl_cate_05/sentence_33.wav,বিকেলের দিকে ছবি তুলুন।,sylhet,syl_cate_05
sentence_34.wav,dataset/chunks/sylhet/syl_cate_05/sentence_34.wav,আমার বন্ধু মানচিত্র পড়তে পারছে না।,sylhet,syl_cate_05
sentence_35.wav,dataset/chunks/sylhet/syl_cate_05/sentence_35.wav,এখানে কি গাইড পাওয়া যাবে?,sylhet,syl_cate_05
sentence_36.wav,dataset/chunks/sylhet/syl_cate_05/sentence_36.wav,আমরা পাহাড় দেখতে চাই।,sylhet,syl_cate_05
sentence_37.wav,dataset/chunks/sylhet/syl_cate_05/sentence_37.wav,সৈকত খুব সুন্দর।,sylhet,syl_cate_05
sentence_38.wav,dataset/chunks/sylhet/syl_cate_05/sentence_38.wav,জলস্রোতের ছবি তোলা উচিত।,sylhet,syl_cate_05
sentence_39.wav,dataset/chunks/sylhet/syl_cate_05/sentence_39.wav,গাইড কি আমাদের পথে নিয়ে যাবে?,sylhet,syl_cate_05
sentence_40.wav,dataset/chunks/sylhet/syl_cate_05/sentence_40.wav,আমরা সকাল ৮টায় বের হব।,sylhet,syl_cate_05
sentence_41.wav,dataset/chunks/sylhet/syl_cate_05/sentence_41.wav,এখানে কি টিকেট ছাড়া প্রবেশ সম্ভব?,sylhet,syl_cate_05
sentence_42.wav,dataset/chunks/sylhet/syl_cate_05/sentence_42.wav,ভ্রমণকারীরা খুব আনন্দ করছে।,sylhet,syl_cate_05
sentence_43.wav,dataset/chunks/sylhet/syl_cate_05/sentence_43.wav,আমি এখানে শপিং করতে চাই।,sylhet,syl_cate_05
sentence_44.wav,dataset/chunks/sylhet/syl_cate_05/sentence_44.wav,এই দিকটি খুব রোমাঞ্চকর।,sylhet,syl_cate_05
sentence_45.wav,dataset/chunks/sylhet/syl_cate_05/sentence_45.wav,আমাদের গাইড রাতের দিকে ফেরার সময় বলে।,sylhet,syl_cate_05
sentence_46.wav,dataset/chunks/sylhet/syl_cate_05/sentence_46.wav,ছবি তোলার জন্য আলো ঠিক আছে।,sylhet,syl_cate_05
sentence_47.wav,dataset/chunks/sylhet/syl_cate_05/sentence_47.wav,আমাদের গাইড নদের উপর নৌকা ভাড়া দেখিয়েছে।,sylhet,syl_cate_05
sentence_48.wav,dataset/chunks/sylhet/syl_cate_05/sentence_48.wav,এখানে কি কোনো মিউজিয়াম আছে?,sylhet,syl_cate_05
sentence_49.wav,dataset/chunks/sylhet/syl_cate_05/sentence_49.wav,আমরা পাহাড়ে ট্রেক করতে চাই।,sylhet,syl_cate_05
sentence_50.wav,dataset/chunks/sylhet/syl_cate_05/sentence_50.wav,এই স্থানের ইতিহাস অনেক পুরনো।,sylhet,syl_cate_05
sentence_51.wav,dataset/chunks/sylhet/syl_cate_05/sentence_51.wav,আমাদের ছবি তুলতে সময় লাগছে।,sylhet,syl_cate_05
sentence_52.wav,dataset/chunks/sylhet/syl_cate_05/sentence_52.wav,আমি সুভর্ণভূমি দেখতে চাই।,sylhet,syl_cate_05
sentence_53.wav,dataset/chunks/sylhet/syl_cate_05/sentence_53.wav,ট্রিপটি খুব মজার।,sylhet,syl_cate_05
sentence_54.wav,dataset/chunks/sylhet/syl_cate_05/sentence_54.wav,আমাদের হোটেল থেকে খুব দূরে নয়।,sylhet,syl_cate_05
sentence_55.wav,dataset/chunks/sylhet/syl_cate_05/sentence_55.wav,আমরা সকালে যাওয়ার পরিকল্পনা করেছি।,sylhet,syl_cate_05
sentence_56.wav,dataset/chunks/sylhet/syl_cate_05/sentence_56.wav,দিক নির্দেশনা অনুসরণ করুন।,sylhet,syl_cate_05
sentence_57.wav,dataset/chunks/sylhet/syl_cate_05/sentence_57.wav,দর্শনার্থীরা গাইডের কথা শুনছে।,sylhet,syl_cate_05
sentence_58.wav,dataset/chunks/sylhet/syl_cate_05/sentence_58.wav,আমি পোর্ট্রেট ছবি তুলতে চাই।,sylhet,syl_cate_05
sentence_59.wav,dataset/chunks/sylhet/syl_cate_05/sentence_59.wav,এখানে পর্যটন তথ্য কেন্দ্র আছে।,sylhet,syl_cate_05
sentence_60.wav,dataset/chunks/sylhet/syl_cate_05/sentence_60.wav,আমরা গ্রুপ ছবি তুলব।,sylhet,syl_cate_05
sentence_61.wav,dataset/chunks/sylhet/syl_cate_05/sentence_61.wav,আমাদের আরও কিছু সময় দরকার।,sylhet,syl_cate_05
sentence_62.wav,dataset/chunks/sylhet/syl_cate_05/sentence_62.wav,নদীর পাশে হাঁটতে চাই।,sylhet,syl_cate_05
sentence_63.wav,dataset/chunks/sylhet/syl_cate_05/sentence_63.wav,গাইড আমাদের নৌকায় নিয়ে যাবে।,sylhet,syl_cate_05
sentence_64.wav,dataset/chunks/sylhet/syl_cate_05/sentence_64.wav,এখানে ঝর্ণার ছবি তোলা যেতে পারে।,sylhet,syl_cate_05
sentence_65.wav,dataset/chunks/sylhet/syl_cate_05/sentence_65.wav,আমরা সব দর্শনীয় স্থান ঘুরে দেখব।,sylhet,syl_cate_05
sentence_66.wav,dataset/chunks/sylhet/syl_cate_05/sentence_66.wav,এই জায়গাটি খুব শান্ত।,sylhet,syl_cate_05
sentence_67.wav,dataset/chunks/sylhet/syl_cate_05/sentence_67.wav,আমি রাতের ভ্রমণ পছন্দ করি।,sylhet,syl_cate_05
sentence_68.wav,dataset/chunks/sylhet/syl_cate_05/sentence_68.wav,আমাদের হোটেল থেকে বাসস্ট্যান্ড দূরে নয়।,sylhet,syl_cate_05
sentence_69.wav,dataset/chunks/sylhet/syl_cate_05/sentence_69.wav,আমরা সকালের দিকে ছবি তুলব।,sylhet,syl_cate_05
sentence_70.wav,dataset/chunks/sylhet/syl_cate_05/sentence_70.wav,এই জায়গা সত্যিই স্মরণীয়।,sylhet,syl_cate_05
sentence_01.wav,dataset/chunks/sylhet/syl_cate_06/sentence_01.wav,আমার মাথা ব্যথা করছে।,sylhet,syl_cate_06
sentence_02.wav,dataset/chunks/sylhet/syl_cate_06/sentence_02.wav,কাছাকাছি হাসপাতাল কোথায়?,sylhet,syl_cate_06
sentence_03.wav,dataset/chunks/sylhet/syl_cate_06/sentence_03.wav,ডাক্তারের জন্য কীভাবে অ্যাপয়েন্টমেন্ট নেব?,sylhet,syl_cate_06
sentence_04.wav,dataset/chunks/sylhet/syl_cate_06/sentence_04.wav,আমাকে একটি ওষুধের দোকান দেখান।,sylhet,syl_cate_06
sentence_05.wav,dataset/chunks/sylhet/syl_cate_06/sentence_05.wav,আমি জ্বর অনুভব করছি।,sylhet,syl_cate_06
sentence_06.wav,dataset/chunks/sylhet/syl_cate_06/sentence_06.wav,আমি দুর্ঘটনার শিকার হয়েছি।,sylhet,syl_cate_06
sentence_07.wav,dataset/chunks/sylhet/syl_cate_06/sentence_07.wav,হাসপাতালে কত সময় লাগবে পৌঁছাতে?,sylhet,syl_cate_06
sentence_08.wav,dataset/chunks/sylhet/syl_cate_06/sentence_08.wav,আমার পায়ে চোট লেগেছে।,sylhet,syl_cate_06
sentence_09.wav,dataset/chunks/sylhet/syl_cate_06/sentence_09.wav,আমাকে হাসপাতালে নিয়ে যান।,sylhet,syl_cate_06
sentence_10.wav,dataset/chunks/sylhet/syl_cate_06/sentence_10.wav,আমি শ্বাসকষ্ট অনুভব করছি।,sylhet,syl_cate_06
sentence_11.wav,dataset/chunks/sylhet/syl_cate_06/sentence_11.wav,আমাকে দ্রুত সাহায্য করুন।,sylhet,syl_cate_06
sentence_12.wav,dataset/chunks/sylhet/syl_cate_06/sentence_12.wav,ডাক্তার কখন উপস্থিত থাকবেন?,sylhet,syl_cate_06
sentence_13.wav,dataset/chunks/sylhet/syl_cate_06/sentence_13.wav,আমার শিশু অসুস্থ।,sylhet,syl_cate_06
sentence_14.wav,dataset/chunks/sylhet/syl_cate_06/sentence_14.wav,আমার পেটে ব্যথা করছে।,sylhet,syl_cate_06
sentence_15.wav,dataset/chunks/sylhet/syl_cate_06/sentence_15.wav,ওষুধের নাম কী?,sylhet,syl_cate_06
sentence_16.wav,dataset/chunks/sylhet/syl_cate_06/sentence_16.wav,আমি ধমনীতে ব্যথা অনুভব করছি।,sylhet,syl_cate_06
sentence_17.wav,dataset/chunks/sylhet/syl_cate_06/sentence_17.wav,এটি কি জরুরি অবস্থা?,sylhet,syl_cate_06
sentence_18.wav,dataset/chunks/sylhet/syl_cate_06/sentence_18.wav,আমি অলস লাগছে।,sylhet,syl_cate_06
sentence_19.wav,dataset/chunks/sylhet/syl_cate_06/sentence_19.wav,আমার চোখে সমস্যা হচ্ছে।,sylhet,syl_cate_06
sentence_20.wav,dataset/chunks/sylhet/syl_cate_06/sentence_20.wav,ডাক্তার কি বাংলা বলতে পারেন?,sylhet,syl_cate_06
sentence_21.wav,dataset/chunks/sylhet/syl_cate_06/sentence_21.wav,আমি অ্যালার্জি আক্রান্ত।,sylhet,syl_cate_06
sentence_22.wav,dataset/chunks/sylhet/syl_cate_06/sentence_22.wav,আমার সর্দি কাশি আছে।,sylhet,syl_cate_06
sentence_23.wav,dataset/chunks/sylhet/syl_cate_06/sentence_23.wav,হাসপাতালে কি ভিড় বেশি?,sylhet,syl_cate_06
sentence_24.wav,dataset/chunks/sylhet/syl_cate_06/sentence_24.wav,আমাকে একটি ব্যান্ডেজ দিন।,sylhet,syl_cate_06
sentence_25.wav,dataset/chunks/sylhet/syl_cate_06/sentence_25.wav,আমার দাঁতে ব্যথা করছে।,sylhet,syl_cate_06
sentence_26.wav,dataset/chunks/sylhet/syl_cate_06/sentence_26.wav,এখানে কি জরুরি ওষুধ পাওয়া যায়?,sylhet,syl_cate_06
sentence_27.wav,dataset/chunks/sylhet/syl_cate_06/sentence_27.wav,"আমি অসুস্থ, আমার বিশ্রাম প্রয়োজন।",sylhet,syl_cate_06
sentence_28.wav,dataset/chunks/sylhet/syl_cate_06/sentence_28.wav,আপনার ওষুধের পরিমাণ কত?,sylhet,syl_cate_06
sentence_29.wav,dataset/chunks/sylhet/syl_cate_06/sentence_29.wav,আমার পায়ে জ্বালা অনুভব হচ্ছে।,sylhet,syl_cate_06
sentence_30.wav,dataset/chunks/sylhet/syl_cate_06/sentence_30.wav,হাসপাতালে কি ডাক্তার সারাদিন থাকে?,sylhet,syl_cate_06
sentence_31.wav,dataset/chunks/sylhet/syl_cate_06/sentence_31.wav,আমাকে দ্রুত ট্যাক্সি দিন।,sylhet,syl_cate_06
sentence_32.wav,dataset/chunks/sylhet/syl_cate_06/sentence_32.wav,আমি গলা ব্যথা অনুভব করছি।,sylhet,syl_cate_06
sentence_33.wav,dataset/chunks/sylhet/syl_cate_06/sentence_33.wav,আমার হাতে কাটা গেছে।,sylhet,syl_cate_06
sentence_34.wav,dataset/chunks/sylhet/syl_cate_06/sentence_34.wav,এখানে কি স্বাস্থ্য পরীক্ষা করা যায়?,sylhet,syl_cate_06
sentence_35.wav,dataset/chunks/sylhet/syl_cate_06/sentence_35.wav,আমার পেট খারাপ লাগছে।,sylhet,syl_cate_06
sentence_36.wav,dataset/chunks/sylhet/syl_cate_06/sentence_36.wav,আমার চুল পড়ছে।,sylhet,syl_cate_06
sentence_37.wav,dataset/chunks/sylhet/syl_cate_06/sentence_37.wav,কি ওষুধ খাবো?,sylhet,syl_cate_06
sentence_38.wav,dataset/chunks/sylhet/syl_cate_06/sentence_38.wav,আমার শ্বাসনালি ব্যথা করছে।,sylhet,syl_cate_06
sentence_39.wav,dataset/chunks/sylhet/syl_cate_06/sentence_39.wav,আমার ডায়াবেটিস আছে।,sylhet,syl_cate_06
sentence_40.wav,dataset/chunks/sylhet/syl_cate_06/sentence_40.wav,আমাকে ইনজেকশন দেওয়া দরকার।,sylhet,syl_cate_06
sentence_41.wav,dataset/chunks/sylhet/syl_cate_06/sentence_41.wav,আমাকে ব্যথা উপশমের জন্য কিছু দিন।,sylhet,syl_cate_06
sentence_42.wav,dataset/chunks/sylhet/syl_cate_06/sentence_42.wav,আমি দুর্বল লাগছি।,sylhet,syl_cate_06
sentence_43.wav,dataset/chunks/sylhet/syl_cate_06/sentence_43.wav,আমার নাক দিয়ে রক্ত পড়ছে।,sylhet,syl_cate_06
sentence_44.wav,dataset/chunks/sylhet/syl_cate_06/sentence_44.wav,ডাক্তার কি এখন ফ্রি আছেন?,sylhet,syl_cate_06
sentence_45.wav,dataset/chunks/sylhet/syl_cate_06/sentence_45.wav,আমার বুক ব্যথা করছে।,sylhet,syl_cate_06
sentence_46.wav,dataset/chunks/sylhet/syl_cate_06/sentence_46.wav,আমার চোখ লাল হয়ে গেছে।,sylhet,syl_cate_06
sentence_47.wav,dataset/chunks/sylhet/syl_cate_06/sentence_47.wav,কি টেস্ট করাতে হবে?,sylhet,syl_cate_06
sentence_48.wav,dataset/chunks/sylhet/syl_cate_06/sentence_48.wav,আমি বুকধড় ধড় করছি।,sylhet,syl_cate_06
sentence_49.wav,dataset/chunks/sylhet/syl_cate_06/sentence_49.wav,হাসপাতালে কি অ্যাম্বুল্যান্স আছে?,sylhet,syl_cate_06
sentence_50.wav,dataset/chunks/sylhet/syl_cate_06/sentence_50.wav,আমার চামড়ায় চুলকানি হচ্ছে।,sylhet,syl_cate_06
sentence_51.wav,dataset/chunks/sylhet/syl_cate_06/sentence_51.wav,ওষুধটি কখন খাবো?,sylhet,syl_cate_06
sentence_52.wav,dataset/chunks/sylhet/syl_cate_06/sentence_52.wav,আমার কানে ব্যথা করছে।,sylhet,syl_cate_06
sentence_53.wav,dataset/chunks/sylhet/syl_cate_06/sentence_53.wav,আমাকে রক্ত পরীক্ষা করাতে হবে।,sylhet,syl_cate_06
sentence_54.wav,dataset/chunks/sylhet/syl_cate_06/sentence_54.wav,আমি গরমে অসুস্থ।,sylhet,syl_cate_06
sentence_55.wav,dataset/chunks/sylhet/syl_cate_06/sentence_55.wav,আমার দাঁতের ইনফেকশন হয়েছে।,sylhet,syl_cate_06
sentence_56.wav,dataset/chunks/sylhet/syl_cate_06/sentence_56.wav,এখানে কি স্যালাইন দেওয়া হয়?,sylhet,syl_cate_06
sentence_57.wav,dataset/chunks/sylhet/syl_cate_06/sentence_57.wav,আমার পায়ের আঙুল ফোলা গেছে।,sylhet,syl_cate_06
sentence_58.wav,dataset/chunks/sylhet/syl_cate_06/sentence_58.wav,আমাকে ব্যথানাশক দিন।,sylhet,syl_cate_06
sentence_59.wav,dataset/chunks/sylhet/syl_cate_06/sentence_59.wav,কি খেলে সুস্থতা হবে?,sylhet,syl_cate_06
sentence_60.wav,dataset/chunks/sylhet/syl_cate_06/sentence_60.wav,আমি মাথা ঘোরাতে লাগছে।,sylhet,syl_cate_06
sentence_61.wav,dataset/chunks/sylhet/syl_cate_06/sentence_61.wav,হাসপাতালে কি ডাক্তার রাতেও থাকেন?,sylhet,syl_cate_06
sentence_62.wav,dataset/chunks/sylhet/syl_cate_06/sentence_62.wav,আমার গলার প্রদাহ আছে।,sylhet,syl_cate_06
sentence_63.wav,dataset/chunks/sylhet/syl_cate_06/sentence_63.wav,আমার শরীরে জ্বালা অনুভূত হচ্ছে।,sylhet,syl_cate_06
sentence_64.wav,dataset/chunks/sylhet/syl_cate_06/sentence_64.wav,আমাকে ওষুধের রিসিপি দিন।,sylhet,syl_cate_06
sentence_65.wav,dataset/chunks/sylhet/syl_cate_06/sentence_65.wav,কি ওষুধ বেশি কার্যকর?,sylhet,syl_cate_06
sentence_66.wav,dataset/chunks/sylhet/syl_cate_06/sentence_66.wav,আমার গায়ে র‍্যাশ হয়েছে।,sylhet,syl_cate_06
sentence_67.wav,dataset/chunks/sylhet/syl_cate_06/sentence_67.wav,আমি পায়ে ব্যথা অনুভব করছি।,sylhet,syl_cate_06
sentence_68.wav,dataset/chunks/sylhet/syl_cate_06/sentence_68.wav,হাসপাতালে কি অ্যাপয়েন্টমেন্ট লাগবে?,sylhet,syl_cate_06
sentence_69.wav,dataset/chunks/sylhet/syl_cate_06/sentence_69.wav,আমাকে দ্রুত দেখুন।,sylhet,syl_cate_06
sentence_70.wav,dataset/chunks/sylhet/syl_cate_06/sentence_70.wav,আমার পেট খুব ব্যথা করছে।,sylhet,syl_cate_06
sentence_01.wav,dataset/chunks/sylhet/syl_cate_07/sentence_01.wav,আপনার পরিবারে কয়জন সদস্য আছে?,sylhet,syl_cate_07
sentence_02.wav,dataset/chunks/sylhet/syl_cate_07/sentence_02.wav,আমার বাবা একজন শিক্ষক।,sylhet,syl_cate_07
sentence_03.wav,dataset/chunks/sylhet/syl_cate_07/sentence_03.wav,আপনি কোথায় বড় হয়েছেন?,sylhet,syl_cate_07
sentence_04.wav,dataset/chunks/sylhet/syl_cate_07/sentence_04.wav,আমার মা ঘরে থাকেন।,sylhet,syl_cate_07
sentence_05.wav,dataset/chunks/sylhet/syl_cate_07/sentence_05.wav,আপনার ভাইবোন আছে কি?,sylhet,syl_cate_07
sentence_06.wav,dataset/chunks/sylhet/syl_cate_07/sentence_06.wav,আমার এক ভাই ও দুই বোন আছে।,sylhet,syl_cate_07
sentence_07.wav,dataset/chunks/sylhet/syl_cate_07/sentence_07.wav,আমরা একসাথে ভ্রমণ করতে ভালোবাসি।,sylhet,syl_cate_07
sentence_08.wav,dataset/chunks/sylhet/syl_cate_07/sentence_08.wav,আপনার পছন্দের খাবার কী?,sylhet,syl_cate_07
sentence_09.wav,dataset/chunks/sylhet/syl_cate_07/sentence_09.wav,আমার ছোট বোন স্কুলে পড়ে।,sylhet,syl_cate_07
sentence_10.wav,dataset/chunks/sylhet/syl_cate_07/sentence_10.wav,আপনার বাবা কোথায় কাজ করেন?,sylhet,syl_cate_07
sentence_11.wav,dataset/chunks/sylhet/syl_cate_07/sentence_11.wav,আমার পরিবার সব সময় একসাথে খেতে বসে।,sylhet,syl_cate_07
sentence_12.wav,dataset/chunks/sylhet/syl_cate_07/sentence_12.wav,আপনার মা কি রান্না করতে ভালোবাসেন?,sylhet,syl_cate_07
sentence_13.wav,dataset/chunks/sylhet/syl_cate_07/sentence_13.wav,আমরা প্রতি বছর ঈদে মিলিত হই।,sylhet,syl_cate_07
sentence_14.wav,dataset/chunks/sylhet/syl_cate_07/sentence_14.wav,আপনার পছন্দের ছুটি কী?,sylhet,syl_cate_07
sentence_15.wav,dataset/chunks/sylhet/syl_cate_07/sentence_15.wav,আমার বাবা সকালবেলা হাঁটতে যান।,sylhet,syl_cate_07
sentence_16.wav,dataset/chunks/sylhet/syl_cate_07/sentence_16.wav,আপনার পরিবারে কারা রয়েছেন?,sylhet,syl_cate_07
sentence_17.wav,dataset/chunks/sylhet/syl_cate_07/sentence_17.wav,আমার দাদা আমাদের সঙ্গে থাকে।,sylhet,syl_cate_07
sentence_18.wav,dataset/chunks/sylhet/syl_cate_07/sentence_18.wav,আপনি কি বিবাহিত?,sylhet,syl_cate_07
sentence_19.wav,dataset/chunks/sylhet/syl_cate_07/sentence_19.wav,আমি বিবাহিত এবং আমার দুই সন্তান আছে।,sylhet,syl_cate_07
sentence_20.wav,dataset/chunks/sylhet/syl_cate_07/sentence_20.wav,আপনার বোন কি বিশ্ববিদ্যালয়ে পড়ে?,sylhet,syl_cate_07
sentence_21.wav,dataset/chunks/sylhet/syl_cate_07/sentence_21.wav,আমরা রোববার একসাথে সিনেমা দেখি।,sylhet,syl_cate_07
sentence_22.wav,dataset/chunks/sylhet/syl_cate_07/sentence_22.wav,আপনার পছন্দের পরিবারের অনুষ্ঠান কোনটি?,sylhet,syl_cate_07
sentence_23.wav,dataset/chunks/sylhet/syl_cate_07/sentence_23.wav,আমার বাবা মা আমাদের জন্য খুব যত্নশীল।,sylhet,syl_cate_07
sentence_24.wav,dataset/chunks/sylhet/syl_cate_07/sentence_24.wav,আপনার শিশুরা স্কুলে ভালো করছে কি?,sylhet,syl_cate_07
sentence_25.wav,dataset/chunks/sylhet/syl_cate_07/sentence_25.wav,আমার পরিবারের সবাই স্বাস্থ্যকর জীবনযাপন করে।,sylhet,syl_cate_07
sentence_26.wav,dataset/chunks/sylhet/syl_cate_07/sentence_26.wav,আপনি কোথায় বেড়ে উঠেছেন?,sylhet,syl_cate_07
sentence_27.wav,dataset/chunks/sylhet/syl_cate_07/sentence_27.wav,আমার পরিবার গ্রামে থাকে।,sylhet,syl_cate_07
sentence_28.wav,dataset/chunks/sylhet/syl_cate_07/sentence_28.wav,আপনার বাবা কি বিদেশে কাজ করেন?,sylhet,syl_cate_07
sentence_29.wav,dataset/chunks/sylhet/syl_cate_07/sentence_29.wav,আমি আমার পরিবারের সঙ্গে ছুটিতে যাই।,sylhet,syl_cate_07
sentence_30.wav,dataset/chunks/sylhet/syl_cate_07/sentence_30.wav,আপনার পরিবারে ছোট ছোট ভাইবোন আছে কি?,sylhet,syl_cate_07
sentence_31.wav,dataset/chunks/sylhet/syl_cate_07/sentence_31.wav,আমার ভাই ফুটবল খেলে।,sylhet,syl_cate_07
sentence_32.wav,dataset/chunks/sylhet/syl_cate_07/sentence_32.wav,আপনার মা কি কাজ করেন?,sylhet,syl_cate_07
sentence_33.wav,dataset/chunks/sylhet/syl_cate_07/sentence_33.wav,আমরা প্রতি সপ্তাহে একসাথে খাবার করি।,sylhet,syl_cate_07
sentence_34.wav,dataset/chunks/sylhet/syl_cate_07/sentence_34.wav,আপনার বাবা কি বাসায় থাকেন?,sylhet,syl_cate_07
sentence_35.wav,dataset/chunks/sylhet/syl_cate_07/sentence_35.wav,আমার পরিবারে সবাই একে অপরকে সাহায্য করে।,sylhet,syl_cate_07
sentence_36.wav,dataset/chunks/sylhet/syl_cate_07/sentence_36.wav,আপনি কত বছর ধরে বিবাহিত?,sylhet,syl_cate_07
sentence_37.wav,dataset/chunks/sylhet/syl_cate_07/sentence_37.wav,আমার বোন চিকিৎসা পড়াশোনা করছে।,sylhet,syl_cate_07
sentence_38.wav,dataset/chunks/sylhet/syl_cate_07/sentence_38.wav,আপনার বাবা মা কি এখনও কাজ করেন?,sylhet,syl_cate_07
sentence_39.wav,dataset/chunks/sylhet/syl_cate_07/sentence_39.wav,আমরা সবাই একসাথে হোলিডে যাই।,sylhet,syl_cate_07
sentence_40.wav,dataset/chunks/sylhet/syl_cate_07/sentence_40.wav,আপনার সন্তানদের নাম কী?,sylhet,syl_cate_07
sentence_41.wav,dataset/chunks/sylhet/syl_cate_07/sentence_41.wav,আমার ছেলে ফুটবল খেলতে ভালোবাসে।,sylhet,syl_cate_07
sentence_42.wav,dataset/chunks/sylhet/syl_cate_07/sentence_42.wav,আপনার পরিবারের বয়সী সদস্যরা কি সক্রিয়?,sylhet,syl_cate_07
sentence_43.wav,dataset/chunks/sylhet/syl_cate_07/sentence_43.wav,আমি আমার পরিবারের সঙ্গে সিনেমা দেখতে যাই।,sylhet,syl_cate_07
sentence_44.wav,dataset/chunks/sylhet/syl_cate_07/sentence_44.wav,আপনার মা কি রান্না ভালো করেন?,sylhet,syl_cate_07
sentence_45.wav,dataset/chunks/sylhet/syl_cate_07/sentence_45.wav,আমার বাবা সকালবেলা সংবাদ পড়েন।,sylhet,syl_cate_07
sentence_46.wav,dataset/chunks/sylhet/syl_cate_07/sentence_46.wav,আপনার বোনের পছন্দের কাজ কী?,sylhet,syl_cate_07
sentence_47.wav,dataset/chunks/sylhet/syl_cate_07/sentence_47.wav,আমরা বড়দিন একসাথে উদযাপন করি।,sylhet,syl_cate_07
sentence_48.wav,dataset/chunks/sylhet/syl_cate_07/sentence_48.wav,আমার পরিবারে কেউ বিদেশে থাকে।,sylhet,syl_cate_07
sentence_49.wav,dataset/chunks/sylhet/syl_cate_07/sentence_49.wav,আপনার পরিবারের সদস্যরা কি সুস্থ আছে?,sylhet,syl_cate_07
sentence_50.wav,dataset/chunks/sylhet/syl_cate_07/sentence_50.wav,আমি পরিবারকে খুব ভালোবাসি।,sylhet,syl_cate_07
sentence_51.wav,dataset/chunks/sylhet/syl_cate_07/sentence_51.wav,আপনার ভাইবোন কি আপনার সাথে থাকে?,sylhet,syl_cate_07
sentence_52.wav,dataset/chunks/sylhet/syl_cate_07/sentence_52.wav,আমার বাবা মা গ্রামের বাড়িতে থাকেন।,sylhet,syl_cate_07
sentence_53.wav,dataset/chunks/sylhet/syl_cate_07/sentence_53.wav,আমরা একসাথে খেলা করি।,sylhet,syl_cate_07
sentence_54.wav,dataset/chunks/sylhet/syl_cate_07/sentence_54.wav,আপনার পরিবারে কেউ চাকরিতে আছেন কি?,sylhet,syl_cate_07
sentence_55.wav,dataset/chunks/sylhet/syl_cate_07/sentence_55.wav,আমি আমার পরিবারের জন্য সব করি।,sylhet,syl_cate_07
sentence_56.wav,dataset/chunks/sylhet/syl_cate_07/sentence_56.wav,আপনার বাবা মা কি অবসরপ্রাপ্ত?,sylhet,syl_cate_07
sentence_57.wav,dataset/chunks/sylhet/syl_cate_07/sentence_57.wav,আমরা হোলিডেতে গ্রামের বাড়িতে যাই।,sylhet,syl_cate_07
sentence_58.wav,dataset/chunks/sylhet/syl_cate_07/sentence_58.wav,আমার ছোট ভাই স্কুলে ভালো করছে।,sylhet,syl_cate_07
sentence_59.wav,dataset/chunks/sylhet/syl_cate_07/sentence_59.wav,আপনার পরিবার কত ঘনিষ্ঠ?,sylhet,syl_cate_07
sentence_60.wav,dataset/chunks/sylhet/syl_cate_07/sentence_60.wav,আমরা প্রতি মাসে একসাথে বেড়াতে যাই।,sylhet,syl_cate_07
sentence_61.wav,dataset/chunks/sylhet/syl_cate_07/sentence_61.wav,আমার মা গল্প শুনাতে ভালোবাসেন।,sylhet,syl_cate_07
sentence_62.wav,dataset/chunks/sylhet/syl_cate_07/sentence_62.wav,আপনার বাবা কি কখনও ভ্রমণে যান?,sylhet,syl_cate_07
sentence_63.wav,dataset/chunks/sylhet/syl_cate_07/sentence_63.wav,আমি আমার পরিবারকে সব সময় সাহায্য করি।,sylhet,syl_cate_07
sentence_64.wav,dataset/chunks/sylhet/syl_cate_07/sentence_64.wav,আপনার ভাইবোন কি একে অপরকে সাহায্য করে?,sylhet,syl_cate_07
sentence_65.wav,dataset/chunks/sylhet/syl_cate_07/sentence_65.wav,আমরা পরিবারে জন্মদিন উদযাপন করি।,sylhet,syl_cate_07
sentence_66.wav,dataset/chunks/sylhet/syl_cate_07/sentence_66.wav,আমার পরিবারের সঙ্গে সময় কাটানো ভালো লাগে।,sylhet,syl_cate_07
sentence_67.wav,dataset/chunks/sylhet/syl_cate_07/sentence_67.wav,আপনার মা বাবা কি একসাথে আছেন?,sylhet,syl_cate_07
sentence_68.wav,dataset/chunks/sylhet/syl_cate_07/sentence_68.wav,আমার বাবা খুব কঠোর কিন্তু ভালো মানুষ।,sylhet,syl_cate_07
sentence_69.wav,dataset/chunks/sylhet/syl_cate_07/sentence_69.wav,আমরা পারিবারিক ছবি তুলি।,sylhet,syl_cate_07
sentence_70.wav,dataset/chunks/sylhet/syl_cate_07/sentence_70.wav,আমি আমার পরিবারের সুখের জন্য কাজ করি।,sylhet,syl_cate_07
sentence_01.wav,dataset/chunks/sylhet/syl_cate_09/sentence_01.wav,আজ খুব গরম।,sylhet,syl_cate_09
sentence_02.wav,dataset/chunks/sylhet/syl_cate_09/sentence_02.wav,কাল বৃষ্টি হবে কি?,sylhet,syl_cate_09
sentence_03.wav,dataset/chunks/sylhet/syl_cate_09/sentence_03.wav,বাতাস কেমন চলছে?,sylhet,syl_cate_09
sentence_04.wav,dataset/chunks/sylhet/syl_cate_09/sentence_04.wav,আজ সূর্য ভালোভাবে উঠেছে।,sylhet,syl_cate_09
sentence_05.wav,dataset/chunks/sylhet/syl_cate_09/sentence_05.wav,তাপমাত্রা কত?,sylhet,syl_cate_09
sentence_06.wav,dataset/chunks/sylhet/syl_cate_09/sentence_06.wav,আজ মেঘলা দিন।,sylhet,syl_cate_09
sentence_07.wav,dataset/chunks/sylhet/syl_cate_09/sentence_07.wav,বাতাস খুব ঠান্ডা।,sylhet,syl_cate_09
sentence_08.wav,dataset/chunks/sylhet/syl_cate_09/sentence_08.wav,আজ দিনের আলো সুন্দর।,sylhet,syl_cate_09
sentence_09.wav,dataset/chunks/sylhet/syl_cate_09/sentence_09.wav,ঝড় আসছে কি?,sylhet,syl_cate_09
sentence_10.wav,dataset/chunks/sylhet/syl_cate_09/sentence_10.wav,আজ রাত খুব ঠান্ডা।,sylhet,syl_cate_09
sentence_11.wav,dataset/chunks/sylhet/syl_cate_09/sentence_11.wav,আকাশ পরিষ্কার।,sylhet,syl_cate_09
sentence_12.wav,dataset/chunks/sylhet/syl_cate_09/sentence_12.wav,বৃষ্টি শুরু হয়েছে।,sylhet,syl_cate_09
sentence_13.wav,dataset/chunks/sylhet/syl_cate_09/sentence_13.wav,তাপমাত্রা বেশি হলে গরম লাগবে।,sylhet,syl_cate_09
sentence_14.wav,dataset/chunks/sylhet/syl_cate_09/sentence_14.wav,ধুলোবালি কেটে গেছে।,sylhet,syl_cate_09
sentence_15.wav,dataset/chunks/sylhet/syl_cate_09/sentence_15.wav,জলবায়ু পরিবর্তন হচ্ছে।,sylhet,syl_cate_09
sentence_16.wav,dataset/chunks/sylhet/syl_cate_09/sentence_16.wav,আজ সূর্য ঝলমল করছে।,sylhet,syl_cate_09
sentence_17.wav,dataset/chunks/sylhet/syl_cate_09/sentence_17.wav,বাতাস কি বেশি তীব্র?,sylhet,syl_cate_09
sentence_18.wav,dataset/chunks/sylhet/syl_cate_09/sentence_18.wav,আজ দিনের তাপমাত্রা ৩৫°সেলসিয়াস।,sylhet,syl_cate_09
sentence_19.wav,dataset/chunks/sylhet/syl_cate_09/sentence_19.wav,আকাশে সবুজ মেঘ।,sylhet,syl_cate_09
sentence_20.wav,dataset/chunks/sylhet/syl_cate_09/sentence_20.wav,বৃষ্টির পর মাটি ভিজে গেছে।,sylhet,syl_cate_09
sentence_21.wav,dataset/chunks/sylhet/syl_cate_09/sentence_21.wav,আজ খুব আর্দ্রতা আছে।,sylhet,syl_cate_09
sentence_22.wav,dataset/chunks/sylhet/syl_cate_09/sentence_22.wav,কি ধরনের আবহাওয়া আপনার পছন্দ?,sylhet,syl_cate_09
sentence_23.wav,dataset/chunks/sylhet/syl_cate_09/sentence_23.wav,সূর্যাস্ত খুব সুন্দর হয়েছে।,sylhet,syl_cate_09
sentence_24.wav,dataset/chunks/sylhet/syl_cate_09/sentence_24.wav,আগামীকাল খুব ঠান্ডা হবে।,sylhet,syl_cate_09
sentence_25.wav,dataset/chunks/sylhet/syl_cate_09/sentence_25.wav,ঝড়ের পূর্বাভাস আছে।,sylhet,syl_cate_09
sentence_26.wav,dataset/chunks/sylhet/syl_cate_09/sentence_26.wav,বাতাসের দিক পরিবর্তিত হয়েছে।,sylhet,syl_cate_09
sentence_27.wav,dataset/chunks/sylhet/syl_cate_09/sentence_27.wav,আকাশে সূর্যোদয় দেখা যাচ্ছে।,sylhet,syl_cate_09
sentence_28.wav,dataset/chunks/sylhet/syl_cate_09/sentence_28.wav,আজ রাতের আকাশে তারা দেখা যাচ্ছে।,sylhet,syl_cate_09
sentence_29.wav,dataset/chunks/sylhet/syl_cate_09/sentence_29.wav,বাতাসে তীব্রতা আছে কি?,sylhet,syl_cate_09
sentence_30.wav,dataset/chunks/sylhet/syl_cate_09/sentence_30.wav,গ্রীষ্মকাল খুব গরম।,sylhet,syl_cate_09
sentence_31.wav,dataset/chunks/sylhet/syl_cate_09/sentence_31.wav,শীতকাল খুব ঠান্ডা।,sylhet,syl_cate_09
sentence_32.wav,dataset/chunks/sylhet/syl_cate_09/sentence_32.wav,আজকের আর্দ্রতা কেমন?,sylhet,syl_cate_09
sentence_33.wav,dataset/chunks/sylhet/syl_cate_09/sentence_33.wav,মেঘ কেটে গেছে।,sylhet,syl_cate_09
sentence_34.wav,dataset/chunks/sylhet/syl_cate_09/sentence_34.wav,ঝড়ের সময় বাইরে যাবেন না।,sylhet,syl_cate_09
sentence_35.wav,dataset/chunks/sylhet/syl_cate_09/sentence_35.wav,আজকের আকাশ নীল।,sylhet,syl_cate_09
sentence_36.wav,dataset/chunks/sylhet/syl_cate_09/sentence_36.wav,বাতাসে ধুলো আছে।,sylhet,syl_cate_09
sentence_37.wav,dataset/chunks/sylhet/syl_cate_09/sentence_37.wav,বৃষ্টির পর সবুজ গাছ আরও সুন্দর।,sylhet,syl_cate_09
sentence_38.wav,dataset/chunks/sylhet/syl_cate_09/sentence_38.wav,আজ খুব ধোঁয়া আছে।,sylhet,syl_cate_09
sentence_39.wav,dataset/chunks/sylhet/syl_cate_09/sentence_39.wav,আগামীকাল বৃষ্টি হবে কি?,sylhet,syl_cate_09
sentence_40.wav,dataset/chunks/sylhet/syl_cate_09/sentence_40.wav,আজ দুপুরে তাপমাত্রা কম।,sylhet,syl_cate_09
sentence_41.wav,dataset/chunks/sylhet/syl_cate_09/sentence_41.wav,সূর্য আকাশে উজ্জ্বল।,sylhet,syl_cate_09
sentence_42.wav,dataset/chunks/sylhet/syl_cate_09/sentence_42.wav,আজ বাতাস একটু ঠান্ডা।,sylhet,syl_cate_09
sentence_43.wav,dataset/chunks/sylhet/syl_cate_09/sentence_43.wav,ঝড়ের সময় কি precautions নিতে হবে?,sylhet,syl_cate_09
sentence_44.wav,dataset/chunks/sylhet/syl_cate_09/sentence_44.wav,আজকের আবহাওয়া স্বাভাবিক।,sylhet,syl_cate_09
sentence_45.wav,dataset/chunks/sylhet/syl_cate_09/sentence_45.wav,বৃষ্টি হলে রাস্তা ভিজে যাবে।,sylhet,syl_cate_09
sentence_46.wav,dataset/chunks/sylhet/syl_cate_09/sentence_46.wav,হাওয়া খুব নরম।,sylhet,syl_cate_09
sentence_47.wav,dataset/chunks/sylhet/syl_cate_09/sentence_47.wav,আজ সূর্য উঠার সময় দেরি হয়েছে।,sylhet,syl_cate_09
sentence_48.wav,dataset/chunks/sylhet/syl_cate_09/sentence_48.wav,আবহাওয়া রিপোর্ট কি হয়েছে?,sylhet,syl_cate_09
sentence_49.wav,dataset/chunks/sylhet/syl_cate_09/sentence_49.wav,আজকের তাপমাত্রা বেশী।,sylhet,syl_cate_09
sentence_50.wav,dataset/chunks/sylhet/syl_cate_09/sentence_50.wav,রাতে খুব ঠান্ডা হবে।,sylhet,syl_cate_09
sentence_51.wav,dataset/chunks/sylhet/syl_cate_09/sentence_51.wav,গ্রীষ্মের দিন দীর্ঘ।,sylhet,syl_cate_09
sentence_52.wav,dataset/chunks/sylhet/syl_cate_09/sentence_52.wav,শীতের রাত ছোট।,sylhet,syl_cate_09
sentence_53.wav,dataset/chunks/sylhet/syl_cate_09/sentence_53.wav,ঝড়ের কারণে বিদ্যুৎ চলে গেছে।,sylhet,syl_cate_09
sentence_54.wav,dataset/chunks/sylhet/syl_cate_09/sentence_54.wav,মেঘলা দিনে ছবি তোলা ভালো।,sylhet,syl_cate_09
sentence_55.wav,dataset/chunks/sylhet/syl_cate_09/sentence_55.wav,বাতাসে আর্দ্রতা বেশি।,sylhet,syl_cate_09
sentence_56.wav,dataset/chunks/sylhet/syl_cate_09/sentence_56.wav,কি ধরনের বাতাস চলছে?,sylhet,syl_cate_09
sentence_57.wav,dataset/chunks/sylhet/syl_cate_09/sentence_57.wav,আজ রাতের আকাশ পরিষ্কার।,sylhet,syl_cate_09
sentence_58.wav,dataset/chunks/sylhet/syl_cate_09/sentence_58.wav,বৃষ্টিপাত কম।,sylhet,syl_cate_09
sentence_59.wav,dataset/chunks/sylhet/syl_cate_09/sentence_59.wav,আগামীকাল তাপমাত্রা বাড়বে।,sylhet,syl_cate_09
sentence_60.wav,dataset/chunks/sylhet/syl_cate_09/sentence_60.wav,ঝড়ের সময় সড়ক নিরাপদ নয়।,sylhet,syl_cate_09
sentence_61.wav,dataset/chunks/sylhet/syl_cate_09/sentence_61.wav,আজ হালকা বৃষ্টি হচ্ছে।,sylhet,syl_cate_09
sentence_62.wav,dataset/chunks/sylhet/syl_cate_09/sentence_62.wav,বাতাসের তীব্রতা কমেছে।,sylhet,syl_cate_09
sentence_63.wav,dataset/chunks/sylhet/syl_cate_09/sentence_63.wav,আজকের সূর্যাস্ত সুন্দর।,sylhet,syl_cate_09
sentence_64.wav,dataset/chunks/sylhet/syl_cate_09/sentence_64.wav,কি সময়ে বৃষ্টি হবে?,sylhet,syl_cate_09
sentence_65.wav,dataset/chunks/sylhet/syl_cate_09/sentence_65.wav,আকাশে মেঘ অনেক।,sylhet,syl_cate_09
sentence_66.wav,dataset/chunks/sylhet/syl_cate_09/sentence_66.wav,আজ খুব শীতল দিন।,sylhet,syl_cate_09
sentence_67.wav,dataset/chunks/sylhet/syl_cate_09/sentence_67.wav,বাতাসের দিক পূর্ব।,sylhet,syl_cate_09
sentence_68.wav,dataset/chunks/sylhet/syl_cate_09/sentence_68.wav,হঠাৎ ঝড় এসেছে।,sylhet,syl_cate_09
sentence_69.wav,dataset/chunks/sylhet/syl_cate_09/sentence_69.wav,আজ খুব রৌদ্রজ্জ্বল।,sylhet,syl_cate_09
sentence_70.wav,dataset/chunks/sylhet/syl_cate_09/sentence_70.wav,আগামীকাল হালকা বাতাস থাকবে।,sylhet,syl_cate_09
sentence_01.wav,dataset/chunks/sylhet/syl_cate_10/sentence_01.wav,আপনি কিভাবে পহেলা বৈশাখ উদযাপন করেন?,sylhet,syl_cate_10
sentence_02.wav,dataset/chunks/sylhet/syl_cate_10/sentence_02.wav,আমি পহেলা বৈশাখে নতুন জামা পরি।,sylhet,syl_cate_10
sentence_03.wav,dataset/chunks/sylhet/syl_cate_10/sentence_03.wav,আমাদের গ্রামে ঈদ খুব বড় উৎসব।,sylhet,syl_cate_10
sentence_04.wav,dataset/chunks/sylhet/syl_cate_10/sentence_04.wav,আপনি পূজা কিভাবে পালন করেন?,sylhet,syl_cate_10
sentence_05.wav,dataset/chunks/sylhet/syl_cate_10/sentence_05.wav,আমরা দুর্গাপূজা দেখতে যাই।,sylhet,syl_cate_10
sentence_06.wav,dataset/chunks/sylhet/syl_cate_10/sentence_06.wav,আমার পরিবার নববর্ষ উদযাপন করে।,sylhet,syl_cate_10
sentence_07.wav,dataset/chunks/sylhet/syl_cate_10/sentence_07.wav,কি ধরনের খাবার উৎসবে থাকে?,sylhet,syl_cate_10
sentence_08.wav,dataset/chunks/sylhet/syl_cate_10/sentence_08.wav,আমরা ঈদের দিনে গিয়ে কার্ড দিই।,sylhet,syl_cate_10
sentence_09.wav,dataset/chunks/sylhet/syl_cate_10/sentence_09.wav,পহেলা বৈশাখে আমরা বাজারে যাই।,sylhet,syl_cate_10
sentence_10.wav,dataset/chunks/sylhet/syl_cate_10/sentence_10.wav,আমরা পহেলা বৈশাখে রঙিন পোশাক পরি।,sylhet,syl_cate_10
sentence_11.wav,dataset/chunks/sylhet/syl_cate_10/sentence_11.wav,হোলি আমাদের বন্ধুদের সঙ্গে খেলা হয়।,sylhet,syl_cate_10
sentence_12.wav,dataset/chunks/sylhet/syl_cate_10/sentence_12.wav,উৎসবে কি ধরনের গান বাজে?,sylhet,syl_cate_10
sentence_13.wav,dataset/chunks/sylhet/syl_cate_10/sentence_13.wav,আমরা লালবসন্ত উৎসব পালন করি।,sylhet,syl_cate_10
sentence_14.wav,dataset/chunks/sylhet/syl_cate_10/sentence_14.wav,আমাদের গ্রামে বর্ষবরণ খুব উৎসবমুখর।,sylhet,syl_cate_10
sentence_15.wav,dataset/chunks/sylhet/syl_cate_10/sentence_15.wav,পহেলা বৈশাখে নতুন বছরের জন্য শুভেচ্ছা বিনিময় করি।,sylhet,syl_cate_10
sentence_16.wav,dataset/chunks/sylhet/syl_cate_10/sentence_16.wav,আমরা ঈদে পরিবারের সঙ্গে ভ্রমণ করি।,sylhet,syl_cate_10
sentence_17.wav,dataset/chunks/sylhet/syl_cate_10/sentence_17.wav,দুর্গাপূজায় মন্দিরে ফুল সাজানো হয়।,sylhet,syl_cate_10
sentence_18.wav,dataset/chunks/sylhet/syl_cate_10/sentence_18.wav,কি ধরনের পোশাক উৎসবে পরা হয়?,sylhet,syl_cate_10
sentence_19.wav,dataset/chunks/sylhet/syl_cate_10/sentence_19.wav,নববর্ষে আমরা মিষ্টি খাই।,sylhet,syl_cate_10
sentence_20.wav,dataset/chunks/sylhet/syl_cate_10/sentence_20.wav,আমরা ঈদের সকালে নতুন জামা পরি।,sylhet,syl_cate_10
sentence_21.wav,dataset/chunks/sylhet/syl_cate_10/sentence_21.wav,পূজার সময় মন্দিরে ভিড় থাকে।,sylhet,syl_cate_10
sentence_22.wav,dataset/chunks/sylhet/syl_cate_10/sentence_22.wav,পহেলা বৈশাখে আমরা পার্কে যাই।,sylhet,syl_cate_10
sentence_23.wav,dataset/chunks/sylhet/syl_cate_10/sentence_23.wav,হোলিতে রঙ ব্যবহার করা হয়।,sylhet,syl_cate_10
sentence_24.wav,dataset/chunks/sylhet/syl_cate_10/sentence_24.wav,আমরা ভোরে পূজার অর্ঘ্য দিই।,sylhet,syl_cate_10
sentence_25.wav,dataset/chunks/sylhet/syl_cate_10/sentence_25.wav,ঈদে আমরা একে অপরকে শুভেচ্ছা জানাই।,sylhet,syl_cate_10
sentence_26.wav,dataset/chunks/sylhet/syl_cate_10/sentence_26.wav,উৎসবের জন্য নতুন সাজসজ্জা করা হয়েছে।,sylhet,syl_cate_10
sentence_27.wav,dataset/chunks/sylhet/syl_cate_10/sentence_27.wav,আমরা নববর্ষে গান গাই।,sylhet,syl_cate_10
sentence_28.wav,dataset/chunks/sylhet/syl_cate_10/sentence_28.wav,দুর্গাপূজায় কুমারী পূজা হয়।,sylhet,syl_cate_10
sentence_29.wav,dataset/chunks/sylhet/syl_cate_10/sentence_29.wav,কি ধরনের খেলাধুলা উৎসবে হয়?,sylhet,syl_cate_10
sentence_30.wav,dataset/chunks/sylhet/syl_cate_10/sentence_30.wav,আমরা হোলিতে একে অপরকে রঙ দিই।,sylhet,syl_cate_10
sentence_31.wav,dataset/chunks/sylhet/syl_cate_10/sentence_31.wav,উৎসবে আমরা নাচ গান করি।,sylhet,syl_cate_10
sentence_32.wav,dataset/chunks/sylhet/syl_cate_10/sentence_32.wav,ঈদের দিনে বাজারে ভিড় হয়।,sylhet,syl_cate_10
sentence_33.wav,dataset/chunks/sylhet/syl_cate_10/sentence_33.wav,পহেলা বৈশাখে আমরা মেলা দেখতে যাই।,sylhet,syl_cate_10
sentence_34.wav,dataset/chunks/sylhet/syl_cate_10/sentence_34.wav,নববর্ষে আমরা নতুন পরিকল্পনা করি।,sylhet,syl_cate_10
sentence_35.wav,dataset/chunks/sylhet/syl_cate_10/sentence_35.wav,দুর্গাপূজায় মন্দিরে আলোকসজ্জা করা হয়।,sylhet,syl_cate_10
sentence_36.wav,dataset/chunks/sylhet/syl_cate_10/sentence_36.wav,হোলিতে আমরা বন্ধুদের সঙ্গে মজা করি।,sylhet,syl_cate_10
sentence_37.wav,dataset/chunks/sylhet/syl_cate_10/sentence_37.wav,কি ধরনের খাবার পূজায় পরিবেশিত হয়?,sylhet,syl_cate_10
sentence_38.wav,dataset/chunks/sylhet/syl_cate_10/sentence_38.wav,আমরা নববর্ষে পরিবারকে উপহার দেই।,sylhet,syl_cate_10
sentence_39.wav,dataset/chunks/sylhet/syl_cate_10/sentence_39.wav,ঈদের সকালে আমরা মসজিদে যাই।,sylhet,syl_cate_10
sentence_40.wav,dataset/chunks/sylhet/syl_cate_10/sentence_40.wav,উৎসবে আমরা traditional পোশাক পরি।,sylhet,syl_cate_10
sentence_41.wav,dataset/chunks/sylhet/syl_cate_10/sentence_41.wav,পহেলা বৈশাখে আমরা রঙিন মিছিল করি।,sylhet,syl_cate_10
sentence_42.wav,dataset/chunks/sylhet/syl_cate_10/sentence_42.wav,হোলিতে আমরা বিভিন্ন রঙের জল ব্যবহার করি।,sylhet,syl_cate_10
sentence_43.wav,dataset/chunks/sylhet/syl_cate_10/sentence_43.wav,নববর্ষের অনুষ্ঠানে গান বাজানো হয়।,sylhet,syl_cate_10
sentence_44.wav,dataset/chunks/sylhet/syl_cate_10/sentence_44.wav,আমরা ঈদের দিনে প্রিয়জনের সঙ্গে খাবার খাই।,sylhet,syl_cate_10
sentence_45.wav,dataset/chunks/sylhet/syl_cate_10/sentence_45.wav,দুর্গাপূজায় প্রতিমা সাজানো হয়।,sylhet,syl_cate_10
sentence_46.wav,dataset/chunks/sylhet/syl_cate_10/sentence_46.wav,উৎসবে আমরা সবাই একসাথে আনন্দ করি।,sylhet,syl_cate_10
sentence_47.wav,dataset/chunks/sylhet/syl_cate_10/sentence_47.wav,পহেলা বৈশাখে নতুন বছরের শুরু হয়।,sylhet,syl_cate_10
sentence_48.wav,dataset/chunks/sylhet/syl_cate_10/sentence_48.wav,নববর্ষে আমরা খোলা আকাশের নিচে অনুষ্ঠান করি।,sylhet,syl_cate_10
sentence_49.wav,dataset/chunks/sylhet/syl_cate_10/sentence_49.wav,ঈদে আমরা একে অপরকে উপহার দেই।,sylhet,syl_cate_10
sentence_50.wav,dataset/chunks/sylhet/syl_cate_10/sentence_50.wav,হোলিতে শিশুদের আনন্দ বেশি।,sylhet,syl_cate_10
sentence_51.wav,dataset/chunks/sylhet/syl_cate_10/sentence_51.wav,আমরা পহেলা বৈশাখে রঙিন পুতুল তৈরি করি।,sylhet,syl_cate_10
sentence_52.wav,dataset/chunks/sylhet/syl_cate_10/sentence_52.wav,দুর্গাপূজায় মন্দিরে ভক্তদের ভিড় থাকে।,sylhet,syl_cate_10
sentence_53.wav,dataset/chunks/sylhet/syl_cate_10/sentence_53.wav,নববর্ষের দিনে আমরা traditional খাবার খাই।,sylhet,syl_cate_10
sentence_54.wav,dataset/chunks/sylhet/syl_cate_10/sentence_54.wav,হোলিতে আমরা গান বাজাই।,sylhet,syl_cate_10
sentence_55.wav,dataset/chunks/sylhet/syl_cate_10/sentence_55.wav,ঈদে আমরা পরিবারের সঙ্গে আনন্দ করি।,sylhet,syl_cate_10
sentence_56.wav,dataset/chunks/sylhet/syl_cate_10/sentence_56.wav,পহেলা বৈশাখে আমরা বাজার থেকে খাবার কিনি।,sylhet,syl_cate_10
sentence_57.wav,dataset/chunks/sylhet/syl_cate_10/sentence_57.wav,নববর্ষে আমরা cultural অনুষ্ঠানে অংশ নিই।,sylhet,syl_cate_10
sentence_58.wav,dataset/chunks/sylhet/syl_cate_10/sentence_58.wav,দুর্গাপূজায় আমরা মেলা দেখি।,sylhet,syl_cate_10
sentence_59.wav,dataset/chunks/sylhet/syl_cate_10/sentence_59.wav,হোলিতে আমরা একে অপরকে মিষ্টি দিই।,sylhet,syl_cate_10
sentence_60.wav,dataset/chunks/sylhet/syl_cate_10/sentence_60.wav,আমরা পহেলা বৈশাখে traditional নাচ করি।,sylhet,syl_cate_10
sentence_61.wav,dataset/chunks/sylhet/syl_cate_10/sentence_61.wav,নববর্ষে আমরা নতুন বছরের জন্য প্রার্থনা করি।,sylhet,syl_cate_10
sentence_62.wav,dataset/chunks/sylhet/syl_cate_10/sentence_62.wav,ঈদের সকালে আমরা মসজিদে যাওয়া শুরু করি।,sylhet,syl_cate_10
sentence_63.wav,dataset/chunks/sylhet/syl_cate_10/sentence_63.wav,হোলিতে আমরা বন্ধুদের সঙ্গে আনন্দ করি।,sylhet,syl_cate_10
sentence_64.wav,dataset/chunks/sylhet/syl_cate_10/sentence_64.wav,পহেলা বৈশাখে আমাদের গ্রামে মেলা হয়।,sylhet,syl_cate_10
sentence_65.wav,dataset/chunks/sylhet/syl_cate_10/sentence_65.wav,নববর্ষের অনুষ্ঠান সকাল থেকে শুরু হয়।,sylhet,syl_cate_10
sentence_66.wav,dataset/chunks/sylhet/syl_cate_10/sentence_66.wav,দুর্গাপূজায় শিশুদের জন্য খেলা হয়।,sylhet,syl_cate_10
sentence_67.wav,dataset/chunks/sylhet/syl_cate_10/sentence_67.wav,হোলিতে আমরা রঙিন পাউডার ব্যবহার করি।,sylhet,syl_cate_10
sentence_68.wav,dataset/chunks/sylhet/syl_cate_10/sentence_68.wav,ঈদে আমরা গ্রামের বাড়িতে যাই।,sylhet,syl_cate_10
sentence_69.wav,dataset/chunks/sylhet/syl_cate_10/sentence_69.wav,পহেলা বৈশাখে আমরা নতুন বছরের জন্য সুইট খাই।,sylhet,syl_cate_10
sentence_70.wav,dataset/chunks/sylhet/syl_cate_10/sentence_70.wav,নববর্ষে আমরা সকলের সঙ্গে আনন্দ ভাগ করি।,sylhet,syl_cate_10
sentence_01.wav,dataset/chunks/sylhet/syl_cate_12/sentence_01.wav,আজকের মিটিং কবে?,sylhet,syl_cate_12
sentence_02.wav,dataset/chunks/sylhet/syl_cate_12/sentence_02.wav,আমি আমার রিপোর্ট প্রস্তুত করেছি।,sylhet,syl_cate_12
sentence_03.wav,dataset/chunks/sylhet/syl_cate_12/sentence_03.wav,অফিসে সময়মতো পৌঁছানো উচিত।,sylhet,syl_cate_12
sentence_04.wav,dataset/chunks/sylhet/syl_cate_12/sentence_04.wav,আপনার সহকর্মী কি সাহায্য করছে?,sylhet,syl_cate_12
sentence_05.wav,dataset/chunks/sylhet/syl_cate_12/sentence_05.wav,আমরা নতুন প্রকল্প শুরু করছি।,sylhet,syl_cate_12
sentence_06.wav,dataset/chunks/sylhet/syl_cate_12/sentence_06.wav,আজ অফিসে কি কাজ আছে?,sylhet,syl_cate_12
sentence_07.wav,dataset/chunks/sylhet/syl_cate_12/sentence_07.wav,আমার কম্পিউটারে সমস্যা হয়েছে।,sylhet,syl_cate_12
sentence_08.wav,dataset/chunks/sylhet/syl_cate_12/sentence_08.wav,মিটিংটি কত সময়ের জন্য?,sylhet,syl_cate_12
sentence_09.wav,dataset/chunks/sylhet/syl_cate_12/sentence_09.wav,আমি প্রেজেন্টেশন প্রস্তুত করছি।,sylhet,syl_cate_12
sentence_10.wav,dataset/chunks/sylhet/syl_cate_12/sentence_10.wav,আপনি কোন দপ্তরে কাজ করেন?,sylhet,syl_cate_12
sentence_11.wav,dataset/chunks/sylhet/syl_cate_12/sentence_11.wav,অফিসের সময়সূচি কি?,sylhet,syl_cate_12
sentence_12.wav,dataset/chunks/sylhet/syl_cate_12/sentence_12.wav,আমি নতুন কর্মচারী প্রশিক্ষণ দিচ্ছি।,sylhet,syl_cate_12
sentence_13.wav,dataset/chunks/sylhet/syl_cate_12/sentence_13.wav,আজ অফিসে তদারকি করা হয়েছে।,sylhet,syl_cate_12
sentence_14.wav,dataset/chunks/sylhet/syl_cate_12/sentence_14.wav,আমরা ক্লায়েন্টের সঙ্গে মিটিং করেছি।,sylhet,syl_cate_12
sentence_15.wav,dataset/chunks/sylhet/syl_cate_12/sentence_15.wav,আমার ল্যাপটপ কাজ করছে না।,sylhet,syl_cate_12
sentence_16.wav,dataset/chunks/sylhet/syl_cate_12/sentence_16.wav,অফিসের কাজ শেষ হয়েছে।,sylhet,syl_cate_12
sentence_17.wav,dataset/chunks/sylhet/syl_cate_12/sentence_17.wav,কি ধরনের রিপোর্ট আজ জমা দিতে হবে?,sylhet,syl_cate_12
sentence_18.wav,dataset/chunks/sylhet/syl_cate_12/sentence_18.wav,আমি ইমেইল পাঠাচ্ছি।,sylhet,syl_cate_12
sentence_19.wav,dataset/chunks/sylhet/syl_cate_12/sentence_19.wav,অফিসে নতুন নীতি প্রয়োগ করা হয়েছে।,sylhet,syl_cate_12
sentence_20.wav,dataset/chunks/sylhet/syl_cate_12/sentence_20.wav,আপনার সহকর্মী punctual কি?,sylhet,syl_cate_12
sentence_21.wav,dataset/chunks/sylhet/syl_cate_12/sentence_21.wav,আমরা অফিসে কাজ ভাগ করেছি।,sylhet,syl_cate_12
sentence_22.wav,dataset/chunks/sylhet/syl_cate_12/sentence_22.wav,আজ অফিসে কি মিটিং আছে?,sylhet,syl_cate_12
sentence_23.wav,dataset/chunks/sylhet/syl_cate_12/sentence_23.wav,আমি ক্লায়েন্টের জন্য ডকুমেন্ট তৈরি করছি।,sylhet,syl_cate_12
sentence_24.wav,dataset/chunks/sylhet/syl_cate_12/sentence_24.wav,অফিসের বাতাস ভালো নেই।,sylhet,syl_cate_12
sentence_25.wav,dataset/chunks/sylhet/syl_cate_12/sentence_25.wav,আমরা নতুন সফটওয়্যার ব্যবহার করছি।,sylhet,syl_cate_12
sentence_26.wav,dataset/chunks/sylhet/syl_cate_12/sentence_26.wav,কি কাজ দ্রুত শেষ করতে হবে?,sylhet,syl_cate_12
sentence_27.wav,dataset/chunks/sylhet/syl_cate_12/sentence_27.wav,আমার ডেস্কে অনেক নথি আছে।,sylhet,syl_cate_12
sentence_28.wav,dataset/chunks/sylhet/syl_cate_12/sentence_28.wav,অফিসে আজ নতুন অতিথি এসেছেন।,sylhet,syl_cate_12
sentence_29.wav,dataset/chunks/sylhet/syl_cate_12/sentence_29.wav,আমরা টিম মিটিং করছি।,sylhet,syl_cate_12
sentence_30.wav,dataset/chunks/sylhet/syl_cate_12/sentence_30.wav,আপনার কাজের অগ্রগতি কেমন?,sylhet,syl_cate_12
sentence_31.wav,dataset/chunks/sylhet/syl_cate_12/sentence_31.wav,আমি নতুন প্রকল্পের পরিকল্পনা করছি।,sylhet,syl_cate_12
sentence_32.wav,dataset/chunks/sylhet/syl_cate_12/sentence_32.wav,আজ অফিসে অনেক কাজ হয়েছে।,sylhet,syl_cate_12
sentence_33.wav,dataset/chunks/sylhet/syl_cate_12/sentence_33.wav,আমি ইমেইল চেক করছি।,sylhet,syl_cate_12
sentence_34.wav,dataset/chunks/sylhet/syl_cate_12/sentence_34.wav,অফিসের কম্পিউটার আপডেট হয়েছে।,sylhet,syl_cate_12
sentence_35.wav,dataset/chunks/sylhet/syl_cate_12/sentence_35.wav,আপনি আজ কোন দপ্তরে কাজ করছেন?,sylhet,syl_cate_12
sentence_36.wav,dataset/chunks/sylhet/syl_cate_12/sentence_36.wav,আমরা নতুন টিম মিটিং শুরু করেছি।,sylhet,syl_cate_12
sentence_37.wav,dataset/chunks/sylhet/syl_cate_12/sentence_37.wav,কি ধরনের রিপোর্ট শেষ হয়েছে?,sylhet,syl_cate_12
sentence_38.wav,dataset/chunks/sylhet/syl_cate_12/sentence_38.wav,আমি অফিসের জন্য প্রেজেন্টেশন তৈরি করেছি।,sylhet,syl_cate_12
sentence_39.wav,dataset/chunks/sylhet/syl_cate_12/sentence_39.wav,আমাদের টিমে নতুন সদস্য যোগ হয়েছে।,sylhet,syl_cate_12
sentence_40.wav,dataset/chunks/sylhet/syl_cate_12/sentence_40.wav,অফিসের কাজের মান খুব ভালো।,sylhet,syl_cate_12
sentence_41.wav,dataset/chunks/sylhet/syl_cate_12/sentence_41.wav,আজ অফিসে কি মিটিং শিডিউল আছে?,sylhet,syl_cate_12
sentence_42.wav,dataset/chunks/sylhet/syl_cate_12/sentence_42.wav,আমি অফিসের ডকুমেন্ট স্ক্যান করছি।,sylhet,syl_cate_12
sentence_43.wav,dataset/chunks/sylhet/syl_cate_12/sentence_43.wav,আপনার সহকর্মী কি ব্যস্ত?,sylhet,syl_cate_12
sentence_44.wav,dataset/chunks/sylhet/syl_cate_12/sentence_44.wav,আমরা অফিসে নথি আপডেট করেছি।,sylhet,syl_cate_12
sentence_45.wav,dataset/chunks/sylhet/syl_cate_12/sentence_45.wav,আজ টিমের সঙ্গে আলোচনা হয়েছে।,sylhet,syl_cate_12
sentence_46.wav,dataset/chunks/sylhet/syl_cate_12/sentence_46.wav,আমি নতুন কর্মচারীর প্রশিক্ষণ দিচ্ছি।,sylhet,syl_cate_12
sentence_47.wav,dataset/chunks/sylhet/syl_cate_12/sentence_47.wav,অফিসে নতুন নীতি প্রয়োগ করা হয়েছে।,sylhet,syl_cate_12
sentence_48.wav,dataset/chunks/sylhet/syl_cate_12/sentence_48.wav,আমার কম্পিউটার হ্যাং করেছে।,sylhet,syl_cate_12
sentence_49.wav,dataset/chunks/sylhet/syl_cate_12/sentence_49.wav,আমরা ক্লায়েন্টের কাছে প্রজেক্ট প্রেজেন্ট করেছি।,sylhet,syl_cate_12
sentence_50.wav,dataset/chunks/sylhet/syl_cate_12/sentence_50.wav,আপনার অফিসের সময়সূচি কি?,sylhet,syl_cate_12
sentence_51.wav,dataset/chunks/sylhet/syl_cate_12/sentence_51.wav,আমি আজ নতুন কাজ শিখছি।,sylhet,syl_cate_12
sentence_52.wav,dataset/chunks/sylhet/syl_cate_12/sentence_52.wav,অফিসে নিরাপত্তা ব্যবস্থা ভালো।,sylhet,syl_cate_12
sentence_53.wav,dataset/chunks/sylhet/syl_cate_12/sentence_53.wav,আমরা অফিসে নতুন টুল ব্যবহার করছি।,sylhet,syl_cate_12
sentence_54.wav,dataset/chunks/sylhet/syl_cate_12/sentence_54.wav,আপনার টিম কি প্রস্তুত?,sylhet,syl_cate_12
sentence_55.wav,dataset/chunks/sylhet/syl_cate_12/sentence_55.wav,আমি অফিসে অনেক নথি সাজাচ্ছি।,sylhet,syl_cate_12
sentence_56.wav,dataset/chunks/sylhet/syl_cate_12/sentence_56.wav,আজ অফিসে নতুন প্রকল্পের আলোচনা হয়েছে।,sylhet,syl_cate_12
sentence_57.wav,dataset/chunks/sylhet/syl_cate_12/sentence_57.wav,আমি আজ টিম মিটিং নিয়ে ব্যস্ত।,sylhet,syl_cate_12
sentence_58.wav,dataset/chunks/sylhet/syl_cate_12/sentence_58.wav,অফিসে নতুন সফটওয়্যার ইনস্টল করা হয়েছে।,sylhet,syl_cate_12
sentence_59.wav,dataset/chunks/sylhet/syl_cate_12/sentence_59.wav,কি ধরনের অফিস কাজ শেষ করতে হবে?,sylhet,syl_cate_12
sentence_60.wav,dataset/chunks/sylhet/syl_cate_12/sentence_60.wav,আমি ক্লায়েন্টের জন্য ডকুমেন্ট প্রস্তুত করছি।,sylhet,syl_cate_12
sentence_61.wav,dataset/chunks/sylhet/syl_cate_12/sentence_61.wav,অফিসে আজ অনেক ইমেইল এসেছে।,sylhet,syl_cate_12
sentence_62.wav,dataset/chunks/sylhet/syl_cate_12/sentence_62.wav,আমাদের টিমের সদস্য সক্রিয়।,sylhet,syl_cate_12
sentence_63.wav,dataset/chunks/sylhet/syl_cate_12/sentence_63.wav,আমি অফিসে নতুন প্রকল্প পরিকল্পনা করছি।,sylhet,syl_cate_12
sentence_64.wav,dataset/chunks/sylhet/syl_cate_12/sentence_64.wav,আজ অফিসে অনেক visitors এসেছে।,sylhet,syl_cate_12
sentence_65.wav,dataset/chunks/sylhet/syl_cate_12/sentence_65.wav,অফিসে meeting room প্রস্তুত।,sylhet,syl_cate_12
sentence_66.wav,dataset/chunks/sylhet/syl_cate_12/sentence_66.wav,আমি অফিসের জন্য রিপোর্ট তৈরি করেছি।,sylhet,syl_cate_12
sentence_67.wav,dataset/chunks/sylhet/syl_cate_12/sentence_67.wav,আমরা নতুন guidelines মেনে চলছি।,sylhet,syl_cate_12
sentence_68.wav,dataset/chunks/sylhet/syl_cate_12/sentence_68.wav,অফিসে কাজের চাপ বেশি।,sylhet,syl_cate_12
sentence_69.wav,dataset/chunks/sylhet/syl_cate_12/sentence_69.wav,আমি ক্লায়েন্টের সাথে discussion করেছি।,sylhet,syl_cate_12
sentence_70.wav,dataset/chunks/sylhet/syl_cate_12/sentence_70.wav,আমাদের অফিসের পরিবেশ খুব ভালো।,sylhet,syl_cate_12
sentence_01.wav,dataset/chunks/sylhet/syl_cate_13/sentence_01.wav,এই ফোনের দাম কত?,sylhet,syl_cate_13
sentence_02.wav,dataset/chunks/sylhet/syl_cate_13/sentence_02.wav,আমি নতুন ল্যাপটপ কিনতে চাই।,sylhet,syl_cate_13
sentence_03.wav,dataset/chunks/sylhet/syl_cate_13/sentence_03.wav,এই চার্জার কি original?,sylhet,syl_cate_13
sentence_04.wav,dataset/chunks/sylhet/syl_cate_13/sentence_04.wav,SIM কার্ড কীভাবে নিতে হবে?,sylhet,syl_cate_13
sentence_05.wav,dataset/chunks/sylhet/syl_cate_13/sentence_05.wav,এই ফোনের warranty কত দিন?,sylhet,syl_cate_13
sentence_06.wav,dataset/chunks/sylhet/syl_cate_13/sentence_06.wav,আমি একটা হেডফোন চাই।,sylhet,syl_cate_13
sentence_07.wav,dataset/chunks/sylhet/syl_cate_13/sentence_07.wav,এই ফোনে camera ভালো কি?,sylhet,syl_cate_13
sentence_08.wav,dataset/chunks/sylhet/syl_cate_13/sentence_08.wav,আপনার দোকানে laptop আছে কি?,sylhet,syl_cate_13
sentence_09.wav,dataset/chunks/sylhet/syl_cate_13/sentence_09.wav,এই চার্জার কত voltage?,sylhet,syl_cate_13
sentence_10.wav,dataset/chunks/sylhet/syl_cate_13/sentence_10.wav,আমি ফোন comparison করতে চাই।,sylhet,syl_cate_13
sentence_11.wav,dataset/chunks/sylhet/syl_cate_13/sentence_11.wav,এই ফোনের color কোনটি আছে?,sylhet,syl_cate_13
sentence_12.wav,dataset/chunks/sylhet/syl_cate_13/sentence_12.wav,SIM card activate করতে কত সময় লাগে?,sylhet,syl_cate_13
sentence_13.wav,dataset/chunks/sylhet/syl_cate_13/sentence_13.wav,এই ফোনের storage কত GB?,sylhet,syl_cate_13
sentence_14.wav,dataset/chunks/sylhet/syl_cate_13/sentence_14.wav,আমি power bank চাই।,sylhet,syl_cate_13
sentence_15.wav,dataset/chunks/sylhet/syl_cate_13/sentence_15.wav,ফোনে নতুন app install করতে পারি কি?,sylhet,syl_cate_13
sentence_16.wav,dataset/chunks/sylhet/syl_cate_13/sentence_16.wav,এই দোকানে accessories পাওয়া যায়?,sylhet,syl_cate_13
sentence_17.wav,dataset/chunks/sylhet/syl_cate_13/sentence_17.wav,এই laptop lightweight কি?,sylhet,syl_cate_13
sentence_18.wav,dataset/chunks/sylhet/syl_cate_13/sentence_18.wav,ফোনের screen protector বিক্রি হয় কি?,sylhet,syl_cate_13
sentence_19.wav,dataset/chunks/sylhet/syl_cate_13/sentence_19.wav,SIM card recharge করা যায় কি?,sylhet,syl_cate_13
sentence_20.wav,dataset/chunks/sylhet/syl_cate_13/sentence_20.wav,আমি refurbished phone কিনতে চাই না।,sylhet,syl_cate_13
sentence_21.wav,dataset/chunks/sylhet/syl_cate_13/sentence_21.wav,ফোনের battery কতক্ষণ চলে?,sylhet,syl_cate_13
sentence_22.wav,dataset/chunks/sylhet/syl_cate_13/sentence_22.wav,আমি এই smartwatch কিনতে চাই।,sylhet,syl_cate_13
sentence_23.wav,dataset/chunks/sylhet/syl_cate_13/sentence_23.wav,ফোনের brand কোনটি?,sylhet,syl_cate_13
sentence_24.wav,dataset/chunks/sylhet/syl_cate_13/sentence_24.wav,এই charger fast charging support করে কি?,sylhet,syl_cate_13
sentence_25.wav,dataset/chunks/sylhet/syl_cate_13/sentence_25.wav,আমি laptop comparison দেখতে চাই।,sylhet,syl_cate_13
sentence_26.wav,dataset/chunks/sylhet/syl_cate_13/sentence_26.wav,ফোনের memory card slot আছে কি?,sylhet,syl_cate_13
sentence_27.wav,dataset/chunks/sylhet/syl_cate_13/sentence_27.wav,SIM card registration করতে কি লাগবে?,sylhet,syl_cate_13
sentence_28.wav,dataset/chunks/sylhet/syl_cate_13/sentence_28.wav,আমি wireless earphones চাই।,sylhet,syl_cate_13
sentence_29.wav,dataset/chunks/sylhet/syl_cate_13/sentence_29.wav,এই phone case waterproof কি?,sylhet,syl_cate_13
sentence_30.wav,dataset/chunks/sylhet/syl_cate_13/sentence_30.wav,আপনার দোকানে projector আছে কি?,sylhet,syl_cate_13
sentence_31.wav,dataset/chunks/sylhet/syl_cate_13/sentence_31.wav,ফোনের software update হয়েছে কি?,sylhet,syl_cate_13
sentence_32.wav,dataset/chunks/sylhet/syl_cate_13/sentence_32.wav,আমি gaming laptop দেখতে চাই।,sylhet,syl_cate_13
sentence_33.wav,dataset/chunks/sylhet/syl_cate_13/sentence_33.wav,ফোনে dual SIM support আছে কি?,sylhet,syl_cate_13
sentence_34.wav,dataset/chunks/sylhet/syl_cate_13/sentence_34.wav,এই power bank কত mAh?,sylhet,syl_cate_13
sentence_35.wav,dataset/chunks/sylhet/syl_cate_13/sentence_35.wav,আমি Bluetooth speaker কিনতে চাই।,sylhet,syl_cate_13
sentence_36.wav,dataset/chunks/sylhet/syl_cate_13/sentence_36.wav,ফোনের price negotiable কি?,sylhet,syl_cate_13
sentence_37.wav,dataset/chunks/sylhet/syl_cate_13/sentence_37.wav,আমি USB cable চাই।,sylhet,syl_cate_13
sentence_38.wav,dataset/chunks/sylhet/syl_cate_13/sentence_38.wav,এই tablet lightweight কি?,sylhet,syl_cate_13
sentence_39.wav,dataset/chunks/sylhet/syl_cate_13/sentence_39.wav,SIM card portability করতে পারি কি?,sylhet,syl_cate_13
sentence_40.wav,dataset/chunks/sylhet/syl_cate_13/sentence_40.wav,ফোনের warranty card আছে কি?,sylhet,syl_cate_13
sentence_41.wav,dataset/chunks/sylhet/syl_cate_13/sentence_41.wav,আমি refurbished laptop চাই না।,sylhet,syl_cate_13
sentence_42.wav,dataset/chunks/sylhet/syl_cate_13/sentence_42.wav,ফোনের charger original কি?,sylhet,syl_cate_13
sentence_43.wav,dataset/chunks/sylhet/syl_cate_13/sentence_43.wav,আমি tablet accessories চাই।,sylhet,syl_cate_13
sentence_44.wav,dataset/chunks/sylhet/syl_cate_13/sentence_44.wav,ফোনের camera resolution কত?,sylhet,syl_cate_13
sentence_45.wav,dataset/chunks/sylhet/syl_cate_13/sentence_45.wav,আমি portable hard drive চাই।,sylhet,syl_cate_13
sentence_46.wav,dataset/chunks/sylhet/syl_cate_13/sentence_46.wav,ফোনে earphone jack আছে কি?,sylhet,syl_cate_13
sentence_47.wav,dataset/chunks/sylhet/syl_cate_13/sentence_47.wav,SIM card online recharge করা যায় কি?,sylhet,syl_cate_13
sentence_48.wav,dataset/chunks/sylhet/syl_cate_13/sentence_48.wav,আমি laptop bag কিনতে চাই।,sylhet,syl_cate_13
sentence_49.wav,dataset/chunks/sylhet/syl_cate_13/sentence_49.wav,ফোনের display কত inch?,sylhet,syl_cate_13
sentence_50.wav,dataset/chunks/sylhet/syl_cate_13/sentence_50.wav,আমি smart home device কিনতে চাই।,sylhet,syl_cate_13
sentence_51.wav,dataset/chunks/sylhet/syl_cate_13/sentence_51.wav,এই charger compatible কি?,sylhet,syl_cate_13
sentence_52.wav,dataset/chunks/sylhet/syl_cate_13/sentence_52.wav,ফোনের processor কত GHz?,sylhet,syl_cate_13
sentence_53.wav,dataset/chunks/sylhet/syl_cate_13/sentence_53.wav,আমি wireless mouse চাই।,sylhet,syl_cate_13
sentence_54.wav,dataset/chunks/sylhet/syl_cate_13/sentence_54.wav,ফোনের screen size বড় কি?,sylhet,syl_cate_13
sentence_55.wav,dataset/chunks/sylhet/syl_cate_13/sentence_55.wav,SIM card balance check করতে পারি কি?,sylhet,syl_cate_13
sentence_56.wav,dataset/chunks/sylhet/syl_cate_13/sentence_56.wav,আমি laptop stand চাই।,sylhet,syl_cate_13
sentence_57.wav,dataset/chunks/sylhet/syl_cate_13/sentence_57.wav,ফোনে fingerprint sensor আছে কি?,sylhet,syl_cate_13
sentence_58.wav,dataset/chunks/sylhet/syl_cate_13/sentence_58.wav,আমি external keyboard চাই।,sylhet,syl_cate_13
sentence_59.wav,dataset/chunks/sylhet/syl_cate_13/sentence_59.wav,ফোনের battery replace করতে হয় কি?,sylhet,syl_cate_13
sentence_60.wav,dataset/chunks/sylhet/syl_cate_13/sentence_60.wav,আমি smartwatch strap চাই।,sylhet,syl_cate_13
sentence_61.wav,dataset/chunks/sylhet/syl_cate_13/sentence_61.wav,ফোনের price range কি?,sylhet,syl_cate_13
sentence_62.wav,dataset/chunks/sylhet/syl_cate_13/sentence_62.wav,আমি gaming console কিনতে চাই।,sylhet,syl_cate_13
sentence_63.wav,dataset/chunks/sylhet/syl_cate_13/sentence_63.wav,ফোনে dual camera আছে কি?,sylhet,syl_cate_13
sentence_64.wav,dataset/chunks/sylhet/syl_cate_13/sentence_64.wav,আমি USB hub চাই।,sylhet,syl_cate_13
sentence_65.wav,dataset/chunks/sylhet/syl_cate_13/sentence_65.wav,ফোনের warranty কত বছর?,sylhet,syl_cate_13
sentence_66.wav,dataset/chunks/sylhet/syl_cate_13/sentence_66.wav,আমি laptop charger চাই।,sylhet,syl_cate_13
sentence_67.wav,dataset/chunks/sylhet/syl_cate_13/sentence_67.wav,ফোনের weight কত?,sylhet,syl_cate_13
sentence_68.wav,dataset/chunks/sylhet/syl_cate_13/sentence_68.wav,আমি HDMI cable চাই।,sylhet,syl_cate_13
sentence_69.wav,dataset/chunks/sylhet/syl_cate_13/sentence_69.wav,ফোনের software version আপডেট হয়েছে কি?,sylhet,syl_cate_13
sentence_70.wav,dataset/chunks/sylhet/syl_cate_13/sentence_70.wav,আমি smart speaker কিনতে চাই।,sylhet,syl_cate_13
sentence_01.wav,dataset/chunks/sylhet/syl_cate_14/sentence_01.wav,অনুগ্রহ করে দরজা বন্ধ করবেন।,sylhet,syl_cate_14
sentence_02.wav,dataset/chunks/sylhet/syl_cate_14/sentence_02.wav,দয়া করে আমাকে সাহায্য করুন।,sylhet,syl_cate_14
sentence_03.wav,dataset/chunks/sylhet/syl_cate_14/sentence_03.wav,আপনি কি আমাকে বইটা দিতে পারেন?,sylhet,syl_cate_14
sentence_04.wav,dataset/chunks/sylhet/syl_cate_14/sentence_04.wav,অনুগ্রহ করে ধীরে কথা বলুন।,sylhet,syl_cate_14
sentence_05.wav,dataset/chunks/sylhet/syl_cate_14/sentence_05.wav,দয়া করে এখানে বসুন।,sylhet,syl_cate_14
sentence_06.wav,dataset/chunks/sylhet/syl_cate_14/sentence_06.wav,আপনি কি আমার জন্য অপেক্ষা করতে পারেন?,sylhet,syl_cate_14
sentence_07.wav,dataset/chunks/sylhet/syl_cate_14/sentence_07.wav,অনুগ্রহ করে আবার বলুন।,sylhet,syl_cate_14
sentence_08.wav,dataset/chunks/sylhet/syl_cate_14/sentence_08.wav,আপনি কি আমাকে রাস্তা দেখাতে পারেন?,sylhet,syl_cate_14
sentence_09.wav,dataset/chunks/sylhet/syl_cate_14/sentence_09.wav,দয়া করে ফোন ব্যবহার করবেন না।,sylhet,syl_cate_14
sentence_10.wav,dataset/chunks/sylhet/syl_cate_14/sentence_10.wav,আপনি কি আমার জন্য এটি কিনতে পারবেন?,sylhet,syl_cate_14
sentence_11.wav,dataset/chunks/sylhet/syl_cate_14/sentence_11.wav,অনুগ্রহ করে আমাকে মনে করিয়ে দিন।,sylhet,syl_cate_14
sentence_12.wav,dataset/chunks/sylhet/syl_cate_14/sentence_12.wav,আপনি কি আমাকে ছবি তুলতে সাহায্য করবেন?,sylhet,syl_cate_14
sentence_13.wav,dataset/chunks/sylhet/syl_cate_14/sentence_13.wav,দয়া করে আমাকে অপেক্ষা করতে দিন।,sylhet,syl_cate_14
sentence_14.wav,dataset/chunks/sylhet/syl_cate_14/sentence_14.wav,অনুগ্রহ করে দরজা খুলে দিন।,sylhet,syl_cate_14
sentence_15.wav,dataset/chunks/sylhet/syl_cate_14/sentence_15.wav,আপনি কি আমার জন্য কাজটি করতে পারেন?,sylhet,syl_cate_14
sentence_16.wav,dataset/chunks/sylhet/syl_cate_14/sentence_16.wav,দয়া করে শব্দ কমান।,sylhet,syl_cate_14
sentence_17.wav,dataset/chunks/sylhet/syl_cate_14/sentence_17.wav,আপনি কি আমাকে জিজ্ঞাসা করতে পারবেন?,sylhet,syl_cate_14
sentence_18.wav,dataset/chunks/sylhet/syl_cate_14/sentence_18.wav,অনুগ্রহ করে আমাকে আসতে দিন।,sylhet,syl_cate_14
sentence_19.wav,dataset/chunks/sylhet/syl_cate_14/sentence_19.wav,আপনি কি আমার সঙ্গে কথা বলবেন?,sylhet,syl_cate_14
sentence_20.wav,dataset/chunks/sylhet/syl_cate_14/sentence_20.wav,দয়া করে আমার দিকে তাকান।,sylhet,syl_cate_14
sentence_21.wav,dataset/chunks/sylhet/syl_cate_14/sentence_21.wav,অনুগ্রহ করে আমাকে সময় দিন।,sylhet,syl_cate_14
sentence_22.wav,dataset/chunks/sylhet/syl_cate_14/sentence_22.wav,আপনি কি আমাকে সাহায্য করতে পারেন?,sylhet,syl_cate_14
sentence_23.wav,dataset/chunks/sylhet/syl_cate_14/sentence_23.wav,দয়া করে আমাকে এটি বোঝান।,sylhet,syl_cate_14
sentence_24.wav,dataset/chunks/sylhet/syl_cate_14/sentence_24.wav,অনুগ্রহ করে এটিকে ধরুন।,sylhet,syl_cate_14
sentence_25.wav,dataset/chunks/sylhet/syl_cate_14/sentence_25.wav,আপনি কি আমাকে তথ্য দিতে পারেন?,sylhet,syl_cate_14
sentence_26.wav,dataset/chunks/sylhet/syl_cate_14/sentence_26.wav,দয়া করে এখানে আসুন।,sylhet,syl_cate_14
sentence_27.wav,dataset/chunks/sylhet/syl_cate_14/sentence_27.wav,অনুগ্রহ করে আমাকে অপেক্ষা করতে বলুন।,sylhet,syl_cate_14
sentence_28.wav,dataset/chunks/sylhet/syl_cate_14/sentence_28.wav,আপনি কি আমাকে রাস্তা দেখাবেন?,sylhet,syl_cate_14
sentence_29.wav,dataset/chunks/sylhet/syl_cate_14/sentence_29.wav,দয়া করে আমার জন্য অপেক্ষা করুন।,sylhet,syl_cate_14
sentence_30.wav,dataset/chunks/sylhet/syl_cate_14/sentence_30.wav,অনুগ্রহ করে আমাকে সাহায্য করতে বলুন।,sylhet,syl_cate_14
sentence_31.wav,dataset/chunks/sylhet/syl_cate_14/sentence_31.wav,আপনি কি আমার জন্য এটি আনবেন?,sylhet,syl_cate_14
sentence_32.wav,dataset/chunks/sylhet/syl_cate_14/sentence_32.wav,দয়া করে আমাকে বসতে দিন।,sylhet,syl_cate_14
sentence_33.wav,dataset/chunks/sylhet/syl_cate_14/sentence_33.wav,অনুগ্রহ করে আমাকে এটি দেখান।,sylhet,syl_cate_14
sentence_34.wav,dataset/chunks/sylhet/syl_cate_14/sentence_34.wav,আপনি কি আমার সঙ্গে খাবেন?,sylhet,syl_cate_14
sentence_35.wav,dataset/chunks/sylhet/syl_cate_14/sentence_35.wav,দয়া করে ধৈর্য ধরুন।,sylhet,syl_cate_14
sentence_36.wav,dataset/chunks/sylhet/syl_cate_14/sentence_36.wav,অনুগ্রহ করে আমাকে ফোন দিন।,sylhet,syl_cate_14
sentence_37.wav,dataset/chunks/sylhet/syl_cate_14/sentence_37.wav,আপনি কি আমার জন্য অপেক্ষা করবেন?,sylhet,syl_cate_14
sentence_38.wav,dataset/chunks/sylhet/syl_cate_14/sentence_38.wav,দয়া করে এটি খুলুন।,sylhet,syl_cate_14
sentence_39.wav,dataset/chunks/sylhet/syl_cate_14/sentence_39.wav,অনুগ্রহ করে এটি বন্ধ করুন।,sylhet,syl_cate_14
sentence_40.wav,dataset/chunks/sylhet/syl_cate_14/sentence_40.wav,আপনি কি আমাকে নির্দেশ দিতে পারেন?,sylhet,syl_cate_14
sentence_41.wav,dataset/chunks/sylhet/syl_cate_14/sentence_41.wav,দয়া করে আমার কথা শোনুন।,sylhet,syl_cate_14
sentence_42.wav,dataset/chunks/sylhet/syl_cate_14/sentence_42.wav,অনুগ্রহ করে আমাকে সময় দিন।,sylhet,syl_cate_14
sentence_43.wav,dataset/chunks/sylhet/syl_cate_14/sentence_43.wav,আপনি কি আমার জন্য এটি আনবেন?,sylhet,syl_cate_14
sentence_44.wav,dataset/chunks/sylhet/syl_cate_14/sentence_44.wav,দয়া করে আমাকে সাহায্য করতে বলুন।,sylhet,syl_cate_14
sentence_45.wav,dataset/chunks/sylhet/syl_cate_14/sentence_45.wav,অনুগ্রহ করে আমাকে অনুমতি দিন।,sylhet,syl_cate_14
sentence_46.wav,dataset/chunks/sylhet/syl_cate_14/sentence_46.wav,আপনি কি আমাকে রাস্তা দেখাবেন?,sylhet,syl_cate_14
sentence_47.wav,dataset/chunks/sylhet/syl_cate_14/sentence_47.wav,দয়া করে এখানে বসুন।,sylhet,syl_cate_14
sentence_48.wav,dataset/chunks/sylhet/syl_cate_14/sentence_48.wav,অনুগ্রহ করে এটি নিন।,sylhet,syl_cate_14
sentence_49.wav,dataset/chunks/sylhet/syl_cate_14/sentence_49.wav,আপনি কি আমাকে এটি দেবেন?,sylhet,syl_cate_14
sentence_50.wav,dataset/chunks/sylhet/syl_cate_14/sentence_50.wav,দয়া করে আমাকে সঙ্গে নিয়ে যান।,sylhet,syl_cate_14
sentence_51.wav,dataset/chunks/sylhet/syl_cate_14/sentence_51.wav,অনুগ্রহ করে আমাকে বলুন।,sylhet,syl_cate_14
sentence_52.wav,dataset/chunks/sylhet/syl_cate_14/sentence_52.wav,আপনি কি আমার জন্য অপেক্ষা করতে পারবেন?,sylhet,syl_cate_14
sentence_53.wav,dataset/chunks/sylhet/syl_cate_14/sentence_53.wav,দয়া করে এটি পরীক্ষা করুন।,sylhet,syl_cate_14
sentence_54.wav,dataset/chunks/sylhet/syl_cate_14/sentence_54.wav,অনুগ্রহ করে আমাকে এটি লিখে দিন।,sylhet,syl_cate_14
sentence_55.wav,dataset/chunks/sylhet/syl_cate_14/sentence_55.wav,আপনি কি আমার জন্য এটি করতে পারেন?,sylhet,syl_cate_14
sentence_56.wav,dataset/chunks/sylhet/syl_cate_14/sentence_56.wav,দয়া করে আমার সঙ্গে যোগাযোগ করুন।,sylhet,syl_cate_14
sentence_57.wav,dataset/chunks/sylhet/syl_cate_14/sentence_57.wav,অনুগ্রহ করে আমাকে সহায়তা করুন।,sylhet,syl_cate_14
sentence_58.wav,dataset/chunks/sylhet/syl_cate_14/sentence_58.wav,আপনি কি আমাকে এটি দেখাবেন?,sylhet,syl_cate_14
sentence_59.wav,dataset/chunks/sylhet/syl_cate_14/sentence_59.wav,দয়া করে আমার জন্য অপেক্ষা করুন।,sylhet,syl_cate_14
sentence_60.wav,dataset/chunks/sylhet/syl_cate_14/sentence_60.wav,অনুগ্রহ করে আমাকে সাহায্য করুন।,sylhet,syl_cate_14
sentence_61.wav,dataset/chunks/sylhet/syl_cate_14/sentence_61.wav,আপনি কি আমাকে সাহায্য করবেন?,sylhet,syl_cate_14
sentence_62.wav,dataset/chunks/sylhet/syl_cate_14/sentence_62.wav,দয়া করে আমাকে এটি বুঝতে দিন।,sylhet,syl_cate_14
sentence_63.wav,dataset/chunks/sylhet/syl_cate_14/sentence_63.wav,অনুগ্রহ করে এটি রাখুন।,sylhet,syl_cate_14
sentence_64.wav,dataset/chunks/sylhet/syl_cate_14/sentence_64.wav,আপনি কি আমাকে অনুমতি দেবেন?,sylhet,syl_cate_14
sentence_65.wav,dataset/chunks/sylhet/syl_cate_14/sentence_65.wav,দয়া করে আমাকে এটি আনতে দিন।,sylhet,syl_cate_14
sentence_66.wav,dataset/chunks/sylhet/syl_cate_14/sentence_66.wav,অনুগ্রহ করে আমাকে নির্দেশ দিন।,sylhet,syl_cate_14
sentence_67.wav,dataset/chunks/sylhet/syl_cate_14/sentence_67.wav,আপনি কি আমাকে এটি আনবেন?,sylhet,syl_cate_14
sentence_68.wav,dataset/chunks/sylhet/syl_cate_14/sentence_68.wav,দয়া করে আমাকে সাহায্য করতে বলুন।,sylhet,syl_cate_14
sentence_69.wav,dataset/chunks/sylhet/syl_cate_14/sentence_69.wav,অনুগ্রহ করে এটি আমার জন্য রাখুন।,sylhet,syl_cate_14
sentence_70.wav,dataset/chunks/sylhet/syl_cate_14/sentence_70.wav,আপনি কি আমার জন্য অপেক্ষা করতে পারবেন?,sylhet,syl_cate_14
sentence_01.wav,dataset/chunks/sylhet/syl_cate_15/sentence_01.wav,আমি সকাল ৬টায় উঠি।,sylhet,syl_cate_15
sentence_02.wav,dataset/chunks/sylhet/syl_cate_15/sentence_02.wav,তুমি কি বাজারে যাচ্ছো?,sylhet,syl_cate_15
sentence_03.wav,dataset/chunks/sylhet/syl_cate_15/sentence_03.wav,আমি ভাত রান্না করছি।,sylhet,syl_cate_15
sentence_04.wav,dataset/chunks/sylhet/syl_cate_15/sentence_04.wav,আমরা প্রতিদিন হাঁটতে যাই।,sylhet,syl_cate_15
sentence_05.wav,dataset/chunks/sylhet/syl_cate_15/sentence_05.wav,তুমি কি আজ শপিং করতে যাবে?,sylhet,syl_cate_15
sentence_06.wav,dataset/chunks/sylhet/syl_cate_15/sentence_06.wav,আমি ব্যাগ প্যাক করছি।,sylhet,syl_cate_15
sentence_07.wav,dataset/chunks/sylhet/syl_cate_15/sentence_07.wav,তুমি কি সকালে নাশতা করেছো?,sylhet,syl_cate_15
sentence_08.wav,dataset/chunks/sylhet/syl_cate_15/sentence_08.wav,আমি লন্ড্রি করছি।,sylhet,syl_cate_15
sentence_09.wav,dataset/chunks/sylhet/syl_cate_15/sentence_09.wav,তুমি কি সিনেমা দেখতে যাবে?,sylhet,syl_cate_15
sentence_10.wav,dataset/chunks/sylhet/syl_cate_15/sentence_10.wav,আমি বই পড়ছি।,sylhet,syl_cate_15
sentence_11.wav,dataset/chunks/sylhet/syl_cate_15/sentence_11.wav,তুমি কি চা খাবে?,sylhet,syl_cate_15
sentence_12.wav,dataset/chunks/sylhet/syl_cate_15/sentence_12.wav,আমি বাসায় ক্লিনিং করছি।,sylhet,syl_cate_15
sentence_13.wav,dataset/chunks/sylhet/syl_cate_15/sentence_13.wav,তুমি কি বাজারে নতুন সবজি পেয়েছো?,sylhet,syl_cate_15
sentence_14.wav,dataset/chunks/sylhet/syl_cate_15/sentence_14.wav,আমি শুতে যাচ্ছি।,sylhet,syl_cate_15
sentence_15.wav,dataset/chunks/sylhet/syl_cate_15/sentence_15.wav,আমরা সকালে দৌড়াচ্ছি।,sylhet,syl_cate_15
sentence_16.wav,dataset/chunks/sylhet/syl_cate_15/sentence_16.wav,তুমি কি কাজ শেষ করেছো?,sylhet,syl_cate_15
sentence_17.wav,dataset/chunks/sylhet/syl_cate_15/sentence_17.wav,আমি দুপুরের খাবার খাচ্ছি।,sylhet,syl_cate_15
sentence_18.wav,dataset/chunks/sylhet/syl_cate_15/sentence_18.wav,তুমি কি কুকিং করতে জানো?,sylhet,syl_cate_15
sentence_19.wav,dataset/chunks/sylhet/syl_cate_15/sentence_19.wav,আমি দোকান যাচ্ছি।,sylhet,syl_cate_15
sentence_20.wav,dataset/chunks/sylhet/syl_cate_15/sentence_20.wav,তুমি কি আজ বাড়িতে থাকছো?,sylhet,syl_cate_15
sentence_21.wav,dataset/chunks/sylhet/syl_cate_15/sentence_21.wav,আমি টিভি দেখছি।,sylhet,syl_cate_15
sentence_22.wav,dataset/chunks/sylhet/syl_cate_15/sentence_22.wav,তুমি কি সাইকেল চালাচ্ছো?,sylhet,syl_cate_15
sentence_23.wav,dataset/chunks/sylhet/syl_cate_15/sentence_23.wav,আমি জামাকাপড় ধরছি।,sylhet,syl_cate_15
sentence_24.wav,dataset/chunks/sylhet/syl_cate_15/sentence_24.wav,তুমি কি বাজার থেকে দুধ এনেছো?,sylhet,syl_cate_15
sentence_25.wav,dataset/chunks/sylhet/syl_cate_15/sentence_25.wav,আমি রাতে ঘুমাতে যাচ্ছি।,sylhet,syl_cate_15
sentence_26.wav,dataset/chunks/sylhet/syl_cate_15/sentence_26.wav,তুমি কি সকাল ৭টায় উঠে আসবে?,sylhet,syl_cate_15
sentence_27.wav,dataset/chunks/sylhet/syl_cate_15/sentence_27.wav,আমি রান্নাঘরে কাজ করছি।,sylhet,syl_cate_15
sentence_28.wav,dataset/chunks/sylhet/syl_cate_15/sentence_28.wav,তুমি কি বাজারে কোন মাংস কিনেছো?,sylhet,syl_cate_15
sentence_29.wav,dataset/chunks/sylhet/syl_cate_15/sentence_29.wav,আমি দুপুরে বিশ্রাম নিচ্ছি।,sylhet,syl_cate_15
sentence_30.wav,dataset/chunks/sylhet/syl_cate_15/sentence_30.wav,তুমি কি সন্ধ্যায় হাঁটবে?,sylhet,syl_cate_15
sentence_31.wav,dataset/chunks/sylhet/syl_cate_15/sentence_31.wav,আমি কফি বানাচ্ছি।,sylhet,syl_cate_15
sentence_32.wav,dataset/chunks/sylhet/syl_cate_15/sentence_32.wav,তুমি কি নিত্যদিন সকালে জগিং করো?,sylhet,syl_cate_15
sentence_33.wav,dataset/chunks/sylhet/syl_cate_15/sentence_33.wav,আমি দুধ ফুটাচ্ছি।,sylhet,syl_cate_15
sentence_34.wav,dataset/chunks/sylhet/syl_cate_15/sentence_34.wav,তুমি কি চা খেতে চাও?,sylhet,syl_cate_15
sentence_35.wav,dataset/chunks/sylhet/syl_cate_15/sentence_35.wav,আমি বাজারে যাচ্ছি।,sylhet,syl_cate_15
sentence_36.wav,dataset/chunks/sylhet/syl_cate_15/sentence_36.wav,তুমি কি বই পড়ছো?,sylhet,syl_cate_15
sentence_37.wav,dataset/chunks/sylhet/syl_cate_15/sentence_37.wav,আমি বাড়ি ঝাড়ু দিচ্ছি।,sylhet,syl_cate_15
sentence_38.wav,dataset/chunks/sylhet/syl_cate_15/sentence_38.wav,তুমি কি দুপুরের খাবার খেয়েছো?,sylhet,syl_cate_15
sentence_39.wav,dataset/chunks/sylhet/syl_cate_15/sentence_39.wav,আমি সবজি কাটছি।,sylhet,syl_cate_15
sentence_40.wav,dataset/chunks/sylhet/syl_cate_15/sentence_40.wav,তুমি কি রাতে শুবে?,sylhet,syl_cate_15
sentence_41.wav,dataset/chunks/sylhet/syl_cate_15/sentence_41.wav,আমি কলম ও কাগজ সাজাচ্ছি।,sylhet,syl_cate_15
sentence_42.wav,dataset/chunks/sylhet/syl_cate_15/sentence_42.wav,তুমি কি আজ রান্না করছো?,sylhet,syl_cate_15
sentence_43.wav,dataset/chunks/sylhet/syl_cate_15/sentence_43.wav,আমি কাপড় ধুয়ে শুকাচ্ছি।,sylhet,syl_cate_15
sentence_44.wav,dataset/chunks/sylhet/syl_cate_15/sentence_44.wav,তুমি কি বাজারে নতুন ফল এনেছো?,sylhet,syl_cate_15
sentence_45.wav,dataset/chunks/sylhet/syl_cate_15/sentence_45.wav,আমি সকালের নাশতা খাচ্ছি।,sylhet,syl_cate_15
sentence_46.wav,dataset/chunks/sylhet/syl_cate_15/sentence_46.wav,তুমি কি আজ ঘুম বেশি করেছো?,sylhet,syl_cate_15
sentence_47.wav,dataset/chunks/sylhet/syl_cate_15/sentence_47.wav,আমি খাবার টেবিলে বসছি।,sylhet,syl_cate_15
sentence_48.wav,dataset/chunks/sylhet/syl_cate_15/sentence_48.wav,তুমি কি বাইরে যাচ্ছো?,sylhet,syl_cate_15
sentence_49.wav,dataset/chunks/sylhet/syl_cate_15/sentence_49.wav,আমি ফ্রিজে খাবার রাখছি।,sylhet,syl_cate_15
sentence_50.wav,dataset/chunks/sylhet/syl_cate_15/sentence_50.wav,তুমি কি বাজারে যাবার আগে তালিকা লিখেছো?,sylhet,syl_cate_15
sentence_51.wav,dataset/chunks/sylhet/syl_cate_15/sentence_51.wav,আমি সকালে ব্যায়াম করছি।,sylhet,syl_cate_15
sentence_52.wav,dataset/chunks/sylhet/syl_cate_15/sentence_52.wav,তুমি কি দুপুরে ঘুমাবে?,sylhet,syl_cate_15
sentence_53.wav,dataset/chunks/sylhet/syl_cate_15/sentence_53.wav,আমি কাপড় ধরছি।,sylhet,syl_cate_15
sentence_54.wav,dataset/chunks/sylhet/syl_cate_15/sentence_54.wav,তুমি কি রান্না শেষ করেছো?,sylhet,syl_cate_15
sentence_55.wav,dataset/chunks/sylhet/syl_cate_15/sentence_55.wav,আমি বাজার থেকে শাক-সবজি এনেছি।,sylhet,syl_cate_15
sentence_56.wav,dataset/chunks/sylhet/syl_cate_15/sentence_56.wav,তুমি কি ঘরে কাজ করছো?,sylhet,syl_cate_15
sentence_57.wav,dataset/chunks/sylhet/syl_cate_15/sentence_57.wav,আমি দুপুরে চা খাচ্ছি।,sylhet,syl_cate_15
sentence_58.wav,dataset/chunks/sylhet/syl_cate_15/sentence_58.wav,তুমি কি রাতের খাবার খাবে?,sylhet,syl_cate_15
sentence_59.wav,dataset/chunks/sylhet/syl_cate_15/sentence_59.wav,আমি সকালের লিস্ট অনুযায়ী কাজ করছি।,sylhet,syl_cate_15
sentence_60.wav,dataset/chunks/sylhet/syl_cate_15/sentence_60.wav,তুমি কি বাজার থেকে দুধ এনেছো?,sylhet,syl_cate_15
sentence_61.wav,dataset/chunks/sylhet/syl_cate_15/sentence_61.wav,আমি সকালে উঠে হাঁটতে যাই।,sylhet,syl_cate_15
sentence_62.wav,dataset/chunks/sylhet/syl_cate_15/sentence_62.wav,তুমি কি ফ্রিজ খোলেছো?,sylhet,syl_cate_15
sentence_63.wav,dataset/chunks/sylhet/syl_cate_15/sentence_63.wav,আমি বালিশ ধরছি।,sylhet,syl_cate_15
sentence_64.wav,dataset/chunks/sylhet/syl_cate_15/sentence_64.wav,তুমি কি রান্না করতে চাও?,sylhet,syl_cate_15
sentence_65.wav,dataset/chunks/sylhet/syl_cate_15/sentence_65.wav,আমি কাপড় লন্ড্রি করছি।,sylhet,syl_cate_15
sentence_66.wav,dataset/chunks/sylhet/syl_cate_15/sentence_66.wav,তুমি কি বাজারে নতুন রুটি কিনেছো?,sylhet,syl_cate_15
sentence_67.wav,dataset/chunks/sylhet/syl_cate_15/sentence_67.wav,আমি রাতের খাবার প্রস্তুত করছি।,sylhet,syl_cate_15
sentence_68.wav,dataset/chunks/sylhet/syl_cate_15/sentence_68.wav,তুমি কি শপিং করতে যাচ্ছো?,sylhet,syl_cate_15
sentence_69.wav,dataset/chunks/sylhet/syl_cate_15/sentence_69.wav,আমি খোলা আকাশের নিচে হাঁটছি।,sylhet,syl_cate_15
sentence_70.wav,dataset/chunks/sylhet/syl_cate_15/sentence_70.wav,তুমি কি আজ সকাল থেকে ব্যস্ত?,sylhet,syl_cate_15
sentence_01.wav,dataset/chunks/sylhet/syl_cate_16/sentence_01.wav,আমার ফোন কাজ করছে না।,sylhet,syl_cate_16
sentence_02.wav,dataset/chunks/sylhet/syl_cate_16/sentence_02.wav,বাস ধীর গতিতে চলছে।,sylhet,syl_cate_16
sentence_03.wav,dataset/chunks/sylhet/syl_cate_16/sentence_03.wav,আমি বিল ঠিকমত পাইনি।,sylhet,syl_cate_16
sentence_04.wav,dataset/chunks/sylhet/syl_cate_16/sentence_04.wav,পানির চাপ খুব কম।,sylhet,syl_cate_16
sentence_05.wav,dataset/chunks/sylhet/syl_cate_16/sentence_05.wav,ইন্টারনেট সংযোগ স্থিতিশীল নয়।,sylhet,syl_cate_16
sentence_06.wav,dataset/chunks/sylhet/syl_cate_16/sentence_06.wav,দোকানে সব পণ্য শেষ।,sylhet,syl_cate_16
sentence_07.wav,dataset/chunks/sylhet/syl_cate_16/sentence_07.wav,বাতি জ্বলে না।,sylhet,syl_cate_16
sentence_08.wav,dataset/chunks/sylhet/syl_cate_16/sentence_08.wav,আমি চা খুব গরম পেয়েছি।,sylhet,syl_cate_16
sentence_09.wav,dataset/chunks/sylhet/syl_cate_16/sentence_09.wav,রিকশা খুব দেরি করছে।,sylhet,syl_cate_16
sentence_10.wav,dataset/chunks/sylhet/syl_cate_16/sentence_10.wav,লিফট বন্ধ।,sylhet,syl_cate_16
sentence_11.wav,dataset/chunks/sylhet/syl_cate_16/sentence_11.wav,আমার অ্যাপ্লিকেশন ক্র্যাশ করছে।,sylhet,syl_cate_16
sentence_12.wav,dataset/chunks/sylhet/syl_cate_16/sentence_12.wav,এই গাড়ি তেল টপ আপ করছে না।,sylhet,syl_cate_16
sentence_13.wav,dataset/chunks/sylhet/syl_cate_16/sentence_13.wav,বাসে অনেক ভিড়।,sylhet,syl_cate_16
sentence_14.wav,dataset/chunks/sylhet/syl_cate_16/sentence_14.wav,আমি খাবার ঠিকমত পাইনি।,sylhet,syl_cate_16
sentence_15.wav,dataset/chunks/sylhet/syl_cate_16/sentence_15.wav,রাস্তায় অনেক ধুলো।,sylhet,syl_cate_16
sentence_16.wav,dataset/chunks/sylhet/syl_cate_16/sentence_16.wav,আমার কম্পিউটার হ্যাং করেছে।,sylhet,syl_cate_16
sentence_17.wav,dataset/chunks/sylhet/syl_cate_16/sentence_17.wav,ফোনের ব্যাটারি দ্রুত শেষ হচ্ছে।,sylhet,syl_cate_16
sentence_18.wav,dataset/chunks/sylhet/syl_cate_16/sentence_18.wav,দোকানের হেডফোন খারাপ।,sylhet,syl_cate_16
sentence_19.wav,dataset/chunks/sylhet/syl_cate_16/sentence_19.wav,রিকশাচালক দেরি করছে।,sylhet,syl_cate_16
sentence_20.wav,dataset/chunks/sylhet/syl_cate_16/sentence_20.wav,পানির ট্যাংক ফাঁকা।,sylhet,syl_cate_16
sentence_21.wav,dataset/chunks/sylhet/syl_cate_16/sentence_21.wav,বাসে এয়ার কন্ডিশনার কাজ করছে না।,sylhet,syl_cate_16
sentence_22.wav,dataset/chunks/sylhet/syl_cate_16/sentence_22.wav,আমার Wi-Fi কানেকশন গড়বড়।,sylhet,syl_cate_16
sentence_23.wav,dataset/chunks/sylhet/syl_cate_16/sentence_23.wav,দোকানের কাস্টমার সার্ভিস খারাপ।,sylhet,syl_cate_16
sentence_24.wav,dataset/chunks/sylhet/syl_cate_16/sentence_24.wav,বাতি ঠিকমত জ্বলে না।,sylhet,syl_cate_16
sentence_25.wav,dataset/chunks/sylhet/syl_cate_16/sentence_25.wav,খাবারের স্বাদ খারাপ।,sylhet,syl_cate_16
sentence_26.wav,dataset/chunks/sylhet/syl_cate_16/sentence_26.wav,লিফট খুব ধীরে চলছে।,sylhet,syl_cate_16
sentence_27.wav,dataset/chunks/sylhet/syl_cate_16/sentence_27.wav,আমার মোবাইল চার্জ হচ্ছে না।,sylhet,syl_cate_16
sentence_28.wav,dataset/chunks/sylhet/syl_cate_16/sentence_28.wav,বাসের ভাড়া বেশি।,sylhet,syl_cate_16
sentence_29.wav,dataset/chunks/sylhet/syl_cate_16/sentence_29.wav,দোকানে পণ্য ভালো মানের নয়।,sylhet,syl_cate_16
sentence_30.wav,dataset/chunks/sylhet/syl_cate_16/sentence_30.wav,রাস্তায় যানজট বেশি।,sylhet,syl_cate_16
sentence_31.wav,dataset/chunks/sylhet/syl_cate_16/sentence_31.wav,আমি আমার টিকেট হারিয়েছি।,sylhet,syl_cate_16
sentence_32.wav,dataset/chunks/sylhet/syl_cate_16/sentence_32.wav,খাবারের পরিমাণ কম।,sylhet,syl_cate_16
sentence_33.wav,dataset/chunks/sylhet/syl_cate_16/sentence_33.wav,আমার কম্পিউটার ধীরগতিতে চলছে।,sylhet,syl_cate_16
sentence_34.wav,dataset/chunks/sylhet/syl_cate_16/sentence_34.wav,রিকশা খুব পুরোনো।,sylhet,syl_cate_16
sentence_35.wav,dataset/chunks/sylhet/syl_cate_16/sentence_35.wav,দোকানে নতুন পণ্য নেই।,sylhet,syl_cate_16
sentence_36.wav,dataset/chunks/sylhet/syl_cate_16/sentence_36.wav,ফোনের সিম কাজ করছে না।,sylhet,syl_cate_16
sentence_37.wav,dataset/chunks/sylhet/syl_cate_16/sentence_37.wav,বাসে বসার জায়গা নেই।,sylhet,syl_cate_16
sentence_38.wav,dataset/chunks/sylhet/syl_cate_16/sentence_38.wav,পানির স্বাদ খারাপ।,sylhet,syl_cate_16
sentence_39.wav,dataset/chunks/sylhet/syl_cate_16/sentence_39.wav,লিফটে শব্দ করছে।,sylhet,syl_cate_16
sentence_40.wav,dataset/chunks/sylhet/syl_cate_16/sentence_40.wav,দোকানের দাম বেশি।,sylhet,syl_cate_16
sentence_41.wav,dataset/chunks/sylhet/syl_cate_16/sentence_41.wav,খাবারের স্বাদ পরিবর্তন হয়েছে।,sylhet,syl_cate_16
sentence_42.wav,dataset/chunks/sylhet/syl_cate_16/sentence_42.wav,আমার ল্যাপটপ হ্যাং করছে।,sylhet,syl_cate_16
sentence_43.wav,dataset/chunks/sylhet/syl_cate_16/sentence_43.wav,বাসে লোকজন অনেক।,sylhet,syl_cate_16
sentence_44.wav,dataset/chunks/sylhet/syl_cate_16/sentence_44.wav,রাস্তায় খোলা গর্ত।,sylhet,syl_cate_16
sentence_45.wav,dataset/chunks/sylhet/syl_cate_16/sentence_45.wav,দোকানে কোনো বিক্রয়কর্মী নেই।,sylhet,syl_cate_16
sentence_46.wav,dataset/chunks/sylhet/syl_cate_16/sentence_46.wav,আমার ফোন ব্যাটারি নষ্ট।,sylhet,syl_cate_16
sentence_47.wav,dataset/chunks/sylhet/syl_cate_16/sentence_47.wav,খাবার খুব ঠান্ডা।,sylhet,syl_cate_16
sentence_48.wav,dataset/chunks/sylhet/syl_cate_16/sentence_48.wav,লিফট খুব দ্রুত চলেছে।,sylhet,syl_cate_16
sentence_49.wav,dataset/chunks/sylhet/syl_cate_16/sentence_49.wav,রিকশা বাসার সামনে দাঁড়ায় না।,sylhet,syl_cate_16
sentence_50.wav,dataset/chunks/sylhet/syl_cate_16/sentence_50.wav,দোকানে পরিষ্কার নেই।,sylhet,syl_cate_16
sentence_51.wav,dataset/chunks/sylhet/syl_cate_16/sentence_51.wav,বাস স্ট্যান্ড দূরে।,sylhet,syl_cate_16
sentence_52.wav,dataset/chunks/sylhet/syl_cate_16/sentence_52.wav,আমার কম্পিউটার হঠাৎ বন্ধ হয়ে গেছে।,sylhet,syl_cate_16
sentence_53.wav,dataset/chunks/sylhet/syl_cate_16/sentence_53.wav,ফোনে নেটওয়ার্ক নেই।,sylhet,syl_cate_16
sentence_54.wav,dataset/chunks/sylhet/syl_cate_16/sentence_54.wav,খাবারের স্বাদ ভালো নয়।,sylhet,syl_cate_16
sentence_55.wav,dataset/chunks/sylhet/syl_cate_16/sentence_55.wav,লিফট লক হয়ে গেছে।,sylhet,syl_cate_16
sentence_56.wav,dataset/chunks/sylhet/syl_cate_16/sentence_56.wav,দোকানের হেডফোন ব্রেক।,sylhet,syl_cate_16
sentence_57.wav,dataset/chunks/sylhet/syl_cate_16/sentence_57.wav,রিকশাচালক রাস্তায় নেই।,sylhet,syl_cate_16
sentence_58.wav,dataset/chunks/sylhet/syl_cate_16/sentence_58.wav,বাসে শীত নেই।,sylhet,syl_cate_16
sentence_59.wav,dataset/chunks/sylhet/syl_cate_16/sentence_59.wav,আমার ফোন হ্যাং করছে।,sylhet,syl_cate_16
sentence_60.wav,dataset/chunks/sylhet/syl_cate_16/sentence_60.wav,দোকানে সঠিক দাম নেই।,sylhet,syl_cate_16
sentence_61.wav,dataset/chunks/sylhet/syl_cate_16/sentence_61.wav,খাবারের স্বাদ খুব ঝাল।,sylhet,syl_cate_16
sentence_62.wav,dataset/chunks/sylhet/syl_cate_16/sentence_62.wav,লিফট বেজে যাচ্ছে।,sylhet,syl_cate_16
sentence_63.wav,dataset/chunks/sylhet/syl_cate_16/sentence_63.wav,আমার ল্যাপটপ কাজ করছে না।,sylhet,syl_cate_16
sentence_64.wav,dataset/chunks/sylhet/syl_cate_16/sentence_64.wav,দোকানের পণ্য ভাঙা।,sylhet,syl_cate_16
sentence_65.wav,dataset/chunks/sylhet/syl_cate_16/sentence_65.wav,রিকশা দূরে গেছে।,sylhet,syl_cate_16
sentence_66.wav,dataset/chunks/sylhet/syl_cate_16/sentence_66.wav,বাস সময়মতো আসেনি।,sylhet,syl_cate_16
sentence_67.wav,dataset/chunks/sylhet/syl_cate_16/sentence_67.wav,আমার মোবাইল নেটওয়ার্ক নেই।,sylhet,syl_cate_16
sentence_68.wav,dataset/chunks/sylhet/syl_cate_16/sentence_68.wav,দোকানের সার্ভিস খারাপ।,sylhet,syl_cate_16
sentence_69.wav,dataset/chunks/sylhet/syl_cate_16/sentence_69.wav,খাবারের পরিমাণ কম।,sylhet,syl_cate_16
sentence_70.wav,dataset/chunks/sylhet/syl_cate_16/sentence_70.wav,লিফট খুব ধীরে চলছে।,sylhet,syl_cate_16
sentence_01.wav,dataset/chunks/sylhet/syl_cate_17/sentence_01.wav,আমি একটি নতুন ব্যাংক অ্যাকাউন্ট খুলতে চাই।,sylhet,syl_cate_17
sentence_02.wav,dataset/chunks/sylhet/syl_cate_17/sentence_02.wav,আমার অ্যাকাউন্ট ব্যালেন্স কত?,sylhet,syl_cate_17
sentence_03.wav,dataset/chunks/sylhet/syl_cate_17/sentence_03.wav,আমি টাকা পাঠাতে চাই।,sylhet,syl_cate_17
sentence_04.wav,dataset/chunks/sylhet/syl_cate_17/sentence_04.wav,ATM কার্ড কোথায় পাব?,sylhet,syl_cate_17
sentence_05.wav,dataset/chunks/sylhet/syl_cate_17/sentence_05.wav,আমি বিকাশে টাকা পাঠাতে চাই।,sylhet,syl_cate_17
sentence_06.wav,dataset/chunks/sylhet/syl_cate_17/sentence_06.wav,চেক জমা দিতে হবে কি?,sylhet,syl_cate_17
sentence_07.wav,dataset/chunks/sylhet/syl_cate_17/sentence_07.wav,ব্যাংকের সময়সূচি কী?,sylhet,syl_cate_17
sentence_08.wav,dataset/chunks/sylhet/syl_cate_17/sentence_08.wav,আমি একটি লোন নিতে চাই।,sylhet,syl_cate_17
sentence_09.wav,dataset/chunks/sylhet/syl_cate_17/sentence_09.wav,ATM কাজ করছে না।,sylhet,syl_cate_17
sentence_10.wav,dataset/chunks/sylhet/syl_cate_17/sentence_10.wav,আমি অনলাইন ব্যাংকিং করতে চাই।,sylhet,syl_cate_17
sentence_11.wav,dataset/chunks/sylhet/syl_cate_17/sentence_11.wav,আমার অ্যাকাউন্টে টাকা ঢুকেনি।,sylhet,syl_cate_17
sentence_12.wav,dataset/chunks/sylhet/syl_cate_17/sentence_12.wav,ব্যাংক খোলা আছে কি?,sylhet,syl_cate_17
sentence_13.wav,dataset/chunks/sylhet/syl_cate_17/sentence_13.wav,আমি একটি ডেবিট কার্ড চাই।,sylhet,syl_cate_17
sentence_14.wav,dataset/chunks/sylhet/syl_cate_17/sentence_14.wav,বিকাশে ট্রান্সফার সফল হয়েছে কি?,sylhet,syl_cate_17
sentence_15.wav,dataset/chunks/sylhet/syl_cate_17/sentence_15.wav,আমি ক্রেডিট কার্ড আবেদন করতে চাই।,sylhet,syl_cate_17
sentence_16.wav,dataset/chunks/sylhet/syl_cate_17/sentence_16.wav,ATM থেকে কত টাকা তুলতে পারি?,sylhet,syl_cate_17
sentence_17.wav,dataset/chunks/sylhet/syl_cate_17/sentence_17.wav,আমার পিন ভুল হয়েছে।,sylhet,syl_cate_17
sentence_18.wav,dataset/chunks/sylhet/syl_cate_17/sentence_18.wav,ব্যাংক ফি কত?,sylhet,syl_cate_17
sentence_19.wav,dataset/chunks/sylhet/syl_cate_17/sentence_19.wav,আমি চেকবই চাই।,sylhet,syl_cate_17
sentence_20.wav,dataset/chunks/sylhet/syl_cate_17/sentence_20.wav,বিকাশে লেনদেন কতক্ষণ সময় নেয়?,sylhet,syl_cate_17
sentence_21.wav,dataset/chunks/sylhet/syl_cate_17/sentence_21.wav,আমি টাকা তুলতে চাই।,sylhet,syl_cate_17
sentence_22.wav,dataset/chunks/sylhet/syl_cate_17/sentence_22.wav,আমার অ্যাকাউন্ট ব্লক হয়েছে।,sylhet,syl_cate_17
sentence_23.wav,dataset/chunks/sylhet/syl_cate_17/sentence_23.wav,ব্যাংকিং সেবা ভালো কি?,sylhet,syl_cate_17
sentence_24.wav,dataset/chunks/sylhet/syl_cate_17/sentence_24.wav,আমি ফান্ড ট্রান্সফার করতে চাই।,sylhet,syl_cate_17
sentence_25.wav,dataset/chunks/sylhet/syl_cate_17/sentence_25.wav,ATM কোথায় আছে?,sylhet,syl_cate_17
sentence_26.wav,dataset/chunks/sylhet/syl_cate_17/sentence_26.wav,আমার ডেবিট কার্ড হারিয়েছে।,sylhet,syl_cate_17
sentence_27.wav,dataset/chunks/sylhet/syl_cate_17/sentence_27.wav,আমি বিকাশ ব্যালেন্স চেক করতে চাই।,sylhet,syl_cate_17
sentence_28.wav,dataset/chunks/sylhet/syl_cate_17/sentence_28.wav,ব্যাংক অ্যাকাউন্ট কতদিনে খোলা হয়?,sylhet,syl_cate_17
sentence_29.wav,dataset/chunks/sylhet/syl_cate_17/sentence_29.wav,আমি মোবাইল ব্যাংকিং ব্যবহার করতে চাই।,sylhet,syl_cate_17
sentence_30.wav,dataset/chunks/sylhet/syl_cate_17/sentence_30.wav,আমি টাকা পাঠিয়েছি কিন্তু পাওয়া যায়নি।,sylhet,syl_cate_17
sentence_31.wav,dataset/chunks/sylhet/syl_cate_17/sentence_31.wav,আমি লোন পরিশোধ করতে চাই।,sylhet,syl_cate_17
sentence_32.wav,dataset/chunks/sylhet/syl_cate_17/sentence_32.wav,ATM থেকে টাকা তুলতে সমস্যা।,sylhet,syl_cate_17
sentence_33.wav,dataset/chunks/sylhet/syl_cate_17/sentence_33.wav,ব্যাংকের চেক অনুমোদিত হয়েছে কি?,sylhet,syl_cate_17
sentence_34.wav,dataset/chunks/sylhet/syl_cate_17/sentence_34.wav,আমি বিকাশে টাকা জমা দিতে চাই।,sylhet,syl_cate_17
sentence_35.wav,dataset/chunks/sylhet/syl_cate_17/sentence_35.wav,আমার ক্রেডিট কার্ড লিমিট কত?,sylhet,syl_cate_17
sentence_36.wav,dataset/chunks/sylhet/syl_cate_17/sentence_36.wav,আমি ব্যাংক খোলা আছে কিনা জানতে চাই।,sylhet,syl_cate_17
sentence_37.wav,dataset/chunks/sylhet/syl_cate_17/sentence_37.wav,আমার অ্যাকাউন্ট নম্বর ভুল।,sylhet,syl_cate_17
sentence_38.wav,dataset/chunks/sylhet/syl_cate_17/sentence_38.wav,আমি ফান্ড রিসিভ করতে পারছি না।,sylhet,syl_cate_17
sentence_39.wav,dataset/chunks/sylhet/syl_cate_17/sentence_39.wav,ব্যাংক সেবা ধীর।,sylhet,syl_cate_17
sentence_40.wav,dataset/chunks/sylhet/syl_cate_17/sentence_40.wav,আমি বিকাশের পিন পরিবর্তন করতে চাই।,sylhet,syl_cate_17
sentence_41.wav,dataset/chunks/sylhet/syl_cate_17/sentence_41.wav,আমি একটি ট্রান্সফার করতে চাই।,sylhet,syl_cate_17
sentence_42.wav,dataset/chunks/sylhet/syl_cate_17/sentence_42.wav,ব্যাংকের কনসাল্ট্যান্ট কোথায় আছে?,sylhet,syl_cate_17
sentence_43.wav,dataset/chunks/sylhet/syl_cate_17/sentence_43.wav,আমার অ্যাকাউন্টে লেনদেন দেখা যায় না।,sylhet,syl_cate_17
sentence_44.wav,dataset/chunks/sylhet/syl_cate_17/sentence_44.wav,আমি নতুন ATM কার্ড চাই।,sylhet,syl_cate_17
sentence_45.wav,dataset/chunks/sylhet/syl_cate_17/sentence_45.wav,বিকাশে লেনদেন বাতিল হয়েছে।,sylhet,syl_cate_17
sentence_46.wav,dataset/chunks/sylhet/syl_cate_17/sentence_46.wav,ব্যাংকের চেক যাচাই হয়েছে কি?,sylhet,syl_cate_17
sentence_47.wav,dataset/chunks/sylhet/syl_cate_17/sentence_47.wav,আমি ফান্ড ট্রান্সফার করতে পারছি না।,sylhet,syl_cate_17
sentence_48.wav,dataset/chunks/sylhet/syl_cate_17/sentence_48.wav,আমার অ্যাকাউন্টে টাকা কমেছে।,sylhet,syl_cate_17
sentence_49.wav,dataset/chunks/sylhet/syl_cate_17/sentence_49.wav,আমি লোন স্ট্যাটাস জানতে চাই।,sylhet,syl_cate_17
sentence_50.wav,dataset/chunks/sylhet/syl_cate_17/sentence_50.wav,ATM খুব ব্যস্ত।,sylhet,syl_cate_17
sentence_51.wav,dataset/chunks/sylhet/syl_cate_17/sentence_51.wav,আমি বিকাশে নতুন নাম্বার রেজিস্টার করতে চাই।,sylhet,syl_cate_17
sentence_52.wav,dataset/chunks/sylhet/syl_cate_17/sentence_52.wav,ব্যাংকের ফি খুব বেশি।,sylhet,syl_cate_17
sentence_53.wav,dataset/chunks/sylhet/syl_cate_17/sentence_53.wav,আমি অনলাইন পেমেন্ট করতে চাই।,sylhet,syl_cate_17
sentence_54.wav,dataset/chunks/sylhet/syl_cate_17/sentence_54.wav,আমার অ্যাকাউন্টে লেনদেন বন্ধ।,sylhet,syl_cate_17
sentence_55.wav,dataset/chunks/sylhet/syl_cate_17/sentence_55.wav,আমি চেক জমা দিতে পারছি না।,sylhet,syl_cate_17
sentence_56.wav,dataset/chunks/sylhet/syl_cate_17/sentence_56.wav,বিকাশে টাকা স্থানান্তর করতে সমস্যা।,sylhet,syl_cate_17
sentence_57.wav,dataset/chunks/sylhet/syl_cate_17/sentence_57.wav,ব্যাংকের সময়সূচি পরিবর্তন হয়েছে।,sylhet,syl_cate_17
sentence_58.wav,dataset/chunks/sylhet/syl_cate_17/sentence_58.wav,আমি ক্রেডিট কার্ড একটিভ করতে চাই।,sylhet,syl_cate_17
sentence_59.wav,dataset/chunks/sylhet/syl_cate_17/sentence_59.wav,আমার লোন অ্যাপ্লিকেশন পেন্ডিং আছে।,sylhet,syl_cate_17
sentence_60.wav,dataset/chunks/sylhet/syl_cate_17/sentence_60.wav,ATM থেকে লেনদেন বাতিল হয়েছে।,sylhet,syl_cate_17
sentence_61.wav,dataset/chunks/sylhet/syl_cate_17/sentence_61.wav,আমি বিকাশে টাকা রিফান্ড চাই।,sylhet,syl_cate_17
sentence_62.wav,dataset/chunks/sylhet/syl_cate_17/sentence_62.wav,ব্যাংকের সার্ভিস খারাপ।,sylhet,syl_cate_17
sentence_63.wav,dataset/chunks/sylhet/syl_cate_17/sentence_63.wav,আমি আমার অ্যাকাউন্ট বন্ধ করতে চাই।,sylhet,syl_cate_17
sentence_64.wav,dataset/chunks/sylhet/syl_cate_17/sentence_64.wav,আমার ডেবিট কার্ড ব্লক হয়েছে।,sylhet,syl_cate_17
sentence_65.wav,dataset/chunks/sylhet/syl_cate_17/sentence_65.wav,আমি ফান্ড রিসিভ করতে পারছি না।,sylhet,syl_cate_17
sentence_66.wav,dataset/chunks/sylhet/syl_cate_17/sentence_66.wav,ব্যাংকের লাইন অনেক লম্বা।,sylhet,syl_cate_17
sentence_67.wav,dataset/chunks/sylhet/syl_cate_17/sentence_67.wav,আমি ক্রেডিট কার্ড বন্ধ করতে চাই।,sylhet,syl_cate_17
sentence_68.wav,dataset/chunks/sylhet/syl_cate_17/sentence_68.wav,আমার অ্যাকাউন্টে টাকা জমা হয়নি।,sylhet,syl_cate_17
sentence_69.wav,dataset/chunks/sylhet/syl_cate_17/sentence_69.wav,আমি বিকাশে লেনদেনের হিস্ট্রি দেখতে চাই।,sylhet,syl_cate_17
sentence_70.wav,dataset/chunks/sylhet/syl_cate_17/sentence_70.wav,ব্যাংকের লোন প্রক্রিয়া ধীর।,sylhet,syl_cate_17
sentence_01.wav,dataset/chunks/sylhet/syl_cate_18/sentence_01.wav,আমি খুব খুশি।,sylhet,syl_cate_18
sentence_02.wav,dataset/chunks/sylhet/syl_cate_18/sentence_02.wav,তুমি কীভাবে অনুভব করছো?,sylhet,syl_cate_18
sentence_03.wav,dataset/chunks/sylhet/syl_cate_18/sentence_03.wav,আমি দুঃখিত।,sylhet,syl_cate_18
sentence_04.wav,dataset/chunks/sylhet/syl_cate_18/sentence_04.wav,এটা সত্যিই দুঃখজনক।,sylhet,syl_cate_18
sentence_05.wav,dataset/chunks/sylhet/syl_cate_18/sentence_05.wav,আমি রাগান্বিত।,sylhet,syl_cate_18
sentence_06.wav,dataset/chunks/sylhet/syl_cate_18/sentence_06.wav,তুমি কেন রাগ করছো?,sylhet,syl_cate_18
sentence_07.wav,dataset/chunks/sylhet/syl_cate_18/sentence_07.wav,আমি উত্তেজিত।,sylhet,syl_cate_18
sentence_08.wav,dataset/chunks/sylhet/syl_cate_18/sentence_08.wav,এটা আমার জন্য আশ্চর্যজনক।,sylhet,syl_cate_18
sentence_09.wav,dataset/chunks/sylhet/syl_cate_18/sentence_09.wav,আমি ভীত।,sylhet,syl_cate_18
sentence_10.wav,dataset/chunks/sylhet/syl_cate_18/sentence_10.wav,তুমি কেন ভয় পাচ্ছো?,sylhet,syl_cate_18
sentence_11.wav,dataset/chunks/sylhet/syl_cate_18/sentence_11.wav,আমি দারুণ খুশি।,sylhet,syl_cate_18
sentence_12.wav,dataset/chunks/sylhet/syl_cate_18/sentence_12.wav,এটা সত্যিই আমাকে কষ্ট দিচ্ছে।,sylhet,syl_cate_18
sentence_13.wav,dataset/chunks/sylhet/syl_cate_18/sentence_13.wav,আমি হতাশ।,sylhet,syl_cate_18
sentence_14.wav,dataset/chunks/sylhet/syl_cate_18/sentence_14.wav,তুমি খুব আনন্দিত দেখাচ্ছো।,sylhet,syl_cate_18
sentence_15.wav,dataset/chunks/sylhet/syl_cate_18/sentence_15.wav,আমি অবাক।,sylhet,syl_cate_18
sentence_16.wav,dataset/chunks/sylhet/syl_cate_18/sentence_16.wav,এটা আমার জন্য দুঃসংবাদ।,sylhet,syl_cate_18
sentence_17.wav,dataset/chunks/sylhet/syl_cate_18/sentence_17.wav,আমি খুব দুঃখিত।,sylhet,syl_cate_18
sentence_18.wav,dataset/chunks/sylhet/syl_cate_18/sentence_18.wav,তুমি কি খুশি?,sylhet,syl_cate_18
sentence_19.wav,dataset/chunks/sylhet/syl_cate_18/sentence_19.wav,আমি উত্তেজিত অনুভব করছি।,sylhet,syl_cate_18
sentence_20.wav,dataset/chunks/sylhet/syl_cate_18/sentence_20.wav,আমি রাগান্বিত হয়ে যাচ্ছি।,sylhet,syl_cate_18
sentence_21.wav,dataset/chunks/sylhet/syl_cate_18/sentence_21.wav,এটা সত্যিই অবাক করা।,sylhet,syl_cate_18
sentence_22.wav,dataset/chunks/sylhet/syl_cate_18/sentence_22.wav,"আমি দুঃখিত, এটা আমার দোষ।",sylhet,syl_cate_18
sentence_23.wav,dataset/chunks/sylhet/syl_cate_18/sentence_23.wav,তুমি কেমন অনুভব করছো?,sylhet,syl_cate_18
sentence_24.wav,dataset/chunks/sylhet/syl_cate_18/sentence_24.wav,আমি শান্ত।,sylhet,syl_cate_18
sentence_25.wav,dataset/chunks/sylhet/syl_cate_18/sentence_25.wav,এটা আমাকে আনন্দিত করছে।,sylhet,syl_cate_18
sentence_26.wav,dataset/chunks/sylhet/syl_cate_18/sentence_26.wav,আমি চিন্তিত।,sylhet,syl_cate_18
sentence_27.wav,dataset/chunks/sylhet/syl_cate_18/sentence_27.wav,আমি হতাশ হয়ে যাচ্ছি।,sylhet,syl_cate_18
sentence_28.wav,dataset/chunks/sylhet/syl_cate_18/sentence_28.wav,তুমি রাগান্বিত না তো?,sylhet,syl_cate_18
sentence_29.wav,dataset/chunks/sylhet/syl_cate_18/sentence_29.wav,আমি সত্যিই আনন্দিত।,sylhet,syl_cate_18
sentence_30.wav,dataset/chunks/sylhet/syl_cate_18/sentence_30.wav,এটা আমাকে বিরক্ত করছে।,sylhet,syl_cate_18
sentence_31.wav,dataset/chunks/sylhet/syl_cate_18/sentence_31.wav,আমি অবাক হয়ে গেলাম।,sylhet,syl_cate_18
sentence_32.wav,dataset/chunks/sylhet/syl_cate_18/sentence_32.wav,আমি খুব ভীত।,sylhet,syl_cate_18
sentence_33.wav,dataset/chunks/sylhet/syl_cate_18/sentence_33.wav,তুমি আনন্দিত দেখাচ্ছো।,sylhet,syl_cate_18
sentence_34.wav,dataset/chunks/sylhet/syl_cate_18/sentence_34.wav,আমি হতাশ অনুভব করছি।,sylhet,syl_cate_18
sentence_35.wav,dataset/chunks/sylhet/syl_cate_18/sentence_35.wav,আমি রাগান্বিত হয়ে গিয়েছি।,sylhet,syl_cate_18
sentence_36.wav,dataset/chunks/sylhet/syl_cate_18/sentence_36.wav,এটা আমাকে আনন্দ দিচ্ছে।,sylhet,syl_cate_18
sentence_37.wav,dataset/chunks/sylhet/syl_cate_18/sentence_37.wav,আমি উদ্বিগ্ন।,sylhet,syl_cate_18
sentence_38.wav,dataset/chunks/sylhet/syl_cate_18/sentence_38.wav,তুমি কেন দুঃখিত?,sylhet,syl_cate_18
sentence_39.wav,dataset/chunks/sylhet/syl_cate_18/sentence_39.wav,আমি খুব খুশি অনুভব করছি।,sylhet,syl_cate_18
sentence_40.wav,dataset/chunks/sylhet/syl_cate_18/sentence_40.wav,এটা সত্যিই বিরক্তিকর।,sylhet,syl_cate_18
sentence_41.wav,dataset/chunks/sylhet/syl_cate_18/sentence_41.wav,আমি আশ্চর্য।,sylhet,syl_cate_18
sentence_42.wav,dataset/chunks/sylhet/syl_cate_18/sentence_42.wav,তুমি ভয় পাচ্ছো কেন?,sylhet,syl_cate_18
sentence_43.wav,dataset/chunks/sylhet/syl_cate_18/sentence_43.wav,আমি খুব আনন্দিত।,sylhet,syl_cate_18
sentence_44.wav,dataset/chunks/sylhet/syl_cate_18/sentence_44.wav,এটা আমাকে দুঃখিত করছে।,sylhet,syl_cate_18
sentence_45.wav,dataset/chunks/sylhet/syl_cate_18/sentence_45.wav,আমি রাগ অনুভব করছি।,sylhet,syl_cate_18
sentence_46.wav,dataset/chunks/sylhet/syl_cate_18/sentence_46.wav,তুমি উত্তেজিত নাকি?,sylhet,syl_cate_18
sentence_47.wav,dataset/chunks/sylhet/syl_cate_18/sentence_47.wav,আমি অবাক হয়ে যাচ্ছি।,sylhet,syl_cate_18
sentence_48.wav,dataset/chunks/sylhet/syl_cate_18/sentence_48.wav,এটা সত্যিই দারুণ।,sylhet,syl_cate_18
sentence_49.wav,dataset/chunks/sylhet/syl_cate_18/sentence_49.wav,আমি শান্ত অনুভব করছি।,sylhet,syl_cate_18
sentence_50.wav,dataset/chunks/sylhet/syl_cate_18/sentence_50.wav,তুমি দুঃখিত নাকি?,sylhet,syl_cate_18
sentence_51.wav,dataset/chunks/sylhet/syl_cate_18/sentence_51.wav,আমি খুব চিন্তিত।,sylhet,syl_cate_18
sentence_52.wav,dataset/chunks/sylhet/syl_cate_18/sentence_52.wav,এটা আমাকে বিরক্ত করছে।,sylhet,syl_cate_18
sentence_53.wav,dataset/chunks/sylhet/syl_cate_18/sentence_53.wav,আমি আনন্দ অনুভব করছি।,sylhet,syl_cate_18
sentence_54.wav,dataset/chunks/sylhet/syl_cate_18/sentence_54.wav,তুমি রাগান্বিত নাকি?,sylhet,syl_cate_18
sentence_55.wav,dataset/chunks/sylhet/syl_cate_18/sentence_55.wav,আমি আশ্চর্য অনুভব করছি।,sylhet,syl_cate_18
sentence_56.wav,dataset/chunks/sylhet/syl_cate_18/sentence_56.wav,এটা আমাকে উত্তেজিত করছে।,sylhet,syl_cate_18
sentence_57.wav,dataset/chunks/sylhet/syl_cate_18/sentence_57.wav,"আমি দুঃখিত, আমি কিছু করতে পারিনি।",sylhet,syl_cate_18
sentence_58.wav,dataset/chunks/sylhet/syl_cate_18/sentence_58.wav,তুমি খুশি নাকি?,sylhet,syl_cate_18
sentence_59.wav,dataset/chunks/sylhet/syl_cate_18/sentence_59.wav,আমি খুব ভীত অনুভব করছি।,sylhet,syl_cate_18
sentence_60.wav,dataset/chunks/sylhet/syl_cate_18/sentence_60.wav,এটা সত্যিই দুঃখজনক।,sylhet,syl_cate_18
sentence_61.wav,dataset/chunks/sylhet/syl_cate_18/sentence_61.wav,আমি রাগান্বিত হয়ে যাচ্ছি।,sylhet,syl_cate_18
sentence_62.wav,dataset/chunks/sylhet/syl_cate_18/sentence_62.wav,তুমি উদ্বিগ্ন নাকি?,sylhet,syl_cate_18
sentence_63.wav,dataset/chunks/sylhet/syl_cate_18/sentence_63.wav,আমি খুব আনন্দিত অনুভব করছি।,sylhet,syl_cate_18
sentence_64.wav,dataset/chunks/sylhet/syl_cate_18/sentence_64.wav,এটা আমাকে হতাশ করছে।,sylhet,syl_cate_18
sentence_65.wav,dataset/chunks/sylhet/syl_cate_18/sentence_65.wav,আমি শান্ত অনুভব করছি।,sylhet,syl_cate_18
sentence_66.wav,dataset/chunks/sylhet/syl_cate_18/sentence_66.wav,তুমি দারুণ খুশি দেখাচ্ছো।,sylhet,syl_cate_18
sentence_67.wav,dataset/chunks/sylhet/syl_cate_18/sentence_67.wav,আমি বিরক্ত অনুভব করছি।,sylhet,syl_cate_18
sentence_68.wav,dataset/chunks/sylhet/syl_cate_18/sentence_68.wav,এটা আমাকে অবাক করছে।,sylhet,syl_cate_18
sentence_69.wav,dataset/chunks/sylhet/syl_cate_18/sentence_69.wav,আমি উত্তেজিত হয়ে যাচ্ছি।,sylhet,syl_cate_18
sentence_70.wav,dataset/chunks/sylhet/syl_cate_18/sentence_70.wav,আমি সত্যিই খুশি।,sylhet,syl_cate_18
sentence_01.wav,dataset/chunks/sylhet/syl_cate_19/sentence_01.wav,আমি লোকসংগীত শুনতে ভালোবাসি।,sylhet,syl_cate_19
sentence_02.wav,dataset/chunks/sylhet/syl_cate_19/sentence_02.wav,তুমি কি আজ রাতে নাচ দেখতে যাবে?,sylhet,syl_cate_19
sentence_03.wav,dataset/chunks/sylhet/syl_cate_19/sentence_03.wav,মেলা খুব সুন্দর।,sylhet,syl_cate_19
sentence_04.wav,dataset/chunks/sylhet/syl_cate_19/sentence_04.wav,তুমি কি পহেলা বৈশাখ উদযাপন করছো?,sylhet,syl_cate_19
sentence_05.wav,dataset/chunks/sylhet/syl_cate_19/sentence_05.wav,আমি একটি লোকনৃত্য শিখছি।,sylhet,syl_cate_19
sentence_06.wav,dataset/chunks/sylhet/syl_cate_19/sentence_06.wav,আজ রাতে আমরা মেলায় যাচ্ছি।,sylhet,syl_cate_19
sentence_07.wav,dataset/chunks/sylhet/syl_cate_19/sentence_07.wav,তুমি কি বাঁশি বাজাতে পারো?,sylhet,syl_cate_19
sentence_08.wav,dataset/chunks/sylhet/syl_cate_19/sentence_08.wav,আমরা পুতুলনাচ দেখেছি।,sylhet,syl_cate_19
sentence_09.wav,dataset/chunks/sylhet/syl_cate_19/sentence_09.wav,মেলায় অনেক লোক আছে।,sylhet,syl_cate_19
sentence_10.wav,dataset/chunks/sylhet/syl_cate_19/sentence_10.wav,তুমি কি ঢাক বাজাতে চাও?,sylhet,syl_cate_19
sentence_11.wav,dataset/chunks/sylhet/syl_cate_19/sentence_11.wav,আমি নাটক দেখতে যাচ্ছি।,sylhet,syl_cate_19
sentence_12.wav,dataset/chunks/sylhet/syl_cate_19/sentence_12.wav,আজকে কাব্য অনুষ্ঠানে যাচ্ছি।,sylhet,syl_cate_19
sentence_13.wav,dataset/chunks/sylhet/syl_cate_19/sentence_13.wav,তুমি কি গান গাইতে পারো?,sylhet,syl_cate_19
sentence_14.wav,dataset/chunks/sylhet/syl_cate_19/sentence_14.wav,লোকনৃত্য খুব সুন্দর।,sylhet,syl_cate_19
sentence_15.wav,dataset/chunks/sylhet/syl_cate_19/sentence_15.wav,আমরা মেলায় পিঠা খেয়েছি।,sylhet,syl_cate_19
sentence_16.wav,dataset/chunks/sylhet/syl_cate_19/sentence_16.wav,তুমি কি আজকে শিল্প প্রদর্শনী দেখেছো?,sylhet,syl_cate_19
sentence_17.wav,dataset/chunks/sylhet/syl_cate_19/sentence_17.wav,আমি রবীন্দ্রনাথের গান শুনতে ভালোবাসি।,sylhet,syl_cate_19
sentence_18.wav,dataset/chunks/sylhet/syl_cate_19/sentence_18.wav,মেলায় খেলার স্টল আছে।,sylhet,syl_cate_19
sentence_19.wav,dataset/chunks/sylhet/syl_cate_19/sentence_19.wav,তুমি কি আজকে ঢোল বাজাচ্ছো?,sylhet,syl_cate_19
sentence_20.wav,dataset/chunks/sylhet/syl_cate_19/sentence_20.wav,আমরা একটি রাস্তানাটক দেখেছি।,sylhet,syl_cate_19
sentence_21.wav,dataset/chunks/sylhet/syl_cate_19/sentence_21.wav,মেলায় অনেক খাবার বিক্রি হচ্ছে।,sylhet,syl_cate_19
sentence_22.wav,dataset/chunks/sylhet/syl_cate_19/sentence_22.wav,তুমি কি আজকে লোকগীতি শোনাচ্ছো?,sylhet,syl_cate_19
sentence_23.wav,dataset/chunks/sylhet/syl_cate_19/sentence_23.wav,আমি নৃত্য প্রতিযোগিতায় অংশ নিচ্ছি।,sylhet,syl_cate_19
sentence_24.wav,dataset/chunks/sylhet/syl_cate_19/sentence_24.wav,মেলায় সাজানো হয়েছে অনেক আলোকসজ্জা।,sylhet,syl_cate_19
sentence_25.wav,dataset/chunks/sylhet/syl_cate_19/sentence_25.wav,তুমি কি আজকে মেলায় গিয়েছো?,sylhet,syl_cate_19
sentence_26.wav,dataset/chunks/sylhet/syl_cate_19/sentence_26.wav,আমরা একটি লোককাহিনী শোনেছি।,sylhet,syl_cate_19
sentence_27.wav,dataset/chunks/sylhet/syl_cate_19/sentence_27.wav,তুমি কি আজকে নাটক দেখেছো?,sylhet,syl_cate_19
sentence_28.wav,dataset/chunks/sylhet/syl_cate_19/sentence_28.wav,আমি পটচিত্র দেখতে ভালোবাসি।,sylhet,syl_cate_19
sentence_29.wav,dataset/chunks/sylhet/syl_cate_19/sentence_29.wav,মেলায় অনেক শিশু খেলছে।,sylhet,syl_cate_19
sentence_30.wav,dataset/chunks/sylhet/syl_cate_19/sentence_30.wav,তুমি কি লোকনৃত্য শিখছো?,sylhet,syl_cate_19
sentence_31.wav,dataset/chunks/sylhet/syl_cate_19/sentence_31.wav,আমরা পুতুলনাচ প্রদর্শনীতে গিয়েছি।,sylhet,syl_cate_19
sentence_32.wav,dataset/chunks/sylhet/syl_cate_19/sentence_32.wav,মেলায় গান বাজানো হচ্ছে।,sylhet,syl_cate_19
sentence_33.wav,dataset/chunks/sylhet/syl_cate_19/sentence_33.wav,তুমি কি শিল্পকর্ম তৈরি করছো?,sylhet,syl_cate_19
sentence_34.wav,dataset/chunks/sylhet/syl_cate_19/sentence_34.wav,আমি লোকসংগীত শোনাচ্ছি।,sylhet,syl_cate_19
sentence_35.wav,dataset/chunks/sylhet/syl_cate_19/sentence_35.wav,মেলায় খেলনা বিক্রি হচ্ছে।,sylhet,syl_cate_19
sentence_36.wav,dataset/chunks/sylhet/syl_cate_19/sentence_36.wav,তুমি কি আজকে পিঠা খেয়েছো?,sylhet,syl_cate_19
sentence_37.wav,dataset/chunks/sylhet/syl_cate_19/sentence_37.wav,আমরা নৃত্য প্রদর্শনীতে অংশ নিয়েছি।,sylhet,syl_cate_19
sentence_38.wav,dataset/chunks/sylhet/syl_cate_19/sentence_38.wav,মেলায় বিভিন্ন খাবার রয়েছে।,sylhet,syl_cate_19
sentence_39.wav,dataset/chunks/sylhet/syl_cate_19/sentence_39.wav,তুমি কি আজকে কাব্য শোনাচ্ছো?,sylhet,syl_cate_19
sentence_40.wav,dataset/chunks/sylhet/syl_cate_19/sentence_40.wav,আমি রবীন্দ্রনাথের গান গাইছি।,sylhet,syl_cate_19
sentence_41.wav,dataset/chunks/sylhet/syl_cate_19/sentence_41.wav,মেলায় রঙিন বাতি জ্বলে।,sylhet,syl_cate_19
sentence_42.wav,dataset/chunks/sylhet/syl_cate_19/sentence_42.wav,তুমি কি আজকে নাটক মঞ্চস্থ করছো?,sylhet,syl_cate_19
sentence_43.wav,dataset/chunks/sylhet/syl_cate_19/sentence_43.wav,আমরা লোকনৃত্য দেখতে যাচ্ছি।,sylhet,syl_cate_19
sentence_44.wav,dataset/chunks/sylhet/syl_cate_19/sentence_44.wav,মেলায় অনেক ছবি তোলা হচ্ছে।,sylhet,syl_cate_19
sentence_45.wav,dataset/chunks/sylhet/syl_cate_19/sentence_45.wav,তুমি কি পুতুলনাচ পছন্দ করো?,sylhet,syl_cate_19
sentence_46.wav,dataset/chunks/sylhet/syl_cate_19/sentence_46.wav,আমি নৃত্য প্রশিক্ষণ নিচ্ছি।,sylhet,syl_cate_19
sentence_47.wav,dataset/chunks/sylhet/syl_cate_19/sentence_47.wav,মেলায় লোকশিল্প প্রদর্শিত হচ্ছে।,sylhet,syl_cate_19
sentence_48.wav,dataset/chunks/sylhet/syl_cate_19/sentence_48.wav,তুমি কি আজকে গান শোনাচ্ছো?,sylhet,syl_cate_19
sentence_49.wav,dataset/chunks/sylhet/syl_cate_19/sentence_49.wav,আমরা মেলায় হস্তশিল্প কিনেছি।,sylhet,syl_cate_19
sentence_50.wav,dataset/chunks/sylhet/syl_cate_19/sentence_50.wav,মেলায় অনেক লোক আনন্দ করছে।,sylhet,syl_cate_19
sentence_51.wav,dataset/chunks/sylhet/syl_cate_19/sentence_51.wav,তুমি কি আজকে মেলার খেলা খেলেছো?,sylhet,syl_cate_19
sentence_52.wav,dataset/chunks/sylhet/syl_cate_19/sentence_52.wav,আমি লোকনৃত্য প্রদর্শনীতে গিয়েছি।,sylhet,syl_cate_19
sentence_53.wav,dataset/chunks/sylhet/syl_cate_19/sentence_53.wav,মেলায় মিষ্টি বিক্রি হচ্ছে।,sylhet,syl_cate_19
sentence_54.wav,dataset/chunks/sylhet/syl_cate_19/sentence_54.wav,তুমি কি আজকে রাস্তানাটক দেখেছো?,sylhet,syl_cate_19
sentence_55.wav,dataset/chunks/sylhet/syl_cate_19/sentence_55.wav,আমি পুতুলনাচ তৈরি করছি।,sylhet,syl_cate_19
sentence_56.wav,dataset/chunks/sylhet/syl_cate_19/sentence_56.wav,মেলায় বিভিন্ন নাচ প্রদর্শিত হচ্ছে।,sylhet,syl_cate_19
sentence_57.wav,dataset/chunks/sylhet/syl_cate_19/sentence_57.wav,তুমি কি আজকে শিল্প প্রদর্শনীতে গিয়েছো?,sylhet,syl_cate_19
sentence_58.wav,dataset/chunks/sylhet/syl_cate_19/sentence_58.wav,আমরা মেলায় গান শুনেছি।,sylhet,syl_cate_19
sentence_59.wav,dataset/chunks/sylhet/syl_cate_19/sentence_59.wav,মেলায় লোকসংগীত বাজানো হয়েছে।,sylhet,syl_cate_19
sentence_60.wav,dataset/chunks/sylhet/syl_cate_19/sentence_60.wav,তুমি কি আজকে পিঠা খেয়েছো?,sylhet,syl_cate_19
sentence_61.wav,dataset/chunks/sylhet/syl_cate_19/sentence_61.wav,আমি নৃত্য প্রশিক্ষণে অংশ নিচ্ছি।,sylhet,syl_cate_19
sentence_62.wav,dataset/chunks/sylhet/syl_cate_19/sentence_62.wav,মেলায় খেলা প্রদর্শনী হয়েছে।,sylhet,syl_cate_19
sentence_63.wav,dataset/chunks/sylhet/syl_cate_19/sentence_63.wav,তুমি কি আজকে রঙিন লাইট দেখেছো?,sylhet,syl_cate_19
sentence_64.wav,dataset/chunks/sylhet/syl_cate_19/sentence_64.wav,আমরা মেলায় হস্তশিল্প শিখেছি।,sylhet,syl_cate_19
sentence_65.wav,dataset/chunks/sylhet/syl_cate_19/sentence_65.wav,মেলায় লোককাহিনী বলা হয়েছে।,sylhet,syl_cate_19
sentence_66.wav,dataset/chunks/sylhet/syl_cate_19/sentence_66.wav,তুমি কি আজকে কাব্য শোনেছো?,sylhet,syl_cate_19
sentence_67.wav,dataset/chunks/sylhet/syl_cate_19/sentence_67.wav,আমি মেলায় গিয়েছি।,sylhet,syl_cate_19
sentence_68.wav,dataset/chunks/sylhet/syl_cate_19/sentence_68.wav,মেলায় নাটক প্রদর্শিত হয়েছে।,sylhet,syl_cate_19
sentence_69.wav,dataset/chunks/sylhet/syl_cate_19/sentence_69.wav,তুমি কি আজকে গান গেয়েছো?,sylhet,syl_cate_19
sentence_70.wav,dataset/chunks/sylhet/syl_cate_19/sentence_70.wav,আমরা মেলায় নাচ উপভোগ করেছি।,sylhet,syl_cate_19
