filename,audio_path,transcript,region,category_id,speaker_id,gender
sentence_01.wav,dataset/chunks/barishal/bar_cate_01/sentence_01.wav,আপনি কোথা থেকে এসেছেন?,barishal,cate_01,SPK_01,Male
sentence_02.wav,dataset/chunks/barishal/bar_cate_01/sentence_02.wav,আপনার নাম কী?,barishal,cate_01,SPK_01,Male
sentence_03.wav,dataset/chunks/barishal/bar_cate_01/sentence_03.wav,আমার নাম জন।,barishal,cate_01,SPK_01,Male
sentence_04.wav,dataset/chunks/barishal/bar_cate_01/sentence_04.wav,আপনার সাথে পরিচিত হয়ে ভালো লাগলো।,barishal,cate_01,SPK_01,Male
sentence_05.wav,dataset/chunks/barishal/bar_cate_01/sentence_05.wav,আমি এই এলাকায় নতুন।,barishal,cate_01,SPK_01,Male
sentence_06.wav,dataset/chunks/barishal/bar_cate_01/sentence_06.wav,আপনি কি এখানে থাকেন?,barishal,cate_01,SPK_01,Male
sentence_07.wav,dataset/chunks/barishal/bar_cate_01/sentence_07.wav,আপনি কি প্রথমবার এখানে এসেছেন?,barishal,cate_01,SPK_01,Male
sentence_08.wav,dataset/chunks/barishal/bar_cate_01/sentence_08.wav,আমি বাংলাদেশে ভ্রমণে এসেছি।,barishal,cate_01,SPK_01,Male
sentence_09.wav,dataset/chunks/barishal/bar_cate_01/sentence_09.wav,আপনি কী করেন?,barishal,cate_01,SPK_01,Male
sentence_10.wav,dataset/chunks/barishal/bar_cate_01/sentence_10.wav,আমি একজন ছাত্র।,barishal,cate_01,SPK_01,Male
sentence_11.wav,dataset/chunks/barishal/bar_cate_01/sentence_11.wav,আপনার বাড়ি কোথায়?,barishal,cate_01,SPK_01,Male
sentence_12.wav,dataset/chunks/barishal/bar_cate_01/sentence_12.wav,আপনি কেমন আছেন?,barishal,cate_01,SPK_01,Male
sentence_13.wav,dataset/chunks/barishal/bar_cate_01/sentence_13.wav,আমি ভালো আছি।,barishal,cate_01,SPK_01,Male
sentence_14.wav,dataset/chunks/barishal/bar_cate_01/sentence_14.wav,অনেক দিন পর দেখা হলো।,barishal,cate_01,SPK_01,Male
sentence_15.wav,dataset/chunks/barishal/bar_cate_01/sentence_15.wav,আপনাকে আবার দেখে ভালো লাগছে।,barishal,cate_01,SPK_01,Male
sentence_16.wav,dataset/chunks/barishal/bar_cate_01/sentence_16.wav,আপনি কি আমাকে সাহায্য করতে পারবেন?,barishal,cate_01,SPK_01,Male
sentence_17.wav,dataset/chunks/barishal/bar_cate_01/sentence_17.wav,আপনার সাথে কথা বলে ভালো লাগছে।,barishal,cate_01,SPK_01,Male
sentence_18.wav,dataset/chunks/barishal/bar_cate_01/sentence_18.wav,আমি এখানে কাজের জন্য এসেছি।,barishal,cate_01,SPK_01,Male
sentence_19.wav,dataset/chunks/barishal/bar_cate_01/sentence_19.wav,আপনি কোন দেশ থেকে এসেছেন?,barishal,cate_01,SPK_01,Male
sentence_20.wav,dataset/chunks/barishal/bar_cate_01/sentence_20.wav,আমি ইংরেজি বলতে পারি।,barishal,cate_01,SPK_01,Male
sentence_21.wav,dataset/chunks/barishal/bar_cate_01/sentence_21.wav,আপনি কি বাংলা বলতে পারেন?,barishal,cate_01,SPK_01,Male
sentence_22.wav,dataset/chunks/barishal/bar_cate_01/sentence_22.wav,আমি বাংলা শিখছি।,barishal,cate_01,SPK_01,Male
sentence_23.wav,dataset/chunks/barishal/bar_cate_01/sentence_23.wav,ধন্যবাদ আপনাকে।,barishal,cate_01,SPK_01,Male
sentence_24.wav,dataset/chunks/barishal/bar_cate_01/sentence_24.wav,আপনাকে স্বাগতম।,barishal,cate_01,SPK_01,Male
sentence_25.wav,dataset/chunks/barishal/bar_cate_01/sentence_25.wav,আপনার বয়স কত?,barishal,cate_01,SPK_01,Male
sentence_26.wav,dataset/chunks/barishal/bar_cate_01/sentence_26.wav,আমি এখানে পড়াশোনা করছি।,barishal,cate_01,SPK_01,Male
sentence_27.wav,dataset/chunks/barishal/bar_cate_01/sentence_27.wav,আমি এই শহরটি পছন্দ করি।,barishal,cate_01,SPK_01,Male
sentence_28.wav,dataset/chunks/barishal/bar_cate_01/sentence_28.wav,আপনার পরিবার কেমন আছে?,barishal,cate_01,SPK_01,Male
sentence_29.wav,dataset/chunks/barishal/bar_cate_01/sentence_29.wav,আপনার সাথে দেখা করতে পেরে আনন্দিত।,barishal,cate_01,SPK_01,Male
sentence_30.wav,dataset/chunks/barishal/bar_cate_01/sentence_30.wav,আপনি কি এখানে দীর্ঘদিন থাকবেন?,barishal,cate_01,SPK_01,Male
sentence_31.wav,dataset/chunks/barishal/bar_cate_01/sentence_31.wav,আমি কয়েকদিনের জন্য এসেছি।,barishal,cate_01,SPK_01,Male
sentence_32.wav,dataset/chunks/barishal/bar_cate_01/sentence_32.wav,আপনার সাথে যোগাযোগ রাখতে চাই।,barishal,cate_01,SPK_01,Male
sentence_33.wav,dataset/chunks/barishal/bar_cate_01/sentence_33.wav,এটা আমার প্রথম সফর।,barishal,cate_01,SPK_01,Male
sentence_34.wav,dataset/chunks/barishal/bar_cate_01/sentence_34.wav,আমি আপনার দেশ সম্পর্কে জানতে চাই।,barishal,cate_01,SPK_01,Male
sentence_35.wav,dataset/chunks/barishal/bar_cate_01/sentence_35.wav,আপনি কোথায় কাজ করেন?,barishal,cate_01,SPK_01,Male
sentence_36.wav,dataset/chunks/barishal/bar_cate_01/sentence_36.wav,আপনার ফোন নম্বর দিতে পারেন?,barishal,cate_01,SPK_01,Male
sentence_37.wav,dataset/chunks/barishal/bar_cate_01/sentence_37.wav,আমি আপনার সাথে পরে কথা বলবো।,barishal,cate_01,SPK_01,Male
sentence_38.wav,dataset/chunks/barishal/bar_cate_01/sentence_38.wav,আপনাকে দেখে ভালো লাগলো।,barishal,cate_01,SPK_01,Male
sentence_39.wav,dataset/chunks/barishal/bar_cate_01/sentence_39.wav,আপনি কি এখানে একা এসেছেন?,barishal,cate_01,SPK_01,Male
sentence_40.wav,dataset/chunks/barishal/bar_cate_01/sentence_40.wav,আমি আমার বন্ধুর সাথে এসেছি।,barishal,cate_01,SPK_01,Male
sentence_41.wav,dataset/chunks/barishal/bar_cate_01/sentence_41.wav,আপনার পেশা কী?,barishal,cate_01,SPK_01,Male
sentence_42.wav,dataset/chunks/barishal/bar_cate_01/sentence_42.wav,আমি একজন শিক্ষক।,barishal,cate_01,SPK_01,Male
sentence_43.wav,dataset/chunks/barishal/bar_cate_01/sentence_43.wav,আপনার সাথে কাজ করতে চাই।,barishal,cate_01,SPK_01,Male
sentence_44.wav,dataset/chunks/barishal/bar_cate_01/sentence_44.wav,আজকে আবহাওয়া সুন্দর।,barishal,cate_01,SPK_01,Male
sentence_45.wav,dataset/chunks/barishal/bar_cate_01/sentence_45.wav,আপনি কি এখানে থাকেন নাকি ভ্রমণে এসেছেন?,barishal,cate_01,SPK_01,Male
sentence_46.wav,dataset/chunks/barishal/bar_cate_01/sentence_46.wav,আমি এই জায়গাটি প্রথমবার দেখছি।,barishal,cate_01,SPK_01,Male
sentence_47.wav,dataset/chunks/barishal/bar_cate_01/sentence_47.wav,আপনার সাথে পরিচয় হওয়া আমার জন্য সম্মানের।,barishal,cate_01,SPK_01,Male
sentence_48.wav,dataset/chunks/barishal/bar_cate_01/sentence_48.wav,আপনি কোন ভাষায় কথা বলেন?,barishal,cate_01,SPK_01,Male
sentence_49.wav,dataset/chunks/barishal/bar_cate_01/sentence_49.wav,আমি আপনার কাছ থেকে শিখতে চাই।,barishal,cate_01,SPK_01,Male
sentence_50.wav,dataset/chunks/barishal/bar_cate_01/sentence_50.wav,আমি খুব আনন্দিত।,barishal,cate_01,SPK_01,Male
sentence_51.wav,dataset/chunks/barishal/bar_cate_01/sentence_51.wav,আপনার দিনটি কেমন কাটছে?,barishal,cate_01,SPK_01,Male
sentence_52.wav,dataset/chunks/barishal/bar_cate_01/sentence_52.wav,আমি একটু দেরি করেছি।,barishal,cate_01,SPK_01,Male
sentence_53.wav,dataset/chunks/barishal/bar_cate_01/sentence_53.wav,আপনাকে অপেক্ষা করানোর জন্য দুঃখিত।,barishal,cate_01,SPK_01,Male
sentence_54.wav,dataset/chunks/barishal/bar_cate_01/sentence_54.wav,আপনার সাথে আবার দেখা হবে আশা করি।,barishal,cate_01,SPK_01,Male
sentence_55.wav,dataset/chunks/barishal/bar_cate_01/sentence_55.wav,আপনি কি কাছাকাছি থাকেন?,barishal,cate_01,SPK_01,Male
sentence_56.wav,dataset/chunks/barishal/bar_cate_01/sentence_56.wav,আমি আপনার সাহায্যের জন্য কৃতজ্ঞ।,barishal,cate_01,SPK_01,Male
sentence_57.wav,dataset/chunks/barishal/bar_cate_01/sentence_57.wav,আপনাকে শুভেচ্ছা জানাই।,barishal,cate_01,SPK_01,Male
sentence_58.wav,dataset/chunks/barishal/bar_cate_01/sentence_58.wav,আপনার দিনটি শুভ হোক।,barishal,cate_01,SPK_01,Male
sentence_59.wav,dataset/chunks/barishal/bar_cate_01/sentence_59.wav,আপনার সাথে কথা বলা আনন্দের ছিল।,barishal,cate_01,SPK_01,Male
sentence_60.wav,dataset/chunks/barishal/bar_cate_01/sentence_60.wav,আমি আপনাকে সম্মান করি।,barishal,cate_01,SPK_01,Male
sentence_61.wav,dataset/chunks/barishal/bar_cate_01/sentence_61.wav,আমি এখানে কাজ শুরু করেছি।,barishal,cate_01,SPK_01,Male
sentence_62.wav,dataset/chunks/barishal/bar_cate_01/sentence_62.wav,আপনি কখন এসেছেন?,barishal,cate_01,SPK_01,Male
sentence_63.wav,dataset/chunks/barishal/bar_cate_01/sentence_63.wav,আমি গতকাল এসেছি।,barishal,cate_01,SPK_01,Male
sentence_64.wav,dataset/chunks/barishal/bar_cate_01/sentence_64.wav,আপনি কতদিন থাকবেন?,barishal,cate_01,SPK_01,Male
sentence_65.wav,dataset/chunks/barishal/bar_cate_01/sentence_65.wav,আমি এক সপ্তাহ থাকবো।,barishal,cate_01,SPK_01,Male
sentence_66.wav,dataset/chunks/barishal/bar_cate_01/sentence_66.wav,আপনার সাথে বন্ধুত্ব করতে চাই।,barishal,cate_01,SPK_01,Male
sentence_67.wav,dataset/chunks/barishal/bar_cate_01/sentence_67.wav,আপনি খুব ভদ্র মানুষ।,barishal,cate_01,SPK_01,Male
sentence_68.wav,dataset/chunks/barishal/bar_cate_01/sentence_68.wav,আমি আপনাকে ধন্যবাদ জানাই।,barishal,cate_01,SPK_01,Male
sentence_69.wav,dataset/chunks/barishal/bar_cate_01/sentence_69.wav,আপনার সাথে দেখা হওয়া সৌভাগ্যের।,barishal,cate_01,SPK_01,Male
sentence_70.wav,dataset/chunks/barishal/bar_cate_01/sentence_70.wav,আমি আপনার সাথে আবার যোগাযোগ করবো।,barishal,cate_01,SPK_01,Male
sentence_01.wav,dataset/chunks/barishal/bar_cate_02/sentence_01.wav,বাস স্ট্যান্ড কোথায়?,barishal,cate_02,SPK_01,Male
sentence_02.wav,dataset/chunks/barishal/bar_cate_02/sentence_02.wav,এই রাস্তাটি কোথায় যায়?,barishal,cate_02,SPK_01,Male
sentence_03.wav,dataset/chunks/barishal/bar_cate_02/sentence_03.wav,রেলওয়ে স্টেশন কত দূরে?,barishal,cate_02,SPK_01,Male
sentence_04.wav,dataset/chunks/barishal/bar_cate_02/sentence_04.wav,বিমানবন্দর যাওয়ার রাস্তা কোনটি?,barishal,cate_02,SPK_01,Male
sentence_05.wav,dataset/chunks/barishal/bar_cate_02/sentence_05.wav,বাজারে যেতে কোন বাসে উঠবো?,barishal,cate_02,SPK_01,Male
sentence_06.wav,dataset/chunks/barishal/bar_cate_02/sentence_06.wav,এই বাস কি ঢাকায় যাবে?,barishal,cate_02,SPK_01,Male
sentence_07.wav,dataset/chunks/barishal/bar_cate_02/sentence_07.wav,ভাড়া কত?,barishal,cate_02,SPK_01,Male
sentence_08.wav,dataset/chunks/barishal/bar_cate_02/sentence_08.wav,রিকশার ভাড়া কত নেবেন?,barishal,cate_02,SPK_01,Male
sentence_09.wav,dataset/chunks/barishal/bar_cate_02/sentence_09.wav,আমাকে হাসপাতালে নিয়ে চলুন।,barishal,cate_02,SPK_01,Male
sentence_10.wav,dataset/chunks/barishal/bar_cate_02/sentence_10.wav,এই ট্রেন কখন ছাড়বে?,barishal,cate_02,SPK_01,Male
sentence_11.wav,dataset/chunks/barishal/bar_cate_02/sentence_11.wav,ট্রেন কত নম্বর প্ল্যাটফর্মে আসবে?,barishal,cate_02,SPK_01,Male
sentence_12.wav,dataset/chunks/barishal/bar_cate_02/sentence_12.wav,এখানে কি টিকিট কাউন্টার আছে?,barishal,cate_02,SPK_01,Male
sentence_13.wav,dataset/chunks/barishal/bar_cate_02/sentence_13.wav,"এক টিকিট দিন, চট্টগ্রামের জন্য।",barishal,cate_02,SPK_01,Male
sentence_14.wav,dataset/chunks/barishal/bar_cate_02/sentence_14.wav,বাস কখন ছাড়বে?,barishal,cate_02,SPK_01,Male
sentence_15.wav,dataset/chunks/barishal/bar_cate_02/sentence_15.wav,এই রাস্তায় কি যানজট হয়?,barishal,cate_02,SPK_01,Male
sentence_16.wav,dataset/chunks/barishal/bar_cate_02/sentence_16.wav,সোজা গেলে কি ব্যাংক পাবো?,barishal,cate_02,SPK_01,Male
sentence_17.wav,dataset/chunks/barishal/bar_cate_02/sentence_17.wav,ডানদিকে গেলে কি হাসপাতাল?,barishal,cate_02,SPK_01,Male
sentence_18.wav,dataset/chunks/barishal/bar_cate_02/sentence_18.wav,বামদিকে মোড় নিন।,barishal,cate_02,SPK_01,Male
sentence_19.wav,dataset/chunks/barishal/bar_cate_02/sentence_19.wav,সোজা এগিয়ে যান।,barishal,cate_02,SPK_01,Male
sentence_20.wav,dataset/chunks/barishal/bar_cate_02/sentence_20.wav,এই জায়গাটা কত দূরে?,barishal,cate_02,SPK_01,Male
sentence_21.wav,dataset/chunks/barishal/bar_cate_02/sentence_21.wav,হাঁটলে কত সময় লাগবে?,barishal,cate_02,SPK_01,Male
sentence_22.wav,dataset/chunks/barishal/bar_cate_02/sentence_22.wav,গাড়ি পাওয়া যাবে কোথায়?,barishal,cate_02,SPK_01,Male
sentence_23.wav,dataset/chunks/barishal/bar_cate_02/sentence_23.wav,এখানে কি উবার পাওয়া যায়?,barishal,cate_02,SPK_01,Male
sentence_24.wav,dataset/chunks/barishal/bar_cate_02/sentence_24.wav,আপনি কি আমাকে পথ দেখাতে পারবেন?,barishal,cate_02,SPK_01,Male
sentence_25.wav,dataset/chunks/barishal/bar_cate_02/sentence_25.wav,এই রাস্তা কি নিরাপদ?,barishal,cate_02,SPK_01,Male
sentence_26.wav,dataset/chunks/barishal/bar_cate_02/sentence_26.wav,এখানে কি পার্কিং আছে?,barishal,cate_02,SPK_01,Male
sentence_27.wav,dataset/chunks/barishal/bar_cate_02/sentence_27.wav,গাড়ি রাখার জায়গা কোথায়?,barishal,cate_02,SPK_01,Male
sentence_28.wav,dataset/chunks/barishal/bar_cate_02/sentence_28.wav,এই ট্রেন কি সময়মতো আসবে?,barishal,cate_02,SPK_01,Male
sentence_29.wav,dataset/chunks/barishal/bar_cate_02/sentence_29.wav,বাসে কি সিট খালি আছে?,barishal,cate_02,SPK_01,Male
sentence_30.wav,dataset/chunks/barishal/bar_cate_02/sentence_30.wav,এই বাস কি সরাসরি যাবে?,barishal,cate_02,SPK_01,Male
sentence_31.wav,dataset/chunks/barishal/bar_cate_02/sentence_31.wav,মাঝপথে কি নামতে পারবো?,barishal,cate_02,SPK_01,Male
sentence_32.wav,dataset/chunks/barishal/bar_cate_02/sentence_32.wav,আমাকে পরের স্টপে নামিয়ে দিন।,barishal,cate_02,SPK_01,Male
sentence_33.wav,dataset/chunks/barishal/bar_cate_02/sentence_33.wav,এই রাস্তা কি শর্টকাট?,barishal,cate_02,SPK_01,Male
sentence_34.wav,dataset/chunks/barishal/bar_cate_02/sentence_34.wav,এখানে কি ট্যাক্সি স্ট্যান্ড আছে?,barishal,cate_02,SPK_01,Male
sentence_35.wav,dataset/chunks/barishal/bar_cate_02/sentence_35.wav,গন্তব্যে পৌঁছাতে কত সময় লাগবে?,barishal,cate_02,SPK_01,Male
sentence_36.wav,dataset/chunks/barishal/bar_cate_02/sentence_36.wav,রিকশা কি পাওয়া যাবে?,barishal,cate_02,SPK_01,Male
sentence_37.wav,dataset/chunks/barishal/bar_cate_02/sentence_37.wav,ট্রেন কি দেরি করছে?,barishal,cate_02,SPK_01,Male
sentence_38.wav,dataset/chunks/barishal/bar_cate_02/sentence_38.wav,এই বাস কোথায় থামে?,barishal,cate_02,SPK_01,Male
sentence_39.wav,dataset/chunks/barishal/bar_cate_02/sentence_39.wav,আপনারা কি রাতের বাস চালান?,barishal,cate_02,SPK_01,Male
sentence_40.wav,dataset/chunks/barishal/bar_cate_02/sentence_40.wav,শেষ বাস কখন?,barishal,cate_02,SPK_01,Male
sentence_41.wav,dataset/chunks/barishal/bar_cate_02/sentence_41.wav,এই রাস্তা কি বন্ধ?,barishal,cate_02,SPK_01,Male
sentence_42.wav,dataset/chunks/barishal/bar_cate_02/sentence_42.wav,বিকল্প রাস্তা কোনটি?,barishal,cate_02,SPK_01,Male
sentence_43.wav,dataset/chunks/barishal/bar_cate_02/sentence_43.wav,এখানে কি সিগন্যাল আছে?,barishal,cate_02,SPK_01,Male
sentence_44.wav,dataset/chunks/barishal/bar_cate_02/sentence_44.wav,রাস্তা কি মেরামত হচ্ছে?,barishal,cate_02,SPK_01,Male
sentence_45.wav,dataset/chunks/barishal/bar_cate_02/sentence_45.wav,আমাকে বিশ্ববিদ্যালয়ে যেতে হবে।,barishal,cate_02,SPK_01,Male
sentence_46.wav,dataset/chunks/barishal/bar_cate_02/sentence_46.wav,বিশ্ববিদ্যালয়ের বাস কোথা থেকে ছাড়ে?,barishal,cate_02,SPK_01,Male
sentence_47.wav,dataset/chunks/barishal/bar_cate_02/sentence_47.wav,টিকিটের দাম কত?,barishal,cate_02,SPK_01,Male
sentence_48.wav,dataset/chunks/barishal/bar_cate_02/sentence_48.wav,এখানে কি মেট্রো স্টেশন আছে?,barishal,cate_02,SPK_01,Male
sentence_49.wav,dataset/chunks/barishal/bar_cate_02/sentence_49.wav,মেট্রো কখন ছাড়ে?,barishal,cate_02,SPK_01,Male
sentence_50.wav,dataset/chunks/barishal/bar_cate_02/sentence_50.wav,এই রাস্তা কি প্রধান সড়ক?,barishal,cate_02,SPK_01,Male
sentence_51.wav,dataset/chunks/barishal/bar_cate_02/sentence_51.wav,আমাকে থানায় যেতে হবে।,barishal,cate_02,SPK_01,Male
sentence_52.wav,dataset/chunks/barishal/bar_cate_02/sentence_52.wav,পুলিশ স্টেশন কোথায়?,barishal,cate_02,SPK_01,Male
sentence_53.wav,dataset/chunks/barishal/bar_cate_02/sentence_53.wav,এই এলাকায় কি বাস চলে?,barishal,cate_02,SPK_01,Male
sentence_54.wav,dataset/chunks/barishal/bar_cate_02/sentence_54.wav,এখানে কি সিএনজি পাওয়া যায়?,barishal,cate_02,SPK_01,Male
sentence_55.wav,dataset/chunks/barishal/bar_cate_02/sentence_55.wav,আমাকে দ্রুত পৌঁছাতে হবে।,barishal,cate_02,SPK_01,Male
sentence_56.wav,dataset/chunks/barishal/bar_cate_02/sentence_56.wav,এখানে কি ফেরি ঘাট আছে?,barishal,cate_02,SPK_01,Male
sentence_57.wav,dataset/chunks/barishal/bar_cate_02/sentence_57.wav,ফেরি কখন ছাড়বে?,barishal,cate_02,SPK_01,Male
sentence_58.wav,dataset/chunks/barishal/bar_cate_02/sentence_58.wav,নদী পার হতে কত সময় লাগবে?,barishal,cate_02,SPK_01,Male
sentence_59.wav,dataset/chunks/barishal/bar_cate_02/sentence_59.wav,এই ট্রেন কি এক্সপ্রেস?,barishal,cate_02,SPK_01,Male
sentence_60.wav,dataset/chunks/barishal/bar_cate_02/sentence_60.wav,এখানে কি বাস বদলাতে হবে?,barishal,cate_02,SPK_01,Male
sentence_61.wav,dataset/chunks/barishal/bar_cate_02/sentence_61.wav,এই বাস কি এয়ারকন্ডিশন্ড?,barishal,cate_02,SPK_01,Male
sentence_62.wav,dataset/chunks/barishal/bar_cate_02/sentence_62.wav,রাস্তায় কি টোল দিতে হয়?,barishal,cate_02,SPK_01,Male
sentence_63.wav,dataset/chunks/barishal/bar_cate_02/sentence_63.wav,টোল কত?,barishal,cate_02,SPK_01,Male
sentence_64.wav,dataset/chunks/barishal/bar_cate_02/sentence_64.wav,এখানে কি রাস্তা নিরাপদ রাতে?,barishal,cate_02,SPK_01,Male
sentence_65.wav,dataset/chunks/barishal/bar_cate_02/sentence_65.wav,আমি পথ হারিয়ে ফেলেছি।,barishal,cate_02,SPK_01,Male
sentence_66.wav,dataset/chunks/barishal/bar_cate_02/sentence_66.wav,আমাকে মানচিত্র দেখাতে পারবেন?,barishal,cate_02,SPK_01,Male
sentence_67.wav,dataset/chunks/barishal/bar_cate_02/sentence_67.wav,কাছাকাছি কোন হোটেল আছে?,barishal,cate_02,SPK_01,Male
sentence_68.wav,dataset/chunks/barishal/bar_cate_02/sentence_68.wav,এই এলাকা কি শহরের ভেতরে?,barishal,cate_02,SPK_01,Male
sentence_69.wav,dataset/chunks/barishal/bar_cate_02/sentence_69.wav,এখানে কি ট্রাফিক বেশি?,barishal,cate_02,SPK_01,Male
sentence_70.wav,dataset/chunks/barishal/bar_cate_02/sentence_70.wav,আমাকে সঠিক দিকটি বলুন।,barishal,cate_02,SPK_01,Male
sentence_01.wav,dataset/chunks/barishal/bar_cate_03/sentence_01.wav,এই জিনিসটির দাম কত?,barishal,cate_03,SPK_07,Male
sentence_02.wav,dataset/chunks/barishal/bar_cate_03/sentence_02.wav,দাম একটু কম হবে?,barishal,cate_03,SPK_07,Male
sentence_03.wav,dataset/chunks/barishal/bar_cate_03/sentence_03.wav,এক কেজি চাল দিন।,barishal,cate_03,SPK_07,Male
sentence_04.wav,dataset/chunks/barishal/bar_cate_03/sentence_04.wav,আধা কেজি চিনি দিন।,barishal,cate_03,SPK_07,Male
sentence_05.wav,dataset/chunks/barishal/bar_cate_03/sentence_05.wav,এটা কি দেশি পণ্য?,barishal,cate_03,SPK_07,Male
sentence_06.wav,dataset/chunks/barishal/bar_cate_03/sentence_06.wav,এটা কি বিদেশি পণ্য?,barishal,cate_03,SPK_07,Male
sentence_07.wav,dataset/chunks/barishal/bar_cate_03/sentence_07.wav,একটু ভালো মানের দেখান।,barishal,cate_03,SPK_07,Male
sentence_08.wav,dataset/chunks/barishal/bar_cate_03/sentence_08.wav,এর থেকে সস্তা কিছু আছে?,barishal,cate_03,SPK_07,Male
sentence_09.wav,dataset/chunks/barishal/bar_cate_03/sentence_09.wav,এটা খুব দামী।,barishal,cate_03,SPK_07,Male
sentence_10.wav,dataset/chunks/barishal/bar_cate_03/sentence_10.wav,আমি এটা কিনতে চাই।,barishal,cate_03,SPK_07,Male
sentence_11.wav,dataset/chunks/barishal/bar_cate_03/sentence_11.wav,আপনার কাছে কি তাজা সবজি আছে?,barishal,cate_03,SPK_07,Male
sentence_12.wav,dataset/chunks/barishal/bar_cate_03/sentence_12.wav,এই ফলগুলো কি আজকের?,barishal,cate_03,SPK_07,Male
sentence_13.wav,dataset/chunks/barishal/bar_cate_03/sentence_13.wav,এক ডজন ডিম দিন।,barishal,cate_03,SPK_07,Male
sentence_14.wav,dataset/chunks/barishal/bar_cate_03/sentence_14.wav,কত টাকা হলো?,barishal,cate_03,SPK_07,Male
sentence_15.wav,dataset/chunks/barishal/bar_cate_03/sentence_15.wav,আমি নগদ পরিশোধ করবো।,barishal,cate_03,SPK_07,Male
sentence_16.wav,dataset/chunks/barishal/bar_cate_03/sentence_16.wav,মোবাইল ব্যাংকিং নেওয়া হয়?,barishal,cate_03,SPK_07,Male
sentence_17.wav,dataset/chunks/barishal/bar_cate_03/sentence_17.wav,বিকাশে টাকা দিতে পারি?,barishal,cate_03,SPK_07,Male
sentence_18.wav,dataset/chunks/barishal/bar_cate_03/sentence_18.wav,একটি ব্যাগ দেবেন?,barishal,cate_03,SPK_07,Male
sentence_19.wav,dataset/chunks/barishal/bar_cate_03/sentence_19.wav,এই কাপড়ের রং কি উঠবে?,barishal,cate_03,SPK_07,Male
sentence_20.wav,dataset/chunks/barishal/bar_cate_03/sentence_20.wav,এই শার্টের অন্য সাইজ আছে?,barishal,cate_03,SPK_07,Male
sentence_21.wav,dataset/chunks/barishal/bar_cate_03/sentence_21.wav,ছোট সাইজ দেখান।,barishal,cate_03,SPK_07,Male
sentence_22.wav,dataset/chunks/barishal/bar_cate_03/sentence_22.wav,বড় সাইজ আছে?,barishal,cate_03,SPK_07,Male
sentence_23.wav,dataset/chunks/barishal/bar_cate_03/sentence_23.wav,আমি নীল রঙেরটি চাই।,barishal,cate_03,SPK_07,Male
sentence_24.wav,dataset/chunks/barishal/bar_cate_03/sentence_24.wav,অন্য রং আছে?,barishal,cate_03,SPK_07,Male
sentence_25.wav,dataset/chunks/barishal/bar_cate_03/sentence_25.wav,এটা কি আসল পণ্য?,barishal,cate_03,SPK_07,Male
sentence_26.wav,dataset/chunks/barishal/bar_cate_03/sentence_26.wav,গ্যারান্টি আছে?,barishal,cate_03,SPK_07,Male
sentence_27.wav,dataset/chunks/barishal/bar_cate_03/sentence_27.wav,রসিদ দিন।,barishal,cate_03,SPK_07,Male
sentence_28.wav,dataset/chunks/barishal/bar_cate_03/sentence_28.wav,আমি পরে এসে নেব।,barishal,cate_03,SPK_07,Male
sentence_29.wav,dataset/chunks/barishal/bar_cate_03/sentence_29.wav,এটা কি ছাড়ে দেওয়া যাবে?,barishal,cate_03,SPK_07,Male
sentence_30.wav,dataset/chunks/barishal/bar_cate_03/sentence_30.wav,আজ কি কোনো অফার আছে?,barishal,cate_03,SPK_07,Male
sentence_31.wav,dataset/chunks/barishal/bar_cate_03/sentence_31.wav,আমি পাইকারি কিনতে চাই।,barishal,cate_03,SPK_07,Male
sentence_32.wav,dataset/chunks/barishal/bar_cate_03/sentence_32.wav,পাইকারি দাম কত?,barishal,cate_03,SPK_07,Male
sentence_33.wav,dataset/chunks/barishal/bar_cate_03/sentence_33.wav,এই পণ্যটি নতুন এসেছে?,barishal,cate_03,SPK_07,Male
sentence_34.wav,dataset/chunks/barishal/bar_cate_03/sentence_34.wav,এর মেয়াদ কতদিন?,barishal,cate_03,SPK_07,Male
sentence_35.wav,dataset/chunks/barishal/bar_cate_03/sentence_35.wav,এই ওষুধের মেয়াদ শেষ হয়েছে?,barishal,cate_03,SPK_07,Male
sentence_36.wav,dataset/chunks/barishal/bar_cate_03/sentence_36.wav,আমাকে ভালো মানের চাল দিন।,barishal,cate_03,SPK_07,Male
sentence_37.wav,dataset/chunks/barishal/bar_cate_03/sentence_37.wav,এই মাছটি কি তাজা?,barishal,cate_03,SPK_07,Male
sentence_38.wav,dataset/chunks/barishal/bar_cate_03/sentence_38.wav,এই মাংস কত কেজি?,barishal,cate_03,SPK_07,Male
sentence_39.wav,dataset/chunks/barishal/bar_cate_03/sentence_39.wav,এক কেজির কম হবে না।,barishal,cate_03,SPK_07,Male
sentence_40.wav,dataset/chunks/barishal/bar_cate_03/sentence_40.wav,একটু কম করে দিন।,barishal,cate_03,SPK_07,Male
sentence_41.wav,dataset/chunks/barishal/bar_cate_03/sentence_41.wav,আমি দরদাম করতে চাই।,barishal,cate_03,SPK_07,Male
sentence_42.wav,dataset/chunks/barishal/bar_cate_03/sentence_42.wav,চূড়ান্ত দাম কত?,barishal,cate_03,SPK_07,Male
sentence_43.wav,dataset/chunks/barishal/bar_cate_03/sentence_43.wav,এই জুতাটি কি টেকসই?,barishal,cate_03,SPK_07,Male
sentence_44.wav,dataset/chunks/barishal/bar_cate_03/sentence_44.wav,এই মোবাইলের দাম কত?,barishal,cate_03,SPK_07,Male
sentence_45.wav,dataset/chunks/barishal/bar_cate_03/sentence_45.wav,এই ফোনে কি গ্যারান্টি আছে?,barishal,cate_03,SPK_07,Male
sentence_46.wav,dataset/chunks/barishal/bar_cate_03/sentence_46.wav,চার্জারটি আলাদা কিনতে হবে?,barishal,cate_03,SPK_07,Male
sentence_47.wav,dataset/chunks/barishal/bar_cate_03/sentence_47.wav,এটি কি ক্যাশ অন ডেলিভারি?,barishal,cate_03,SPK_07,Male
sentence_48.wav,dataset/chunks/barishal/bar_cate_03/sentence_48.wav,আমি অর্ডার দিতে চাই।,barishal,cate_03,SPK_07,Male
sentence_49.wav,dataset/chunks/barishal/bar_cate_03/sentence_49.wav,পণ্যটি কখন ডেলিভারি হবে?,barishal,cate_03,SPK_07,Male
sentence_50.wav,dataset/chunks/barishal/bar_cate_03/sentence_50.wav,এই দোকান কখন বন্ধ হয়?,barishal,cate_03,SPK_07,Male
sentence_51.wav,dataset/chunks/barishal/bar_cate_03/sentence_51.wav,আমি একটা উপহার কিনতে চাই।,barishal,cate_03,SPK_07,Male
sentence_52.wav,dataset/chunks/barishal/bar_cate_03/sentence_52.wav,উপহার মোড়ানো হবে?,barishal,cate_03,SPK_07,Male
sentence_53.wav,dataset/chunks/barishal/bar_cate_03/sentence_53.wav,এটি কি ফেরত দেওয়া যাবে?,barishal,cate_03,SPK_07,Male
sentence_54.wav,dataset/chunks/barishal/bar_cate_03/sentence_54.wav,রিটার্ন পলিসি কী?,barishal,cate_03,SPK_07,Male
sentence_55.wav,dataset/chunks/barishal/bar_cate_03/sentence_55.wav,এই কাপড়টি খুব সুন্দর।,barishal,cate_03,SPK_07,Male
sentence_56.wav,dataset/chunks/barishal/bar_cate_03/sentence_56.wav,এটি কি কটন?,barishal,cate_03,SPK_07,Male
sentence_57.wav,dataset/chunks/barishal/bar_cate_03/sentence_57.wav,এই পণ্যটি কোথায় তৈরি?,barishal,cate_03,SPK_07,Male
sentence_58.wav,dataset/chunks/barishal/bar_cate_03/sentence_58.wav,এটি কি ছাড়ে বিক্রি হচ্ছে?,barishal,cate_03,SPK_07,Male
sentence_59.wav,dataset/chunks/barishal/bar_cate_03/sentence_59.wav,আমি আরও কিছু দেখতে চাই।,barishal,cate_03,SPK_07,Male
sentence_60.wav,dataset/chunks/barishal/bar_cate_03/sentence_60.wav,আপনার দোকানে কি কার্ড নেওয়া হয়?,barishal,cate_03,SPK_07,Male
sentence_61.wav,dataset/chunks/barishal/bar_cate_03/sentence_61.wav,মোট বিল কত হলো?,barishal,cate_03,SPK_07,Male
sentence_62.wav,dataset/chunks/barishal/bar_cate_03/sentence_62.wav,আমি টাকা ভাঙাতে চাই।,barishal,cate_03,SPK_07,Male
sentence_63.wav,dataset/chunks/barishal/bar_cate_03/sentence_63.wav,ছোট নোট আছে?,barishal,cate_03,SPK_07,Male
sentence_64.wav,dataset/chunks/barishal/bar_cate_03/sentence_64.wav,এই ফলগুলো ওজন করে দিন।,barishal,cate_03,SPK_07,Male
sentence_65.wav,dataset/chunks/barishal/bar_cate_03/sentence_65.wav,এক কেজির একটু কম দিন।,barishal,cate_03,SPK_07,Male
sentence_66.wav,dataset/chunks/barishal/bar_cate_03/sentence_66.wav,আজকে বাজারে ভিড় বেশি।,barishal,cate_03,SPK_07,Male
sentence_67.wav,dataset/chunks/barishal/bar_cate_03/sentence_67.wav,দাম কেন এত বেশি?,barishal,cate_03,SPK_07,Male
sentence_68.wav,dataset/chunks/barishal/bar_cate_03/sentence_68.wav,কাল কি দাম কম হবে?,barishal,cate_03,SPK_07,Male
sentence_69.wav,dataset/chunks/barishal/bar_cate_03/sentence_69.wav,আমি নিয়মিত ক্রেতা।,barishal,cate_03,SPK_07,Male
sentence_70.wav,dataset/chunks/barishal/bar_cate_03/sentence_70.wav,আবার আসবো।,barishal,cate_03,SPK_07,Male
sentence_01.wav,dataset/chunks/barishal/bar_cate_04/sentence_01.wav,আমি একটি টেবিল বুক করতে চাই।,barishal,cate_04,SPK_26,Female
sentence_02.wav,dataset/chunks/barishal/bar_cate_04/sentence_02.wav,দুই জনের জন্য একটি টেবিল দিন।,barishal,cate_04,SPK_26,Female
sentence_03.wav,dataset/chunks/barishal/bar_cate_04/sentence_03.wav,মেনু কার্ডটি দিন।,barishal,cate_04,SPK_26,Female
sentence_04.wav,dataset/chunks/barishal/bar_cate_04/sentence_04.wav,আজকের বিশেষ খাবার কী?,barishal,cate_04,SPK_26,Female
sentence_05.wav,dataset/chunks/barishal/bar_cate_04/sentence_05.wav,আমি ভাত ও মুরগির মাংস চাই।,barishal,cate_04,SPK_26,Female
sentence_06.wav,dataset/chunks/barishal/bar_cate_04/sentence_06.wav,এই খাবারটি ঝাল কি?,barishal,cate_04,SPK_26,Female
sentence_07.wav,dataset/chunks/barishal/bar_cate_04/sentence_07.wav,কম ঝাল করে দিন।,barishal,cate_04,SPK_26,Female
sentence_08.wav,dataset/chunks/barishal/bar_cate_04/sentence_08.wav,আমি নিরামিষ খাবার চাই।,barishal,cate_04,SPK_26,Female
sentence_09.wav,dataset/chunks/barishal/bar_cate_04/sentence_09.wav,এখানে কি হালাল খাবার পাওয়া যায়?,barishal,cate_04,SPK_26,Female
sentence_10.wav,dataset/chunks/barishal/bar_cate_04/sentence_10.wav,পানি দিন।,barishal,cate_04,SPK_26,Female
sentence_11.wav,dataset/chunks/barishal/bar_cate_04/sentence_11.wav,ঠান্ডা পানি আছে?,barishal,cate_04,SPK_26,Female
sentence_12.wav,dataset/chunks/barishal/bar_cate_04/sentence_12.wav,একটি কোমল পানীয় দিন।,barishal,cate_04,SPK_26,Female
sentence_13.wav,dataset/chunks/barishal/bar_cate_04/sentence_13.wav,এই খাবারটি খুব সুস্বাদু।,barishal,cate_04,SPK_26,Female
sentence_14.wav,dataset/chunks/barishal/bar_cate_04/sentence_14.wav,খাবারটি খুব লবণাক্ত।,barishal,cate_04,SPK_26,Female
sentence_15.wav,dataset/chunks/barishal/bar_cate_04/sentence_15.wav,বিল দিন।,barishal,cate_04,SPK_26,Female
sentence_16.wav,dataset/chunks/barishal/bar_cate_04/sentence_16.wav,আমি নগদে পরিশোধ করবো।,barishal,cate_04,SPK_26,Female
sentence_17.wav,dataset/chunks/barishal/bar_cate_04/sentence_17.wav,কার্ডে পরিশোধ করা যাবে?,barishal,cate_04,SPK_26,Female
sentence_18.wav,dataset/chunks/barishal/bar_cate_04/sentence_18.wav,খাবারটি কতক্ষণে আসবে?,barishal,cate_04,SPK_26,Female
sentence_19.wav,dataset/chunks/barishal/bar_cate_04/sentence_19.wav,আরেকটি প্লেট দিন।,barishal,cate_04,SPK_26,Female
sentence_20.wav,dataset/chunks/barishal/bar_cate_04/sentence_20.wav,চামচ ও কাঁটা দিন।,barishal,cate_04,SPK_26,Female
sentence_21.wav,dataset/chunks/barishal/bar_cate_04/sentence_21.wav,এখানে কি ওয়াইফাই আছে?,barishal,cate_04,SPK_26,Female
sentence_22.wav,dataset/chunks/barishal/bar_cate_04/sentence_22.wav,ওয়াইফাই পাসওয়ার্ড কী?,barishal,cate_04,SPK_26,Female
sentence_23.wav,dataset/chunks/barishal/bar_cate_04/sentence_23.wav,খাবারটি প্যাকেট করে দিন।,barishal,cate_04,SPK_26,Female
sentence_24.wav,dataset/chunks/barishal/bar_cate_04/sentence_24.wav,আমি বাসায় নিয়ে যাব।,barishal,cate_04,SPK_26,Female
sentence_25.wav,dataset/chunks/barishal/bar_cate_04/sentence_25.wav,একটি কফি দিন।,barishal,cate_04,SPK_26,Female
sentence_26.wav,dataset/chunks/barishal/bar_cate_04/sentence_26.wav,চা আছে?,barishal,cate_04,SPK_26,Female
sentence_27.wav,dataset/chunks/barishal/bar_cate_04/sentence_27.wav,দুধ চা দিন।,barishal,cate_04,SPK_26,Female
sentence_28.wav,dataset/chunks/barishal/bar_cate_04/sentence_28.wav,চিনি ছাড়া চা দিন।,barishal,cate_04,SPK_26,Female
sentence_29.wav,dataset/chunks/barishal/bar_cate_04/sentence_29.wav,এখানে কি ব্রেকফাস্ট পাওয়া যায়?,barishal,cate_04,SPK_26,Female
sentence_30.wav,dataset/chunks/barishal/bar_cate_04/sentence_30.wav,দুপুরের খাবার কখন শুরু হয়?,barishal,cate_04,SPK_26,Female
sentence_31.wav,dataset/chunks/barishal/bar_cate_04/sentence_31.wav,রাতের খাবার কখন পরিবেশন করা হয়?,barishal,cate_04,SPK_26,Female
sentence_32.wav,dataset/chunks/barishal/bar_cate_04/sentence_32.wav,আমি মাছের তরকারি চাই।,barishal,cate_04,SPK_26,Female
sentence_33.wav,dataset/chunks/barishal/bar_cate_04/sentence_33.wav,গরুর মাংস আছে?,barishal,cate_04,SPK_26,Female
sentence_34.wav,dataset/chunks/barishal/bar_cate_04/sentence_34.wav,এই স্যুপটি গরম কি?,barishal,cate_04,SPK_26,Female
sentence_35.wav,dataset/chunks/barishal/bar_cate_04/sentence_35.wav,একটু লেবু দিন।,barishal,cate_04,SPK_26,Female
sentence_36.wav,dataset/chunks/barishal/bar_cate_04/sentence_36.wav,এই রেস্টুরেন্ট খুব পরিষ্কার।,barishal,cate_04,SPK_26,Female
sentence_37.wav,dataset/chunks/barishal/bar_cate_04/sentence_37.wav,পরিবেশটি খুব সুন্দর।,barishal,cate_04,SPK_26,Female
sentence_38.wav,dataset/chunks/barishal/bar_cate_04/sentence_38.wav,খাবার পরিবেশন দ্রুত হয়েছে।,barishal,cate_04,SPK_26,Female
sentence_39.wav,dataset/chunks/barishal/bar_cate_04/sentence_39.wav,খাবার পরিবেশন দেরিতে হয়েছে।,barishal,cate_04,SPK_26,Female
sentence_40.wav,dataset/chunks/barishal/bar_cate_04/sentence_40.wav,আর কিছু লাগবে?,barishal,cate_04,SPK_26,Female
sentence_41.wav,dataset/chunks/barishal/bar_cate_04/sentence_41.wav,আমি আরও ভাত চাই।,barishal,cate_04,SPK_26,Female
sentence_42.wav,dataset/chunks/barishal/bar_cate_04/sentence_42.wav,একটু ঝোল দিন।,barishal,cate_04,SPK_26,Female
sentence_43.wav,dataset/chunks/barishal/bar_cate_04/sentence_43.wav,এটি কি তাজা রান্না?,barishal,cate_04,SPK_26,Female
sentence_44.wav,dataset/chunks/barishal/bar_cate_04/sentence_44.wav,এখানে কি পরিবার নিয়ে বসা যায়?,barishal,cate_04,SPK_26,Female
sentence_45.wav,dataset/chunks/barishal/bar_cate_04/sentence_45.wav,শিশুদের জন্য আলাদা চেয়ার আছে?,barishal,cate_04,SPK_26,Female
sentence_46.wav,dataset/chunks/barishal/bar_cate_04/sentence_46.wav,খাবারটি খুব গরম।,barishal,cate_04,SPK_26,Female
sentence_47.wav,dataset/chunks/barishal/bar_cate_04/sentence_47.wav,এটি খুব ঠান্ডা।,barishal,cate_04,SPK_26,Female
sentence_48.wav,dataset/chunks/barishal/bar_cate_04/sentence_48.wav,এখানে কি অনলাইনে অর্ডার করা যায়?,barishal,cate_04,SPK_26,Female
sentence_49.wav,dataset/chunks/barishal/bar_cate_04/sentence_49.wav,ডেলিভারি কত সময় লাগে?,barishal,cate_04,SPK_26,Female
sentence_50.wav,dataset/chunks/barishal/bar_cate_04/sentence_50.wav,এই খাবারটির দাম কত?,barishal,cate_04,SPK_26,Female
sentence_51.wav,dataset/chunks/barishal/bar_cate_04/sentence_51.wav,আমি অল্প পরিমাণ চাই।,barishal,cate_04,SPK_26,Female
sentence_52.wav,dataset/chunks/barishal/bar_cate_04/sentence_52.wav,বড় পরিমাণ দিন।,barishal,cate_04,SPK_26,Female
sentence_53.wav,dataset/chunks/barishal/bar_cate_04/sentence_53.wav,এই খাবারটি খুব মিষ্টি।,barishal,cate_04,SPK_26,Female
sentence_54.wav,dataset/chunks/barishal/bar_cate_04/sentence_54.wav,এটি কি ঝাল কম করা যাবে?,barishal,cate_04,SPK_26,Female
sentence_55.wav,dataset/chunks/barishal/bar_cate_04/sentence_55.wav,আরেক গ্লাস পানি দিন।,barishal,cate_04,SPK_26,Female
sentence_56.wav,dataset/chunks/barishal/bar_cate_04/sentence_56.wav,আমি ধন্যবাদ জানাই।,barishal,cate_04,SPK_26,Female
sentence_57.wav,dataset/chunks/barishal/bar_cate_04/sentence_57.wav,পরিষেবা খুব ভালো ছিল।,barishal,cate_04,SPK_26,Female
sentence_58.wav,dataset/chunks/barishal/bar_cate_04/sentence_58.wav,পরিষেবা উন্নত করা দরকার।,barishal,cate_04,SPK_26,Female
sentence_59.wav,dataset/chunks/barishal/bar_cate_04/sentence_59.wav,আমি এই রেস্টুরেন্টটি পছন্দ করি।,barishal,cate_04,SPK_26,Female
sentence_60.wav,dataset/chunks/barishal/bar_cate_04/sentence_60.wav,এটি কি এয়ার কন্ডিশনড?,barishal,cate_04,SPK_26,Female
sentence_61.wav,dataset/chunks/barishal/bar_cate_04/sentence_61.wav,বাইরে বসার ব্যবস্থা আছে?,barishal,cate_04,SPK_26,Female
sentence_62.wav,dataset/chunks/barishal/bar_cate_04/sentence_62.wav,খাবারে অ্যালার্জির উপাদান আছে?,barishal,cate_04,SPK_26,Female
sentence_63.wav,dataset/chunks/barishal/bar_cate_04/sentence_63.wav,আমি বাদাম খেতে পারি না।,barishal,cate_04,SPK_26,Female
sentence_64.wav,dataset/chunks/barishal/bar_cate_04/sentence_64.wav,এটি কি গ্লুটেন মুক্ত?,barishal,cate_04,SPK_26,Female
sentence_65.wav,dataset/chunks/barishal/bar_cate_04/sentence_65.wav,আমাকে একটি ন্যাপকিন দিন।,barishal,cate_04,SPK_26,Female
sentence_66.wav,dataset/chunks/barishal/bar_cate_04/sentence_66.wav,খাবার খুব ভালো লেগেছে।,barishal,cate_04,SPK_26,Female
sentence_67.wav,dataset/chunks/barishal/bar_cate_04/sentence_67.wav,আবার আসবো।,barishal,cate_04,SPK_26,Female
sentence_68.wav,dataset/chunks/barishal/bar_cate_04/sentence_68.wav,এখানে কি বুফে আছে?,barishal,cate_04,SPK_26,Female
sentence_69.wav,dataset/chunks/barishal/bar_cate_04/sentence_69.wav,বুফের দাম কত?,barishal,cate_04,SPK_26,Female
sentence_70.wav,dataset/chunks/barishal/bar_cate_04/sentence_70.wav,"ধন্যবাদ, বিদায়।",barishal,cate_04,SPK_26,Female
sentence_01.wav,dataset/chunks/barishal/bar_cate_05/sentence_01.wav,আমি বাংলাদেশের কিছু দর্শনীয় স্থান দেখতে চাই।,barishal,cate_05,SPK_26,Female
sentence_02.wav,dataset/chunks/barishal/bar_cate_05/sentence_02.wav,এই জায়গাটি কখন খোলা থাকে?,barishal,cate_05,SPK_26,Female
sentence_03.wav,dataset/chunks/barishal/bar_cate_05/sentence_03.wav,টিকিটের দাম কত?,barishal,cate_05,SPK_26,Female
sentence_04.wav,dataset/chunks/barishal/bar_cate_05/sentence_04.wav,আমাকে একটি গাইড দরকার।,barishal,cate_05,SPK_26,Female
sentence_05.wav,dataset/chunks/barishal/bar_cate_05/sentence_05.wav,আমরা গ্রুপে ঘুরতে এসেছি।,barishal,cate_05,SPK_26,Female
sentence_06.wav,dataset/chunks/barishal/bar_cate_05/sentence_06.wav,ছবি তোলা যাবে কি?,barishal,cate_05,SPK_26,Female
sentence_07.wav,dataset/chunks/barishal/bar_cate_05/sentence_07.wav,এই দর্শনীয় স্থানটি খুব সুন্দর।,barishal,cate_05,SPK_26,Female
sentence_08.wav,dataset/chunks/barishal/bar_cate_05/sentence_08.wav,আমাকে মানচিত্র দেখান।,barishal,cate_05,SPK_26,Female
sentence_09.wav,dataset/chunks/barishal/bar_cate_05/sentence_09.wav,আমি সকাল ১০টায় পৌঁছেছি।,barishal,cate_05,SPK_26,Female
sentence_10.wav,dataset/chunks/barishal/bar_cate_05/sentence_10.wav,পর্যটকরা এখানে খুব বেশি।,barishal,cate_05,SPK_26,Female
sentence_11.wav,dataset/chunks/barishal/bar_cate_05/sentence_11.wav,আমাকে হোটেলের ঠিকানা দিন।,barishal,cate_05,SPK_26,Female
sentence_12.wav,dataset/chunks/barishal/bar_cate_05/sentence_12.wav,এই জায়গায় কি খাবার পাওয়া যায়?,barishal,cate_05,SPK_26,Female
sentence_13.wav,dataset/chunks/barishal/bar_cate_05/sentence_13.wav,আমরা তিন ঘণ্টা থাকবো।,barishal,cate_05,SPK_26,Female
sentence_14.wav,dataset/chunks/barishal/bar_cate_05/sentence_14.wav,জলের পাশে ছবি তুলুন।,barishal,cate_05,SPK_26,Female
sentence_15.wav,dataset/chunks/barishal/bar_cate_05/sentence_15.wav,সুন্দর দিকটি দেখুন।,barishal,cate_05,SPK_26,Female
sentence_16.wav,dataset/chunks/barishal/bar_cate_05/sentence_16.wav,আমাদের গাইড কি বাংলায় কথা বলতে পারে?,barishal,cate_05,SPK_26,Female
sentence_17.wav,dataset/chunks/barishal/bar_cate_05/sentence_17.wav,পার্কিং এর জায়গা কোথায়?,barishal,cate_05,SPK_26,Female
sentence_18.wav,dataset/chunks/barishal/bar_cate_05/sentence_18.wav,এখানে কি নৌকা ভাড়া পাওয়া যায়?,barishal,cate_05,SPK_26,Female
sentence_19.wav,dataset/chunks/barishal/bar_cate_05/sentence_19.wav,আমি নদীর উপর ভ্রমণ করতে চাই।,barishal,cate_05,SPK_26,Female
sentence_20.wav,dataset/chunks/barishal/bar_cate_05/sentence_20.wav,আমাদের আরও তথ্য দরকার।,barishal,cate_05,SPK_26,Female
sentence_21.wav,dataset/chunks/barishal/bar_cate_05/sentence_21.wav,এই জায়গাটি ইতিহাসে গুরুত্বপূর্ণ।,barishal,cate_05,SPK_26,Female
sentence_22.wav,dataset/chunks/barishal/bar_cate_05/sentence_22.wav,আপনি কি গাইড সার্ভিস করেন?,barishal,cate_05,SPK_26,Female
sentence_23.wav,dataset/chunks/barishal/bar_cate_05/sentence_23.wav,আমি সকালবেলা আবার আসব।,barishal,cate_05,SPK_26,Female
sentence_24.wav,dataset/chunks/barishal/bar_cate_05/sentence_24.wav,আমাকে দুইজনের জন্য টিকিট দিন।,barishal,cate_05,SPK_26,Female
sentence_25.wav,dataset/chunks/barishal/bar_cate_05/sentence_25.wav,এখানে কি কোনো ছাড় আছে?,barishal,cate_05,SPK_26,Female
sentence_26.wav,dataset/chunks/barishal/bar_cate_05/sentence_26.wav,আমাদের ছবি তুলতে সাহায্য করুন।,barishal,cate_05,SPK_26,Female
sentence_27.wav,dataset/chunks/barishal/bar_cate_05/sentence_27.wav,এই দিক দিয়ে হাঁটুন।,barishal,cate_05,SPK_26,Female
sentence_28.wav,dataset/chunks/barishal/bar_cate_05/sentence_28.wav,দর্শকরা এখানে অনেক ছবি তুলছে।,barishal,cate_05,SPK_26,Female
sentence_29.wav,dataset/chunks/barishal/bar_cate_05/sentence_29.wav,আমি মিউজিয়াম ঘুরতে চাই।,barishal,cate_05,SPK_26,Female
sentence_30.wav,dataset/chunks/barishal/bar_cate_05/sentence_30.wav,রেস্টুরেন্টটি খুব কাছে।,barishal,cate_05,SPK_26,Female
sentence_31.wav,dataset/chunks/barishal/bar_cate_05/sentence_31.wav,আমরা পিকনিক করতে এসেছি।,barishal,cate_05,SPK_26,Female
sentence_32.wav,dataset/chunks/barishal/bar_cate_05/sentence_32.wav,এই জায়গার ইতিহাস জানতে চাই।,barishal,cate_05,SPK_26,Female
sentence_33.wav,dataset/chunks/barishal/bar_cate_05/sentence_33.wav,বিকেলের দিকে ছবি তুলুন।,barishal,cate_05,SPK_26,Female
sentence_34.wav,dataset/chunks/barishal/bar_cate_05/sentence_34.wav,আমার বন্ধু মানচিত্র পড়তে পারছে না।,barishal,cate_05,SPK_26,Female
sentence_35.wav,dataset/chunks/barishal/bar_cate_05/sentence_35.wav,এখানে কি গাইড পাওয়া যাবে?,barishal,cate_05,SPK_26,Female
sentence_36.wav,dataset/chunks/barishal/bar_cate_05/sentence_36.wav,আমরা পাহাড় দেখতে চাই।,barishal,cate_05,SPK_26,Female
sentence_37.wav,dataset/chunks/barishal/bar_cate_05/sentence_37.wav,সৈকত খুব সুন্দর।,barishal,cate_05,SPK_26,Female
sentence_38.wav,dataset/chunks/barishal/bar_cate_05/sentence_38.wav,জলস্রোতের ছবি তোলা উচিত।,barishal,cate_05,SPK_26,Female
sentence_39.wav,dataset/chunks/barishal/bar_cate_05/sentence_39.wav,গাইড কি আমাদের পথে নিয়ে যাবে?,barishal,cate_05,SPK_26,Female
sentence_40.wav,dataset/chunks/barishal/bar_cate_05/sentence_40.wav,আমরা সকাল ৮টায় বের হব।,barishal,cate_05,SPK_26,Female
sentence_41.wav,dataset/chunks/barishal/bar_cate_05/sentence_41.wav,এখানে কি টিকেট ছাড়া প্রবেশ সম্ভব?,barishal,cate_05,SPK_26,Female
sentence_42.wav,dataset/chunks/barishal/bar_cate_05/sentence_42.wav,ভ্রমণকারীরা খুব আনন্দ করছে।,barishal,cate_05,SPK_26,Female
sentence_43.wav,dataset/chunks/barishal/bar_cate_05/sentence_43.wav,আমি এখানে শপিং করতে চাই।,barishal,cate_05,SPK_26,Female
sentence_44.wav,dataset/chunks/barishal/bar_cate_05/sentence_44.wav,এই দিকটি খুব রোমাঞ্চকর।,barishal,cate_05,SPK_26,Female
sentence_45.wav,dataset/chunks/barishal/bar_cate_05/sentence_45.wav,আমাদের গাইড রাতের দিকে ফেরার সময় বলে।,barishal,cate_05,SPK_26,Female
sentence_46.wav,dataset/chunks/barishal/bar_cate_05/sentence_46.wav,ছবি তোলার জন্য আলো ঠিক আছে।,barishal,cate_05,SPK_26,Female
sentence_47.wav,dataset/chunks/barishal/bar_cate_05/sentence_47.wav,আমাদের গাইড নদের উপর নৌকা ভাড়া দেখিয়েছে।,barishal,cate_05,SPK_26,Female
sentence_48.wav,dataset/chunks/barishal/bar_cate_05/sentence_48.wav,এখানে কি কোনো মিউজিয়াম আছে?,barishal,cate_05,SPK_26,Female
sentence_49.wav,dataset/chunks/barishal/bar_cate_05/sentence_49.wav,আমরা পাহাড়ে ট্রেক করতে চাই।,barishal,cate_05,SPK_26,Female
sentence_50.wav,dataset/chunks/barishal/bar_cate_05/sentence_50.wav,এই স্থানের ইতিহাস অনেক পুরনো।,barishal,cate_05,SPK_26,Female
sentence_51.wav,dataset/chunks/barishal/bar_cate_05/sentence_51.wav,আমাদের ছবি তুলতে সময় লাগছে।,barishal,cate_05,SPK_26,Female
sentence_52.wav,dataset/chunks/barishal/bar_cate_05/sentence_52.wav,আমি সুভর্ণভূমি দেখতে চাই।,barishal,cate_05,SPK_26,Female
sentence_53.wav,dataset/chunks/barishal/bar_cate_05/sentence_53.wav,ট্রিপটি খুব মজার।,barishal,cate_05,SPK_26,Female
sentence_54.wav,dataset/chunks/barishal/bar_cate_05/sentence_54.wav,আমাদের হোটেল থেকে খুব দূরে নয়।,barishal,cate_05,SPK_26,Female
sentence_55.wav,dataset/chunks/barishal/bar_cate_05/sentence_55.wav,আমরা সকালে যাওয়ার পরিকল্পনা করেছি।,barishal,cate_05,SPK_26,Female
sentence_56.wav,dataset/chunks/barishal/bar_cate_05/sentence_56.wav,দিক নির্দেশনা অনুসরণ করুন।,barishal,cate_05,SPK_26,Female
sentence_57.wav,dataset/chunks/barishal/bar_cate_05/sentence_57.wav,দর্শনার্থীরা গাইডের কথা শুনছে।,barishal,cate_05,SPK_26,Female
sentence_58.wav,dataset/chunks/barishal/bar_cate_05/sentence_58.wav,আমি পোর্ট্রেট ছবি তুলতে চাই।,barishal,cate_05,SPK_26,Female
sentence_59.wav,dataset/chunks/barishal/bar_cate_05/sentence_59.wav,এখানে পর্যটন তথ্য কেন্দ্র আছে।,barishal,cate_05,SPK_26,Female
sentence_60.wav,dataset/chunks/barishal/bar_cate_05/sentence_60.wav,আমরা গ্রুপ ছবি তুলব।,barishal,cate_05,SPK_26,Female
sentence_61.wav,dataset/chunks/barishal/bar_cate_05/sentence_61.wav,আমাদের আরও কিছু সময় দরকার।,barishal,cate_05,SPK_26,Female
sentence_62.wav,dataset/chunks/barishal/bar_cate_05/sentence_62.wav,নদীর পাশে হাঁটতে চাই।,barishal,cate_05,SPK_26,Female
sentence_63.wav,dataset/chunks/barishal/bar_cate_05/sentence_63.wav,গাইড আমাদের নৌকায় নিয়ে যাবে।,barishal,cate_05,SPK_26,Female
sentence_64.wav,dataset/chunks/barishal/bar_cate_05/sentence_64.wav,এখানে ঝর্ণার ছবি তোলা যেতে পারে।,barishal,cate_05,SPK_26,Female
sentence_65.wav,dataset/chunks/barishal/bar_cate_05/sentence_65.wav,আমরা সব দর্শনীয় স্থান ঘুরে দেখব।,barishal,cate_05,SPK_26,Female
sentence_66.wav,dataset/chunks/barishal/bar_cate_05/sentence_66.wav,এই জায়গাটি খুব শান্ত।,barishal,cate_05,SPK_26,Female
sentence_67.wav,dataset/chunks/barishal/bar_cate_05/sentence_67.wav,আমি রাতের ভ্রমণ পছন্দ করি।,barishal,cate_05,SPK_26,Female
sentence_68.wav,dataset/chunks/barishal/bar_cate_05/sentence_68.wav,আমাদের হোটেল থেকে বাসস্ট্যান্ড দূরে নয়।,barishal,cate_05,SPK_26,Female
sentence_69.wav,dataset/chunks/barishal/bar_cate_05/sentence_69.wav,আমরা সকালের দিকে ছবি তুলব।,barishal,cate_05,SPK_26,Female
sentence_70.wav,dataset/chunks/barishal/bar_cate_05/sentence_70.wav,এই জায়গা সত্যিই স্মরণীয়।,barishal,cate_05,SPK_26,Female
sentence_01.wav,dataset/chunks/barishal/bar_cate_06/sentence_01.wav,আমার মাথা ব্যথা করছে।,barishal,cate_06,SPK_26,Female
sentence_02.wav,dataset/chunks/barishal/bar_cate_06/sentence_02.wav,কাছাকাছি হাসপাতাল কোথায়?,barishal,cate_06,SPK_26,Female
sentence_03.wav,dataset/chunks/barishal/bar_cate_06/sentence_03.wav,ডাক্তারের জন্য কীভাবে অ্যাপয়েন্টমেন্ট নেব?,barishal,cate_06,SPK_26,Female
sentence_04.wav,dataset/chunks/barishal/bar_cate_06/sentence_04.wav,আমাকে একটি ওষুধের দোকান দেখান।,barishal,cate_06,SPK_26,Female
sentence_05.wav,dataset/chunks/barishal/bar_cate_06/sentence_05.wav,আমি জ্বর অনুভব করছি।,barishal,cate_06,SPK_26,Female
sentence_06.wav,dataset/chunks/barishal/bar_cate_06/sentence_06.wav,আমি দুর্ঘটনার শিকার হয়েছি।,barishal,cate_06,SPK_26,Female
sentence_07.wav,dataset/chunks/barishal/bar_cate_06/sentence_07.wav,হাসপাতালে কত সময় লাগবে পৌঁছাতে?,barishal,cate_06,SPK_26,Female
sentence_08.wav,dataset/chunks/barishal/bar_cate_06/sentence_08.wav,আমার পায়ে চোট লেগেছে।,barishal,cate_06,SPK_26,Female
sentence_09.wav,dataset/chunks/barishal/bar_cate_06/sentence_09.wav,আমাকে হাসপাতালে নিয়ে যান।,barishal,cate_06,SPK_26,Female
sentence_10.wav,dataset/chunks/barishal/bar_cate_06/sentence_10.wav,আমি শ্বাসকষ্ট অনুভব করছি।,barishal,cate_06,SPK_26,Female
sentence_11.wav,dataset/chunks/barishal/bar_cate_06/sentence_11.wav,আমাকে দ্রুত সাহায্য করুন।,barishal,cate_06,SPK_26,Female
sentence_12.wav,dataset/chunks/barishal/bar_cate_06/sentence_12.wav,ডাক্তার কখন উপস্থিত থাকবেন?,barishal,cate_06,SPK_26,Female
sentence_13.wav,dataset/chunks/barishal/bar_cate_06/sentence_13.wav,আমার শিশু অসুস্থ।,barishal,cate_06,SPK_26,Female
sentence_14.wav,dataset/chunks/barishal/bar_cate_06/sentence_14.wav,আমার পেটে ব্যথা করছে।,barishal,cate_06,SPK_26,Female
sentence_15.wav,dataset/chunks/barishal/bar_cate_06/sentence_15.wav,ওষুধের নাম কী?,barishal,cate_06,SPK_26,Female
sentence_16.wav,dataset/chunks/barishal/bar_cate_06/sentence_16.wav,আমি ধমনীতে ব্যথা অনুভব করছি।,barishal,cate_06,SPK_26,Female
sentence_17.wav,dataset/chunks/barishal/bar_cate_06/sentence_17.wav,এটি কি জরুরি অবস্থা?,barishal,cate_06,SPK_26,Female
sentence_18.wav,dataset/chunks/barishal/bar_cate_06/sentence_18.wav,আমি অলস লাগছে।,barishal,cate_06,SPK_26,Female
sentence_19.wav,dataset/chunks/barishal/bar_cate_06/sentence_19.wav,আমার চোখে সমস্যা হচ্ছে।,barishal,cate_06,SPK_26,Female
sentence_20.wav,dataset/chunks/barishal/bar_cate_06/sentence_20.wav,ডাক্তার কি বাংলা বলতে পারেন?,barishal,cate_06,SPK_26,Female
sentence_21.wav,dataset/chunks/barishal/bar_cate_06/sentence_21.wav,আমি অ্যালার্জি আক্রান্ত।,barishal,cate_06,SPK_26,Female
sentence_22.wav,dataset/chunks/barishal/bar_cate_06/sentence_22.wav,আমার সর্দি কাশি আছে।,barishal,cate_06,SPK_26,Female
sentence_23.wav,dataset/chunks/barishal/bar_cate_06/sentence_23.wav,হাসপাতালে কি ভিড় বেশি?,barishal,cate_06,SPK_26,Female
sentence_24.wav,dataset/chunks/barishal/bar_cate_06/sentence_24.wav,আমাকে একটি ব্যান্ডেজ দিন।,barishal,cate_06,SPK_26,Female
sentence_25.wav,dataset/chunks/barishal/bar_cate_06/sentence_25.wav,আমার দাঁতে ব্যথা করছে।,barishal,cate_06,SPK_26,Female
sentence_26.wav,dataset/chunks/barishal/bar_cate_06/sentence_26.wav,এখানে কি জরুরি ওষুধ পাওয়া যায়?,barishal,cate_06,SPK_26,Female
sentence_27.wav,dataset/chunks/barishal/bar_cate_06/sentence_27.wav,"আমি অসুস্থ, আমার বিশ্রাম প্রয়োজন।",barishal,cate_06,SPK_26,Female
sentence_28.wav,dataset/chunks/barishal/bar_cate_06/sentence_28.wav,আপনার ওষুধের পরিমাণ কত?,barishal,cate_06,SPK_26,Female
sentence_29.wav,dataset/chunks/barishal/bar_cate_06/sentence_29.wav,আমার পায়ে জ্বালা অনুভব হচ্ছে।,barishal,cate_06,SPK_26,Female
sentence_30.wav,dataset/chunks/barishal/bar_cate_06/sentence_30.wav,হাসপাতালে কি ডাক্তার সারাদিন থাকে?,barishal,cate_06,SPK_26,Female
sentence_31.wav,dataset/chunks/barishal/bar_cate_06/sentence_31.wav,আমাকে দ্রুত ট্যাক্সি দিন।,barishal,cate_06,SPK_26,Female
sentence_32.wav,dataset/chunks/barishal/bar_cate_06/sentence_32.wav,আমি গলা ব্যথা অনুভব করছি।,barishal,cate_06,SPK_26,Female
sentence_33.wav,dataset/chunks/barishal/bar_cate_06/sentence_33.wav,আমার হাতে কাটা গেছে।,barishal,cate_06,SPK_26,Female
sentence_34.wav,dataset/chunks/barishal/bar_cate_06/sentence_34.wav,এখানে কি স্বাস্থ্য পরীক্ষা করা যায়?,barishal,cate_06,SPK_26,Female
sentence_35.wav,dataset/chunks/barishal/bar_cate_06/sentence_35.wav,আমার পেট খারাপ লাগছে।,barishal,cate_06,SPK_26,Female
sentence_36.wav,dataset/chunks/barishal/bar_cate_06/sentence_36.wav,আমার চুল পড়ছে।,barishal,cate_06,SPK_26,Female
sentence_37.wav,dataset/chunks/barishal/bar_cate_06/sentence_37.wav,কি ওষুধ খাবো?,barishal,cate_06,SPK_26,Female
sentence_38.wav,dataset/chunks/barishal/bar_cate_06/sentence_38.wav,আমার শ্বাসনালি ব্যথা করছে।,barishal,cate_06,SPK_26,Female
sentence_39.wav,dataset/chunks/barishal/bar_cate_06/sentence_39.wav,আমার ডায়াবেটিস আছে।,barishal,cate_06,SPK_26,Female
sentence_40.wav,dataset/chunks/barishal/bar_cate_06/sentence_40.wav,আমাকে ইনজেকশন দেওয়া দরকার।,barishal,cate_06,SPK_26,Female
sentence_41.wav,dataset/chunks/barishal/bar_cate_06/sentence_41.wav,আমাকে ব্যথা উপশমের জন্য কিছু দিন।,barishal,cate_06,SPK_26,Female
sentence_42.wav,dataset/chunks/barishal/bar_cate_06/sentence_42.wav,আমি দুর্বল লাগছি।,barishal,cate_06,SPK_26,Female
sentence_43.wav,dataset/chunks/barishal/bar_cate_06/sentence_43.wav,আমার নাক দিয়ে রক্ত পড়ছে।,barishal,cate_06,SPK_26,Female
sentence_44.wav,dataset/chunks/barishal/bar_cate_06/sentence_44.wav,ডাক্তার কি এখন ফ্রি আছেন?,barishal,cate_06,SPK_26,Female
sentence_45.wav,dataset/chunks/barishal/bar_cate_06/sentence_45.wav,আমার বুক ব্যথা করছে।,barishal,cate_06,SPK_26,Female
sentence_46.wav,dataset/chunks/barishal/bar_cate_06/sentence_46.wav,আমার চোখ লাল হয়ে গেছে।,barishal,cate_06,SPK_26,Female
sentence_47.wav,dataset/chunks/barishal/bar_cate_06/sentence_47.wav,কি টেস্ট করাতে হবে?,barishal,cate_06,SPK_26,Female
sentence_48.wav,dataset/chunks/barishal/bar_cate_06/sentence_48.wav,আমি বুকধড় ধড় করছি।,barishal,cate_06,SPK_26,Female
sentence_49.wav,dataset/chunks/barishal/bar_cate_06/sentence_49.wav,হাসপাতালে কি অ্যাম্বুল্যান্স আছে?,barishal,cate_06,SPK_26,Female
sentence_50.wav,dataset/chunks/barishal/bar_cate_06/sentence_50.wav,আমার চামড়ায় চুলকানি হচ্ছে।,barishal,cate_06,SPK_26,Female
sentence_51.wav,dataset/chunks/barishal/bar_cate_06/sentence_51.wav,ওষুধটি কখন খাবো?,barishal,cate_06,SPK_26,Female
sentence_52.wav,dataset/chunks/barishal/bar_cate_06/sentence_52.wav,আমার কানে ব্যথা করছে।,barishal,cate_06,SPK_26,Female
sentence_53.wav,dataset/chunks/barishal/bar_cate_06/sentence_53.wav,আমাকে রক্ত পরীক্ষা করাতে হবে।,barishal,cate_06,SPK_26,Female
sentence_54.wav,dataset/chunks/barishal/bar_cate_06/sentence_54.wav,আমি গরমে অসুস্থ।,barishal,cate_06,SPK_26,Female
sentence_55.wav,dataset/chunks/barishal/bar_cate_06/sentence_55.wav,আমার দাঁতের ইনফেকশন হয়েছে।,barishal,cate_06,SPK_26,Female
sentence_56.wav,dataset/chunks/barishal/bar_cate_06/sentence_56.wav,এখানে কি স্যালাইন দেওয়া হয়?,barishal,cate_06,SPK_26,Female
sentence_57.wav,dataset/chunks/barishal/bar_cate_06/sentence_57.wav,আমার পায়ের আঙুল ফোলা গেছে।,barishal,cate_06,SPK_26,Female
sentence_58.wav,dataset/chunks/barishal/bar_cate_06/sentence_58.wav,আমাকে ব্যথানাশক দিন।,barishal,cate_06,SPK_26,Female
sentence_59.wav,dataset/chunks/barishal/bar_cate_06/sentence_59.wav,কি খেলে সুস্থতা হবে?,barishal,cate_06,SPK_26,Female
sentence_60.wav,dataset/chunks/barishal/bar_cate_06/sentence_60.wav,আমি মাথা ঘোরাতে লাগছে।,barishal,cate_06,SPK_26,Female
sentence_61.wav,dataset/chunks/barishal/bar_cate_06/sentence_61.wav,হাসপাতালে কি ডাক্তার রাতেও থাকেন?,barishal,cate_06,SPK_26,Female
sentence_62.wav,dataset/chunks/barishal/bar_cate_06/sentence_62.wav,আমার গলার প্রদাহ আছে।,barishal,cate_06,SPK_26,Female
sentence_63.wav,dataset/chunks/barishal/bar_cate_06/sentence_63.wav,আমার শরীরে জ্বালা অনুভূত হচ্ছে।,barishal,cate_06,SPK_26,Female
sentence_64.wav,dataset/chunks/barishal/bar_cate_06/sentence_64.wav,আমাকে ওষুধের রিসিপি দিন।,barishal,cate_06,SPK_26,Female
sentence_65.wav,dataset/chunks/barishal/bar_cate_06/sentence_65.wav,কি ওষুধ বেশি কার্যকর?,barishal,cate_06,SPK_26,Female
sentence_66.wav,dataset/chunks/barishal/bar_cate_06/sentence_66.wav,আমার গায়ে র‍্যাশ হয়েছে।,barishal,cate_06,SPK_26,Female
sentence_67.wav,dataset/chunks/barishal/bar_cate_06/sentence_67.wav,আমি পায়ে ব্যথা অনুভব করছি।,barishal,cate_06,SPK_26,Female
sentence_68.wav,dataset/chunks/barishal/bar_cate_06/sentence_68.wav,হাসপাতালে কি অ্যাপয়েন্টমেন্ট লাগবে?,barishal,cate_06,SPK_26,Female
sentence_69.wav,dataset/chunks/barishal/bar_cate_06/sentence_69.wav,আমাকে দ্রুত দেখুন।,barishal,cate_06,SPK_26,Female
sentence_70.wav,dataset/chunks/barishal/bar_cate_06/sentence_70.wav,আমার পেট খুব ব্যথা করছে।,barishal,cate_06,SPK_26,Female
sentence_01.wav,dataset/chunks/barishal/bar_cate_07/sentence_01.wav,আপনার পরিবারে কয়জন সদস্য আছে?,barishal,cate_07,SPK_12,Male
sentence_02.wav,dataset/chunks/barishal/bar_cate_07/sentence_02.wav,আমার বাবা একজন শিক্ষক।,barishal,cate_07,SPK_12,Male
sentence_03.wav,dataset/chunks/barishal/bar_cate_07/sentence_03.wav,আপনি কোথায় বড় হয়েছেন?,barishal,cate_07,SPK_12,Male
sentence_04.wav,dataset/chunks/barishal/bar_cate_07/sentence_04.wav,আমার মা ঘরে থাকেন।,barishal,cate_07,SPK_12,Male
sentence_05.wav,dataset/chunks/barishal/bar_cate_07/sentence_05.wav,আপনার ভাইবোন আছে কি?,barishal,cate_07,SPK_12,Male
sentence_06.wav,dataset/chunks/barishal/bar_cate_07/sentence_06.wav,আমার এক ভাই ও দুই বোন আছে।,barishal,cate_07,SPK_12,Male
sentence_07.wav,dataset/chunks/barishal/bar_cate_07/sentence_07.wav,আমরা একসাথে ভ্রমণ করতে ভালোবাসি।,barishal,cate_07,SPK_12,Male
sentence_08.wav,dataset/chunks/barishal/bar_cate_07/sentence_08.wav,আপনার পছন্দের খাবার কী?,barishal,cate_07,SPK_12,Male
sentence_09.wav,dataset/chunks/barishal/bar_cate_07/sentence_09.wav,আমার ছোট বোন স্কুলে পড়ে।,barishal,cate_07,SPK_12,Male
sentence_10.wav,dataset/chunks/barishal/bar_cate_07/sentence_10.wav,আপনার বাবা কোথায় কাজ করেন?,barishal,cate_07,SPK_12,Male
sentence_11.wav,dataset/chunks/barishal/bar_cate_07/sentence_11.wav,আমার পরিবার সব সময় একসাথে খেতে বসে।,barishal,cate_07,SPK_12,Male
sentence_12.wav,dataset/chunks/barishal/bar_cate_07/sentence_12.wav,আপনার মা কি রান্না করতে ভালোবাসেন?,barishal,cate_07,SPK_12,Male
sentence_13.wav,dataset/chunks/barishal/bar_cate_07/sentence_13.wav,আমরা প্রতি বছর ঈদে মিলিত হই।,barishal,cate_07,SPK_12,Male
sentence_14.wav,dataset/chunks/barishal/bar_cate_07/sentence_14.wav,আপনার পছন্দের ছুটি কী?,barishal,cate_07,SPK_12,Male
sentence_15.wav,dataset/chunks/barishal/bar_cate_07/sentence_15.wav,আমার বাবা সকালবেলা হাঁটতে যান।,barishal,cate_07,SPK_12,Male
sentence_16.wav,dataset/chunks/barishal/bar_cate_07/sentence_16.wav,আপনার পরিবারে কারা রয়েছেন?,barishal,cate_07,SPK_12,Male
sentence_17.wav,dataset/chunks/barishal/bar_cate_07/sentence_17.wav,আমার দাদা আমাদের সঙ্গে থাকে।,barishal,cate_07,SPK_12,Male
sentence_18.wav,dataset/chunks/barishal/bar_cate_07/sentence_18.wav,আপনি কি বিবাহিত?,barishal,cate_07,SPK_12,Male
sentence_19.wav,dataset/chunks/barishal/bar_cate_07/sentence_19.wav,আমি বিবাহিত এবং আমার দুই সন্তান আছে।,barishal,cate_07,SPK_12,Male
sentence_20.wav,dataset/chunks/barishal/bar_cate_07/sentence_20.wav,আপনার বোন কি বিশ্ববিদ্যালয়ে পড়ে?,barishal,cate_07,SPK_12,Male
sentence_21.wav,dataset/chunks/barishal/bar_cate_07/sentence_21.wav,আমরা রোববার একসাথে সিনেমা দেখি।,barishal,cate_07,SPK_12,Male
sentence_22.wav,dataset/chunks/barishal/bar_cate_07/sentence_22.wav,আপনার পছন্দের পরিবারের অনুষ্ঠান কোনটি?,barishal,cate_07,SPK_12,Male
sentence_23.wav,dataset/chunks/barishal/bar_cate_07/sentence_23.wav,আমার বাবা মা আমাদের জন্য খুব যত্নশীল।,barishal,cate_07,SPK_12,Male
sentence_24.wav,dataset/chunks/barishal/bar_cate_07/sentence_24.wav,আপনার শিশুরা স্কুলে ভালো করছে কি?,barishal,cate_07,SPK_12,Male
sentence_25.wav,dataset/chunks/barishal/bar_cate_07/sentence_25.wav,আমার পরিবারের সবাই স্বাস্থ্যকর জীবনযাপন করে।,barishal,cate_07,SPK_12,Male
sentence_26.wav,dataset/chunks/barishal/bar_cate_07/sentence_26.wav,আপনি কোথায় বেড়ে উঠেছেন?,barishal,cate_07,SPK_12,Male
sentence_27.wav,dataset/chunks/barishal/bar_cate_07/sentence_27.wav,আমার পরিবার গ্রামে থাকে।,barishal,cate_07,SPK_12,Male
sentence_28.wav,dataset/chunks/barishal/bar_cate_07/sentence_28.wav,আপনার বাবা কি বিদেশে কাজ করেন?,barishal,cate_07,SPK_12,Male
sentence_29.wav,dataset/chunks/barishal/bar_cate_07/sentence_29.wav,আমি আমার পরিবারের সঙ্গে ছুটিতে যাই।,barishal,cate_07,SPK_12,Male
sentence_30.wav,dataset/chunks/barishal/bar_cate_07/sentence_30.wav,আপনার পরিবারে ছোট ছোট ভাইবোন আছে কি?,barishal,cate_07,SPK_12,Male
sentence_31.wav,dataset/chunks/barishal/bar_cate_07/sentence_31.wav,আমার ভাই ফুটবল খেলে।,barishal,cate_07,SPK_12,Male
sentence_32.wav,dataset/chunks/barishal/bar_cate_07/sentence_32.wav,আপনার মা কি কাজ করেন?,barishal,cate_07,SPK_12,Male
sentence_33.wav,dataset/chunks/barishal/bar_cate_07/sentence_33.wav,আমরা প্রতি সপ্তাহে একসাথে খাবার করি।,barishal,cate_07,SPK_12,Male
sentence_34.wav,dataset/chunks/barishal/bar_cate_07/sentence_34.wav,আপনার বাবা কি বাসায় থাকেন?,barishal,cate_07,SPK_12,Male
sentence_35.wav,dataset/chunks/barishal/bar_cate_07/sentence_35.wav,আমার পরিবারে সবাই একে অপরকে সাহায্য করে।,barishal,cate_07,SPK_12,Male
sentence_36.wav,dataset/chunks/barishal/bar_cate_07/sentence_36.wav,আপনি কত বছর ধরে বিবাহিত?,barishal,cate_07,SPK_12,Male
sentence_37.wav,dataset/chunks/barishal/bar_cate_07/sentence_37.wav,আমার বোন চিকিৎসা পড়াশোনা করছে।,barishal,cate_07,SPK_12,Male
sentence_38.wav,dataset/chunks/barishal/bar_cate_07/sentence_38.wav,আপনার বাবা মা কি এখনও কাজ করেন?,barishal,cate_07,SPK_12,Male
sentence_39.wav,dataset/chunks/barishal/bar_cate_07/sentence_39.wav,আমরা সবাই একসাথে হোলিডে যাই।,barishal,cate_07,SPK_12,Male
sentence_40.wav,dataset/chunks/barishal/bar_cate_07/sentence_40.wav,আপনার সন্তানদের নাম কী?,barishal,cate_07,SPK_12,Male
sentence_41.wav,dataset/chunks/barishal/bar_cate_07/sentence_41.wav,আমার ছেলে ফুটবল খেলতে ভালোবাসে।,barishal,cate_07,SPK_12,Male
sentence_42.wav,dataset/chunks/barishal/bar_cate_07/sentence_42.wav,আপনার পরিবারের বয়সী সদস্যরা কি সক্রিয়?,barishal,cate_07,SPK_12,Male
sentence_43.wav,dataset/chunks/barishal/bar_cate_07/sentence_43.wav,আমি আমার পরিবারের সঙ্গে সিনেমা দেখতে যাই।,barishal,cate_07,SPK_12,Male
sentence_44.wav,dataset/chunks/barishal/bar_cate_07/sentence_44.wav,আপনার মা কি রান্না ভালো করেন?,barishal,cate_07,SPK_12,Male
sentence_45.wav,dataset/chunks/barishal/bar_cate_07/sentence_45.wav,আমার বাবা সকালবেলা সংবাদ পড়েন।,barishal,cate_07,SPK_12,Male
sentence_46.wav,dataset/chunks/barishal/bar_cate_07/sentence_46.wav,আপনার বোনের পছন্দের কাজ কী?,barishal,cate_07,SPK_12,Male
sentence_47.wav,dataset/chunks/barishal/bar_cate_07/sentence_47.wav,আমরা বড়দিন একসাথে উদযাপন করি।,barishal,cate_07,SPK_12,Male
sentence_48.wav,dataset/chunks/barishal/bar_cate_07/sentence_48.wav,আমার পরিবারে কেউ বিদেশে থাকে।,barishal,cate_07,SPK_12,Male
sentence_49.wav,dataset/chunks/barishal/bar_cate_07/sentence_49.wav,আপনার পরিবারের সদস্যরা কি সুস্থ আছে?,barishal,cate_07,SPK_12,Male
sentence_50.wav,dataset/chunks/barishal/bar_cate_07/sentence_50.wav,আমি পরিবারকে খুব ভালোবাসি।,barishal,cate_07,SPK_12,Male
sentence_51.wav,dataset/chunks/barishal/bar_cate_07/sentence_51.wav,আপনার ভাইবোন কি আপনার সাথে থাকে?,barishal,cate_07,SPK_12,Male
sentence_52.wav,dataset/chunks/barishal/bar_cate_07/sentence_52.wav,আমার বাবা মা গ্রামের বাড়িতে থাকেন।,barishal,cate_07,SPK_12,Male
sentence_53.wav,dataset/chunks/barishal/bar_cate_07/sentence_53.wav,আমরা একসাথে খেলা করি।,barishal,cate_07,SPK_12,Male
sentence_54.wav,dataset/chunks/barishal/bar_cate_07/sentence_54.wav,আপনার পরিবারে কেউ চাকরিতে আছেন কি?,barishal,cate_07,SPK_12,Male
sentence_55.wav,dataset/chunks/barishal/bar_cate_07/sentence_55.wav,আমি আমার পরিবারের জন্য সব করি।,barishal,cate_07,SPK_12,Male
sentence_56.wav,dataset/chunks/barishal/bar_cate_07/sentence_56.wav,আপনার বাবা মা কি অবসরপ্রাপ্ত?,barishal,cate_07,SPK_12,Male
sentence_57.wav,dataset/chunks/barishal/bar_cate_07/sentence_57.wav,আমরা হোলিডেতে গ্রামের বাড়িতে যাই।,barishal,cate_07,SPK_12,Male
sentence_58.wav,dataset/chunks/barishal/bar_cate_07/sentence_58.wav,আমার ছোট ভাই স্কুলে ভালো করছে।,barishal,cate_07,SPK_12,Male
sentence_59.wav,dataset/chunks/barishal/bar_cate_07/sentence_59.wav,আপনার পরিবার কত ঘনিষ্ঠ?,barishal,cate_07,SPK_12,Male
sentence_60.wav,dataset/chunks/barishal/bar_cate_07/sentence_60.wav,আমরা প্রতি মাসে একসাথে বেড়াতে যাই।,barishal,cate_07,SPK_12,Male
sentence_61.wav,dataset/chunks/barishal/bar_cate_07/sentence_61.wav,আমার মা গল্প শুনাতে ভালোবাসেন।,barishal,cate_07,SPK_12,Male
sentence_62.wav,dataset/chunks/barishal/bar_cate_07/sentence_62.wav,আপনার বাবা কি কখনও ভ্রমণে যান?,barishal,cate_07,SPK_12,Male
sentence_63.wav,dataset/chunks/barishal/bar_cate_07/sentence_63.wav,আমি আমার পরিবারকে সব সময় সাহায্য করি।,barishal,cate_07,SPK_12,Male
sentence_64.wav,dataset/chunks/barishal/bar_cate_07/sentence_64.wav,আপনার ভাইবোন কি একে অপরকে সাহায্য করে?,barishal,cate_07,SPK_12,Male
sentence_65.wav,dataset/chunks/barishal/bar_cate_07/sentence_65.wav,আমরা পরিবারে জন্মদিন উদযাপন করি।,barishal,cate_07,SPK_12,Male
sentence_66.wav,dataset/chunks/barishal/bar_cate_07/sentence_66.wav,আমার পরিবারের সঙ্গে সময় কাটানো ভালো লাগে।,barishal,cate_07,SPK_12,Male
sentence_67.wav,dataset/chunks/barishal/bar_cate_07/sentence_67.wav,আপনার মা বাবা কি একসাথে আছেন?,barishal,cate_07,SPK_12,Male
sentence_68.wav,dataset/chunks/barishal/bar_cate_07/sentence_68.wav,আমার বাবা খুব কঠোর কিন্তু ভালো মানুষ।,barishal,cate_07,SPK_12,Male
sentence_69.wav,dataset/chunks/barishal/bar_cate_07/sentence_69.wav,আমরা পারিবারিক ছবি তুলি।,barishal,cate_07,SPK_12,Male
sentence_70.wav,dataset/chunks/barishal/bar_cate_07/sentence_70.wav,আমি আমার পরিবারের সুখের জন্য কাজ করি।,barishal,cate_07,SPK_12,Male
sentence_01.wav,dataset/chunks/barishal/bar_cate_08/sentence_01.wav,এই বছর ধানের ফলন কেমন হবে?,barishal,cate_08,SPK_12,Male
sentence_02.wav,dataset/chunks/barishal/bar_cate_08/sentence_02.wav,আমি মাছ চাষ শুরু করতে চাই।,barishal,cate_08,SPK_12,Male
sentence_03.wav,dataset/chunks/barishal/bar_cate_08/sentence_03.wav,বৃষ্টিপাত ঠিক আছে কি?,barishal,cate_08,SPK_12,Male
sentence_04.wav,dataset/chunks/barishal/bar_cate_08/sentence_04.wav,জমি প্রস্তুত করা হয়েছে।,barishal,cate_08,SPK_12,Male
sentence_05.wav,dataset/chunks/barishal/bar_cate_08/sentence_05.wav,ধানের বীজ কত লাগবে?,barishal,cate_08,SPK_12,Male
sentence_06.wav,dataset/chunks/barishal/bar_cate_08/sentence_06.wav,কীটনাশক প্রয়োগ করতে হবে।,barishal,cate_08,SPK_12,Male
sentence_07.wav,dataset/chunks/barishal/bar_cate_08/sentence_07.wav,আমি সবজি চাষ করি।,barishal,cate_08,SPK_12,Male
sentence_08.wav,dataset/chunks/barishal/bar_cate_08/sentence_08.wav,মাছের পুকুর কত বড়?,barishal,cate_08,SPK_12,Male
sentence_09.wav,dataset/chunks/barishal/bar_cate_08/sentence_09.wav,আমার ধান ভালোভাবে ফলন করছে।,barishal,cate_08,SPK_12,Male
sentence_10.wav,dataset/chunks/barishal/bar_cate_08/sentence_10.wav,সার দেওয়া হয়েছে।,barishal,cate_08,SPK_12,Male
sentence_11.wav,dataset/chunks/barishal/bar_cate_08/sentence_11.wav,কৃষকের জন্য কি সহায়তা আছে?,barishal,cate_08,SPK_12,Male
sentence_12.wav,dataset/chunks/barishal/bar_cate_08/sentence_12.wav,গবাদি পশুদের খাওয়ানো হয়েছে।,barishal,cate_08,SPK_12,Male
sentence_13.wav,dataset/chunks/barishal/bar_cate_08/sentence_13.wav,আবহাওয়া কেমন থাকবে?,barishal,cate_08,SPK_12,Male
sentence_14.wav,dataset/chunks/barishal/bar_cate_08/sentence_14.wav,বৃষ্টির অভাব ধানের জন্য ক্ষতিকর।,barishal,cate_08,SPK_12,Male
sentence_15.wav,dataset/chunks/barishal/bar_cate_08/sentence_15.wav,পুকুরে পানি পরীক্ষা করা হয়েছে।,barishal,cate_08,SPK_12,Male
sentence_16.wav,dataset/chunks/barishal/bar_cate_08/sentence_16.wav,আমি নতুন সার প্রয়োগ করব।,barishal,cate_08,SPK_12,Male
sentence_17.wav,dataset/chunks/barishal/bar_cate_08/sentence_17.wav,কীটপতঙ্গ ধ্বংস করতে হবে।,barishal,cate_08,SPK_12,Male
sentence_18.wav,dataset/chunks/barishal/bar_cate_08/sentence_18.wav,ধানের বীজ ভালো মানের কিনুন।,barishal,cate_08,SPK_12,Male
sentence_19.wav,dataset/chunks/barishal/bar_cate_08/sentence_19.wav,সবজি খুব দ্রুত বড় হচ্ছে।,barishal,cate_08,SPK_12,Male
sentence_20.wav,dataset/chunks/barishal/bar_cate_08/sentence_20.wav,মাছের পুকুরে খাবার দিন।,barishal,cate_08,SPK_12,Male
sentence_21.wav,dataset/chunks/barishal/bar_cate_08/sentence_21.wav,জমিতে আগাছা কাটা হয়েছে।,barishal,cate_08,SPK_12,Male
sentence_22.wav,dataset/chunks/barishal/bar_cate_08/sentence_22.wav,আমি নতুন পুকুর খনন করেছি।,barishal,cate_08,SPK_12,Male
sentence_23.wav,dataset/chunks/barishal/bar_cate_08/sentence_23.wav,এই ফসলের জন্য কত সার লাগবে?,barishal,cate_08,SPK_12,Male
sentence_24.wav,dataset/chunks/barishal/bar_cate_08/sentence_24.wav,গরু খুব ভালো অবস্থায় আছে।,barishal,cate_08,SPK_12,Male
sentence_25.wav,dataset/chunks/barishal/bar_cate_08/sentence_25.wav,ধান কেটে সংগ্রহ করা হয়েছে।,barishal,cate_08,SPK_12,Male
sentence_26.wav,dataset/chunks/barishal/bar_cate_08/sentence_26.wav,আমরা সবজি বাজারে বিক্রি করি।,barishal,cate_08,SPK_12,Male
sentence_27.wav,dataset/chunks/barishal/bar_cate_08/sentence_27.wav,মাটি পরীক্ষা করা হয়েছে।,barishal,cate_08,SPK_12,Male
sentence_28.wav,dataset/chunks/barishal/bar_cate_08/sentence_28.wav,পোকামাকড়ের আক্রমণ হয়েছে।,barishal,cate_08,SPK_12,Male
sentence_29.wav,dataset/chunks/barishal/bar_cate_08/sentence_29.wav,মাছের পুকুর পরিষ্কার করুন।,barishal,cate_08,SPK_12,Male
sentence_30.wav,dataset/chunks/barishal/bar_cate_08/sentence_30.wav,আমরা সার ও বীজ কিনব।,barishal,cate_08,SPK_12,Male
sentence_31.wav,dataset/chunks/barishal/bar_cate_08/sentence_31.wav,গবাদি পশুদের স্বাস্থ্য পরীক্ষা করা হয়েছে।,barishal,cate_08,SPK_12,Male
sentence_32.wav,dataset/chunks/barishal/bar_cate_08/sentence_32.wav,ধানের ফলন ভাল হয়েছে।,barishal,cate_08,SPK_12,Male
sentence_33.wav,dataset/chunks/barishal/bar_cate_08/sentence_33.wav,আমি নতুন চারা রোপণ করব।,barishal,cate_08,SPK_12,Male
sentence_34.wav,dataset/chunks/barishal/bar_cate_08/sentence_34.wav,আবহাওয়া পরিবর্তনশীল।,barishal,cate_08,SPK_12,Male
sentence_35.wav,dataset/chunks/barishal/bar_cate_08/sentence_35.wav,পুকুরে পানি কমে গেছে।,barishal,cate_08,SPK_12,Male
sentence_36.wav,dataset/chunks/barishal/bar_cate_08/sentence_36.wav,আমরা নতুন সার পরীক্ষা করব।,barishal,cate_08,SPK_12,Male
sentence_37.wav,dataset/chunks/barishal/bar_cate_08/sentence_37.wav,কি মাছের প্রজাতি ভালো ফলন দিচ্ছে?,barishal,cate_08,SPK_12,Male
sentence_38.wav,dataset/chunks/barishal/bar_cate_08/sentence_38.wav,জমি উর্বর।,barishal,cate_08,SPK_12,Male
sentence_39.wav,dataset/chunks/barishal/bar_cate_08/sentence_39.wav,ফসল রক্ষা করতে কী ব্যবস্থা নেওয়া হয়েছে?,barishal,cate_08,SPK_12,Male
sentence_40.wav,dataset/chunks/barishal/bar_cate_08/sentence_40.wav,আমরা গবাদি পশু বিক্রি করব।,barishal,cate_08,SPK_12,Male
sentence_41.wav,dataset/chunks/barishal/bar_cate_08/sentence_41.wav,ধানের ফসল শুকিয়ে গেছে।,barishal,cate_08,SPK_12,Male
sentence_42.wav,dataset/chunks/barishal/bar_cate_08/sentence_42.wav,পুকুরে নতুন মাছ ছাড়া হয়েছে।,barishal,cate_08,SPK_12,Male
sentence_43.wav,dataset/chunks/barishal/bar_cate_08/sentence_43.wav,আবহাওয়া খুব খারাপ।,barishal,cate_08,SPK_12,Male
sentence_44.wav,dataset/chunks/barishal/bar_cate_08/sentence_44.wav,আমরা সবজি রোপণ শুরু করেছি।,barishal,cate_08,SPK_12,Male
sentence_45.wav,dataset/chunks/barishal/bar_cate_08/sentence_45.wav,মাটির আর্দ্রতা ঠিক আছে কি?,barishal,cate_08,SPK_12,Male
sentence_46.wav,dataset/chunks/barishal/bar_cate_08/sentence_46.wav,সার দেওয়ার পর পানি দিন।,barishal,cate_08,SPK_12,Male
sentence_47.wav,dataset/chunks/barishal/bar_cate_08/sentence_47.wav,কীটনাশক কত দিন পর প্রয়োগ করতে হবে?,barishal,cate_08,SPK_12,Male
sentence_48.wav,dataset/chunks/barishal/bar_cate_08/sentence_48.wav,আমার ধান এখনও সবুজ।,barishal,cate_08,SPK_12,Male
sentence_49.wav,dataset/chunks/barishal/bar_cate_08/sentence_49.wav,গবাদি পশুদের জন্য খোরাক প্রস্তুত।,barishal,cate_08,SPK_12,Male
sentence_50.wav,dataset/chunks/barishal/bar_cate_08/sentence_50.wav,পুকুরের পানি পরীক্ষা করুন।,barishal,cate_08,SPK_12,Male
sentence_51.wav,dataset/chunks/barishal/bar_cate_08/sentence_51.wav,বৃষ্টি হলে ফসলের জন্য ভালো হবে।,barishal,cate_08,SPK_12,Male
sentence_52.wav,dataset/chunks/barishal/bar_cate_08/sentence_52.wav,আমরা নতুন সার প্রয়োগ করব।,barishal,cate_08,SPK_12,Male
sentence_53.wav,dataset/chunks/barishal/bar_cate_08/sentence_53.wav,কি সময়ে ধান কাটা উচিত?,barishal,cate_08,SPK_12,Male
sentence_54.wav,dataset/chunks/barishal/bar_cate_08/sentence_54.wav,পোকামাকড় ধ্বংস করা হয়েছে।,barishal,cate_08,SPK_12,Male
sentence_55.wav,dataset/chunks/barishal/bar_cate_08/sentence_55.wav,আমরা ফসল বিক্রি করব।,barishal,cate_08,SPK_12,Male
sentence_56.wav,dataset/chunks/barishal/bar_cate_08/sentence_56.wav,গবাদি পশুদের জন্য চিকিৎসা প্রয়োজন।,barishal,cate_08,SPK_12,Male
sentence_57.wav,dataset/chunks/barishal/bar_cate_08/sentence_57.wav,মাছের পুকুরে বেশি পানি ঢালুন।,barishal,cate_08,SPK_12,Male
sentence_58.wav,dataset/chunks/barishal/bar_cate_08/sentence_58.wav,আমরা কৃষি প্রদর্শনীতে যাব।,barishal,cate_08,SPK_12,Male
sentence_59.wav,dataset/chunks/barishal/bar_cate_08/sentence_59.wav,ধানের চারা ভালোভাবে জন্ম নিয়েছে।,barishal,cate_08,SPK_12,Male
sentence_60.wav,dataset/chunks/barishal/bar_cate_08/sentence_60.wav,ফসলের জন্য পানি দেওয়া হচ্ছে।,barishal,cate_08,SPK_12,Male
sentence_61.wav,dataset/chunks/barishal/bar_cate_08/sentence_61.wav,পোকামাকড়ের আক্রমণ কমে গেছে।,barishal,cate_08,SPK_12,Male
sentence_62.wav,dataset/chunks/barishal/bar_cate_08/sentence_62.wav,আমরা নতুন চারা কিনব।,barishal,cate_08,SPK_12,Male
sentence_63.wav,dataset/chunks/barishal/bar_cate_08/sentence_63.wav,কি মাছের খাদ্য ভালো ফলন দিচ্ছে?,barishal,cate_08,SPK_12,Male
sentence_64.wav,dataset/chunks/barishal/bar_cate_08/sentence_64.wav,জমি খুব উর্বর।,barishal,cate_08,SPK_12,Male
sentence_65.wav,dataset/chunks/barishal/bar_cate_08/sentence_65.wav,পুকুরের পানি পরিষ্কার রাখা হয়েছে।,barishal,cate_08,SPK_12,Male
sentence_66.wav,dataset/chunks/barishal/bar_cate_08/sentence_66.wav,আমি ধানের ক্ষেতে যাচ্ছি।,barishal,cate_08,SPK_12,Male
sentence_67.wav,dataset/chunks/barishal/bar_cate_08/sentence_67.wav,ফসল রক্ষা করতে কৃষক সতর্ক।,barishal,cate_08,SPK_12,Male
sentence_68.wav,dataset/chunks/barishal/bar_cate_08/sentence_68.wav,আমরা গবাদি পশু বিক্রির পরিকল্পনা করেছি।,barishal,cate_08,SPK_12,Male
sentence_69.wav,dataset/chunks/barishal/bar_cate_08/sentence_69.wav,ধানের ক্ষেতে জৈব সার প্রয়োগ করা হয়েছে।,barishal,cate_08,SPK_12,Male
sentence_70.wav,dataset/chunks/barishal/bar_cate_08/sentence_70.wav,আমাদের পুকুরে নতুন মাছ এসেছে।,barishal,cate_08,SPK_12,Male
sentence_01.wav,dataset/chunks/barishal/bar_cate_09/sentence_01.wav,আজ খুব গরম।,barishal,cate_09,SPK_12,Male
sentence_02.wav,dataset/chunks/barishal/bar_cate_09/sentence_02.wav,কাল বৃষ্টি হবে কি?,barishal,cate_09,SPK_12,Male
sentence_03.wav,dataset/chunks/barishal/bar_cate_09/sentence_03.wav,বাতাস কেমন চলছে?,barishal,cate_09,SPK_12,Male
sentence_04.wav,dataset/chunks/barishal/bar_cate_09/sentence_04.wav,আজ সূর্য ভালোভাবে উঠেছে।,barishal,cate_09,SPK_12,Male
sentence_05.wav,dataset/chunks/barishal/bar_cate_09/sentence_05.wav,তাপমাত্রা কত?,barishal,cate_09,SPK_12,Male
sentence_06.wav,dataset/chunks/barishal/bar_cate_09/sentence_06.wav,আজ মেঘলা দিন।,barishal,cate_09,SPK_12,Male
sentence_07.wav,dataset/chunks/barishal/bar_cate_09/sentence_07.wav,বাতাস খুব ঠান্ডা।,barishal,cate_09,SPK_12,Male
sentence_08.wav,dataset/chunks/barishal/bar_cate_09/sentence_08.wav,আজ দিনের আলো সুন্দর।,barishal,cate_09,SPK_12,Male
sentence_09.wav,dataset/chunks/barishal/bar_cate_09/sentence_09.wav,ঝড় আসছে কি?,barishal,cate_09,SPK_12,Male
sentence_10.wav,dataset/chunks/barishal/bar_cate_09/sentence_10.wav,আজ রাত খুব ঠান্ডা।,barishal,cate_09,SPK_12,Male
sentence_11.wav,dataset/chunks/barishal/bar_cate_09/sentence_11.wav,আকাশ পরিষ্কার।,barishal,cate_09,SPK_12,Male
sentence_12.wav,dataset/chunks/barishal/bar_cate_09/sentence_12.wav,বৃষ্টি শুরু হয়েছে।,barishal,cate_09,SPK_12,Male
sentence_13.wav,dataset/chunks/barishal/bar_cate_09/sentence_13.wav,তাপমাত্রা বেশি হলে গরম লাগবে।,barishal,cate_09,SPK_12,Male
sentence_14.wav,dataset/chunks/barishal/bar_cate_09/sentence_14.wav,ধুলোবালি কেটে গেছে।,barishal,cate_09,SPK_12,Male
sentence_15.wav,dataset/chunks/barishal/bar_cate_09/sentence_15.wav,জলবায়ু পরিবর্তন হচ্ছে।,barishal,cate_09,SPK_12,Male
sentence_16.wav,dataset/chunks/barishal/bar_cate_09/sentence_16.wav,আজ সূর্য ঝলমল করছে।,barishal,cate_09,SPK_12,Male
sentence_17.wav,dataset/chunks/barishal/bar_cate_09/sentence_17.wav,বাতাস কি বেশি তীব্র?,barishal,cate_09,SPK_12,Male
sentence_18.wav,dataset/chunks/barishal/bar_cate_09/sentence_18.wav,আজ দিনের তাপমাত্রা ৩৫°সেলসিয়াস।,barishal,cate_09,SPK_12,Male
sentence_19.wav,dataset/chunks/barishal/bar_cate_09/sentence_19.wav,আকাশে সবুজ মেঘ।,barishal,cate_09,SPK_12,Male
sentence_20.wav,dataset/chunks/barishal/bar_cate_09/sentence_20.wav,বৃষ্টির পর মাটি ভিজে গেছে।,barishal,cate_09,SPK_12,Male
sentence_21.wav,dataset/chunks/barishal/bar_cate_09/sentence_21.wav,আজ খুব আর্দ্রতা আছে।,barishal,cate_09,SPK_12,Male
sentence_22.wav,dataset/chunks/barishal/bar_cate_09/sentence_22.wav,কি ধরনের আবহাওয়া আপনার পছন্দ?,barishal,cate_09,SPK_12,Male
sentence_23.wav,dataset/chunks/barishal/bar_cate_09/sentence_23.wav,সূর্যাস্ত খুব সুন্দর হয়েছে।,barishal,cate_09,SPK_12,Male
sentence_24.wav,dataset/chunks/barishal/bar_cate_09/sentence_24.wav,আগামীকাল খুব ঠান্ডা হবে।,barishal,cate_09,SPK_12,Male
sentence_25.wav,dataset/chunks/barishal/bar_cate_09/sentence_25.wav,ঝড়ের পূর্বাভাস আছে।,barishal,cate_09,SPK_12,Male
sentence_26.wav,dataset/chunks/barishal/bar_cate_09/sentence_26.wav,বাতাসের দিক পরিবর্তিত হয়েছে।,barishal,cate_09,SPK_12,Male
sentence_27.wav,dataset/chunks/barishal/bar_cate_09/sentence_27.wav,আকাশে সূর্যোদয় দেখা যাচ্ছে।,barishal,cate_09,SPK_12,Male
sentence_28.wav,dataset/chunks/barishal/bar_cate_09/sentence_28.wav,আজ রাতের আকাশে তারা দেখা যাচ্ছে।,barishal,cate_09,SPK_12,Male
sentence_29.wav,dataset/chunks/barishal/bar_cate_09/sentence_29.wav,বাতাসে তীব্রতা আছে কি?,barishal,cate_09,SPK_12,Male
sentence_30.wav,dataset/chunks/barishal/bar_cate_09/sentence_30.wav,গ্রীষ্মকাল খুব গরম।,barishal,cate_09,SPK_12,Male
sentence_31.wav,dataset/chunks/barishal/bar_cate_09/sentence_31.wav,শীতকাল খুব ঠান্ডা।,barishal,cate_09,SPK_12,Male
sentence_32.wav,dataset/chunks/barishal/bar_cate_09/sentence_32.wav,আজকের আর্দ্রতা কেমন?,barishal,cate_09,SPK_12,Male
sentence_33.wav,dataset/chunks/barishal/bar_cate_09/sentence_33.wav,মেঘ কেটে গেছে।,barishal,cate_09,SPK_12,Male
sentence_34.wav,dataset/chunks/barishal/bar_cate_09/sentence_34.wav,ঝড়ের সময় বাইরে যাবেন না।,barishal,cate_09,SPK_12,Male
sentence_35.wav,dataset/chunks/barishal/bar_cate_09/sentence_35.wav,আজকের আকাশ নীল।,barishal,cate_09,SPK_12,Male
sentence_36.wav,dataset/chunks/barishal/bar_cate_09/sentence_36.wav,বাতাসে ধুলো আছে।,barishal,cate_09,SPK_12,Male
sentence_37.wav,dataset/chunks/barishal/bar_cate_09/sentence_37.wav,বৃষ্টির পর সবুজ গাছ আরও সুন্দর।,barishal,cate_09,SPK_12,Male
sentence_38.wav,dataset/chunks/barishal/bar_cate_09/sentence_38.wav,আজ খুব ধোঁয়া আছে।,barishal,cate_09,SPK_12,Male
sentence_39.wav,dataset/chunks/barishal/bar_cate_09/sentence_39.wav,আগামীকাল বৃষ্টি হবে কি?,barishal,cate_09,SPK_12,Male
sentence_40.wav,dataset/chunks/barishal/bar_cate_09/sentence_40.wav,আজ দুপুরে তাপমাত্রা কম।,barishal,cate_09,SPK_12,Male
sentence_41.wav,dataset/chunks/barishal/bar_cate_09/sentence_41.wav,সূর্য আকাশে উজ্জ্বল।,barishal,cate_09,SPK_12,Male
sentence_42.wav,dataset/chunks/barishal/bar_cate_09/sentence_42.wav,আজ বাতাস একটু ঠান্ডা।,barishal,cate_09,SPK_12,Male
sentence_43.wav,dataset/chunks/barishal/bar_cate_09/sentence_43.wav,ঝড়ের সময় কি precautions নিতে হবে?,barishal,cate_09,SPK_12,Male
sentence_44.wav,dataset/chunks/barishal/bar_cate_09/sentence_44.wav,আজকের আবহাওয়া স্বাভাবিক।,barishal,cate_09,SPK_12,Male
sentence_45.wav,dataset/chunks/barishal/bar_cate_09/sentence_45.wav,বৃষ্টি হলে রাস্তা ভিজে যাবে।,barishal,cate_09,SPK_12,Male
sentence_46.wav,dataset/chunks/barishal/bar_cate_09/sentence_46.wav,হাওয়া খুব নরম।,barishal,cate_09,SPK_12,Male
sentence_47.wav,dataset/chunks/barishal/bar_cate_09/sentence_47.wav,আজ সূর্য উঠার সময় দেরি হয়েছে।,barishal,cate_09,SPK_12,Male
sentence_48.wav,dataset/chunks/barishal/bar_cate_09/sentence_48.wav,আবহাওয়া রিপোর্ট কি হয়েছে?,barishal,cate_09,SPK_12,Male
sentence_49.wav,dataset/chunks/barishal/bar_cate_09/sentence_49.wav,আজকের তাপমাত্রা বেশী।,barishal,cate_09,SPK_12,Male
sentence_50.wav,dataset/chunks/barishal/bar_cate_09/sentence_50.wav,রাতে খুব ঠান্ডা হবে।,barishal,cate_09,SPK_12,Male
sentence_51.wav,dataset/chunks/barishal/bar_cate_09/sentence_51.wav,গ্রীষ্মের দিন দীর্ঘ।,barishal,cate_09,SPK_12,Male
sentence_52.wav,dataset/chunks/barishal/bar_cate_09/sentence_52.wav,শীতের রাত ছোট।,barishal,cate_09,SPK_12,Male
sentence_53.wav,dataset/chunks/barishal/bar_cate_09/sentence_53.wav,ঝড়ের কারণে বিদ্যুৎ চলে গেছে।,barishal,cate_09,SPK_12,Male
sentence_54.wav,dataset/chunks/barishal/bar_cate_09/sentence_54.wav,মেঘলা দিনে ছবি তোলা ভালো।,barishal,cate_09,SPK_12,Male
sentence_55.wav,dataset/chunks/barishal/bar_cate_09/sentence_55.wav,বাতাসে আর্দ্রতা বেশি।,barishal,cate_09,SPK_12,Male
sentence_56.wav,dataset/chunks/barishal/bar_cate_09/sentence_56.wav,কি ধরনের বাতাস চলছে?,barishal,cate_09,SPK_12,Male
sentence_57.wav,dataset/chunks/barishal/bar_cate_09/sentence_57.wav,আজ রাতের আকাশ পরিষ্কার।,barishal,cate_09,SPK_12,Male
sentence_58.wav,dataset/chunks/barishal/bar_cate_09/sentence_58.wav,বৃষ্টিপাত কম।,barishal,cate_09,SPK_12,Male
sentence_59.wav,dataset/chunks/barishal/bar_cate_09/sentence_59.wav,আগামীকাল তাপমাত্রা বাড়বে।,barishal,cate_09,SPK_12,Male
sentence_60.wav,dataset/chunks/barishal/bar_cate_09/sentence_60.wav,ঝড়ের সময় সড়ক নিরাপদ নয়।,barishal,cate_09,SPK_12,Male
sentence_61.wav,dataset/chunks/barishal/bar_cate_09/sentence_61.wav,আজ হালকা বৃষ্টি হচ্ছে।,barishal,cate_09,SPK_12,Male
sentence_62.wav,dataset/chunks/barishal/bar_cate_09/sentence_62.wav,বাতাসের তীব্রতা কমেছে।,barishal,cate_09,SPK_12,Male
sentence_63.wav,dataset/chunks/barishal/bar_cate_09/sentence_63.wav,আজকের সূর্যাস্ত সুন্দর।,barishal,cate_09,SPK_12,Male
sentence_64.wav,dataset/chunks/barishal/bar_cate_09/sentence_64.wav,কি সময়ে বৃষ্টি হবে?,barishal,cate_09,SPK_12,Male
sentence_65.wav,dataset/chunks/barishal/bar_cate_09/sentence_65.wav,আকাশে মেঘ অনেক।,barishal,cate_09,SPK_12,Male
sentence_66.wav,dataset/chunks/barishal/bar_cate_09/sentence_66.wav,আজ খুব শীতল দিন।,barishal,cate_09,SPK_12,Male
sentence_67.wav,dataset/chunks/barishal/bar_cate_09/sentence_67.wav,বাতাসের দিক পূর্ব।,barishal,cate_09,SPK_12,Male
sentence_68.wav,dataset/chunks/barishal/bar_cate_09/sentence_68.wav,হঠাৎ ঝড় এসেছে।,barishal,cate_09,SPK_12,Male
sentence_69.wav,dataset/chunks/barishal/bar_cate_09/sentence_69.wav,আজ খুব রৌদ্রজ্জ্বল।,barishal,cate_09,SPK_12,Male
sentence_70.wav,dataset/chunks/barishal/bar_cate_09/sentence_70.wav,আগামীকাল হালকা বাতাস থাকবে।,barishal,cate_09,SPK_12,Male
sentence_01.wav,dataset/chunks/barishal/bar_cate_10/sentence_01.wav,আপনি কিভাবে পহেলা বৈশাখ উদযাপন করেন?,barishal,cate_10,SPK_25,Female
sentence_02.wav,dataset/chunks/barishal/bar_cate_10/sentence_02.wav,আমি পহেলা বৈশাখে নতুন জামা পরি।,barishal,cate_10,SPK_25,Female
sentence_03.wav,dataset/chunks/barishal/bar_cate_10/sentence_03.wav,আমাদের গ্রামে ঈদ খুব বড় উৎসব।,barishal,cate_10,SPK_25,Female
sentence_04.wav,dataset/chunks/barishal/bar_cate_10/sentence_04.wav,আপনি পূজা কিভাবে পালন করেন?,barishal,cate_10,SPK_25,Female
sentence_05.wav,dataset/chunks/barishal/bar_cate_10/sentence_05.wav,আমরা দুর্গাপূজা দেখতে যাই।,barishal,cate_10,SPK_25,Female
sentence_06.wav,dataset/chunks/barishal/bar_cate_10/sentence_06.wav,আমার পরিবার নববর্ষ উদযাপন করে।,barishal,cate_10,SPK_25,Female
sentence_07.wav,dataset/chunks/barishal/bar_cate_10/sentence_07.wav,কি ধরনের খাবার উৎসবে থাকে?,barishal,cate_10,SPK_25,Female
sentence_08.wav,dataset/chunks/barishal/bar_cate_10/sentence_08.wav,আমরা ঈদের দিনে গিয়ে কার্ড দিই।,barishal,cate_10,SPK_25,Female
sentence_09.wav,dataset/chunks/barishal/bar_cate_10/sentence_09.wav,পহেলা বৈশাখে আমরা বাজারে যাই।,barishal,cate_10,SPK_25,Female
sentence_10.wav,dataset/chunks/barishal/bar_cate_10/sentence_10.wav,আমরা পহেলা বৈশাখে রঙিন পোশাক পরি।,barishal,cate_10,SPK_25,Female
sentence_11.wav,dataset/chunks/barishal/bar_cate_10/sentence_11.wav,হোলি আমাদের বন্ধুদের সঙ্গে খেলা হয়।,barishal,cate_10,SPK_25,Female
sentence_12.wav,dataset/chunks/barishal/bar_cate_10/sentence_12.wav,উৎসবে কি ধরনের গান বাজে?,barishal,cate_10,SPK_25,Female
sentence_13.wav,dataset/chunks/barishal/bar_cate_10/sentence_13.wav,আমরা লালবসন্ত উৎসব পালন করি।,barishal,cate_10,SPK_25,Female
sentence_14.wav,dataset/chunks/barishal/bar_cate_10/sentence_14.wav,আমাদের গ্রামে বর্ষবরণ খুব উৎসবমুখর।,barishal,cate_10,SPK_25,Female
sentence_15.wav,dataset/chunks/barishal/bar_cate_10/sentence_15.wav,পহেলা বৈশাখে নতুন বছরের জন্য শুভেচ্ছা বিনিময় করি।,barishal,cate_10,SPK_25,Female
sentence_16.wav,dataset/chunks/barishal/bar_cate_10/sentence_16.wav,আমরা ঈদে পরিবারের সঙ্গে ভ্রমণ করি।,barishal,cate_10,SPK_25,Female
sentence_17.wav,dataset/chunks/barishal/bar_cate_10/sentence_17.wav,দুর্গাপূজায় মন্দিরে ফুল সাজানো হয়।,barishal,cate_10,SPK_25,Female
sentence_18.wav,dataset/chunks/barishal/bar_cate_10/sentence_18.wav,কি ধরনের পোশাক উৎসবে পরা হয়?,barishal,cate_10,SPK_25,Female
sentence_19.wav,dataset/chunks/barishal/bar_cate_10/sentence_19.wav,নববর্ষে আমরা মিষ্টি খাই।,barishal,cate_10,SPK_25,Female
sentence_20.wav,dataset/chunks/barishal/bar_cate_10/sentence_20.wav,আমরা ঈদের সকালে নতুন জামা পরি।,barishal,cate_10,SPK_25,Female
sentence_21.wav,dataset/chunks/barishal/bar_cate_10/sentence_21.wav,পূজার সময় মন্দিরে ভিড় থাকে।,barishal,cate_10,SPK_25,Female
sentence_22.wav,dataset/chunks/barishal/bar_cate_10/sentence_22.wav,পহেলা বৈশাখে আমরা পার্কে যাই।,barishal,cate_10,SPK_25,Female
sentence_23.wav,dataset/chunks/barishal/bar_cate_10/sentence_23.wav,হোলিতে রঙ ব্যবহার করা হয়।,barishal,cate_10,SPK_25,Female
sentence_24.wav,dataset/chunks/barishal/bar_cate_10/sentence_24.wav,আমরা ভোরে পূজার অর্ঘ্য দিই।,barishal,cate_10,SPK_25,Female
sentence_25.wav,dataset/chunks/barishal/bar_cate_10/sentence_25.wav,ঈদে আমরা একে অপরকে শুভেচ্ছা জানাই।,barishal,cate_10,SPK_25,Female
sentence_26.wav,dataset/chunks/barishal/bar_cate_10/sentence_26.wav,উৎসবের জন্য নতুন সাজসজ্জা করা হয়েছে।,barishal,cate_10,SPK_25,Female
sentence_27.wav,dataset/chunks/barishal/bar_cate_10/sentence_27.wav,আমরা নববর্ষে গান গাই।,barishal,cate_10,SPK_25,Female
sentence_28.wav,dataset/chunks/barishal/bar_cate_10/sentence_28.wav,দুর্গাপূজায় কুমারী পূজা হয়।,barishal,cate_10,SPK_25,Female
sentence_29.wav,dataset/chunks/barishal/bar_cate_10/sentence_29.wav,কি ধরনের খেলাধুলা উৎসবে হয়?,barishal,cate_10,SPK_25,Female
sentence_30.wav,dataset/chunks/barishal/bar_cate_10/sentence_30.wav,আমরা হোলিতে একে অপরকে রঙ দিই।,barishal,cate_10,SPK_25,Female
sentence_31.wav,dataset/chunks/barishal/bar_cate_10/sentence_31.wav,উৎসবে আমরা নাচ গান করি।,barishal,cate_10,SPK_25,Female
sentence_32.wav,dataset/chunks/barishal/bar_cate_10/sentence_32.wav,ঈদের দিনে বাজারে ভিড় হয়।,barishal,cate_10,SPK_25,Female
sentence_33.wav,dataset/chunks/barishal/bar_cate_10/sentence_33.wav,পহেলা বৈশাখে আমরা মেলা দেখতে যাই।,barishal,cate_10,SPK_25,Female
sentence_34.wav,dataset/chunks/barishal/bar_cate_10/sentence_34.wav,নববর্ষে আমরা নতুন পরিকল্পনা করি।,barishal,cate_10,SPK_25,Female
sentence_35.wav,dataset/chunks/barishal/bar_cate_10/sentence_35.wav,দুর্গাপূজায় মন্দিরে আলোকসজ্জা করা হয়।,barishal,cate_10,SPK_25,Female
sentence_36.wav,dataset/chunks/barishal/bar_cate_10/sentence_36.wav,হোলিতে আমরা বন্ধুদের সঙ্গে মজা করি।,barishal,cate_10,SPK_25,Female
sentence_37.wav,dataset/chunks/barishal/bar_cate_10/sentence_37.wav,কি ধরনের খাবার পূজায় পরিবেশিত হয়?,barishal,cate_10,SPK_25,Female
sentence_38.wav,dataset/chunks/barishal/bar_cate_10/sentence_38.wav,আমরা নববর্ষে পরিবারকে উপহার দেই।,barishal,cate_10,SPK_25,Female
sentence_39.wav,dataset/chunks/barishal/bar_cate_10/sentence_39.wav,ঈদের সকালে আমরা মসজিদে যাই।,barishal,cate_10,SPK_25,Female
sentence_40.wav,dataset/chunks/barishal/bar_cate_10/sentence_40.wav,উৎসবে আমরা traditional পোশাক পরি।,barishal,cate_10,SPK_25,Female
sentence_41.wav,dataset/chunks/barishal/bar_cate_10/sentence_41.wav,পহেলা বৈশাখে আমরা রঙিন মিছিল করি।,barishal,cate_10,SPK_25,Female
sentence_42.wav,dataset/chunks/barishal/bar_cate_10/sentence_42.wav,হোলিতে আমরা বিভিন্ন রঙের জল ব্যবহার করি।,barishal,cate_10,SPK_25,Female
sentence_43.wav,dataset/chunks/barishal/bar_cate_10/sentence_43.wav,নববর্ষের অনুষ্ঠানে গান বাজানো হয়।,barishal,cate_10,SPK_25,Female
sentence_44.wav,dataset/chunks/barishal/bar_cate_10/sentence_44.wav,আমরা ঈদের দিনে প্রিয়জনের সঙ্গে খাবার খাই।,barishal,cate_10,SPK_25,Female
sentence_45.wav,dataset/chunks/barishal/bar_cate_10/sentence_45.wav,দুর্গাপূজায় প্রতিমা সাজানো হয়।,barishal,cate_10,SPK_25,Female
sentence_46.wav,dataset/chunks/barishal/bar_cate_10/sentence_46.wav,উৎসবে আমরা সবাই একসাথে আনন্দ করি।,barishal,cate_10,SPK_25,Female
sentence_47.wav,dataset/chunks/barishal/bar_cate_10/sentence_47.wav,পহেলা বৈশাখে নতুন বছরের শুরু হয়।,barishal,cate_10,SPK_25,Female
sentence_48.wav,dataset/chunks/barishal/bar_cate_10/sentence_48.wav,নববর্ষে আমরা খোলা আকাশের নিচে অনুষ্ঠান করি।,barishal,cate_10,SPK_25,Female
sentence_49.wav,dataset/chunks/barishal/bar_cate_10/sentence_49.wav,ঈদে আমরা একে অপরকে উপহার দেই।,barishal,cate_10,SPK_25,Female
sentence_50.wav,dataset/chunks/barishal/bar_cate_10/sentence_50.wav,হোলিতে শিশুদের আনন্দ বেশি।,barishal,cate_10,SPK_25,Female
sentence_51.wav,dataset/chunks/barishal/bar_cate_10/sentence_51.wav,আমরা পহেলা বৈশাখে রঙিন পুতুল তৈরি করি।,barishal,cate_10,SPK_25,Female
sentence_52.wav,dataset/chunks/barishal/bar_cate_10/sentence_52.wav,দুর্গাপূজায় মন্দিরে ভক্তদের ভিড় থাকে।,barishal,cate_10,SPK_25,Female
sentence_53.wav,dataset/chunks/barishal/bar_cate_10/sentence_53.wav,নববর্ষের দিনে আমরা traditional খাবার খাই।,barishal,cate_10,SPK_25,Female
sentence_54.wav,dataset/chunks/barishal/bar_cate_10/sentence_54.wav,হোলিতে আমরা গান বাজাই।,barishal,cate_10,SPK_25,Female
sentence_55.wav,dataset/chunks/barishal/bar_cate_10/sentence_55.wav,ঈদে আমরা পরিবারের সঙ্গে আনন্দ করি।,barishal,cate_10,SPK_25,Female
sentence_56.wav,dataset/chunks/barishal/bar_cate_10/sentence_56.wav,পহেলা বৈশাখে আমরা বাজার থেকে খাবার কিনি।,barishal,cate_10,SPK_25,Female
sentence_57.wav,dataset/chunks/barishal/bar_cate_10/sentence_57.wav,নববর্ষে আমরা cultural অনুষ্ঠানে অংশ নিই।,barishal,cate_10,SPK_25,Female
sentence_58.wav,dataset/chunks/barishal/bar_cate_10/sentence_58.wav,দুর্গাপূজায় আমরা মেলা দেখি।,barishal,cate_10,SPK_25,Female
sentence_59.wav,dataset/chunks/barishal/bar_cate_10/sentence_59.wav,হোলিতে আমরা একে অপরকে মিষ্টি দিই।,barishal,cate_10,SPK_25,Female
sentence_60.wav,dataset/chunks/barishal/bar_cate_10/sentence_60.wav,আমরা পহেলা বৈশাখে traditional নাচ করি।,barishal,cate_10,SPK_25,Female
sentence_61.wav,dataset/chunks/barishal/bar_cate_10/sentence_61.wav,নববর্ষে আমরা নতুন বছরের জন্য প্রার্থনা করি।,barishal,cate_10,SPK_25,Female
sentence_62.wav,dataset/chunks/barishal/bar_cate_10/sentence_62.wav,ঈদের সকালে আমরা মসজিদে যাওয়া শুরু করি।,barishal,cate_10,SPK_25,Female
sentence_63.wav,dataset/chunks/barishal/bar_cate_10/sentence_63.wav,হোলিতে আমরা বন্ধুদের সঙ্গে আনন্দ করি।,barishal,cate_10,SPK_25,Female
sentence_64.wav,dataset/chunks/barishal/bar_cate_10/sentence_64.wav,পহেলা বৈশাখে আমাদের গ্রামে মেলা হয়।,barishal,cate_10,SPK_25,Female
sentence_65.wav,dataset/chunks/barishal/bar_cate_10/sentence_65.wav,নববর্ষের অনুষ্ঠান সকাল থেকে শুরু হয়।,barishal,cate_10,SPK_25,Female
sentence_66.wav,dataset/chunks/barishal/bar_cate_10/sentence_66.wav,দুর্গাপূজায় শিশুদের জন্য খেলা হয়।,barishal,cate_10,SPK_25,Female
sentence_67.wav,dataset/chunks/barishal/bar_cate_10/sentence_67.wav,হোলিতে আমরা রঙিন পাউডার ব্যবহার করি।,barishal,cate_10,SPK_25,Female
sentence_68.wav,dataset/chunks/barishal/bar_cate_10/sentence_68.wav,ঈদে আমরা গ্রামের বাড়িতে যাই।,barishal,cate_10,SPK_25,Female
sentence_69.wav,dataset/chunks/barishal/bar_cate_10/sentence_69.wav,পহেলা বৈশাখে আমরা নতুন বছরের জন্য সুইট খাই।,barishal,cate_10,SPK_25,Female
sentence_70.wav,dataset/chunks/barishal/bar_cate_10/sentence_70.wav,নববর্ষে আমরা সকলের সঙ্গে আনন্দ ভাগ করি।,barishal,cate_10,SPK_25,Female
sentence_01.wav,dataset/chunks/barishal/bar_cate_11/sentence_01.wav,আপনার পরীক্ষা কবে?,barishal,cate_11,SPK_25,Female
sentence_02.wav,dataset/chunks/barishal/bar_cate_11/sentence_02.wav,আমি সকাল ৯টায় স্কুলে যাই।,barishal,cate_11,SPK_25,Female
sentence_03.wav,dataset/chunks/barishal/bar_cate_11/sentence_03.wav,আজ কোন বিষয়ের ক্লাস আছে?,barishal,cate_11,SPK_25,Female
sentence_04.wav,dataset/chunks/barishal/bar_cate_11/sentence_04.wav,আমি গণিত পড়াশোনা করছি।,barishal,cate_11,SPK_25,Female
sentence_05.wav,dataset/chunks/barishal/bar_cate_11/sentence_05.wav,আপনার শিক্ষক কে?,barishal,cate_11,SPK_25,Female
sentence_06.wav,dataset/chunks/barishal/bar_cate_11/sentence_06.wav,আমার ক্লাস খুব ছোট।,barishal,cate_11,SPK_25,Female
sentence_07.wav,dataset/chunks/barishal/bar_cate_11/sentence_07.wav,পরীক্ষা কঠিন হবে কি?,barishal,cate_11,SPK_25,Female
sentence_08.wav,dataset/chunks/barishal/bar_cate_11/sentence_08.wav,আমি আজ বাংলা পরীক্ষা দিচ্ছি।,barishal,cate_11,SPK_25,Female
sentence_09.wav,dataset/chunks/barishal/bar_cate_11/sentence_09.wav,আপনি কোন কলেজে পড়েন?,barishal,cate_11,SPK_25,Female
sentence_10.wav,dataset/chunks/barishal/bar_cate_11/sentence_10.wav,আমার বন্ধু বিজ্ঞান পড়ে।,barishal,cate_11,SPK_25,Female
sentence_11.wav,dataset/chunks/barishal/bar_cate_11/sentence_11.wav,আমরা স্কুলে প্রতিদিন ৬ ঘণ্টা পড়ি।,barishal,cate_11,SPK_25,Female
sentence_12.wav,dataset/chunks/barishal/bar_cate_11/sentence_12.wav,আপনার হোমওয়ার্ক শেষ হয়েছে কি?,barishal,cate_11,SPK_25,Female
sentence_13.wav,dataset/chunks/barishal/bar_cate_11/sentence_13.wav,আমি ইতিহাস পড়তে ভালোবাসি।,barishal,cate_11,SPK_25,Female
sentence_14.wav,dataset/chunks/barishal/bar_cate_11/sentence_14.wav,আপনার শিক্ষক ক্লাসে কঠোর কি?,barishal,cate_11,SPK_25,Female
sentence_15.wav,dataset/chunks/barishal/bar_cate_11/sentence_15.wav,আমরা লাইব্রেরিতে বই পড়ি।,barishal,cate_11,SPK_25,Female
sentence_16.wav,dataset/chunks/barishal/bar_cate_11/sentence_16.wav,পরীক্ষা কত নম্বরের?,barishal,cate_11,SPK_25,Female
sentence_17.wav,dataset/chunks/barishal/bar_cate_11/sentence_17.wav,আমার সহপাঠী খুব স্মার্ট।,barishal,cate_11,SPK_25,Female
sentence_18.wav,dataset/chunks/barishal/bar_cate_11/sentence_18.wav,আপনি কোন বিষয়ে দুর্বল?,barishal,cate_11,SPK_25,Female
sentence_19.wav,dataset/chunks/barishal/bar_cate_11/sentence_19.wav,আমি প্রতিদিন ইংরেজি অনুশীলন করি।,barishal,cate_11,SPK_25,Female
sentence_20.wav,dataset/chunks/barishal/bar_cate_11/sentence_20.wav,শিক্ষক আজ নতুন পাঠ শেখালেন।,barishal,cate_11,SPK_25,Female
sentence_21.wav,dataset/chunks/barishal/bar_cate_11/sentence_21.wav,আপনার ক্লাসের সময়সূচি কি?,barishal,cate_11,SPK_25,Female
sentence_22.wav,dataset/chunks/barishal/bar_cate_11/sentence_22.wav,আমি পরীক্ষার জন্য প্রস্তুতি নিচ্ছি।,barishal,cate_11,SPK_25,Female
sentence_23.wav,dataset/chunks/barishal/bar_cate_11/sentence_23.wav,আমরা বিজ্ঞান ল্যাবে পরীক্ষা করি।,barishal,cate_11,SPK_25,Female
sentence_24.wav,dataset/chunks/barishal/bar_cate_11/sentence_24.wav,আপনার স্কুলের নাম কি?,barishal,cate_11,SPK_25,Female
sentence_25.wav,dataset/chunks/barishal/bar_cate_11/sentence_25.wav,আমার প্রিয় শিক্ষক খুব সহায়ক।,barishal,cate_11,SPK_25,Female
sentence_26.wav,dataset/chunks/barishal/bar_cate_11/sentence_26.wav,আমরা গ্রুপ স্টাডি করি।,barishal,cate_11,SPK_25,Female
sentence_27.wav,dataset/chunks/barishal/bar_cate_11/sentence_27.wav,আপনি কোন বিষয়ে ভালো?,barishal,cate_11,SPK_25,Female
sentence_28.wav,dataset/chunks/barishal/bar_cate_11/sentence_28.wav,আমি নতুন বিষয় শিখতে ভালোবাসি।,barishal,cate_11,SPK_25,Female
sentence_29.wav,dataset/chunks/barishal/bar_cate_11/sentence_29.wav,পরীক্ষা শেষ হলে আমরা ছুটি পাই।,barishal,cate_11,SPK_25,Female
sentence_30.wav,dataset/chunks/barishal/bar_cate_11/sentence_30.wav,আমার স্কুলে বড় লাইব্রেরি আছে।,barishal,cate_11,SPK_25,Female
sentence_31.wav,dataset/chunks/barishal/bar_cate_11/sentence_31.wav,আপনার ক্লাসের সংখ্যা কত?,barishal,cate_11,SPK_25,Female
sentence_32.wav,dataset/chunks/barishal/bar_cate_11/sentence_32.wav,আমি প্রতিদিন সকালে পড়াশোনা করি।,barishal,cate_11,SPK_25,Female
sentence_33.wav,dataset/chunks/barishal/bar_cate_11/sentence_33.wav,শিক্ষক আজ গণিতের সমস্যা দেখালেন।,barishal,cate_11,SPK_25,Female
sentence_34.wav,dataset/chunks/barishal/bar_cate_11/sentence_34.wav,আপনার সহপাঠী কি সাহায্য করছে?,barishal,cate_11,SPK_25,Female
sentence_35.wav,dataset/chunks/barishal/bar_cate_11/sentence_35.wav,আমি পরীক্ষার জন্য নোট তৈরি করছি।,barishal,cate_11,SPK_25,Female
sentence_36.wav,dataset/chunks/barishal/bar_cate_11/sentence_36.wav,আমরা স্কুলে বিভিন্ন কার্যক্রম করি।,barishal,cate_11,SPK_25,Female
sentence_37.wav,dataset/chunks/barishal/bar_cate_11/sentence_37.wav,আপনার শিক্ষক কি ভালো ব্যাখ্যা করেন?,barishal,cate_11,SPK_25,Female
sentence_38.wav,dataset/chunks/barishal/bar_cate_11/sentence_38.wav,আমি ইংরেজি বলার অনুশীলন করি।,barishal,cate_11,SPK_25,Female
sentence_39.wav,dataset/chunks/barishal/bar_cate_11/sentence_39.wav,আজ ক্লাসে প্র্যাকটিক্যাল হয়েছে।,barishal,cate_11,SPK_25,Female
sentence_40.wav,dataset/chunks/barishal/bar_cate_11/sentence_40.wav,আপনার হোমওয়ার্ক কত পৃষ্ঠা?,barishal,cate_11,SPK_25,Female
sentence_41.wav,dataset/chunks/barishal/bar_cate_11/sentence_41.wav,আমি পরীক্ষার জন্য প্রশ্ন সমাধান করছি।,barishal,cate_11,SPK_25,Female
sentence_42.wav,dataset/chunks/barishal/bar_cate_11/sentence_42.wav,আমরা স্কুলে বার্ষিক ক্রীড়া প্রতিযোগিতা করি।,barishal,cate_11,SPK_25,Female
sentence_43.wav,dataset/chunks/barishal/bar_cate_11/sentence_43.wav,আপনার শিক্ষক কি কখনও দেরি করেন?,barishal,cate_11,SPK_25,Female
sentence_44.wav,dataset/chunks/barishal/bar_cate_11/sentence_44.wav,আমি নতুন বই কিনেছি।,barishal,cate_11,SPK_25,Female
sentence_45.wav,dataset/chunks/barishal/bar_cate_11/sentence_45.wav,ক্লাসে সবাই খুব মনোযোগী।,barishal,cate_11,SPK_25,Female
sentence_46.wav,dataset/chunks/barishal/bar_cate_11/sentence_46.wav,আপনার স্কুলের সময়সূচি কি?,barishal,cate_11,SPK_25,Female
sentence_47.wav,dataset/chunks/barishal/bar_cate_11/sentence_47.wav,আমরা পরীক্ষার জন্য গ্রুপ স্টাডি করি।,barishal,cate_11,SPK_25,Female
sentence_48.wav,dataset/chunks/barishal/bar_cate_11/sentence_48.wav,শিক্ষক আজ বিজ্ঞান পাঠ করলেন।,barishal,cate_11,SPK_25,Female
sentence_49.wav,dataset/chunks/barishal/bar_cate_11/sentence_49.wav,আপনার প্রিয় বিষয় কোনটি?,barishal,cate_11,SPK_25,Female
sentence_50.wav,dataset/chunks/barishal/bar_cate_11/sentence_50.wav,আমি প্রতিদিন রাতে পড়াশোনা করি।,barishal,cate_11,SPK_25,Female
sentence_51.wav,dataset/chunks/barishal/bar_cate_11/sentence_51.wav,আমরা লাইব্রেরিতে নতুন বই দেখেছি।,barishal,cate_11,SPK_25,Female
sentence_52.wav,dataset/chunks/barishal/bar_cate_11/sentence_52.wav,শিক্ষক আজ পরীক্ষা নেওয়ার পরিকল্পনা করেছেন।,barishal,cate_11,SPK_25,Female
sentence_53.wav,dataset/chunks/barishal/bar_cate_11/sentence_53.wav,আপনার স্কুলের ছুটি কখন?,barishal,cate_11,SPK_25,Female
sentence_54.wav,dataset/chunks/barishal/bar_cate_11/sentence_54.wav,আমি পরীক্ষার জন্য নোটগুলি পুনরায় পড়ছি।,barishal,cate_11,SPK_25,Female
sentence_55.wav,dataset/chunks/barishal/bar_cate_11/sentence_55.wav,আমরা ক্লাসে project কাজ করছি।,barishal,cate_11,SPK_25,Female
sentence_56.wav,dataset/chunks/barishal/bar_cate_11/sentence_56.wav,আপনার সহপাঠী কি সক্রিয়?,barishal,cate_11,SPK_25,Female
sentence_57.wav,dataset/chunks/barishal/bar_cate_11/sentence_57.wav,আমি আজ শিক্ষকের সঙ্গে কথা বলেছি।,barishal,cate_11,SPK_25,Female
sentence_58.wav,dataset/chunks/barishal/bar_cate_11/sentence_58.wav,স্কুলে আমরা বিভিন্ন cultural অনুষ্ঠান করি।,barishal,cate_11,SPK_25,Female
sentence_59.wav,dataset/chunks/barishal/bar_cate_11/sentence_59.wav,আপনার ক্লাসে কত শিক্ষক আছেন?,barishal,cate_11,SPK_25,Female
sentence_60.wav,dataset/chunks/barishal/bar_cate_11/sentence_60.wav,আমি প্রতিদিন নতুন শব্দ শিখি।,barishal,cate_11,SPK_25,Female
sentence_61.wav,dataset/chunks/barishal/bar_cate_11/sentence_61.wav,পরীক্ষা শেষ হলে আমরা আনন্দ করি।,barishal,cate_11,SPK_25,Female
sentence_62.wav,dataset/chunks/barishal/bar_cate_11/sentence_62.wav,শিক্ষক আজ হোমওয়ার্ক দেখেছেন।,barishal,cate_11,SPK_25,Female
sentence_63.wav,dataset/chunks/barishal/bar_cate_11/sentence_63.wav,আপনার স্কুলে কত লাইব্রেরি আছে?,barishal,cate_11,SPK_25,Female
sentence_64.wav,dataset/chunks/barishal/bar_cate_11/sentence_64.wav,আমরা প্রতিদিন ক্লাসে active থাকি।,barishal,cate_11,SPK_25,Female
sentence_65.wav,dataset/chunks/barishal/bar_cate_11/sentence_65.wav,আমি পরীক্ষার জন্য extra practice করি।,barishal,cate_11,SPK_25,Female
sentence_66.wav,dataset/chunks/barishal/bar_cate_11/sentence_66.wav,শিক্ষক নতুন প্রশ্ন দেখিয়েছেন।,barishal,cate_11,SPK_25,Female
sentence_67.wav,dataset/chunks/barishal/bar_cate_11/sentence_67.wav,আপনার স্কুলের বার্ষিক পরীক্ষা কখন?,barishal,cate_11,SPK_25,Female
sentence_68.wav,dataset/chunks/barishal/bar_cate_11/sentence_68.wav,আমি শিক্ষকের পরামর্শ অনুসরণ করি।,barishal,cate_11,SPK_25,Female
sentence_69.wav,dataset/chunks/barishal/bar_cate_11/sentence_69.wav,আমরা প্রতিদিন assignment করি।,barishal,cate_11,SPK_25,Female
sentence_70.wav,dataset/chunks/barishal/bar_cate_11/sentence_70.wav,আপনার প্রিয় শিক্ষক কে?,barishal,cate_11,SPK_25,Female
sentence_01.wav,dataset/chunks/barishal/bar_cate_12/sentence_01.wav,আজকের মিটিং কবে?,barishal,cate_12,SPK_28,Female
sentence_02.wav,dataset/chunks/barishal/bar_cate_12/sentence_02.wav,আমি আমার রিপোর্ট প্রস্তুত করেছি।,barishal,cate_12,SPK_28,Female
sentence_03.wav,dataset/chunks/barishal/bar_cate_12/sentence_03.wav,অফিসে সময়মতো পৌঁছানো উচিত।,barishal,cate_12,SPK_28,Female
sentence_04.wav,dataset/chunks/barishal/bar_cate_12/sentence_04.wav,আপনার সহকর্মী কি সাহায্য করছে?,barishal,cate_12,SPK_28,Female
sentence_05.wav,dataset/chunks/barishal/bar_cate_12/sentence_05.wav,আমরা নতুন প্রকল্প শুরু করছি।,barishal,cate_12,SPK_28,Female
sentence_06.wav,dataset/chunks/barishal/bar_cate_12/sentence_06.wav,আজ অফিসে কি কাজ আছে?,barishal,cate_12,SPK_28,Female
sentence_07.wav,dataset/chunks/barishal/bar_cate_12/sentence_07.wav,আমার কম্পিউটারে সমস্যা হয়েছে।,barishal,cate_12,SPK_28,Female
sentence_08.wav,dataset/chunks/barishal/bar_cate_12/sentence_08.wav,মিটিংটি কত সময়ের জন্য?,barishal,cate_12,SPK_28,Female
sentence_09.wav,dataset/chunks/barishal/bar_cate_12/sentence_09.wav,আমি প্রেজেন্টেশন প্রস্তুত করছি।,barishal,cate_12,SPK_28,Female
sentence_10.wav,dataset/chunks/barishal/bar_cate_12/sentence_10.wav,আপনি কোন দপ্তরে কাজ করেন?,barishal,cate_12,SPK_28,Female
sentence_11.wav,dataset/chunks/barishal/bar_cate_12/sentence_11.wav,অফিসের সময়সূচি কি?,barishal,cate_12,SPK_28,Female
sentence_12.wav,dataset/chunks/barishal/bar_cate_12/sentence_12.wav,আমি নতুন কর্মচারী প্রশিক্ষণ দিচ্ছি।,barishal,cate_12,SPK_28,Female
sentence_13.wav,dataset/chunks/barishal/bar_cate_12/sentence_13.wav,আজ অফিসে তদারকি করা হয়েছে।,barishal,cate_12,SPK_28,Female
sentence_14.wav,dataset/chunks/barishal/bar_cate_12/sentence_14.wav,আমরা ক্লায়েন্টের সঙ্গে মিটিং করেছি।,barishal,cate_12,SPK_28,Female
sentence_15.wav,dataset/chunks/barishal/bar_cate_12/sentence_15.wav,আমার ল্যাপটপ কাজ করছে না।,barishal,cate_12,SPK_28,Female
sentence_16.wav,dataset/chunks/barishal/bar_cate_12/sentence_16.wav,অফিসের কাজ শেষ হয়েছে।,barishal,cate_12,SPK_28,Female
sentence_17.wav,dataset/chunks/barishal/bar_cate_12/sentence_17.wav,কি ধরনের রিপোর্ট আজ জমা দিতে হবে?,barishal,cate_12,SPK_28,Female
sentence_18.wav,dataset/chunks/barishal/bar_cate_12/sentence_18.wav,আমি ইমেইল পাঠাচ্ছি।,barishal,cate_12,SPK_28,Female
sentence_19.wav,dataset/chunks/barishal/bar_cate_12/sentence_19.wav,অফিসে নতুন নীতি প্রয়োগ করা হয়েছে।,barishal,cate_12,SPK_28,Female
sentence_20.wav,dataset/chunks/barishal/bar_cate_12/sentence_20.wav,আপনার সহকর্মী punctual কি?,barishal,cate_12,SPK_28,Female
sentence_21.wav,dataset/chunks/barishal/bar_cate_12/sentence_21.wav,আমরা অফিসে কাজ ভাগ করেছি।,barishal,cate_12,SPK_28,Female
sentence_22.wav,dataset/chunks/barishal/bar_cate_12/sentence_22.wav,আজ অফিসে কি মিটিং আছে?,barishal,cate_12,SPK_28,Female
sentence_23.wav,dataset/chunks/barishal/bar_cate_12/sentence_23.wav,আমি ক্লায়েন্টের জন্য ডকুমেন্ট তৈরি করছি।,barishal,cate_12,SPK_28,Female
sentence_24.wav,dataset/chunks/barishal/bar_cate_12/sentence_24.wav,অফিসের বাতাস ভালো নেই।,barishal,cate_12,SPK_28,Female
sentence_25.wav,dataset/chunks/barishal/bar_cate_12/sentence_25.wav,আমরা নতুন সফটওয়্যার ব্যবহার করছি।,barishal,cate_12,SPK_28,Female
sentence_26.wav,dataset/chunks/barishal/bar_cate_12/sentence_26.wav,কি কাজ দ্রুত শেষ করতে হবে?,barishal,cate_12,SPK_28,Female
sentence_27.wav,dataset/chunks/barishal/bar_cate_12/sentence_27.wav,আমার ডেস্কে অনেক নথি আছে।,barishal,cate_12,SPK_28,Female
sentence_28.wav,dataset/chunks/barishal/bar_cate_12/sentence_28.wav,অফিসে আজ নতুন অতিথি এসেছেন।,barishal,cate_12,SPK_28,Female
sentence_29.wav,dataset/chunks/barishal/bar_cate_12/sentence_29.wav,আমরা টিম মিটিং করছি।,barishal,cate_12,SPK_28,Female
sentence_30.wav,dataset/chunks/barishal/bar_cate_12/sentence_30.wav,আপনার কাজের অগ্রগতি কেমন?,barishal,cate_12,SPK_28,Female
sentence_31.wav,dataset/chunks/barishal/bar_cate_12/sentence_31.wav,আমি নতুন প্রকল্পের পরিকল্পনা করছি।,barishal,cate_12,SPK_28,Female
sentence_32.wav,dataset/chunks/barishal/bar_cate_12/sentence_32.wav,আজ অফিসে অনেক কাজ হয়েছে।,barishal,cate_12,SPK_28,Female
sentence_33.wav,dataset/chunks/barishal/bar_cate_12/sentence_33.wav,আমি ইমেইল চেক করছি।,barishal,cate_12,SPK_28,Female
sentence_34.wav,dataset/chunks/barishal/bar_cate_12/sentence_34.wav,অফিসের কম্পিউটার আপডেট হয়েছে।,barishal,cate_12,SPK_28,Female
sentence_35.wav,dataset/chunks/barishal/bar_cate_12/sentence_35.wav,আপনি আজ কোন দপ্তরে কাজ করছেন?,barishal,cate_12,SPK_28,Female
sentence_36.wav,dataset/chunks/barishal/bar_cate_12/sentence_36.wav,আমরা নতুন টিম মিটিং শুরু করেছি।,barishal,cate_12,SPK_28,Female
sentence_37.wav,dataset/chunks/barishal/bar_cate_12/sentence_37.wav,কি ধরনের রিপোর্ট শেষ হয়েছে?,barishal,cate_12,SPK_28,Female
sentence_38.wav,dataset/chunks/barishal/bar_cate_12/sentence_38.wav,আমি অফিসের জন্য প্রেজেন্টেশন তৈরি করেছি।,barishal,cate_12,SPK_28,Female
sentence_39.wav,dataset/chunks/barishal/bar_cate_12/sentence_39.wav,আমাদের টিমে নতুন সদস্য যোগ হয়েছে।,barishal,cate_12,SPK_28,Female
sentence_40.wav,dataset/chunks/barishal/bar_cate_12/sentence_40.wav,অফিসের কাজের মান খুব ভালো।,barishal,cate_12,SPK_28,Female
sentence_41.wav,dataset/chunks/barishal/bar_cate_12/sentence_41.wav,আজ অফিসে কি মিটিং শিডিউল আছে?,barishal,cate_12,SPK_28,Female
sentence_42.wav,dataset/chunks/barishal/bar_cate_12/sentence_42.wav,আমি অফিসের ডকুমেন্ট স্ক্যান করছি।,barishal,cate_12,SPK_28,Female
sentence_43.wav,dataset/chunks/barishal/bar_cate_12/sentence_43.wav,আপনার সহকর্মী কি ব্যস্ত?,barishal,cate_12,SPK_28,Female
sentence_44.wav,dataset/chunks/barishal/bar_cate_12/sentence_44.wav,আমরা অফিসে নথি আপডেট করেছি।,barishal,cate_12,SPK_28,Female
sentence_45.wav,dataset/chunks/barishal/bar_cate_12/sentence_45.wav,আজ টিমের সঙ্গে আলোচনা হয়েছে।,barishal,cate_12,SPK_28,Female
sentence_46.wav,dataset/chunks/barishal/bar_cate_12/sentence_46.wav,আমি নতুন কর্মচারীর প্রশিক্ষণ দিচ্ছি।,barishal,cate_12,SPK_28,Female
sentence_47.wav,dataset/chunks/barishal/bar_cate_12/sentence_47.wav,অফিসে নতুন নীতি প্রয়োগ করা হয়েছে।,barishal,cate_12,SPK_28,Female
sentence_48.wav,dataset/chunks/barishal/bar_cate_12/sentence_48.wav,আমার কম্পিউটার হ্যাং করেছে।,barishal,cate_12,SPK_28,Female
sentence_49.wav,dataset/chunks/barishal/bar_cate_12/sentence_49.wav,আমরা ক্লায়েন্টের কাছে প্রজেক্ট প্রেজেন্ট করেছি।,barishal,cate_12,SPK_28,Female
sentence_50.wav,dataset/chunks/barishal/bar_cate_12/sentence_50.wav,আপনার অফিসের সময়সূচি কি?,barishal,cate_12,SPK_28,Female
sentence_51.wav,dataset/chunks/barishal/bar_cate_12/sentence_51.wav,আমি আজ নতুন কাজ শিখছি।,barishal,cate_12,SPK_28,Female
sentence_52.wav,dataset/chunks/barishal/bar_cate_12/sentence_52.wav,অফিসে নিরাপত্তা ব্যবস্থা ভালো।,barishal,cate_12,SPK_28,Female
sentence_53.wav,dataset/chunks/barishal/bar_cate_12/sentence_53.wav,আমরা অফিসে নতুন টুল ব্যবহার করছি।,barishal,cate_12,SPK_28,Female
sentence_54.wav,dataset/chunks/barishal/bar_cate_12/sentence_54.wav,আপনার টিম কি প্রস্তুত?,barishal,cate_12,SPK_28,Female
sentence_55.wav,dataset/chunks/barishal/bar_cate_12/sentence_55.wav,আমি অফিসে অনেক নথি সাজাচ্ছি।,barishal,cate_12,SPK_28,Female
sentence_56.wav,dataset/chunks/barishal/bar_cate_12/sentence_56.wav,আজ অফিসে নতুন প্রকল্পের আলোচনা হয়েছে।,barishal,cate_12,SPK_28,Female
sentence_57.wav,dataset/chunks/barishal/bar_cate_12/sentence_57.wav,আমি আজ টিম মিটিং নিয়ে ব্যস্ত।,barishal,cate_12,SPK_28,Female
sentence_58.wav,dataset/chunks/barishal/bar_cate_12/sentence_58.wav,অফিসে নতুন সফটওয়্যার ইনস্টল করা হয়েছে।,barishal,cate_12,SPK_28,Female
sentence_59.wav,dataset/chunks/barishal/bar_cate_12/sentence_59.wav,কি ধরনের অফিস কাজ শেষ করতে হবে?,barishal,cate_12,SPK_28,Female
sentence_60.wav,dataset/chunks/barishal/bar_cate_12/sentence_60.wav,আমি ক্লায়েন্টের জন্য ডকুমেন্ট প্রস্তুত করছি।,barishal,cate_12,SPK_28,Female
sentence_61.wav,dataset/chunks/barishal/bar_cate_12/sentence_61.wav,অফিসে আজ অনেক ইমেইল এসেছে।,barishal,cate_12,SPK_28,Female
sentence_62.wav,dataset/chunks/barishal/bar_cate_12/sentence_62.wav,আমাদের টিমের সদস্য সক্রিয়।,barishal,cate_12,SPK_28,Female
sentence_63.wav,dataset/chunks/barishal/bar_cate_12/sentence_63.wav,আমি অফিসে নতুন প্রকল্প পরিকল্পনা করছি।,barishal,cate_12,SPK_28,Female
sentence_64.wav,dataset/chunks/barishal/bar_cate_12/sentence_64.wav,আজ অফিসে অনেক visitors এসেছে।,barishal,cate_12,SPK_28,Female
sentence_65.wav,dataset/chunks/barishal/bar_cate_12/sentence_65.wav,অফিসে meeting room প্রস্তুত।,barishal,cate_12,SPK_28,Female
sentence_66.wav,dataset/chunks/barishal/bar_cate_12/sentence_66.wav,আমি অফিসের জন্য রিপোর্ট তৈরি করেছি।,barishal,cate_12,SPK_28,Female
sentence_67.wav,dataset/chunks/barishal/bar_cate_12/sentence_67.wav,আমরা নতুন guidelines মেনে চলছি।,barishal,cate_12,SPK_28,Female
sentence_68.wav,dataset/chunks/barishal/bar_cate_12/sentence_68.wav,অফিসে কাজের চাপ বেশি।,barishal,cate_12,SPK_28,Female
sentence_69.wav,dataset/chunks/barishal/bar_cate_12/sentence_69.wav,আমি ক্লায়েন্টের সাথে discussion করেছি।,barishal,cate_12,SPK_28,Female
sentence_70.wav,dataset/chunks/barishal/bar_cate_12/sentence_70.wav,আমাদের অফিসের পরিবেশ খুব ভালো।,barishal,cate_12,SPK_28,Female
sentence_01.wav,dataset/chunks/barishal/bar_cate_13/sentence_01.wav,এই ফোনের দাম কত?,barishal,cate_13,SPK_28,Female
sentence_02.wav,dataset/chunks/barishal/bar_cate_13/sentence_02.wav,আমি নতুন ল্যাপটপ কিনতে চাই।,barishal,cate_13,SPK_28,Female
sentence_03.wav,dataset/chunks/barishal/bar_cate_13/sentence_03.wav,এই চার্জার কি original?,barishal,cate_13,SPK_28,Female
sentence_04.wav,dataset/chunks/barishal/bar_cate_13/sentence_04.wav,SIM কার্ড কীভাবে নিতে হবে?,barishal,cate_13,SPK_28,Female
sentence_05.wav,dataset/chunks/barishal/bar_cate_13/sentence_05.wav,এই ফোনের warranty কত দিন?,barishal,cate_13,SPK_28,Female
sentence_06.wav,dataset/chunks/barishal/bar_cate_13/sentence_06.wav,আমি একটা হেডফোন চাই।,barishal,cate_13,SPK_28,Female
sentence_07.wav,dataset/chunks/barishal/bar_cate_13/sentence_07.wav,এই ফোনে camera ভালো কি?,barishal,cate_13,SPK_28,Female
sentence_08.wav,dataset/chunks/barishal/bar_cate_13/sentence_08.wav,আপনার দোকানে laptop আছে কি?,barishal,cate_13,SPK_28,Female
sentence_09.wav,dataset/chunks/barishal/bar_cate_13/sentence_09.wav,এই চার্জার কত voltage?,barishal,cate_13,SPK_28,Female
sentence_10.wav,dataset/chunks/barishal/bar_cate_13/sentence_10.wav,আমি ফোন comparison করতে চাই।,barishal,cate_13,SPK_28,Female
sentence_11.wav,dataset/chunks/barishal/bar_cate_13/sentence_11.wav,এই ফোনের color কোনটি আছে?,barishal,cate_13,SPK_28,Female
sentence_12.wav,dataset/chunks/barishal/bar_cate_13/sentence_12.wav,SIM card activate করতে কত সময় লাগে?,barishal,cate_13,SPK_28,Female
sentence_13.wav,dataset/chunks/barishal/bar_cate_13/sentence_13.wav,এই ফোনের storage কত GB?,barishal,cate_13,SPK_28,Female
sentence_14.wav,dataset/chunks/barishal/bar_cate_13/sentence_14.wav,আমি power bank চাই।,barishal,cate_13,SPK_28,Female
sentence_15.wav,dataset/chunks/barishal/bar_cate_13/sentence_15.wav,ফোনে নতুন app install করতে পারি কি?,barishal,cate_13,SPK_28,Female
sentence_16.wav,dataset/chunks/barishal/bar_cate_13/sentence_16.wav,এই দোকানে accessories পাওয়া যায়?,barishal,cate_13,SPK_28,Female
sentence_17.wav,dataset/chunks/barishal/bar_cate_13/sentence_17.wav,এই laptop lightweight কি?,barishal,cate_13,SPK_28,Female
sentence_18.wav,dataset/chunks/barishal/bar_cate_13/sentence_18.wav,ফোনের screen protector বিক্রি হয় কি?,barishal,cate_13,SPK_28,Female
sentence_19.wav,dataset/chunks/barishal/bar_cate_13/sentence_19.wav,SIM card recharge করা যায় কি?,barishal,cate_13,SPK_28,Female
sentence_20.wav,dataset/chunks/barishal/bar_cate_13/sentence_20.wav,আমি refurbished phone কিনতে চাই না।,barishal,cate_13,SPK_28,Female
sentence_21.wav,dataset/chunks/barishal/bar_cate_13/sentence_21.wav,ফোনের battery কতক্ষণ চলে?,barishal,cate_13,SPK_28,Female
sentence_22.wav,dataset/chunks/barishal/bar_cate_13/sentence_22.wav,আমি এই smartwatch কিনতে চাই।,barishal,cate_13,SPK_28,Female
sentence_23.wav,dataset/chunks/barishal/bar_cate_13/sentence_23.wav,ফোনের brand কোনটি?,barishal,cate_13,SPK_28,Female
sentence_24.wav,dataset/chunks/barishal/bar_cate_13/sentence_24.wav,এই charger fast charging support করে কি?,barishal,cate_13,SPK_28,Female
sentence_25.wav,dataset/chunks/barishal/bar_cate_13/sentence_25.wav,আমি laptop comparison দেখতে চাই।,barishal,cate_13,SPK_28,Female
sentence_26.wav,dataset/chunks/barishal/bar_cate_13/sentence_26.wav,ফোনের memory card slot আছে কি?,barishal,cate_13,SPK_28,Female
sentence_27.wav,dataset/chunks/barishal/bar_cate_13/sentence_27.wav,SIM card registration করতে কি লাগবে?,barishal,cate_13,SPK_28,Female
sentence_28.wav,dataset/chunks/barishal/bar_cate_13/sentence_28.wav,আমি wireless earphones চাই।,barishal,cate_13,SPK_28,Female
sentence_29.wav,dataset/chunks/barishal/bar_cate_13/sentence_29.wav,এই phone case waterproof কি?,barishal,cate_13,SPK_28,Female
sentence_30.wav,dataset/chunks/barishal/bar_cate_13/sentence_30.wav,আপনার দোকানে projector আছে কি?,barishal,cate_13,SPK_28,Female
sentence_31.wav,dataset/chunks/barishal/bar_cate_13/sentence_31.wav,ফোনের software update হয়েছে কি?,barishal,cate_13,SPK_28,Female
sentence_32.wav,dataset/chunks/barishal/bar_cate_13/sentence_32.wav,আমি gaming laptop দেখতে চাই।,barishal,cate_13,SPK_28,Female
sentence_33.wav,dataset/chunks/barishal/bar_cate_13/sentence_33.wav,ফোনে dual SIM support আছে কি?,barishal,cate_13,SPK_28,Female
sentence_34.wav,dataset/chunks/barishal/bar_cate_13/sentence_34.wav,এই power bank কত mAh?,barishal,cate_13,SPK_28,Female
sentence_35.wav,dataset/chunks/barishal/bar_cate_13/sentence_35.wav,আমি Bluetooth speaker কিনতে চাই।,barishal,cate_13,SPK_28,Female
sentence_36.wav,dataset/chunks/barishal/bar_cate_13/sentence_36.wav,ফোনের price negotiable কি?,barishal,cate_13,SPK_28,Female
sentence_37.wav,dataset/chunks/barishal/bar_cate_13/sentence_37.wav,আমি USB cable চাই।,barishal,cate_13,SPK_28,Female
sentence_38.wav,dataset/chunks/barishal/bar_cate_13/sentence_38.wav,এই tablet lightweight কি?,barishal,cate_13,SPK_28,Female
sentence_39.wav,dataset/chunks/barishal/bar_cate_13/sentence_39.wav,SIM card portability করতে পারি কি?,barishal,cate_13,SPK_28,Female
sentence_40.wav,dataset/chunks/barishal/bar_cate_13/sentence_40.wav,ফোনের warranty card আছে কি?,barishal,cate_13,SPK_28,Female
sentence_41.wav,dataset/chunks/barishal/bar_cate_13/sentence_41.wav,আমি refurbished laptop চাই না।,barishal,cate_13,SPK_28,Female
sentence_42.wav,dataset/chunks/barishal/bar_cate_13/sentence_42.wav,ফোনের charger original কি?,barishal,cate_13,SPK_28,Female
sentence_43.wav,dataset/chunks/barishal/bar_cate_13/sentence_43.wav,আমি tablet accessories চাই।,barishal,cate_13,SPK_28,Female
sentence_44.wav,dataset/chunks/barishal/bar_cate_13/sentence_44.wav,ফোনের camera resolution কত?,barishal,cate_13,SPK_28,Female
sentence_45.wav,dataset/chunks/barishal/bar_cate_13/sentence_45.wav,আমি portable hard drive চাই।,barishal,cate_13,SPK_28,Female
sentence_46.wav,dataset/chunks/barishal/bar_cate_13/sentence_46.wav,ফোনে earphone jack আছে কি?,barishal,cate_13,SPK_28,Female
sentence_47.wav,dataset/chunks/barishal/bar_cate_13/sentence_47.wav,SIM card online recharge করা যায় কি?,barishal,cate_13,SPK_28,Female
sentence_48.wav,dataset/chunks/barishal/bar_cate_13/sentence_48.wav,আমি laptop bag কিনতে চাই।,barishal,cate_13,SPK_28,Female
sentence_49.wav,dataset/chunks/barishal/bar_cate_13/sentence_49.wav,ফোনের display কত inch?,barishal,cate_13,SPK_28,Female
sentence_50.wav,dataset/chunks/barishal/bar_cate_13/sentence_50.wav,আমি smart home device কিনতে চাই।,barishal,cate_13,SPK_28,Female
sentence_51.wav,dataset/chunks/barishal/bar_cate_13/sentence_51.wav,এই charger compatible কি?,barishal,cate_13,SPK_28,Female
sentence_52.wav,dataset/chunks/barishal/bar_cate_13/sentence_52.wav,ফোনের processor কত GHz?,barishal,cate_13,SPK_28,Female
sentence_53.wav,dataset/chunks/barishal/bar_cate_13/sentence_53.wav,আমি wireless mouse চাই।,barishal,cate_13,SPK_28,Female
sentence_54.wav,dataset/chunks/barishal/bar_cate_13/sentence_54.wav,ফোনের screen size বড় কি?,barishal,cate_13,SPK_28,Female
sentence_55.wav,dataset/chunks/barishal/bar_cate_13/sentence_55.wav,SIM card balance check করতে পারি কি?,barishal,cate_13,SPK_28,Female
sentence_56.wav,dataset/chunks/barishal/bar_cate_13/sentence_56.wav,আমি laptop stand চাই।,barishal,cate_13,SPK_28,Female
sentence_57.wav,dataset/chunks/barishal/bar_cate_13/sentence_57.wav,ফোনে fingerprint sensor আছে কি?,barishal,cate_13,SPK_28,Female
sentence_58.wav,dataset/chunks/barishal/bar_cate_13/sentence_58.wav,আমি external keyboard চাই।,barishal,cate_13,SPK_28,Female
sentence_59.wav,dataset/chunks/barishal/bar_cate_13/sentence_59.wav,ফোনের battery replace করতে হয় কি?,barishal,cate_13,SPK_28,Female
sentence_60.wav,dataset/chunks/barishal/bar_cate_13/sentence_60.wav,আমি smartwatch strap চাই।,barishal,cate_13,SPK_28,Female
sentence_61.wav,dataset/chunks/barishal/bar_cate_13/sentence_61.wav,ফোনের price range কি?,barishal,cate_13,SPK_28,Female
sentence_62.wav,dataset/chunks/barishal/bar_cate_13/sentence_62.wav,আমি gaming console কিনতে চাই।,barishal,cate_13,SPK_28,Female
sentence_63.wav,dataset/chunks/barishal/bar_cate_13/sentence_63.wav,ফোনে dual camera আছে কি?,barishal,cate_13,SPK_28,Female
sentence_64.wav,dataset/chunks/barishal/bar_cate_13/sentence_64.wav,আমি USB hub চাই।,barishal,cate_13,SPK_28,Female
sentence_65.wav,dataset/chunks/barishal/bar_cate_13/sentence_65.wav,ফোনের warranty কত বছর?,barishal,cate_13,SPK_28,Female
sentence_66.wav,dataset/chunks/barishal/bar_cate_13/sentence_66.wav,আমি laptop charger চাই।,barishal,cate_13,SPK_28,Female
sentence_67.wav,dataset/chunks/barishal/bar_cate_13/sentence_67.wav,ফোনের weight কত?,barishal,cate_13,SPK_28,Female
sentence_68.wav,dataset/chunks/barishal/bar_cate_13/sentence_68.wav,আমি HDMI cable চাই।,barishal,cate_13,SPK_28,Female
sentence_69.wav,dataset/chunks/barishal/bar_cate_13/sentence_69.wav,ফোনের software version আপডেট হয়েছে কি?,barishal,cate_13,SPK_28,Female
sentence_70.wav,dataset/chunks/barishal/bar_cate_13/sentence_70.wav,আমি smart speaker কিনতে চাই।,barishal,cate_13,SPK_28,Female
sentence_01.wav,dataset/chunks/barishal/bar_cate_14/sentence_01.wav,অনুগ্রহ করে দরজা বন্ধ করবেন।,barishal,cate_14,SPK_22,Female
sentence_02.wav,dataset/chunks/barishal/bar_cate_14/sentence_02.wav,দয়া করে আমাকে সাহায্য করুন।,barishal,cate_14,SPK_22,Female
sentence_03.wav,dataset/chunks/barishal/bar_cate_14/sentence_03.wav,আপনি কি আমাকে বইটা দিতে পারেন?,barishal,cate_14,SPK_22,Female
sentence_04.wav,dataset/chunks/barishal/bar_cate_14/sentence_04.wav,অনুগ্রহ করে ধীরে কথা বলুন।,barishal,cate_14,SPK_22,Female
sentence_05.wav,dataset/chunks/barishal/bar_cate_14/sentence_05.wav,দয়া করে এখানে বসুন।,barishal,cate_14,SPK_22,Female
sentence_06.wav,dataset/chunks/barishal/bar_cate_14/sentence_06.wav,আপনি কি আমার জন্য অপেক্ষা করতে পারেন?,barishal,cate_14,SPK_22,Female
sentence_07.wav,dataset/chunks/barishal/bar_cate_14/sentence_07.wav,অনুগ্রহ করে আবার বলুন।,barishal,cate_14,SPK_22,Female
sentence_08.wav,dataset/chunks/barishal/bar_cate_14/sentence_08.wav,আপনি কি আমাকে রাস্তা দেখাতে পারেন?,barishal,cate_14,SPK_22,Female
sentence_09.wav,dataset/chunks/barishal/bar_cate_14/sentence_09.wav,দয়া করে ফোন ব্যবহার করবেন না।,barishal,cate_14,SPK_22,Female
sentence_10.wav,dataset/chunks/barishal/bar_cate_14/sentence_10.wav,আপনি কি আমার জন্য এটি কিনতে পারবেন?,barishal,cate_14,SPK_22,Female
sentence_11.wav,dataset/chunks/barishal/bar_cate_14/sentence_11.wav,অনুগ্রহ করে আমাকে মনে করিয়ে দিন।,barishal,cate_14,SPK_22,Female
sentence_12.wav,dataset/chunks/barishal/bar_cate_14/sentence_12.wav,আপনি কি আমাকে ছবি তুলতে সাহায্য করবেন?,barishal,cate_14,SPK_22,Female
sentence_13.wav,dataset/chunks/barishal/bar_cate_14/sentence_13.wav,দয়া করে আমাকে অপেক্ষা করতে দিন।,barishal,cate_14,SPK_22,Female
sentence_14.wav,dataset/chunks/barishal/bar_cate_14/sentence_14.wav,অনুগ্রহ করে দরজা খুলে দিন।,barishal,cate_14,SPK_22,Female
sentence_15.wav,dataset/chunks/barishal/bar_cate_14/sentence_15.wav,আপনি কি আমার জন্য কাজটি করতে পারেন?,barishal,cate_14,SPK_22,Female
sentence_16.wav,dataset/chunks/barishal/bar_cate_14/sentence_16.wav,দয়া করে শব্দ কমান।,barishal,cate_14,SPK_22,Female
sentence_17.wav,dataset/chunks/barishal/bar_cate_14/sentence_17.wav,আপনি কি আমাকে জিজ্ঞাসা করতে পারবেন?,barishal,cate_14,SPK_22,Female
sentence_18.wav,dataset/chunks/barishal/bar_cate_14/sentence_18.wav,অনুগ্রহ করে আমাকে আসতে দিন।,barishal,cate_14,SPK_22,Female
sentence_19.wav,dataset/chunks/barishal/bar_cate_14/sentence_19.wav,আপনি কি আমার সঙ্গে কথা বলবেন?,barishal,cate_14,SPK_22,Female
sentence_20.wav,dataset/chunks/barishal/bar_cate_14/sentence_20.wav,দয়া করে আমার দিকে তাকান।,barishal,cate_14,SPK_22,Female
sentence_21.wav,dataset/chunks/barishal/bar_cate_14/sentence_21.wav,অনুগ্রহ করে আমাকে সময় দিন।,barishal,cate_14,SPK_22,Female
sentence_22.wav,dataset/chunks/barishal/bar_cate_14/sentence_22.wav,আপনি কি আমাকে সাহায্য করতে পারেন?,barishal,cate_14,SPK_22,Female
sentence_23.wav,dataset/chunks/barishal/bar_cate_14/sentence_23.wav,দয়া করে আমাকে এটি বোঝান।,barishal,cate_14,SPK_22,Female
sentence_24.wav,dataset/chunks/barishal/bar_cate_14/sentence_24.wav,অনুগ্রহ করে এটিকে ধরুন।,barishal,cate_14,SPK_22,Female
sentence_25.wav,dataset/chunks/barishal/bar_cate_14/sentence_25.wav,আপনি কি আমাকে তথ্য দিতে পারেন?,barishal,cate_14,SPK_22,Female
sentence_26.wav,dataset/chunks/barishal/bar_cate_14/sentence_26.wav,দয়া করে এখানে আসুন।,barishal,cate_14,SPK_22,Female
sentence_27.wav,dataset/chunks/barishal/bar_cate_14/sentence_27.wav,অনুগ্রহ করে আমাকে অপেক্ষা করতে বলুন।,barishal,cate_14,SPK_22,Female
sentence_28.wav,dataset/chunks/barishal/bar_cate_14/sentence_28.wav,আপনি কি আমাকে রাস্তা দেখাবেন?,barishal,cate_14,SPK_22,Female
sentence_29.wav,dataset/chunks/barishal/bar_cate_14/sentence_29.wav,দয়া করে আমার জন্য অপেক্ষা করুন।,barishal,cate_14,SPK_22,Female
sentence_30.wav,dataset/chunks/barishal/bar_cate_14/sentence_30.wav,অনুগ্রহ করে আমাকে সাহায্য করতে বলুন।,barishal,cate_14,SPK_22,Female
sentence_31.wav,dataset/chunks/barishal/bar_cate_14/sentence_31.wav,আপনি কি আমার জন্য এটি আনবেন?,barishal,cate_14,SPK_22,Female
sentence_32.wav,dataset/chunks/barishal/bar_cate_14/sentence_32.wav,দয়া করে আমাকে বসতে দিন।,barishal,cate_14,SPK_22,Female
sentence_33.wav,dataset/chunks/barishal/bar_cate_14/sentence_33.wav,অনুগ্রহ করে আমাকে এটি দেখান।,barishal,cate_14,SPK_22,Female
sentence_34.wav,dataset/chunks/barishal/bar_cate_14/sentence_34.wav,আপনি কি আমার সঙ্গে খাবেন?,barishal,cate_14,SPK_22,Female
sentence_35.wav,dataset/chunks/barishal/bar_cate_14/sentence_35.wav,দয়া করে ধৈর্য ধরুন।,barishal,cate_14,SPK_22,Female
sentence_36.wav,dataset/chunks/barishal/bar_cate_14/sentence_36.wav,অনুগ্রহ করে আমাকে ফোন দিন।,barishal,cate_14,SPK_22,Female
sentence_37.wav,dataset/chunks/barishal/bar_cate_14/sentence_37.wav,আপনি কি আমার জন্য অপেক্ষা করবেন?,barishal,cate_14,SPK_22,Female
sentence_38.wav,dataset/chunks/barishal/bar_cate_14/sentence_38.wav,দয়া করে এটি খুলুন।,barishal,cate_14,SPK_22,Female
sentence_39.wav,dataset/chunks/barishal/bar_cate_14/sentence_39.wav,অনুগ্রহ করে এটি বন্ধ করুন।,barishal,cate_14,SPK_22,Female
sentence_40.wav,dataset/chunks/barishal/bar_cate_14/sentence_40.wav,আপনি কি আমাকে নির্দেশ দিতে পারেন?,barishal,cate_14,SPK_22,Female
sentence_41.wav,dataset/chunks/barishal/bar_cate_14/sentence_41.wav,দয়া করে আমার কথা শোনুন।,barishal,cate_14,SPK_22,Female
sentence_42.wav,dataset/chunks/barishal/bar_cate_14/sentence_42.wav,অনুগ্রহ করে আমাকে সময় দিন।,barishal,cate_14,SPK_22,Female
sentence_43.wav,dataset/chunks/barishal/bar_cate_14/sentence_43.wav,আপনি কি আমার জন্য এটি আনবেন?,barishal,cate_14,SPK_22,Female
sentence_44.wav,dataset/chunks/barishal/bar_cate_14/sentence_44.wav,দয়া করে আমাকে সাহায্য করতে বলুন।,barishal,cate_14,SPK_22,Female
sentence_45.wav,dataset/chunks/barishal/bar_cate_14/sentence_45.wav,অনুগ্রহ করে আমাকে অনুমতি দিন।,barishal,cate_14,SPK_22,Female
sentence_46.wav,dataset/chunks/barishal/bar_cate_14/sentence_46.wav,আপনি কি আমাকে রাস্তা দেখাবেন?,barishal,cate_14,SPK_22,Female
sentence_47.wav,dataset/chunks/barishal/bar_cate_14/sentence_47.wav,দয়া করে এখানে বসুন।,barishal,cate_14,SPK_22,Female
sentence_48.wav,dataset/chunks/barishal/bar_cate_14/sentence_48.wav,অনুগ্রহ করে এটি নিন।,barishal,cate_14,SPK_22,Female
sentence_49.wav,dataset/chunks/barishal/bar_cate_14/sentence_49.wav,আপনি কি আমাকে এটি দেবেন?,barishal,cate_14,SPK_22,Female
sentence_50.wav,dataset/chunks/barishal/bar_cate_14/sentence_50.wav,দয়া করে আমাকে সঙ্গে নিয়ে যান।,barishal,cate_14,SPK_22,Female
sentence_51.wav,dataset/chunks/barishal/bar_cate_14/sentence_51.wav,অনুগ্রহ করে আমাকে বলুন।,barishal,cate_14,SPK_22,Female
sentence_52.wav,dataset/chunks/barishal/bar_cate_14/sentence_52.wav,আপনি কি আমার জন্য অপেক্ষা করতে পারবেন?,barishal,cate_14,SPK_22,Female
sentence_53.wav,dataset/chunks/barishal/bar_cate_14/sentence_53.wav,দয়া করে এটি পরীক্ষা করুন।,barishal,cate_14,SPK_22,Female
sentence_54.wav,dataset/chunks/barishal/bar_cate_14/sentence_54.wav,অনুগ্রহ করে আমাকে এটি লিখে দিন।,barishal,cate_14,SPK_22,Female
sentence_55.wav,dataset/chunks/barishal/bar_cate_14/sentence_55.wav,আপনি কি আমার জন্য এটি করতে পারেন?,barishal,cate_14,SPK_22,Female
sentence_56.wav,dataset/chunks/barishal/bar_cate_14/sentence_56.wav,দয়া করে আমার সঙ্গে যোগাযোগ করুন।,barishal,cate_14,SPK_22,Female
sentence_57.wav,dataset/chunks/barishal/bar_cate_14/sentence_57.wav,অনুগ্রহ করে আমাকে সহায়তা করুন।,barishal,cate_14,SPK_22,Female
sentence_58.wav,dataset/chunks/barishal/bar_cate_14/sentence_58.wav,আপনি কি আমাকে এটি দেখাবেন?,barishal,cate_14,SPK_22,Female
sentence_59.wav,dataset/chunks/barishal/bar_cate_14/sentence_59.wav,দয়া করে আমার জন্য অপেক্ষা করুন।,barishal,cate_14,SPK_22,Female
sentence_60.wav,dataset/chunks/barishal/bar_cate_14/sentence_60.wav,অনুগ্রহ করে আমাকে সাহায্য করুন।,barishal,cate_14,SPK_22,Female
sentence_61.wav,dataset/chunks/barishal/bar_cate_14/sentence_61.wav,আপনি কি আমাকে সাহায্য করবেন?,barishal,cate_14,SPK_22,Female
sentence_62.wav,dataset/chunks/barishal/bar_cate_14/sentence_62.wav,দয়া করে আমাকে এটি বুঝতে দিন।,barishal,cate_14,SPK_22,Female
sentence_63.wav,dataset/chunks/barishal/bar_cate_14/sentence_63.wav,অনুগ্রহ করে এটি রাখুন।,barishal,cate_14,SPK_22,Female
sentence_64.wav,dataset/chunks/barishal/bar_cate_14/sentence_64.wav,আপনি কি আমাকে অনুমতি দেবেন?,barishal,cate_14,SPK_22,Female
sentence_65.wav,dataset/chunks/barishal/bar_cate_14/sentence_65.wav,দয়া করে আমাকে এটি আনতে দিন।,barishal,cate_14,SPK_22,Female
sentence_66.wav,dataset/chunks/barishal/bar_cate_14/sentence_66.wav,অনুগ্রহ করে আমাকে নির্দেশ দিন।,barishal,cate_14,SPK_22,Female
sentence_67.wav,dataset/chunks/barishal/bar_cate_14/sentence_67.wav,আপনি কি আমাকে এটি আনবেন?,barishal,cate_14,SPK_22,Female
sentence_68.wav,dataset/chunks/barishal/bar_cate_14/sentence_68.wav,দয়া করে আমাকে সাহায্য করতে বলুন।,barishal,cate_14,SPK_22,Female
sentence_69.wav,dataset/chunks/barishal/bar_cate_14/sentence_69.wav,অনুগ্রহ করে এটি আমার জন্য রাখুন।,barishal,cate_14,SPK_22,Female
sentence_70.wav,dataset/chunks/barishal/bar_cate_14/sentence_70.wav,আপনি কি আমার জন্য অপেক্ষা করতে পারবেন?,barishal,cate_14,SPK_22,Female
sentence_01.wav,dataset/chunks/barishal/bar_cate_15/sentence_01.wav,আমি সকাল ৬টায় উঠি।,barishal,cate_15,SPK_22,Female
sentence_02.wav,dataset/chunks/barishal/bar_cate_15/sentence_02.wav,তুমি কি বাজারে যাচ্ছো?,barishal,cate_15,SPK_22,Female
sentence_03.wav,dataset/chunks/barishal/bar_cate_15/sentence_03.wav,আমি ভাত রান্না করছি।,barishal,cate_15,SPK_22,Female
sentence_04.wav,dataset/chunks/barishal/bar_cate_15/sentence_04.wav,আমরা প্রতিদিন হাঁটতে যাই।,barishal,cate_15,SPK_22,Female
sentence_05.wav,dataset/chunks/barishal/bar_cate_15/sentence_05.wav,তুমি কি আজ শপিং করতে যাবে?,barishal,cate_15,SPK_22,Female
sentence_06.wav,dataset/chunks/barishal/bar_cate_15/sentence_06.wav,আমি ব্যাগ প্যাক করছি।,barishal,cate_15,SPK_22,Female
sentence_07.wav,dataset/chunks/barishal/bar_cate_15/sentence_07.wav,তুমি কি সকালে নাশতা করেছো?,barishal,cate_15,SPK_22,Female
sentence_08.wav,dataset/chunks/barishal/bar_cate_15/sentence_08.wav,আমি লন্ড্রি করছি।,barishal,cate_15,SPK_22,Female
sentence_09.wav,dataset/chunks/barishal/bar_cate_15/sentence_09.wav,তুমি কি সিনেমা দেখতে যাবে?,barishal,cate_15,SPK_22,Female
sentence_10.wav,dataset/chunks/barishal/bar_cate_15/sentence_10.wav,আমি বই পড়ছি।,barishal,cate_15,SPK_22,Female
sentence_11.wav,dataset/chunks/barishal/bar_cate_15/sentence_11.wav,তুমি কি চা খাবে?,barishal,cate_15,SPK_22,Female
sentence_12.wav,dataset/chunks/barishal/bar_cate_15/sentence_12.wav,আমি বাসায় ক্লিনিং করছি।,barishal,cate_15,SPK_22,Female
sentence_13.wav,dataset/chunks/barishal/bar_cate_15/sentence_13.wav,তুমি কি বাজারে নতুন সবজি পেয়েছো?,barishal,cate_15,SPK_22,Female
sentence_14.wav,dataset/chunks/barishal/bar_cate_15/sentence_14.wav,আমি শুতে যাচ্ছি।,barishal,cate_15,SPK_22,Female
sentence_15.wav,dataset/chunks/barishal/bar_cate_15/sentence_15.wav,আমরা সকালে দৌড়াচ্ছি।,barishal,cate_15,SPK_22,Female
sentence_16.wav,dataset/chunks/barishal/bar_cate_15/sentence_16.wav,তুমি কি কাজ শেষ করেছো?,barishal,cate_15,SPK_22,Female
sentence_17.wav,dataset/chunks/barishal/bar_cate_15/sentence_17.wav,আমি দুপুরের খাবার খাচ্ছি।,barishal,cate_15,SPK_22,Female
sentence_18.wav,dataset/chunks/barishal/bar_cate_15/sentence_18.wav,তুমি কি কুকিং করতে জানো?,barishal,cate_15,SPK_22,Female
sentence_19.wav,dataset/chunks/barishal/bar_cate_15/sentence_19.wav,আমি দোকান যাচ্ছি।,barishal,cate_15,SPK_22,Female
sentence_20.wav,dataset/chunks/barishal/bar_cate_15/sentence_20.wav,তুমি কি আজ বাড়িতে থাকছো?,barishal,cate_15,SPK_22,Female
sentence_21.wav,dataset/chunks/barishal/bar_cate_15/sentence_21.wav,আমি টিভি দেখছি।,barishal,cate_15,SPK_22,Female
sentence_22.wav,dataset/chunks/barishal/bar_cate_15/sentence_22.wav,তুমি কি সাইকেল চালাচ্ছো?,barishal,cate_15,SPK_22,Female
sentence_23.wav,dataset/chunks/barishal/bar_cate_15/sentence_23.wav,আমি জামাকাপড় ধরছি।,barishal,cate_15,SPK_22,Female
sentence_24.wav,dataset/chunks/barishal/bar_cate_15/sentence_24.wav,তুমি কি বাজার থেকে দুধ এনেছো?,barishal,cate_15,SPK_22,Female
sentence_25.wav,dataset/chunks/barishal/bar_cate_15/sentence_25.wav,আমি রাতে ঘুমাতে যাচ্ছি।,barishal,cate_15,SPK_22,Female
sentence_26.wav,dataset/chunks/barishal/bar_cate_15/sentence_26.wav,তুমি কি সকাল ৭টায় উঠে আসবে?,barishal,cate_15,SPK_22,Female
sentence_27.wav,dataset/chunks/barishal/bar_cate_15/sentence_27.wav,আমি রান্নাঘরে কাজ করছি।,barishal,cate_15,SPK_22,Female
sentence_28.wav,dataset/chunks/barishal/bar_cate_15/sentence_28.wav,তুমি কি বাজারে কোন মাংস কিনেছো?,barishal,cate_15,SPK_22,Female
sentence_29.wav,dataset/chunks/barishal/bar_cate_15/sentence_29.wav,আমি দুপুরে বিশ্রাম নিচ্ছি।,barishal,cate_15,SPK_22,Female
sentence_30.wav,dataset/chunks/barishal/bar_cate_15/sentence_30.wav,তুমি কি সন্ধ্যায় হাঁটবে?,barishal,cate_15,SPK_22,Female
sentence_31.wav,dataset/chunks/barishal/bar_cate_15/sentence_31.wav,আমি কফি বানাচ্ছি।,barishal,cate_15,SPK_22,Female
sentence_32.wav,dataset/chunks/barishal/bar_cate_15/sentence_32.wav,তুমি কি নিত্যদিন সকালে জগিং করো?,barishal,cate_15,SPK_22,Female
sentence_33.wav,dataset/chunks/barishal/bar_cate_15/sentence_33.wav,আমি দুধ ফুটাচ্ছি।,barishal,cate_15,SPK_22,Female
sentence_34.wav,dataset/chunks/barishal/bar_cate_15/sentence_34.wav,তুমি কি চা খেতে চাও?,barishal,cate_15,SPK_22,Female
sentence_35.wav,dataset/chunks/barishal/bar_cate_15/sentence_35.wav,আমি বাজারে যাচ্ছি।,barishal,cate_15,SPK_22,Female
sentence_36.wav,dataset/chunks/barishal/bar_cate_15/sentence_36.wav,তুমি কি বই পড়ছো?,barishal,cate_15,SPK_22,Female
sentence_37.wav,dataset/chunks/barishal/bar_cate_15/sentence_37.wav,আমি বাড়ি ঝাড়ু দিচ্ছি।,barishal,cate_15,SPK_22,Female
sentence_38.wav,dataset/chunks/barishal/bar_cate_15/sentence_38.wav,তুমি কি দুপুরের খাবার খেয়েছো?,barishal,cate_15,SPK_22,Female
sentence_39.wav,dataset/chunks/barishal/bar_cate_15/sentence_39.wav,আমি সবজি কাটছি।,barishal,cate_15,SPK_22,Female
sentence_40.wav,dataset/chunks/barishal/bar_cate_15/sentence_40.wav,তুমি কি রাতে শুবে?,barishal,cate_15,SPK_22,Female
sentence_41.wav,dataset/chunks/barishal/bar_cate_15/sentence_41.wav,আমি কলম ও কাগজ সাজাচ্ছি।,barishal,cate_15,SPK_22,Female
sentence_42.wav,dataset/chunks/barishal/bar_cate_15/sentence_42.wav,তুমি কি আজ রান্না করছো?,barishal,cate_15,SPK_22,Female
sentence_43.wav,dataset/chunks/barishal/bar_cate_15/sentence_43.wav,আমি কাপড় ধুয়ে শুকাচ্ছি।,barishal,cate_15,SPK_22,Female
sentence_44.wav,dataset/chunks/barishal/bar_cate_15/sentence_44.wav,তুমি কি বাজারে নতুন ফল এনেছো?,barishal,cate_15,SPK_22,Female
sentence_45.wav,dataset/chunks/barishal/bar_cate_15/sentence_45.wav,আমি সকালের নাশতা খাচ্ছি।,barishal,cate_15,SPK_22,Female
sentence_46.wav,dataset/chunks/barishal/bar_cate_15/sentence_46.wav,তুমি কি আজ ঘুম বেশি করেছো?,barishal,cate_15,SPK_22,Female
sentence_47.wav,dataset/chunks/barishal/bar_cate_15/sentence_47.wav,আমি খাবার টেবিলে বসছি।,barishal,cate_15,SPK_22,Female
sentence_48.wav,dataset/chunks/barishal/bar_cate_15/sentence_48.wav,তুমি কি বাইরে যাচ্ছো?,barishal,cate_15,SPK_22,Female
sentence_49.wav,dataset/chunks/barishal/bar_cate_15/sentence_49.wav,আমি ফ্রিজে খাবার রাখছি।,barishal,cate_15,SPK_22,Female
sentence_50.wav,dataset/chunks/barishal/bar_cate_15/sentence_50.wav,তুমি কি বাজারে যাবার আগে তালিকা লিখেছো?,barishal,cate_15,SPK_22,Female
sentence_51.wav,dataset/chunks/barishal/bar_cate_15/sentence_51.wav,আমি সকালে ব্যায়াম করছি।,barishal,cate_15,SPK_22,Female
sentence_52.wav,dataset/chunks/barishal/bar_cate_15/sentence_52.wav,তুমি কি দুপুরে ঘুমাবে?,barishal,cate_15,SPK_22,Female
sentence_53.wav,dataset/chunks/barishal/bar_cate_15/sentence_53.wav,আমি কাপড় ধরছি।,barishal,cate_15,SPK_22,Female
sentence_54.wav,dataset/chunks/barishal/bar_cate_15/sentence_54.wav,তুমি কি রান্না শেষ করেছো?,barishal,cate_15,SPK_22,Female
sentence_55.wav,dataset/chunks/barishal/bar_cate_15/sentence_55.wav,আমি বাজার থেকে শাক-সবজি এনেছি।,barishal,cate_15,SPK_22,Female
sentence_56.wav,dataset/chunks/barishal/bar_cate_15/sentence_56.wav,তুমি কি ঘরে কাজ করছো?,barishal,cate_15,SPK_22,Female
sentence_57.wav,dataset/chunks/barishal/bar_cate_15/sentence_57.wav,আমি দুপুরে চা খাচ্ছি।,barishal,cate_15,SPK_22,Female
sentence_58.wav,dataset/chunks/barishal/bar_cate_15/sentence_58.wav,তুমি কি রাতের খাবার খাবে?,barishal,cate_15,SPK_22,Female
sentence_59.wav,dataset/chunks/barishal/bar_cate_15/sentence_59.wav,আমি সকালের লিস্ট অনুযায়ী কাজ করছি।,barishal,cate_15,SPK_22,Female
sentence_60.wav,dataset/chunks/barishal/bar_cate_15/sentence_60.wav,তুমি কি বাজার থেকে দুধ এনেছো?,barishal,cate_15,SPK_22,Female
sentence_61.wav,dataset/chunks/barishal/bar_cate_15/sentence_61.wav,আমি সকালে উঠে হাঁটতে যাই।,barishal,cate_15,SPK_22,Female
sentence_62.wav,dataset/chunks/barishal/bar_cate_15/sentence_62.wav,তুমি কি ফ্রিজ খোলেছো?,barishal,cate_15,SPK_22,Female
sentence_63.wav,dataset/chunks/barishal/bar_cate_15/sentence_63.wav,আমি বালিশ ধরছি।,barishal,cate_15,SPK_22,Female
sentence_64.wav,dataset/chunks/barishal/bar_cate_15/sentence_64.wav,তুমি কি রান্না করতে চাও?,barishal,cate_15,SPK_22,Female
sentence_65.wav,dataset/chunks/barishal/bar_cate_15/sentence_65.wav,আমি কাপড় লন্ড্রি করছি।,barishal,cate_15,SPK_22,Female
sentence_66.wav,dataset/chunks/barishal/bar_cate_15/sentence_66.wav,তুমি কি বাজারে নতুন রুটি কিনেছো?,barishal,cate_15,SPK_22,Female
sentence_67.wav,dataset/chunks/barishal/bar_cate_15/sentence_67.wav,আমি রাতের খাবার প্রস্তুত করছি।,barishal,cate_15,SPK_22,Female
sentence_68.wav,dataset/chunks/barishal/bar_cate_15/sentence_68.wav,তুমি কি শপিং করতে যাচ্ছো?,barishal,cate_15,SPK_22,Female
sentence_69.wav,dataset/chunks/barishal/bar_cate_15/sentence_69.wav,আমি খোলা আকাশের নিচে হাঁটছি।,barishal,cate_15,SPK_22,Female
sentence_70.wav,dataset/chunks/barishal/bar_cate_15/sentence_70.wav,তুমি কি আজ সকাল থেকে ব্যস্ত?,barishal,cate_15,SPK_22,Female
sentence_01.wav,dataset/chunks/barishal/bar_cate_16/sentence_01.wav,আমার ফোন কাজ করছে না।,barishal,cate_16,SPK_20,Male
sentence_02.wav,dataset/chunks/barishal/bar_cate_16/sentence_02.wav,বাস ধীর গতিতে চলছে।,barishal,cate_16,SPK_20,Male
sentence_03.wav,dataset/chunks/barishal/bar_cate_16/sentence_03.wav,আমি বিল ঠিকমত পাইনি।,barishal,cate_16,SPK_20,Male
sentence_04.wav,dataset/chunks/barishal/bar_cate_16/sentence_04.wav,পানির চাপ খুব কম।,barishal,cate_16,SPK_20,Male
sentence_05.wav,dataset/chunks/barishal/bar_cate_16/sentence_05.wav,ইন্টারনেট সংযোগ স্থিতিশীল নয়।,barishal,cate_16,SPK_20,Male
sentence_06.wav,dataset/chunks/barishal/bar_cate_16/sentence_06.wav,দোকানে সব পণ্য শেষ।,barishal,cate_16,SPK_20,Male
sentence_07.wav,dataset/chunks/barishal/bar_cate_16/sentence_07.wav,বাতি জ্বলে না।,barishal,cate_16,SPK_20,Male
sentence_08.wav,dataset/chunks/barishal/bar_cate_16/sentence_08.wav,আমি চা খুব গরম পেয়েছি।,barishal,cate_16,SPK_20,Male
sentence_09.wav,dataset/chunks/barishal/bar_cate_16/sentence_09.wav,রিকশা খুব দেরি করছে।,barishal,cate_16,SPK_20,Male
sentence_10.wav,dataset/chunks/barishal/bar_cate_16/sentence_10.wav,লিফট বন্ধ।,barishal,cate_16,SPK_20,Male
sentence_11.wav,dataset/chunks/barishal/bar_cate_16/sentence_11.wav,আমার অ্যাপ্লিকেশন ক্র্যাশ করছে।,barishal,cate_16,SPK_20,Male
sentence_12.wav,dataset/chunks/barishal/bar_cate_16/sentence_12.wav,এই গাড়ি তেল টপ আপ করছে না।,barishal,cate_16,SPK_20,Male
sentence_13.wav,dataset/chunks/barishal/bar_cate_16/sentence_13.wav,বাসে অনেক ভিড়।,barishal,cate_16,SPK_20,Male
sentence_14.wav,dataset/chunks/barishal/bar_cate_16/sentence_14.wav,আমি খাবার ঠিকমত পাইনি।,barishal,cate_16,SPK_20,Male
sentence_15.wav,dataset/chunks/barishal/bar_cate_16/sentence_15.wav,রাস্তায় অনেক ধুলো।,barishal,cate_16,SPK_20,Male
sentence_16.wav,dataset/chunks/barishal/bar_cate_16/sentence_16.wav,আমার কম্পিউটার হ্যাং করেছে।,barishal,cate_16,SPK_20,Male
sentence_17.wav,dataset/chunks/barishal/bar_cate_16/sentence_17.wav,ফোনের ব্যাটারি দ্রুত শেষ হচ্ছে।,barishal,cate_16,SPK_20,Male
sentence_18.wav,dataset/chunks/barishal/bar_cate_16/sentence_18.wav,দোকানের হেডফোন খারাপ।,barishal,cate_16,SPK_20,Male
sentence_19.wav,dataset/chunks/barishal/bar_cate_16/sentence_19.wav,রিকশাচালক দেরি করছে।,barishal,cate_16,SPK_20,Male
sentence_20.wav,dataset/chunks/barishal/bar_cate_16/sentence_20.wav,পানির ট্যাংক ফাঁকা।,barishal,cate_16,SPK_20,Male
sentence_21.wav,dataset/chunks/barishal/bar_cate_16/sentence_21.wav,বাসে এয়ার কন্ডিশনার কাজ করছে না।,barishal,cate_16,SPK_20,Male
sentence_22.wav,dataset/chunks/barishal/bar_cate_16/sentence_22.wav,আমার Wi-Fi কানেকশন গড়বড়।,barishal,cate_16,SPK_20,Male
sentence_23.wav,dataset/chunks/barishal/bar_cate_16/sentence_23.wav,দোকানের কাস্টমার সার্ভিস খারাপ।,barishal,cate_16,SPK_20,Male
sentence_24.wav,dataset/chunks/barishal/bar_cate_16/sentence_24.wav,বাতি ঠিকমত জ্বলে না।,barishal,cate_16,SPK_20,Male
sentence_25.wav,dataset/chunks/barishal/bar_cate_16/sentence_25.wav,খাবারের স্বাদ খারাপ।,barishal,cate_16,SPK_20,Male
sentence_26.wav,dataset/chunks/barishal/bar_cate_16/sentence_26.wav,লিফট খুব ধীরে চলছে।,barishal,cate_16,SPK_20,Male
sentence_27.wav,dataset/chunks/barishal/bar_cate_16/sentence_27.wav,আমার মোবাইল চার্জ হচ্ছে না।,barishal,cate_16,SPK_20,Male
sentence_28.wav,dataset/chunks/barishal/bar_cate_16/sentence_28.wav,বাসের ভাড়া বেশি।,barishal,cate_16,SPK_20,Male
sentence_29.wav,dataset/chunks/barishal/bar_cate_16/sentence_29.wav,দোকানে পণ্য ভালো মানের নয়।,barishal,cate_16,SPK_20,Male
sentence_30.wav,dataset/chunks/barishal/bar_cate_16/sentence_30.wav,রাস্তায় যানজট বেশি।,barishal,cate_16,SPK_20,Male
sentence_31.wav,dataset/chunks/barishal/bar_cate_16/sentence_31.wav,আমি আমার টিকেট হারিয়েছি।,barishal,cate_16,SPK_20,Male
sentence_32.wav,dataset/chunks/barishal/bar_cate_16/sentence_32.wav,খাবারের পরিমাণ কম।,barishal,cate_16,SPK_20,Male
sentence_33.wav,dataset/chunks/barishal/bar_cate_16/sentence_33.wav,আমার কম্পিউটার ধীরগতিতে চলছে।,barishal,cate_16,SPK_20,Male
sentence_34.wav,dataset/chunks/barishal/bar_cate_16/sentence_34.wav,রিকশা খুব পুরোনো।,barishal,cate_16,SPK_20,Male
sentence_35.wav,dataset/chunks/barishal/bar_cate_16/sentence_35.wav,দোকানে নতুন পণ্য নেই।,barishal,cate_16,SPK_20,Male
sentence_36.wav,dataset/chunks/barishal/bar_cate_16/sentence_36.wav,ফোনের সিম কাজ করছে না।,barishal,cate_16,SPK_20,Male
sentence_37.wav,dataset/chunks/barishal/bar_cate_16/sentence_37.wav,বাসে বসার জায়গা নেই।,barishal,cate_16,SPK_20,Male
sentence_38.wav,dataset/chunks/barishal/bar_cate_16/sentence_38.wav,পানির স্বাদ খারাপ।,barishal,cate_16,SPK_20,Male
sentence_39.wav,dataset/chunks/barishal/bar_cate_16/sentence_39.wav,লিফটে শব্দ করছে।,barishal,cate_16,SPK_20,Male
sentence_40.wav,dataset/chunks/barishal/bar_cate_16/sentence_40.wav,দোকানের দাম বেশি।,barishal,cate_16,SPK_20,Male
sentence_41.wav,dataset/chunks/barishal/bar_cate_16/sentence_41.wav,খাবারের স্বাদ পরিবর্তন হয়েছে।,barishal,cate_16,SPK_20,Male
sentence_42.wav,dataset/chunks/barishal/bar_cate_16/sentence_42.wav,আমার ল্যাপটপ হ্যাং করছে।,barishal,cate_16,SPK_20,Male
sentence_43.wav,dataset/chunks/barishal/bar_cate_16/sentence_43.wav,বাসে লোকজন অনেক।,barishal,cate_16,SPK_20,Male
sentence_44.wav,dataset/chunks/barishal/bar_cate_16/sentence_44.wav,রাস্তায় খোলা গর্ত।,barishal,cate_16,SPK_20,Male
sentence_45.wav,dataset/chunks/barishal/bar_cate_16/sentence_45.wav,দোকানে কোনো বিক্রয়কর্মী নেই।,barishal,cate_16,SPK_20,Male
sentence_46.wav,dataset/chunks/barishal/bar_cate_16/sentence_46.wav,আমার ফোন ব্যাটারি নষ্ট।,barishal,cate_16,SPK_20,Male
sentence_47.wav,dataset/chunks/barishal/bar_cate_16/sentence_47.wav,খাবার খুব ঠান্ডা।,barishal,cate_16,SPK_20,Male
sentence_48.wav,dataset/chunks/barishal/bar_cate_16/sentence_48.wav,লিফট খুব দ্রুত চলেছে।,barishal,cate_16,SPK_20,Male
sentence_49.wav,dataset/chunks/barishal/bar_cate_16/sentence_49.wav,রিকশা বাসার সামনে দাঁড়ায় না।,barishal,cate_16,SPK_20,Male
sentence_50.wav,dataset/chunks/barishal/bar_cate_16/sentence_50.wav,দোকানে পরিষ্কার নেই।,barishal,cate_16,SPK_20,Male
sentence_51.wav,dataset/chunks/barishal/bar_cate_16/sentence_51.wav,বাস স্ট্যান্ড দূরে।,barishal,cate_16,SPK_20,Male
sentence_52.wav,dataset/chunks/barishal/bar_cate_16/sentence_52.wav,আমার কম্পিউটার হঠাৎ বন্ধ হয়ে গেছে।,barishal,cate_16,SPK_20,Male
sentence_53.wav,dataset/chunks/barishal/bar_cate_16/sentence_53.wav,ফোনে নেটওয়ার্ক নেই।,barishal,cate_16,SPK_20,Male
sentence_54.wav,dataset/chunks/barishal/bar_cate_16/sentence_54.wav,খাবারের স্বাদ ভালো নয়।,barishal,cate_16,SPK_20,Male
sentence_55.wav,dataset/chunks/barishal/bar_cate_16/sentence_55.wav,লিফট লক হয়ে গেছে।,barishal,cate_16,SPK_20,Male
sentence_56.wav,dataset/chunks/barishal/bar_cate_16/sentence_56.wav,দোকানের হেডফোন ব্রেক।,barishal,cate_16,SPK_20,Male
sentence_57.wav,dataset/chunks/barishal/bar_cate_16/sentence_57.wav,রিকশাচালক রাস্তায় নেই।,barishal,cate_16,SPK_20,Male
sentence_58.wav,dataset/chunks/barishal/bar_cate_16/sentence_58.wav,বাসে শীত নেই।,barishal,cate_16,SPK_20,Male
sentence_59.wav,dataset/chunks/barishal/bar_cate_16/sentence_59.wav,আমার ফোন হ্যাং করছে।,barishal,cate_16,SPK_20,Male
sentence_60.wav,dataset/chunks/barishal/bar_cate_16/sentence_60.wav,দোকানে সঠিক দাম নেই।,barishal,cate_16,SPK_20,Male
sentence_61.wav,dataset/chunks/barishal/bar_cate_16/sentence_61.wav,খাবারের স্বাদ খুব ঝাল।,barishal,cate_16,SPK_20,Male
sentence_62.wav,dataset/chunks/barishal/bar_cate_16/sentence_62.wav,লিফট বেজে যাচ্ছে।,barishal,cate_16,SPK_20,Male
sentence_63.wav,dataset/chunks/barishal/bar_cate_16/sentence_63.wav,আমার ল্যাপটপ কাজ করছে না।,barishal,cate_16,SPK_20,Male
sentence_64.wav,dataset/chunks/barishal/bar_cate_16/sentence_64.wav,দোকানের পণ্য ভাঙা।,barishal,cate_16,SPK_20,Male
sentence_65.wav,dataset/chunks/barishal/bar_cate_16/sentence_65.wav,রিকশা দূরে গেছে।,barishal,cate_16,SPK_20,Male
sentence_66.wav,dataset/chunks/barishal/bar_cate_16/sentence_66.wav,বাস সময়মতো আসেনি।,barishal,cate_16,SPK_20,Male
sentence_67.wav,dataset/chunks/barishal/bar_cate_16/sentence_67.wav,আমার মোবাইল নেটওয়ার্ক নেই।,barishal,cate_16,SPK_20,Male
sentence_68.wav,dataset/chunks/barishal/bar_cate_16/sentence_68.wav,দোকানের সার্ভিস খারাপ।,barishal,cate_16,SPK_20,Male
sentence_69.wav,dataset/chunks/barishal/bar_cate_16/sentence_69.wav,খাবারের পরিমাণ কম।,barishal,cate_16,SPK_20,Male
sentence_70.wav,dataset/chunks/barishal/bar_cate_16/sentence_70.wav,লিফট খুব ধীরে চলছে।,barishal,cate_16,SPK_20,Male
sentence_01.wav,dataset/chunks/barishal/bar_cate_17/sentence_01.wav,আমি একটি নতুন ব্যাংক অ্যাকাউন্ট খুলতে চাই।,barishal,cate_17,SPK_20,Male
sentence_02.wav,dataset/chunks/barishal/bar_cate_17/sentence_02.wav,আমার অ্যাকাউন্ট ব্যালেন্স কত?,barishal,cate_17,SPK_20,Male
sentence_03.wav,dataset/chunks/barishal/bar_cate_17/sentence_03.wav,আমি টাকা পাঠাতে চাই।,barishal,cate_17,SPK_20,Male
sentence_04.wav,dataset/chunks/barishal/bar_cate_17/sentence_04.wav,ATM কার্ড কোথায় পাব?,barishal,cate_17,SPK_20,Male
sentence_05.wav,dataset/chunks/barishal/bar_cate_17/sentence_05.wav,আমি বিকাশে টাকা পাঠাতে চাই।,barishal,cate_17,SPK_20,Male
sentence_06.wav,dataset/chunks/barishal/bar_cate_17/sentence_06.wav,চেক জমা দিতে হবে কি?,barishal,cate_17,SPK_20,Male
sentence_07.wav,dataset/chunks/barishal/bar_cate_17/sentence_07.wav,ব্যাংকের সময়সূচি কী?,barishal,cate_17,SPK_20,Male
sentence_08.wav,dataset/chunks/barishal/bar_cate_17/sentence_08.wav,আমি একটি লোন নিতে চাই।,barishal,cate_17,SPK_20,Male
sentence_09.wav,dataset/chunks/barishal/bar_cate_17/sentence_09.wav,ATM কাজ করছে না।,barishal,cate_17,SPK_20,Male
sentence_10.wav,dataset/chunks/barishal/bar_cate_17/sentence_10.wav,আমি অনলাইন ব্যাংকিং করতে চাই।,barishal,cate_17,SPK_20,Male
sentence_11.wav,dataset/chunks/barishal/bar_cate_17/sentence_11.wav,আমার অ্যাকাউন্টে টাকা ঢুকেনি।,barishal,cate_17,SPK_20,Male
sentence_12.wav,dataset/chunks/barishal/bar_cate_17/sentence_12.wav,ব্যাংক খোলা আছে কি?,barishal,cate_17,SPK_20,Male
sentence_13.wav,dataset/chunks/barishal/bar_cate_17/sentence_13.wav,আমি একটি ডেবিট কার্ড চাই।,barishal,cate_17,SPK_20,Male
sentence_14.wav,dataset/chunks/barishal/bar_cate_17/sentence_14.wav,বিকাশে ট্রান্সফার সফল হয়েছে কি?,barishal,cate_17,SPK_20,Male
sentence_15.wav,dataset/chunks/barishal/bar_cate_17/sentence_15.wav,আমি ক্রেডিট কার্ড আবেদন করতে চাই।,barishal,cate_17,SPK_20,Male
sentence_16.wav,dataset/chunks/barishal/bar_cate_17/sentence_16.wav,ATM থেকে কত টাকা তুলতে পারি?,barishal,cate_17,SPK_20,Male
sentence_17.wav,dataset/chunks/barishal/bar_cate_17/sentence_17.wav,আমার পিন ভুল হয়েছে।,barishal,cate_17,SPK_20,Male
sentence_18.wav,dataset/chunks/barishal/bar_cate_17/sentence_18.wav,ব্যাংক ফি কত?,barishal,cate_17,SPK_20,Male
sentence_19.wav,dataset/chunks/barishal/bar_cate_17/sentence_19.wav,আমি চেকবই চাই।,barishal,cate_17,SPK_20,Male
sentence_20.wav,dataset/chunks/barishal/bar_cate_17/sentence_20.wav,বিকাশে লেনদেন কতক্ষণ সময় নেয়?,barishal,cate_17,SPK_20,Male
sentence_21.wav,dataset/chunks/barishal/bar_cate_17/sentence_21.wav,আমি টাকা তুলতে চাই।,barishal,cate_17,SPK_20,Male
sentence_22.wav,dataset/chunks/barishal/bar_cate_17/sentence_22.wav,আমার অ্যাকাউন্ট ব্লক হয়েছে।,barishal,cate_17,SPK_20,Male
sentence_23.wav,dataset/chunks/barishal/bar_cate_17/sentence_23.wav,ব্যাংকিং সেবা ভালো কি?,barishal,cate_17,SPK_20,Male
sentence_24.wav,dataset/chunks/barishal/bar_cate_17/sentence_24.wav,আমি ফান্ড ট্রান্সফার করতে চাই।,barishal,cate_17,SPK_20,Male
sentence_25.wav,dataset/chunks/barishal/bar_cate_17/sentence_25.wav,ATM কোথায় আছে?,barishal,cate_17,SPK_20,Male
sentence_26.wav,dataset/chunks/barishal/bar_cate_17/sentence_26.wav,আমার ডেবিট কার্ড হারিয়েছে।,barishal,cate_17,SPK_20,Male
sentence_27.wav,dataset/chunks/barishal/bar_cate_17/sentence_27.wav,আমি বিকাশ ব্যালেন্স চেক করতে চাই।,barishal,cate_17,SPK_20,Male
sentence_28.wav,dataset/chunks/barishal/bar_cate_17/sentence_28.wav,ব্যাংক অ্যাকাউন্ট কতদিনে খোলা হয়?,barishal,cate_17,SPK_20,Male
sentence_29.wav,dataset/chunks/barishal/bar_cate_17/sentence_29.wav,আমি মোবাইল ব্যাংকিং ব্যবহার করতে চাই।,barishal,cate_17,SPK_20,Male
sentence_30.wav,dataset/chunks/barishal/bar_cate_17/sentence_30.wav,আমি টাকা পাঠিয়েছি কিন্তু পাওয়া যায়নি।,barishal,cate_17,SPK_20,Male
sentence_31.wav,dataset/chunks/barishal/bar_cate_17/sentence_31.wav,আমি লোন পরিশোধ করতে চাই।,barishal,cate_17,SPK_20,Male
sentence_32.wav,dataset/chunks/barishal/bar_cate_17/sentence_32.wav,ATM থেকে টাকা তুলতে সমস্যা।,barishal,cate_17,SPK_20,Male
sentence_33.wav,dataset/chunks/barishal/bar_cate_17/sentence_33.wav,ব্যাংকের চেক অনুমোদিত হয়েছে কি?,barishal,cate_17,SPK_20,Male
sentence_34.wav,dataset/chunks/barishal/bar_cate_17/sentence_34.wav,আমি বিকাশে টাকা জমা দিতে চাই।,barishal,cate_17,SPK_20,Male
sentence_35.wav,dataset/chunks/barishal/bar_cate_17/sentence_35.wav,আমার ক্রেডিট কার্ড লিমিট কত?,barishal,cate_17,SPK_20,Male
sentence_36.wav,dataset/chunks/barishal/bar_cate_17/sentence_36.wav,আমি ব্যাংক খোলা আছে কিনা জানতে চাই।,barishal,cate_17,SPK_20,Male
sentence_37.wav,dataset/chunks/barishal/bar_cate_17/sentence_37.wav,আমার অ্যাকাউন্ট নম্বর ভুল।,barishal,cate_17,SPK_20,Male
sentence_38.wav,dataset/chunks/barishal/bar_cate_17/sentence_38.wav,আমি ফান্ড রিসিভ করতে পারছি না।,barishal,cate_17,SPK_20,Male
sentence_39.wav,dataset/chunks/barishal/bar_cate_17/sentence_39.wav,ব্যাংক সেবা ধীর।,barishal,cate_17,SPK_20,Male
sentence_40.wav,dataset/chunks/barishal/bar_cate_17/sentence_40.wav,আমি বিকাশের পিন পরিবর্তন করতে চাই।,barishal,cate_17,SPK_20,Male
sentence_41.wav,dataset/chunks/barishal/bar_cate_17/sentence_41.wav,আমি একটি ট্রান্সফার করতে চাই।,barishal,cate_17,SPK_20,Male
sentence_42.wav,dataset/chunks/barishal/bar_cate_17/sentence_42.wav,ব্যাংকের কনসাল্ট্যান্ট কোথায় আছে?,barishal,cate_17,SPK_20,Male
sentence_43.wav,dataset/chunks/barishal/bar_cate_17/sentence_43.wav,আমার অ্যাকাউন্টে লেনদেন দেখা যায় না।,barishal,cate_17,SPK_20,Male
sentence_44.wav,dataset/chunks/barishal/bar_cate_17/sentence_44.wav,আমি নতুন ATM কার্ড চাই।,barishal,cate_17,SPK_20,Male
sentence_45.wav,dataset/chunks/barishal/bar_cate_17/sentence_45.wav,বিকাশে লেনদেন বাতিল হয়েছে।,barishal,cate_17,SPK_20,Male
sentence_46.wav,dataset/chunks/barishal/bar_cate_17/sentence_46.wav,ব্যাংকের চেক যাচাই হয়েছে কি?,barishal,cate_17,SPK_20,Male
sentence_47.wav,dataset/chunks/barishal/bar_cate_17/sentence_47.wav,আমি ফান্ড ট্রান্সফার করতে পারছি না।,barishal,cate_17,SPK_20,Male
sentence_48.wav,dataset/chunks/barishal/bar_cate_17/sentence_48.wav,আমার অ্যাকাউন্টে টাকা কমেছে।,barishal,cate_17,SPK_20,Male
sentence_49.wav,dataset/chunks/barishal/bar_cate_17/sentence_49.wav,আমি লোন স্ট্যাটাস জানতে চাই।,barishal,cate_17,SPK_20,Male
sentence_50.wav,dataset/chunks/barishal/bar_cate_17/sentence_50.wav,ATM খুব ব্যস্ত।,barishal,cate_17,SPK_20,Male
sentence_51.wav,dataset/chunks/barishal/bar_cate_17/sentence_51.wav,আমি বিকাশে নতুন নাম্বার রেজিস্টার করতে চাই।,barishal,cate_17,SPK_20,Male
sentence_52.wav,dataset/chunks/barishal/bar_cate_17/sentence_52.wav,ব্যাংকের ফি খুব বেশি।,barishal,cate_17,SPK_20,Male
sentence_53.wav,dataset/chunks/barishal/bar_cate_17/sentence_53.wav,আমি অনলাইন পেমেন্ট করতে চাই।,barishal,cate_17,SPK_20,Male
sentence_54.wav,dataset/chunks/barishal/bar_cate_17/sentence_54.wav,আমার অ্যাকাউন্টে লেনদেন বন্ধ।,barishal,cate_17,SPK_20,Male
sentence_55.wav,dataset/chunks/barishal/bar_cate_17/sentence_55.wav,আমি চেক জমা দিতে পারছি না।,barishal,cate_17,SPK_20,Male
sentence_56.wav,dataset/chunks/barishal/bar_cate_17/sentence_56.wav,বিকাশে টাকা স্থানান্তর করতে সমস্যা।,barishal,cate_17,SPK_20,Male
sentence_57.wav,dataset/chunks/barishal/bar_cate_17/sentence_57.wav,ব্যাংকের সময়সূচি পরিবর্তন হয়েছে।,barishal,cate_17,SPK_20,Male
sentence_58.wav,dataset/chunks/barishal/bar_cate_17/sentence_58.wav,আমি ক্রেডিট কার্ড একটিভ করতে চাই।,barishal,cate_17,SPK_20,Male
sentence_59.wav,dataset/chunks/barishal/bar_cate_17/sentence_59.wav,আমার লোন অ্যাপ্লিকেশন পেন্ডিং আছে।,barishal,cate_17,SPK_20,Male
sentence_60.wav,dataset/chunks/barishal/bar_cate_17/sentence_60.wav,ATM থেকে লেনদেন বাতিল হয়েছে।,barishal,cate_17,SPK_20,Male
sentence_61.wav,dataset/chunks/barishal/bar_cate_17/sentence_61.wav,আমি বিকাশে টাকা রিফান্ড চাই।,barishal,cate_17,SPK_20,Male
sentence_62.wav,dataset/chunks/barishal/bar_cate_17/sentence_62.wav,ব্যাংকের সার্ভিস খারাপ।,barishal,cate_17,SPK_20,Male
sentence_63.wav,dataset/chunks/barishal/bar_cate_17/sentence_63.wav,আমি আমার অ্যাকাউন্ট বন্ধ করতে চাই।,barishal,cate_17,SPK_20,Male
sentence_64.wav,dataset/chunks/barishal/bar_cate_17/sentence_64.wav,আমার ডেবিট কার্ড ব্লক হয়েছে।,barishal,cate_17,SPK_20,Male
sentence_65.wav,dataset/chunks/barishal/bar_cate_17/sentence_65.wav,আমি ফান্ড রিসিভ করতে পারছি না।,barishal,cate_17,SPK_20,Male
sentence_66.wav,dataset/chunks/barishal/bar_cate_17/sentence_66.wav,ব্যাংকের লাইন অনেক লম্বা।,barishal,cate_17,SPK_20,Male
sentence_67.wav,dataset/chunks/barishal/bar_cate_17/sentence_67.wav,আমি ক্রেডিট কার্ড বন্ধ করতে চাই।,barishal,cate_17,SPK_20,Male
sentence_68.wav,dataset/chunks/barishal/bar_cate_17/sentence_68.wav,আমার অ্যাকাউন্টে টাকা জমা হয়নি।,barishal,cate_17,SPK_20,Male
sentence_69.wav,dataset/chunks/barishal/bar_cate_17/sentence_69.wav,আমি বিকাশে লেনদেনের হিস্ট্রি দেখতে চাই।,barishal,cate_17,SPK_20,Male
sentence_70.wav,dataset/chunks/barishal/bar_cate_17/sentence_70.wav,ব্যাংকের লোন প্রক্রিয়া ধীর।,barishal,cate_17,SPK_20,Male
sentence_01.wav,dataset/chunks/barishal/bar_cate_18/sentence_01.wav,আমি খুব খুশি।,barishal,cate_18,SPK_41,Female
sentence_02.wav,dataset/chunks/barishal/bar_cate_18/sentence_02.wav,তুমি কীভাবে অনুভব করছো?,barishal,cate_18,SPK_41,Female
sentence_03.wav,dataset/chunks/barishal/bar_cate_18/sentence_03.wav,আমি দুঃখিত।,barishal,cate_18,SPK_41,Female
sentence_04.wav,dataset/chunks/barishal/bar_cate_18/sentence_04.wav,এটা সত্যিই দুঃখজনক।,barishal,cate_18,SPK_41,Female
sentence_05.wav,dataset/chunks/barishal/bar_cate_18/sentence_05.wav,আমি রাগান্বিত।,barishal,cate_18,SPK_41,Female
sentence_06.wav,dataset/chunks/barishal/bar_cate_18/sentence_06.wav,তুমি কেন রাগ করছো?,barishal,cate_18,SPK_41,Female
sentence_07.wav,dataset/chunks/barishal/bar_cate_18/sentence_07.wav,আমি উত্তেজিত।,barishal,cate_18,SPK_41,Female
sentence_08.wav,dataset/chunks/barishal/bar_cate_18/sentence_08.wav,এটা আমার জন্য আশ্চর্যজনক।,barishal,cate_18,SPK_41,Female
sentence_09.wav,dataset/chunks/barishal/bar_cate_18/sentence_09.wav,আমি ভীত।,barishal,cate_18,SPK_41,Female
sentence_10.wav,dataset/chunks/barishal/bar_cate_18/sentence_10.wav,তুমি কেন ভয় পাচ্ছো?,barishal,cate_18,SPK_41,Female
sentence_11.wav,dataset/chunks/barishal/bar_cate_18/sentence_11.wav,আমি দারুণ খুশি।,barishal,cate_18,SPK_41,Female
sentence_12.wav,dataset/chunks/barishal/bar_cate_18/sentence_12.wav,এটা সত্যিই আমাকে কষ্ট দিচ্ছে।,barishal,cate_18,SPK_41,Female
sentence_13.wav,dataset/chunks/barishal/bar_cate_18/sentence_13.wav,আমি হতাশ।,barishal,cate_18,SPK_41,Female
sentence_14.wav,dataset/chunks/barishal/bar_cate_18/sentence_14.wav,তুমি খুব আনন্দিত দেখাচ্ছো।,barishal,cate_18,SPK_41,Female
sentence_15.wav,dataset/chunks/barishal/bar_cate_18/sentence_15.wav,আমি অবাক।,barishal,cate_18,SPK_41,Female
sentence_16.wav,dataset/chunks/barishal/bar_cate_18/sentence_16.wav,এটা আমার জন্য দুঃসংবাদ।,barishal,cate_18,SPK_41,Female
sentence_17.wav,dataset/chunks/barishal/bar_cate_18/sentence_17.wav,আমি খুব দুঃখিত।,barishal,cate_18,SPK_41,Female
sentence_18.wav,dataset/chunks/barishal/bar_cate_18/sentence_18.wav,তুমি কি খুশি?,barishal,cate_18,SPK_41,Female
sentence_19.wav,dataset/chunks/barishal/bar_cate_18/sentence_19.wav,আমি উত্তেজিত অনুভব করছি।,barishal,cate_18,SPK_41,Female
sentence_20.wav,dataset/chunks/barishal/bar_cate_18/sentence_20.wav,আমি রাগান্বিত হয়ে যাচ্ছি।,barishal,cate_18,SPK_41,Female
sentence_21.wav,dataset/chunks/barishal/bar_cate_18/sentence_21.wav,এটা সত্যিই অবাক করা।,barishal,cate_18,SPK_41,Female
sentence_22.wav,dataset/chunks/barishal/bar_cate_18/sentence_22.wav,"আমি দুঃখিত, এটা আমার দোষ।",barishal,cate_18,SPK_41,Female
sentence_23.wav,dataset/chunks/barishal/bar_cate_18/sentence_23.wav,তুমি কেমন অনুভব করছো?,barishal,cate_18,SPK_41,Female
sentence_24.wav,dataset/chunks/barishal/bar_cate_18/sentence_24.wav,আমি শান্ত।,barishal,cate_18,SPK_41,Female
sentence_25.wav,dataset/chunks/barishal/bar_cate_18/sentence_25.wav,এটা আমাকে আনন্দিত করছে।,barishal,cate_18,SPK_41,Female
sentence_26.wav,dataset/chunks/barishal/bar_cate_18/sentence_26.wav,আমি চিন্তিত।,barishal,cate_18,SPK_41,Female
sentence_27.wav,dataset/chunks/barishal/bar_cate_18/sentence_27.wav,আমি হতাশ হয়ে যাচ্ছি।,barishal,cate_18,SPK_41,Female
sentence_28.wav,dataset/chunks/barishal/bar_cate_18/sentence_28.wav,তুমি রাগান্বিত না তো?,barishal,cate_18,SPK_41,Female
sentence_29.wav,dataset/chunks/barishal/bar_cate_18/sentence_29.wav,আমি সত্যিই আনন্দিত।,barishal,cate_18,SPK_41,Female
sentence_30.wav,dataset/chunks/barishal/bar_cate_18/sentence_30.wav,এটা আমাকে বিরক্ত করছে।,barishal,cate_18,SPK_41,Female
sentence_31.wav,dataset/chunks/barishal/bar_cate_18/sentence_31.wav,আমি অবাক হয়ে গেলাম।,barishal,cate_18,SPK_41,Female
sentence_32.wav,dataset/chunks/barishal/bar_cate_18/sentence_32.wav,আমি খুব ভীত।,barishal,cate_18,SPK_41,Female
sentence_33.wav,dataset/chunks/barishal/bar_cate_18/sentence_33.wav,তুমি আনন্দিত দেখাচ্ছো।,barishal,cate_18,SPK_41,Female
sentence_34.wav,dataset/chunks/barishal/bar_cate_18/sentence_34.wav,আমি হতাশ অনুভব করছি।,barishal,cate_18,SPK_41,Female
sentence_35.wav,dataset/chunks/barishal/bar_cate_18/sentence_35.wav,আমি রাগান্বিত হয়ে গিয়েছি।,barishal,cate_18,SPK_41,Female
sentence_36.wav,dataset/chunks/barishal/bar_cate_18/sentence_36.wav,এটা আমাকে আনন্দ দিচ্ছে।,barishal,cate_18,SPK_41,Female
sentence_37.wav,dataset/chunks/barishal/bar_cate_18/sentence_37.wav,আমি উদ্বিগ্ন।,barishal,cate_18,SPK_41,Female
sentence_38.wav,dataset/chunks/barishal/bar_cate_18/sentence_38.wav,তুমি কেন দুঃখিত?,barishal,cate_18,SPK_41,Female
sentence_39.wav,dataset/chunks/barishal/bar_cate_18/sentence_39.wav,আমি খুব খুশি অনুভব করছি।,barishal,cate_18,SPK_41,Female
sentence_40.wav,dataset/chunks/barishal/bar_cate_18/sentence_40.wav,এটা সত্যিই বিরক্তিকর।,barishal,cate_18,SPK_41,Female
sentence_41.wav,dataset/chunks/barishal/bar_cate_18/sentence_41.wav,আমি আশ্চর্য।,barishal,cate_18,SPK_41,Female
sentence_42.wav,dataset/chunks/barishal/bar_cate_18/sentence_42.wav,তুমি ভয় পাচ্ছো কেন?,barishal,cate_18,SPK_41,Female
sentence_43.wav,dataset/chunks/barishal/bar_cate_18/sentence_43.wav,আমি খুব আনন্দিত।,barishal,cate_18,SPK_41,Female
sentence_44.wav,dataset/chunks/barishal/bar_cate_18/sentence_44.wav,এটা আমাকে দুঃখিত করছে।,barishal,cate_18,SPK_41,Female
sentence_45.wav,dataset/chunks/barishal/bar_cate_18/sentence_45.wav,আমি রাগ অনুভব করছি।,barishal,cate_18,SPK_41,Female
sentence_46.wav,dataset/chunks/barishal/bar_cate_18/sentence_46.wav,তুমি উত্তেজিত নাকি?,barishal,cate_18,SPK_41,Female
sentence_47.wav,dataset/chunks/barishal/bar_cate_18/sentence_47.wav,আমি অবাক হয়ে যাচ্ছি।,barishal,cate_18,SPK_41,Female
sentence_48.wav,dataset/chunks/barishal/bar_cate_18/sentence_48.wav,এটা সত্যিই দারুণ।,barishal,cate_18,SPK_41,Female
sentence_49.wav,dataset/chunks/barishal/bar_cate_18/sentence_49.wav,আমি শান্ত অনুভব করছি।,barishal,cate_18,SPK_41,Female
sentence_50.wav,dataset/chunks/barishal/bar_cate_18/sentence_50.wav,তুমি দুঃখিত নাকি?,barishal,cate_18,SPK_41,Female
sentence_51.wav,dataset/chunks/barishal/bar_cate_18/sentence_51.wav,আমি খুব চিন্তিত।,barishal,cate_18,SPK_41,Female
sentence_52.wav,dataset/chunks/barishal/bar_cate_18/sentence_52.wav,এটা আমাকে বিরক্ত করছে।,barishal,cate_18,SPK_41,Female
sentence_53.wav,dataset/chunks/barishal/bar_cate_18/sentence_53.wav,আমি আনন্দ অনুভব করছি।,barishal,cate_18,SPK_41,Female
sentence_54.wav,dataset/chunks/barishal/bar_cate_18/sentence_54.wav,তুমি রাগান্বিত নাকি?,barishal,cate_18,SPK_41,Female
sentence_55.wav,dataset/chunks/barishal/bar_cate_18/sentence_55.wav,আমি আশ্চর্য অনুভব করছি।,barishal,cate_18,SPK_41,Female
sentence_56.wav,dataset/chunks/barishal/bar_cate_18/sentence_56.wav,এটা আমাকে উত্তেজিত করছে।,barishal,cate_18,SPK_41,Female
sentence_57.wav,dataset/chunks/barishal/bar_cate_18/sentence_57.wav,"আমি দুঃখিত, আমি কিছু করতে পারিনি।",barishal,cate_18,SPK_41,Female
sentence_58.wav,dataset/chunks/barishal/bar_cate_18/sentence_58.wav,তুমি খুশি নাকি?,barishal,cate_18,SPK_41,Female
sentence_59.wav,dataset/chunks/barishal/bar_cate_18/sentence_59.wav,আমি খুব ভীত অনুভব করছি।,barishal,cate_18,SPK_41,Female
sentence_60.wav,dataset/chunks/barishal/bar_cate_18/sentence_60.wav,এটা সত্যিই দুঃখজনক।,barishal,cate_18,SPK_41,Female
sentence_61.wav,dataset/chunks/barishal/bar_cate_18/sentence_61.wav,আমি রাগান্বিত হয়ে যাচ্ছি।,barishal,cate_18,SPK_41,Female
sentence_62.wav,dataset/chunks/barishal/bar_cate_18/sentence_62.wav,তুমি উদ্বিগ্ন নাকি?,barishal,cate_18,SPK_41,Female
sentence_63.wav,dataset/chunks/barishal/bar_cate_18/sentence_63.wav,আমি খুব আনন্দিত অনুভব করছি।,barishal,cate_18,SPK_41,Female
sentence_64.wav,dataset/chunks/barishal/bar_cate_18/sentence_64.wav,এটা আমাকে হতাশ করছে।,barishal,cate_18,SPK_41,Female
sentence_65.wav,dataset/chunks/barishal/bar_cate_18/sentence_65.wav,আমি শান্ত অনুভব করছি।,barishal,cate_18,SPK_41,Female
sentence_66.wav,dataset/chunks/barishal/bar_cate_18/sentence_66.wav,তুমি দারুণ খুশি দেখাচ্ছো।,barishal,cate_18,SPK_41,Female
sentence_67.wav,dataset/chunks/barishal/bar_cate_18/sentence_67.wav,আমি বিরক্ত অনুভব করছি।,barishal,cate_18,SPK_41,Female
sentence_68.wav,dataset/chunks/barishal/bar_cate_18/sentence_68.wav,এটা আমাকে অবাক করছে।,barishal,cate_18,SPK_41,Female
sentence_69.wav,dataset/chunks/barishal/bar_cate_18/sentence_69.wav,আমি উত্তেজিত হয়ে যাচ্ছি।,barishal,cate_18,SPK_41,Female
sentence_70.wav,dataset/chunks/barishal/bar_cate_18/sentence_70.wav,আমি সত্যিই খুশি।,barishal,cate_18,SPK_41,Female
sentence_01.wav,dataset/chunks/barishal/bar_cate_19/sentence_01.wav,আমি লোকসংগীত শুনতে ভালোবাসি।,barishal,cate_19,SPK_41,Female
sentence_02.wav,dataset/chunks/barishal/bar_cate_19/sentence_02.wav,তুমি কি আজ রাতে নাচ দেখতে যাবে?,barishal,cate_19,SPK_41,Female
sentence_03.wav,dataset/chunks/barishal/bar_cate_19/sentence_03.wav,মেলা খুব সুন্দর।,barishal,cate_19,SPK_41,Female
sentence_04.wav,dataset/chunks/barishal/bar_cate_19/sentence_04.wav,তুমি কি পহেলা বৈশাখ উদযাপন করছো?,barishal,cate_19,SPK_41,Female
sentence_05.wav,dataset/chunks/barishal/bar_cate_19/sentence_05.wav,আমি একটি লোকনৃত্য শিখছি।,barishal,cate_19,SPK_41,Female
sentence_06.wav,dataset/chunks/barishal/bar_cate_19/sentence_06.wav,আজ রাতে আমরা মেলায় যাচ্ছি।,barishal,cate_19,SPK_41,Female
sentence_07.wav,dataset/chunks/barishal/bar_cate_19/sentence_07.wav,তুমি কি বাঁশি বাজাতে পারো?,barishal,cate_19,SPK_41,Female
sentence_08.wav,dataset/chunks/barishal/bar_cate_19/sentence_08.wav,আমরা পুতুলনাচ দেখেছি।,barishal,cate_19,SPK_41,Female
sentence_09.wav,dataset/chunks/barishal/bar_cate_19/sentence_09.wav,মেলায় অনেক লোক আছে।,barishal,cate_19,SPK_41,Female
sentence_10.wav,dataset/chunks/barishal/bar_cate_19/sentence_10.wav,তুমি কি ঢাক বাজাতে চাও?,barishal,cate_19,SPK_41,Female
sentence_11.wav,dataset/chunks/barishal/bar_cate_19/sentence_11.wav,আমি নাটক দেখতে যাচ্ছি।,barishal,cate_19,SPK_41,Female
sentence_12.wav,dataset/chunks/barishal/bar_cate_19/sentence_12.wav,আজকে কাব্য অনুষ্ঠানে যাচ্ছি।,barishal,cate_19,SPK_41,Female
sentence_13.wav,dataset/chunks/barishal/bar_cate_19/sentence_13.wav,তুমি কি গান গাইতে পারো?,barishal,cate_19,SPK_41,Female
sentence_14.wav,dataset/chunks/barishal/bar_cate_19/sentence_14.wav,লোকনৃত্য খুব সুন্দর।,barishal,cate_19,SPK_41,Female
sentence_15.wav,dataset/chunks/barishal/bar_cate_19/sentence_15.wav,আমরা মেলায় পিঠা খেয়েছি।,barishal,cate_19,SPK_41,Female
sentence_16.wav,dataset/chunks/barishal/bar_cate_19/sentence_16.wav,তুমি কি আজকে শিল্প প্রদর্শনী দেখেছো?,barishal,cate_19,SPK_41,Female
sentence_17.wav,dataset/chunks/barishal/bar_cate_19/sentence_17.wav,আমি রবীন্দ্রনাথের গান শুনতে ভালোবাসি।,barishal,cate_19,SPK_41,Female
sentence_18.wav,dataset/chunks/barishal/bar_cate_19/sentence_18.wav,মেলায় খেলার স্টল আছে।,barishal,cate_19,SPK_41,Female
sentence_19.wav,dataset/chunks/barishal/bar_cate_19/sentence_19.wav,তুমি কি আজকে ঢোল বাজাচ্ছো?,barishal,cate_19,SPK_41,Female
sentence_20.wav,dataset/chunks/barishal/bar_cate_19/sentence_20.wav,আমরা একটি রাস্তানাটক দেখেছি।,barishal,cate_19,SPK_41,Female
sentence_21.wav,dataset/chunks/barishal/bar_cate_19/sentence_21.wav,মেলায় অনেক খাবার বিক্রি হচ্ছে।,barishal,cate_19,SPK_41,Female
sentence_22.wav,dataset/chunks/barishal/bar_cate_19/sentence_22.wav,তুমি কি আজকে লোকগীতি শোনাচ্ছো?,barishal,cate_19,SPK_41,Female
sentence_23.wav,dataset/chunks/barishal/bar_cate_19/sentence_23.wav,আমি নৃত্য প্রতিযোগিতায় অংশ নিচ্ছি।,barishal,cate_19,SPK_41,Female
sentence_24.wav,dataset/chunks/barishal/bar_cate_19/sentence_24.wav,মেলায় সাজানো হয়েছে অনেক আলোকসজ্জা।,barishal,cate_19,SPK_41,Female
sentence_25.wav,dataset/chunks/barishal/bar_cate_19/sentence_25.wav,তুমি কি আজকে মেলায় গিয়েছো?,barishal,cate_19,SPK_41,Female
sentence_26.wav,dataset/chunks/barishal/bar_cate_19/sentence_26.wav,আমরা একটি লোককাহিনী শোনেছি।,barishal,cate_19,SPK_41,Female
sentence_27.wav,dataset/chunks/barishal/bar_cate_19/sentence_27.wav,তুমি কি আজকে নাটক দেখেছো?,barishal,cate_19,SPK_41,Female
sentence_28.wav,dataset/chunks/barishal/bar_cate_19/sentence_28.wav,আমি পটচিত্র দেখতে ভালোবাসি।,barishal,cate_19,SPK_41,Female
sentence_29.wav,dataset/chunks/barishal/bar_cate_19/sentence_29.wav,মেলায় অনেক শিশু খেলছে।,barishal,cate_19,SPK_41,Female
sentence_30.wav,dataset/chunks/barishal/bar_cate_19/sentence_30.wav,তুমি কি লোকনৃত্য শিখছো?,barishal,cate_19,SPK_41,Female
sentence_31.wav,dataset/chunks/barishal/bar_cate_19/sentence_31.wav,আমরা পুতুলনাচ প্রদর্শনীতে গিয়েছি।,barishal,cate_19,SPK_41,Female
sentence_32.wav,dataset/chunks/barishal/bar_cate_19/sentence_32.wav,মেলায় গান বাজানো হচ্ছে।,barishal,cate_19,SPK_41,Female
sentence_33.wav,dataset/chunks/barishal/bar_cate_19/sentence_33.wav,তুমি কি শিল্পকর্ম তৈরি করছো?,barishal,cate_19,SPK_41,Female
sentence_34.wav,dataset/chunks/barishal/bar_cate_19/sentence_34.wav,আমি লোকসংগীত শোনাচ্ছি।,barishal,cate_19,SPK_41,Female
sentence_35.wav,dataset/chunks/barishal/bar_cate_19/sentence_35.wav,মেলায় খেলনা বিক্রি হচ্ছে।,barishal,cate_19,SPK_41,Female
sentence_36.wav,dataset/chunks/barishal/bar_cate_19/sentence_36.wav,তুমি কি আজকে পিঠা খেয়েছো?,barishal,cate_19,SPK_41,Female
sentence_37.wav,dataset/chunks/barishal/bar_cate_19/sentence_37.wav,আমরা নৃত্য প্রদর্শনীতে অংশ নিয়েছি।,barishal,cate_19,SPK_41,Female
sentence_38.wav,dataset/chunks/barishal/bar_cate_19/sentence_38.wav,মেলায় বিভিন্ন খাবার রয়েছে।,barishal,cate_19,SPK_41,Female
sentence_39.wav,dataset/chunks/barishal/bar_cate_19/sentence_39.wav,তুমি কি আজকে কাব্য শোনাচ্ছো?,barishal,cate_19,SPK_41,Female
sentence_40.wav,dataset/chunks/barishal/bar_cate_19/sentence_40.wav,আমি রবীন্দ্রনাথের গান গাইছি।,barishal,cate_19,SPK_41,Female
sentence_41.wav,dataset/chunks/barishal/bar_cate_19/sentence_41.wav,মেলায় রঙিন বাতি জ্বলে।,barishal,cate_19,SPK_41,Female
sentence_42.wav,dataset/chunks/barishal/bar_cate_19/sentence_42.wav,তুমি কি আজকে নাটক মঞ্চস্থ করছো?,barishal,cate_19,SPK_41,Female
sentence_43.wav,dataset/chunks/barishal/bar_cate_19/sentence_43.wav,আমরা লোকনৃত্য দেখতে যাচ্ছি।,barishal,cate_19,SPK_41,Female
sentence_44.wav,dataset/chunks/barishal/bar_cate_19/sentence_44.wav,মেলায় অনেক ছবি তোলা হচ্ছে।,barishal,cate_19,SPK_41,Female
sentence_45.wav,dataset/chunks/barishal/bar_cate_19/sentence_45.wav,তুমি কি পুতুলনাচ পছন্দ করো?,barishal,cate_19,SPK_41,Female
sentence_46.wav,dataset/chunks/barishal/bar_cate_19/sentence_46.wav,আমি নৃত্য প্রশিক্ষণ নিচ্ছি।,barishal,cate_19,SPK_41,Female
sentence_47.wav,dataset/chunks/barishal/bar_cate_19/sentence_47.wav,মেলায় লোকশিল্প প্রদর্শিত হচ্ছে।,barishal,cate_19,SPK_41,Female
sentence_48.wav,dataset/chunks/barishal/bar_cate_19/sentence_48.wav,তুমি কি আজকে গান শোনাচ্ছো?,barishal,cate_19,SPK_41,Female
sentence_49.wav,dataset/chunks/barishal/bar_cate_19/sentence_49.wav,আমরা মেলায় হস্তশিল্প কিনেছি।,barishal,cate_19,SPK_41,Female
sentence_50.wav,dataset/chunks/barishal/bar_cate_19/sentence_50.wav,মেলায় অনেক লোক আনন্দ করছে।,barishal,cate_19,SPK_41,Female
sentence_51.wav,dataset/chunks/barishal/bar_cate_19/sentence_51.wav,তুমি কি আজকে মেলার খেলা খেলেছো?,barishal,cate_19,SPK_41,Female
sentence_52.wav,dataset/chunks/barishal/bar_cate_19/sentence_52.wav,আমি লোকনৃত্য প্রদর্শনীতে গিয়েছি।,barishal,cate_19,SPK_41,Female
sentence_53.wav,dataset/chunks/barishal/bar_cate_19/sentence_53.wav,মেলায় মিষ্টি বিক্রি হচ্ছে।,barishal,cate_19,SPK_41,Female
sentence_54.wav,dataset/chunks/barishal/bar_cate_19/sentence_54.wav,তুমি কি আজকে রাস্তানাটক দেখেছো?,barishal,cate_19,SPK_41,Female
sentence_55.wav,dataset/chunks/barishal/bar_cate_19/sentence_55.wav,আমি পুতুলনাচ তৈরি করছি।,barishal,cate_19,SPK_41,Female
sentence_56.wav,dataset/chunks/barishal/bar_cate_19/sentence_56.wav,মেলায় বিভিন্ন নাচ প্রদর্শিত হচ্ছে।,barishal,cate_19,SPK_41,Female
sentence_57.wav,dataset/chunks/barishal/bar_cate_19/sentence_57.wav,তুমি কি আজকে শিল্প প্রদর্শনীতে গিয়েছো?,barishal,cate_19,SPK_41,Female
sentence_58.wav,dataset/chunks/barishal/bar_cate_19/sentence_58.wav,আমরা মেলায় গান শুনেছি।,barishal,cate_19,SPK_41,Female
sentence_59.wav,dataset/chunks/barishal/bar_cate_19/sentence_59.wav,মেলায় লোকসংগীত বাজানো হয়েছে।,barishal,cate_19,SPK_41,Female
sentence_60.wav,dataset/chunks/barishal/bar_cate_19/sentence_60.wav,তুমি কি আজকে পিঠা খেয়েছো?,barishal,cate_19,SPK_41,Female
sentence_61.wav,dataset/chunks/barishal/bar_cate_19/sentence_61.wav,আমি নৃত্য প্রশিক্ষণে অংশ নিচ্ছি।,barishal,cate_19,SPK_41,Female
sentence_62.wav,dataset/chunks/barishal/bar_cate_19/sentence_62.wav,মেলায় খেলা প্রদর্শনী হয়েছে।,barishal,cate_19,SPK_41,Female
sentence_63.wav,dataset/chunks/barishal/bar_cate_19/sentence_63.wav,তুমি কি আজকে রঙিন লাইট দেখেছো?,barishal,cate_19,SPK_41,Female
sentence_64.wav,dataset/chunks/barishal/bar_cate_19/sentence_64.wav,আমরা মেলায় হস্তশিল্প শিখেছি।,barishal,cate_19,SPK_41,Female
sentence_65.wav,dataset/chunks/barishal/bar_cate_19/sentence_65.wav,মেলায় লোককাহিনী বলা হয়েছে।,barishal,cate_19,SPK_41,Female
sentence_66.wav,dataset/chunks/barishal/bar_cate_19/sentence_66.wav,তুমি কি আজকে কাব্য শোনেছো?,barishal,cate_19,SPK_41,Female
sentence_67.wav,dataset/chunks/barishal/bar_cate_19/sentence_67.wav,আমি মেলায় গিয়েছি।,barishal,cate_19,SPK_41,Female
sentence_68.wav,dataset/chunks/barishal/bar_cate_19/sentence_68.wav,মেলায় নাটক প্রদর্শিত হয়েছে।,barishal,cate_19,SPK_41,Female
sentence_69.wav,dataset/chunks/barishal/bar_cate_19/sentence_69.wav,তুমি কি আজকে গান গেয়েছো?,barishal,cate_19,SPK_41,Female
sentence_70.wav,dataset/chunks/barishal/bar_cate_19/sentence_70.wav,আমরা মেলায় নাচ উপভোগ করেছি।,barishal,cate_19,SPK_41,Female
sentence_01.wav,dataset/chunks/chittagong/chi_cate_01/sentence_01.wav,আপনি কোথা থেকে এসেছেন?,chittagong,cate_01,SPK_33,Male
sentence_02.wav,dataset/chunks/chittagong/chi_cate_01/sentence_02.wav,আপনার নাম কী?,chittagong,cate_01,SPK_33,Male
sentence_03.wav,dataset/chunks/chittagong/chi_cate_01/sentence_03.wav,আমার নাম জন।,chittagong,cate_01,SPK_33,Male
sentence_04.wav,dataset/chunks/chittagong/chi_cate_01/sentence_04.wav,আপনার সাথে পরিচিত হয়ে ভালো লাগলো।,chittagong,cate_01,SPK_33,Male
sentence_05.wav,dataset/chunks/chittagong/chi_cate_01/sentence_05.wav,আমি এই এলাকায় নতুন।,chittagong,cate_01,SPK_33,Male
sentence_06.wav,dataset/chunks/chittagong/chi_cate_01/sentence_06.wav,আপনি কি এখানে থাকেন?,chittagong,cate_01,SPK_33,Male
sentence_07.wav,dataset/chunks/chittagong/chi_cate_01/sentence_07.wav,আপনি কি প্রথমবার এখানে এসেছেন?,chittagong,cate_01,SPK_33,Male
sentence_08.wav,dataset/chunks/chittagong/chi_cate_01/sentence_08.wav,আমি বাংলাদেশে ভ্রমণে এসেছি।,chittagong,cate_01,SPK_33,Male
sentence_09.wav,dataset/chunks/chittagong/chi_cate_01/sentence_09.wav,আপনি কী করেন?,chittagong,cate_01,SPK_33,Male
sentence_10.wav,dataset/chunks/chittagong/chi_cate_01/sentence_10.wav,আমি একজন ছাত্র।,chittagong,cate_01,SPK_33,Male
sentence_11.wav,dataset/chunks/chittagong/chi_cate_01/sentence_11.wav,আপনার বাড়ি কোথায়?,chittagong,cate_01,SPK_33,Male
sentence_12.wav,dataset/chunks/chittagong/chi_cate_01/sentence_12.wav,আপনি কেমন আছেন?,chittagong,cate_01,SPK_33,Male
sentence_13.wav,dataset/chunks/chittagong/chi_cate_01/sentence_13.wav,আমি ভালো আছি।,chittagong,cate_01,SPK_33,Male
sentence_14.wav,dataset/chunks/chittagong/chi_cate_01/sentence_14.wav,অনেক দিন পর দেখা হলো।,chittagong,cate_01,SPK_33,Male
sentence_15.wav,dataset/chunks/chittagong/chi_cate_01/sentence_15.wav,আপনাকে আবার দেখে ভালো লাগছে।,chittagong,cate_01,SPK_33,Male
sentence_16.wav,dataset/chunks/chittagong/chi_cate_01/sentence_16.wav,আপনি কি আমাকে সাহায্য করতে পারবেন?,chittagong,cate_01,SPK_33,Male
sentence_17.wav,dataset/chunks/chittagong/chi_cate_01/sentence_17.wav,আপনার সাথে কথা বলে ভালো লাগছে।,chittagong,cate_01,SPK_33,Male
sentence_18.wav,dataset/chunks/chittagong/chi_cate_01/sentence_18.wav,আমি এখানে কাজের জন্য এসেছি।,chittagong,cate_01,SPK_33,Male
sentence_19.wav,dataset/chunks/chittagong/chi_cate_01/sentence_19.wav,আপনি কোন দেশ থেকে এসেছেন?,chittagong,cate_01,SPK_33,Male
sentence_20.wav,dataset/chunks/chittagong/chi_cate_01/sentence_20.wav,আমি ইংরেজি বলতে পারি।,chittagong,cate_01,SPK_33,Male
sentence_21.wav,dataset/chunks/chittagong/chi_cate_01/sentence_21.wav,আপনি কি বাংলা বলতে পারেন?,chittagong,cate_01,SPK_33,Male
sentence_22.wav,dataset/chunks/chittagong/chi_cate_01/sentence_22.wav,আমি বাংলা শিখছি।,chittagong,cate_01,SPK_33,Male
sentence_23.wav,dataset/chunks/chittagong/chi_cate_01/sentence_23.wav,ধন্যবাদ আপনাকে।,chittagong,cate_01,SPK_33,Male
sentence_24.wav,dataset/chunks/chittagong/chi_cate_01/sentence_24.wav,আপনাকে স্বাগতম।,chittagong,cate_01,SPK_33,Male
sentence_25.wav,dataset/chunks/chittagong/chi_cate_01/sentence_25.wav,আপনার বয়স কত?,chittagong,cate_01,SPK_33,Male
sentence_26.wav,dataset/chunks/chittagong/chi_cate_01/sentence_26.wav,আমি এখানে পড়াশোনা করছি।,chittagong,cate_01,SPK_33,Male
sentence_27.wav,dataset/chunks/chittagong/chi_cate_01/sentence_27.wav,আমি এই শহরটি পছন্দ করি।,chittagong,cate_01,SPK_33,Male
sentence_28.wav,dataset/chunks/chittagong/chi_cate_01/sentence_28.wav,আপনার পরিবার কেমন আছে?,chittagong,cate_01,SPK_33,Male
sentence_29.wav,dataset/chunks/chittagong/chi_cate_01/sentence_29.wav,আপনার সাথে দেখা করতে পেরে আনন্দিত।,chittagong,cate_01,SPK_33,Male
sentence_30.wav,dataset/chunks/chittagong/chi_cate_01/sentence_30.wav,আপনি কি এখানে দীর্ঘদিন থাকবেন?,chittagong,cate_01,SPK_33,Male
sentence_31.wav,dataset/chunks/chittagong/chi_cate_01/sentence_31.wav,আমি কয়েকদিনের জন্য এসেছি।,chittagong,cate_01,SPK_33,Male
sentence_32.wav,dataset/chunks/chittagong/chi_cate_01/sentence_32.wav,আপনার সাথে যোগাযোগ রাখতে চাই।,chittagong,cate_01,SPK_33,Male
sentence_33.wav,dataset/chunks/chittagong/chi_cate_01/sentence_33.wav,এটা আমার প্রথম সফর।,chittagong,cate_01,SPK_33,Male
sentence_34.wav,dataset/chunks/chittagong/chi_cate_01/sentence_34.wav,আমি আপনার দেশ সম্পর্কে জানতে চাই।,chittagong,cate_01,SPK_33,Male
sentence_35.wav,dataset/chunks/chittagong/chi_cate_01/sentence_35.wav,আপনি কোথায় কাজ করেন?,chittagong,cate_01,SPK_33,Male
sentence_36.wav,dataset/chunks/chittagong/chi_cate_01/sentence_36.wav,আপনার ফোন নম্বর দিতে পারেন?,chittagong,cate_01,SPK_33,Male
sentence_37.wav,dataset/chunks/chittagong/chi_cate_01/sentence_37.wav,আমি আপনার সাথে পরে কথা বলবো।,chittagong,cate_01,SPK_33,Male
sentence_38.wav,dataset/chunks/chittagong/chi_cate_01/sentence_38.wav,আপনাকে দেখে ভালো লাগলো।,chittagong,cate_01,SPK_33,Male
sentence_39.wav,dataset/chunks/chittagong/chi_cate_01/sentence_39.wav,আপনি কি এখানে একা এসেছেন?,chittagong,cate_01,SPK_33,Male
sentence_40.wav,dataset/chunks/chittagong/chi_cate_01/sentence_40.wav,আমি আমার বন্ধুর সাথে এসেছি।,chittagong,cate_01,SPK_33,Male
sentence_41.wav,dataset/chunks/chittagong/chi_cate_01/sentence_41.wav,আপনার পেশা কী?,chittagong,cate_01,SPK_33,Male
sentence_42.wav,dataset/chunks/chittagong/chi_cate_01/sentence_42.wav,আমি একজন শিক্ষক।,chittagong,cate_01,SPK_33,Male
sentence_43.wav,dataset/chunks/chittagong/chi_cate_01/sentence_43.wav,আপনার সাথে কাজ করতে চাই।,chittagong,cate_01,SPK_33,Male
sentence_44.wav,dataset/chunks/chittagong/chi_cate_01/sentence_44.wav,আজকে আবহাওয়া সুন্দর।,chittagong,cate_01,SPK_33,Male
sentence_45.wav,dataset/chunks/chittagong/chi_cate_01/sentence_45.wav,আপনি কি এখানে থাকেন নাকি ভ্রমণে এসেছেন?,chittagong,cate_01,SPK_33,Male
sentence_46.wav,dataset/chunks/chittagong/chi_cate_01/sentence_46.wav,আমি এই জায়গাটি প্রথমবার দেখছি।,chittagong,cate_01,SPK_33,Male
sentence_47.wav,dataset/chunks/chittagong/chi_cate_01/sentence_47.wav,আপনার সাথে পরিচয় হওয়া আমার জন্য সম্মানের।,chittagong,cate_01,SPK_33,Male
sentence_48.wav,dataset/chunks/chittagong/chi_cate_01/sentence_48.wav,আপনি কোন ভাষায় কথা বলেন?,chittagong,cate_01,SPK_33,Male
sentence_49.wav,dataset/chunks/chittagong/chi_cate_01/sentence_49.wav,আমি আপনার কাছ থেকে শিখতে চাই।,chittagong,cate_01,SPK_33,Male
sentence_50.wav,dataset/chunks/chittagong/chi_cate_01/sentence_50.wav,আমি খুব আনন্দিত।,chittagong,cate_01,SPK_33,Male
sentence_51.wav,dataset/chunks/chittagong/chi_cate_01/sentence_51.wav,আপনার দিনটি কেমন কাটছে?,chittagong,cate_01,SPK_33,Male
sentence_52.wav,dataset/chunks/chittagong/chi_cate_01/sentence_52.wav,আমি একটু দেরি করেছি।,chittagong,cate_01,SPK_33,Male
sentence_53.wav,dataset/chunks/chittagong/chi_cate_01/sentence_53.wav,আপনাকে অপেক্ষা করানোর জন্য দুঃখিত।,chittagong,cate_01,SPK_33,Male
sentence_54.wav,dataset/chunks/chittagong/chi_cate_01/sentence_54.wav,আপনার সাথে আবার দেখা হবে আশা করি।,chittagong,cate_01,SPK_33,Male
sentence_55.wav,dataset/chunks/chittagong/chi_cate_01/sentence_55.wav,আপনি কি কাছাকাছি থাকেন?,chittagong,cate_01,SPK_33,Male
sentence_56.wav,dataset/chunks/chittagong/chi_cate_01/sentence_56.wav,আমি আপনার সাহায্যের জন্য কৃতজ্ঞ।,chittagong,cate_01,SPK_33,Male
sentence_57.wav,dataset/chunks/chittagong/chi_cate_01/sentence_57.wav,আপনাকে শুভেচ্ছা জানাই।,chittagong,cate_01,SPK_33,Male
sentence_58.wav,dataset/chunks/chittagong/chi_cate_01/sentence_58.wav,আপনার দিনটি শুভ হোক।,chittagong,cate_01,SPK_33,Male
sentence_59.wav,dataset/chunks/chittagong/chi_cate_01/sentence_59.wav,আপনার সাথে কথা বলা আনন্দের ছিল।,chittagong,cate_01,SPK_33,Male
sentence_60.wav,dataset/chunks/chittagong/chi_cate_01/sentence_60.wav,আমি আপনাকে সম্মান করি।,chittagong,cate_01,SPK_33,Male
sentence_61.wav,dataset/chunks/chittagong/chi_cate_01/sentence_61.wav,আমি এখানে কাজ শুরু করেছি।,chittagong,cate_01,SPK_33,Male
sentence_62.wav,dataset/chunks/chittagong/chi_cate_01/sentence_62.wav,আপনি কখন এসেছেন?,chittagong,cate_01,SPK_33,Male
sentence_63.wav,dataset/chunks/chittagong/chi_cate_01/sentence_63.wav,আমি গতকাল এসেছি।,chittagong,cate_01,SPK_33,Male
sentence_64.wav,dataset/chunks/chittagong/chi_cate_01/sentence_64.wav,আপনি কতদিন থাকবেন?,chittagong,cate_01,SPK_33,Male
sentence_65.wav,dataset/chunks/chittagong/chi_cate_01/sentence_65.wav,আমি এক সপ্তাহ থাকবো।,chittagong,cate_01,SPK_33,Male
sentence_66.wav,dataset/chunks/chittagong/chi_cate_01/sentence_66.wav,আপনার সাথে বন্ধুত্ব করতে চাই।,chittagong,cate_01,SPK_33,Male
sentence_67.wav,dataset/chunks/chittagong/chi_cate_01/sentence_67.wav,আপনি খুব ভদ্র মানুষ।,chittagong,cate_01,SPK_33,Male
sentence_68.wav,dataset/chunks/chittagong/chi_cate_01/sentence_68.wav,আমি আপনাকে ধন্যবাদ জানাই।,chittagong,cate_01,SPK_33,Male
sentence_69.wav,dataset/chunks/chittagong/chi_cate_01/sentence_69.wav,আপনার সাথে দেখা হওয়া সৌভাগ্যের।,chittagong,cate_01,SPK_33,Male
sentence_70.wav,dataset/chunks/chittagong/chi_cate_01/sentence_70.wav,আমি আপনার সাথে আবার যোগাযোগ করবো।,chittagong,cate_01,SPK_33,Male
sentence_01.wav,dataset/chunks/chittagong/chi_cate_02/sentence_01.wav,বাস স্ট্যান্ড কোথায়?,chittagong,cate_02,SPK_34,Female
sentence_02.wav,dataset/chunks/chittagong/chi_cate_02/sentence_02.wav,এই রাস্তাটি কোথায় যায়?,chittagong,cate_02,SPK_34,Female
sentence_03.wav,dataset/chunks/chittagong/chi_cate_02/sentence_03.wav,রেলওয়ে স্টেশন কত দূরে?,chittagong,cate_02,SPK_34,Female
sentence_04.wav,dataset/chunks/chittagong/chi_cate_02/sentence_04.wav,বিমানবন্দর যাওয়ার রাস্তা কোনটি?,chittagong,cate_02,SPK_34,Female
sentence_05.wav,dataset/chunks/chittagong/chi_cate_02/sentence_05.wav,বাজারে যেতে কোন বাসে উঠবো?,chittagong,cate_02,SPK_34,Female
sentence_06.wav,dataset/chunks/chittagong/chi_cate_02/sentence_06.wav,এই বাস কি ঢাকায় যাবে?,chittagong,cate_02,SPK_34,Female
sentence_07.wav,dataset/chunks/chittagong/chi_cate_02/sentence_07.wav,ভাড়া কত?,chittagong,cate_02,SPK_34,Female
sentence_08.wav,dataset/chunks/chittagong/chi_cate_02/sentence_08.wav,রিকশার ভাড়া কত নেবেন?,chittagong,cate_02,SPK_34,Female
sentence_09.wav,dataset/chunks/chittagong/chi_cate_02/sentence_09.wav,আমাকে হাসপাতালে নিয়ে চলুন।,chittagong,cate_02,SPK_34,Female
sentence_10.wav,dataset/chunks/chittagong/chi_cate_02/sentence_10.wav,এই ট্রেন কখন ছাড়বে?,chittagong,cate_02,SPK_34,Female
sentence_11.wav,dataset/chunks/chittagong/chi_cate_02/sentence_11.wav,ট্রেন কত নম্বর প্ল্যাটফর্মে আসবে?,chittagong,cate_02,SPK_34,Female
sentence_12.wav,dataset/chunks/chittagong/chi_cate_02/sentence_12.wav,এখানে কি টিকিট কাউন্টার আছে?,chittagong,cate_02,SPK_34,Female
sentence_13.wav,dataset/chunks/chittagong/chi_cate_02/sentence_13.wav,"এক টিকিট দিন, চট্টগ্রামের জন্য।",chittagong,cate_02,SPK_34,Female
sentence_14.wav,dataset/chunks/chittagong/chi_cate_02/sentence_14.wav,বাস কখন ছাড়বে?,chittagong,cate_02,SPK_34,Female
sentence_15.wav,dataset/chunks/chittagong/chi_cate_02/sentence_15.wav,এই রাস্তায় কি যানজট হয়?,chittagong,cate_02,SPK_34,Female
sentence_16.wav,dataset/chunks/chittagong/chi_cate_02/sentence_16.wav,সোজা গেলে কি ব্যাংক পাবো?,chittagong,cate_02,SPK_34,Female
sentence_17.wav,dataset/chunks/chittagong/chi_cate_02/sentence_17.wav,ডানদিকে গেলে কি হাসপাতাল?,chittagong,cate_02,SPK_34,Female
sentence_18.wav,dataset/chunks/chittagong/chi_cate_02/sentence_18.wav,বামদিকে মোড় নিন।,chittagong,cate_02,SPK_34,Female
sentence_19.wav,dataset/chunks/chittagong/chi_cate_02/sentence_19.wav,সোজা এগিয়ে যান।,chittagong,cate_02,SPK_34,Female
sentence_20.wav,dataset/chunks/chittagong/chi_cate_02/sentence_20.wav,এই জায়গাটা কত দূরে?,chittagong,cate_02,SPK_34,Female
sentence_21.wav,dataset/chunks/chittagong/chi_cate_02/sentence_21.wav,হাঁটলে কত সময় লাগবে?,chittagong,cate_02,SPK_34,Female
sentence_22.wav,dataset/chunks/chittagong/chi_cate_02/sentence_22.wav,গাড়ি পাওয়া যাবে কোথায়?,chittagong,cate_02,SPK_34,Female
sentence_23.wav,dataset/chunks/chittagong/chi_cate_02/sentence_23.wav,এখানে কি উবার পাওয়া যায়?,chittagong,cate_02,SPK_34,Female
sentence_24.wav,dataset/chunks/chittagong/chi_cate_02/sentence_24.wav,আপনি কি আমাকে পথ দেখাতে পারবেন?,chittagong,cate_02,SPK_34,Female
sentence_25.wav,dataset/chunks/chittagong/chi_cate_02/sentence_25.wav,এই রাস্তা কি নিরাপদ?,chittagong,cate_02,SPK_34,Female
sentence_26.wav,dataset/chunks/chittagong/chi_cate_02/sentence_26.wav,এখানে কি পার্কিং আছে?,chittagong,cate_02,SPK_34,Female
sentence_27.wav,dataset/chunks/chittagong/chi_cate_02/sentence_27.wav,গাড়ি রাখার জায়গা কোথায়?,chittagong,cate_02,SPK_34,Female
sentence_28.wav,dataset/chunks/chittagong/chi_cate_02/sentence_28.wav,এই ট্রেন কি সময়মতো আসবে?,chittagong,cate_02,SPK_34,Female
sentence_29.wav,dataset/chunks/chittagong/chi_cate_02/sentence_29.wav,বাসে কি সিট খালি আছে?,chittagong,cate_02,SPK_34,Female
sentence_30.wav,dataset/chunks/chittagong/chi_cate_02/sentence_30.wav,এই বাস কি সরাসরি যাবে?,chittagong,cate_02,SPK_34,Female
sentence_31.wav,dataset/chunks/chittagong/chi_cate_02/sentence_31.wav,মাঝপথে কি নামতে পারবো?,chittagong,cate_02,SPK_34,Female
sentence_32.wav,dataset/chunks/chittagong/chi_cate_02/sentence_32.wav,আমাকে পরের স্টপে নামিয়ে দিন।,chittagong,cate_02,SPK_34,Female
sentence_33.wav,dataset/chunks/chittagong/chi_cate_02/sentence_33.wav,এই রাস্তা কি শর্টকাট?,chittagong,cate_02,SPK_34,Female
sentence_34.wav,dataset/chunks/chittagong/chi_cate_02/sentence_34.wav,এখানে কি ট্যাক্সি স্ট্যান্ড আছে?,chittagong,cate_02,SPK_34,Female
sentence_35.wav,dataset/chunks/chittagong/chi_cate_02/sentence_35.wav,গন্তব্যে পৌঁছাতে কত সময় লাগবে?,chittagong,cate_02,SPK_34,Female
sentence_36.wav,dataset/chunks/chittagong/chi_cate_02/sentence_36.wav,রিকশা কি পাওয়া যাবে?,chittagong,cate_02,SPK_34,Female
sentence_37.wav,dataset/chunks/chittagong/chi_cate_02/sentence_37.wav,ট্রেন কি দেরি করছে?,chittagong,cate_02,SPK_34,Female
sentence_38.wav,dataset/chunks/chittagong/chi_cate_02/sentence_38.wav,এই বাস কোথায় থামে?,chittagong,cate_02,SPK_34,Female
sentence_39.wav,dataset/chunks/chittagong/chi_cate_02/sentence_39.wav,আপনারা কি রাতের বাস চালান?,chittagong,cate_02,SPK_34,Female
sentence_40.wav,dataset/chunks/chittagong/chi_cate_02/sentence_40.wav,শেষ বাস কখন?,chittagong,cate_02,SPK_34,Female
sentence_41.wav,dataset/chunks/chittagong/chi_cate_02/sentence_41.wav,এই রাস্তা কি বন্ধ?,chittagong,cate_02,SPK_34,Female
sentence_42.wav,dataset/chunks/chittagong/chi_cate_02/sentence_42.wav,বিকল্প রাস্তা কোনটি?,chittagong,cate_02,SPK_34,Female
sentence_43.wav,dataset/chunks/chittagong/chi_cate_02/sentence_43.wav,এখানে কি সিগন্যাল আছে?,chittagong,cate_02,SPK_34,Female
sentence_44.wav,dataset/chunks/chittagong/chi_cate_02/sentence_44.wav,রাস্তা কি মেরামত হচ্ছে?,chittagong,cate_02,SPK_34,Female
sentence_45.wav,dataset/chunks/chittagong/chi_cate_02/sentence_45.wav,আমাকে বিশ্ববিদ্যালয়ে যেতে হবে।,chittagong,cate_02,SPK_34,Female
sentence_46.wav,dataset/chunks/chittagong/chi_cate_02/sentence_46.wav,বিশ্ববিদ্যালয়ের বাস কোথা থেকে ছাড়ে?,chittagong,cate_02,SPK_34,Female
sentence_47.wav,dataset/chunks/chittagong/chi_cate_02/sentence_47.wav,টিকিটের দাম কত?,chittagong,cate_02,SPK_34,Female
sentence_48.wav,dataset/chunks/chittagong/chi_cate_02/sentence_48.wav,এখানে কি মেট্রো স্টেশন আছে?,chittagong,cate_02,SPK_34,Female
sentence_49.wav,dataset/chunks/chittagong/chi_cate_02/sentence_49.wav,মেট্রো কখন ছাড়ে?,chittagong,cate_02,SPK_34,Female
sentence_50.wav,dataset/chunks/chittagong/chi_cate_02/sentence_50.wav,এই রাস্তা কি প্রধান সড়ক?,chittagong,cate_02,SPK_34,Female
sentence_51.wav,dataset/chunks/chittagong/chi_cate_02/sentence_51.wav,আমাকে থানায় যেতে হবে।,chittagong,cate_02,SPK_34,Female
sentence_52.wav,dataset/chunks/chittagong/chi_cate_02/sentence_52.wav,পুলিশ স্টেশন কোথায়?,chittagong,cate_02,SPK_34,Female
sentence_53.wav,dataset/chunks/chittagong/chi_cate_02/sentence_53.wav,এই এলাকায় কি বাস চলে?,chittagong,cate_02,SPK_34,Female
sentence_54.wav,dataset/chunks/chittagong/chi_cate_02/sentence_54.wav,এখানে কি সিএনজি পাওয়া যায়?,chittagong,cate_02,SPK_34,Female
sentence_55.wav,dataset/chunks/chittagong/chi_cate_02/sentence_55.wav,আমাকে দ্রুত পৌঁছাতে হবে।,chittagong,cate_02,SPK_34,Female
sentence_56.wav,dataset/chunks/chittagong/chi_cate_02/sentence_56.wav,এখানে কি ফেরি ঘাট আছে?,chittagong,cate_02,SPK_34,Female
sentence_57.wav,dataset/chunks/chittagong/chi_cate_02/sentence_57.wav,ফেরি কখন ছাড়বে?,chittagong,cate_02,SPK_34,Female
sentence_58.wav,dataset/chunks/chittagong/chi_cate_02/sentence_58.wav,নদী পার হতে কত সময় লাগবে?,chittagong,cate_02,SPK_34,Female
sentence_59.wav,dataset/chunks/chittagong/chi_cate_02/sentence_59.wav,এই ট্রেন কি এক্সপ্রেস?,chittagong,cate_02,SPK_34,Female
sentence_60.wav,dataset/chunks/chittagong/chi_cate_02/sentence_60.wav,এখানে কি বাস বদলাতে হবে?,chittagong,cate_02,SPK_34,Female
sentence_61.wav,dataset/chunks/chittagong/chi_cate_02/sentence_61.wav,এই বাস কি এয়ারকন্ডিশন্ড?,chittagong,cate_02,SPK_34,Female
sentence_62.wav,dataset/chunks/chittagong/chi_cate_02/sentence_62.wav,রাস্তায় কি টোল দিতে হয়?,chittagong,cate_02,SPK_34,Female
sentence_63.wav,dataset/chunks/chittagong/chi_cate_02/sentence_63.wav,টোল কত?,chittagong,cate_02,SPK_34,Female
sentence_64.wav,dataset/chunks/chittagong/chi_cate_02/sentence_64.wav,এখানে কি রাস্তা নিরাপদ রাতে?,chittagong,cate_02,SPK_34,Female
sentence_65.wav,dataset/chunks/chittagong/chi_cate_02/sentence_65.wav,আমি পথ হারিয়ে ফেলেছি।,chittagong,cate_02,SPK_34,Female
sentence_66.wav,dataset/chunks/chittagong/chi_cate_02/sentence_66.wav,আমাকে মানচিত্র দেখাতে পারবেন?,chittagong,cate_02,SPK_34,Female
sentence_67.wav,dataset/chunks/chittagong/chi_cate_02/sentence_67.wav,কাছাকাছি কোন হোটেল আছে?,chittagong,cate_02,SPK_34,Female
sentence_68.wav,dataset/chunks/chittagong/chi_cate_02/sentence_68.wav,এই এলাকা কি শহরের ভেতরে?,chittagong,cate_02,SPK_34,Female
sentence_69.wav,dataset/chunks/chittagong/chi_cate_02/sentence_69.wav,এখানে কি ট্রাফিক বেশি?,chittagong,cate_02,SPK_34,Female
sentence_70.wav,dataset/chunks/chittagong/chi_cate_02/sentence_70.wav,আমাকে সঠিক দিকটি বলুন।,chittagong,cate_02,SPK_34,Female
sentence_01.wav,dataset/chunks/chittagong/chi_cate_03/sentence_01.wav,এই জিনিসটির দাম কত?,chittagong,cate_03,SPK_35,Female
sentence_02.wav,dataset/chunks/chittagong/chi_cate_03/sentence_02.wav,দাম একটু কম হবে?,chittagong,cate_03,SPK_35,Female
sentence_03.wav,dataset/chunks/chittagong/chi_cate_03/sentence_03.wav,এক কেজি চাল দিন।,chittagong,cate_03,SPK_35,Female
sentence_04.wav,dataset/chunks/chittagong/chi_cate_03/sentence_04.wav,আধা কেজি চিনি দিন।,chittagong,cate_03,SPK_35,Female
sentence_05.wav,dataset/chunks/chittagong/chi_cate_03/sentence_05.wav,এটা কি দেশি পণ্য?,chittagong,cate_03,SPK_35,Female
sentence_06.wav,dataset/chunks/chittagong/chi_cate_03/sentence_06.wav,এটা কি বিদেশি পণ্য?,chittagong,cate_03,SPK_35,Female
sentence_07.wav,dataset/chunks/chittagong/chi_cate_03/sentence_07.wav,একটু ভালো মানের দেখান।,chittagong,cate_03,SPK_35,Female
sentence_08.wav,dataset/chunks/chittagong/chi_cate_03/sentence_08.wav,এর থেকে সস্তা কিছু আছে?,chittagong,cate_03,SPK_35,Female
sentence_09.wav,dataset/chunks/chittagong/chi_cate_03/sentence_09.wav,এটা খুব দামী।,chittagong,cate_03,SPK_35,Female
sentence_10.wav,dataset/chunks/chittagong/chi_cate_03/sentence_10.wav,আমি এটা কিনতে চাই।,chittagong,cate_03,SPK_35,Female
sentence_11.wav,dataset/chunks/chittagong/chi_cate_03/sentence_11.wav,আপনার কাছে কি তাজা সবজি আছে?,chittagong,cate_03,SPK_35,Female
sentence_12.wav,dataset/chunks/chittagong/chi_cate_03/sentence_12.wav,এই ফলগুলো কি আজকের?,chittagong,cate_03,SPK_35,Female
sentence_13.wav,dataset/chunks/chittagong/chi_cate_03/sentence_13.wav,এক ডজন ডিম দিন।,chittagong,cate_03,SPK_35,Female
sentence_14.wav,dataset/chunks/chittagong/chi_cate_03/sentence_14.wav,কত টাকা হলো?,chittagong,cate_03,SPK_35,Female
sentence_15.wav,dataset/chunks/chittagong/chi_cate_03/sentence_15.wav,আমি নগদ পরিশোধ করবো।,chittagong,cate_03,SPK_35,Female
sentence_16.wav,dataset/chunks/chittagong/chi_cate_03/sentence_16.wav,মোবাইল ব্যাংকিং নেওয়া হয়?,chittagong,cate_03,SPK_35,Female
sentence_17.wav,dataset/chunks/chittagong/chi_cate_03/sentence_17.wav,বিকাশে টাকা দিতে পারি?,chittagong,cate_03,SPK_35,Female
sentence_18.wav,dataset/chunks/chittagong/chi_cate_03/sentence_18.wav,একটি ব্যাগ দেবেন?,chittagong,cate_03,SPK_35,Female
sentence_19.wav,dataset/chunks/chittagong/chi_cate_03/sentence_19.wav,এই কাপড়ের রং কি উঠবে?,chittagong,cate_03,SPK_35,Female
sentence_20.wav,dataset/chunks/chittagong/chi_cate_03/sentence_20.wav,এই শার্টের অন্য সাইজ আছে?,chittagong,cate_03,SPK_35,Female
sentence_21.wav,dataset/chunks/chittagong/chi_cate_03/sentence_21.wav,ছোট সাইজ দেখান।,chittagong,cate_03,SPK_35,Female
sentence_22.wav,dataset/chunks/chittagong/chi_cate_03/sentence_22.wav,বড় সাইজ আছে?,chittagong,cate_03,SPK_35,Female
sentence_23.wav,dataset/chunks/chittagong/chi_cate_03/sentence_23.wav,আমি নীল রঙেরটি চাই।,chittagong,cate_03,SPK_35,Female
sentence_24.wav,dataset/chunks/chittagong/chi_cate_03/sentence_24.wav,অন্য রং আছে?,chittagong,cate_03,SPK_35,Female
sentence_25.wav,dataset/chunks/chittagong/chi_cate_03/sentence_25.wav,এটা কি আসল পণ্য?,chittagong,cate_03,SPK_35,Female
sentence_26.wav,dataset/chunks/chittagong/chi_cate_03/sentence_26.wav,গ্যারান্টি আছে?,chittagong,cate_03,SPK_35,Female
sentence_27.wav,dataset/chunks/chittagong/chi_cate_03/sentence_27.wav,রসিদ দিন।,chittagong,cate_03,SPK_35,Female
sentence_28.wav,dataset/chunks/chittagong/chi_cate_03/sentence_28.wav,আমি পরে এসে নেব।,chittagong,cate_03,SPK_35,Female
sentence_29.wav,dataset/chunks/chittagong/chi_cate_03/sentence_29.wav,এটা কি ছাড়ে দেওয়া যাবে?,chittagong,cate_03,SPK_35,Female
sentence_30.wav,dataset/chunks/chittagong/chi_cate_03/sentence_30.wav,আজ কি কোনো অফার আছে?,chittagong,cate_03,SPK_35,Female
sentence_31.wav,dataset/chunks/chittagong/chi_cate_03/sentence_31.wav,আমি পাইকারি কিনতে চাই।,chittagong,cate_03,SPK_35,Female
sentence_32.wav,dataset/chunks/chittagong/chi_cate_03/sentence_32.wav,পাইকারি দাম কত?,chittagong,cate_03,SPK_35,Female
sentence_33.wav,dataset/chunks/chittagong/chi_cate_03/sentence_33.wav,এই পণ্যটি নতুন এসেছে?,chittagong,cate_03,SPK_35,Female
sentence_34.wav,dataset/chunks/chittagong/chi_cate_03/sentence_34.wav,এর মেয়াদ কতদিন?,chittagong,cate_03,SPK_35,Female
sentence_35.wav,dataset/chunks/chittagong/chi_cate_03/sentence_35.wav,এই ওষুধের মেয়াদ শেষ হয়েছে?,chittagong,cate_03,SPK_35,Female
sentence_36.wav,dataset/chunks/chittagong/chi_cate_03/sentence_36.wav,আমাকে ভালো মানের চাল দিন।,chittagong,cate_03,SPK_35,Female
sentence_37.wav,dataset/chunks/chittagong/chi_cate_03/sentence_37.wav,এই মাছটি কি তাজা?,chittagong,cate_03,SPK_35,Female
sentence_38.wav,dataset/chunks/chittagong/chi_cate_03/sentence_38.wav,এই মাংস কত কেজি?,chittagong,cate_03,SPK_35,Female
sentence_39.wav,dataset/chunks/chittagong/chi_cate_03/sentence_39.wav,এক কেজির কম হবে না।,chittagong,cate_03,SPK_35,Female
sentence_40.wav,dataset/chunks/chittagong/chi_cate_03/sentence_40.wav,একটু কম করে দিন।,chittagong,cate_03,SPK_35,Female
sentence_41.wav,dataset/chunks/chittagong/chi_cate_03/sentence_41.wav,আমি দরদাম করতে চাই।,chittagong,cate_03,SPK_35,Female
sentence_42.wav,dataset/chunks/chittagong/chi_cate_03/sentence_42.wav,চূড়ান্ত দাম কত?,chittagong,cate_03,SPK_35,Female
sentence_43.wav,dataset/chunks/chittagong/chi_cate_03/sentence_43.wav,এই জুতাটি কি টেকসই?,chittagong,cate_03,SPK_35,Female
sentence_44.wav,dataset/chunks/chittagong/chi_cate_03/sentence_44.wav,এই মোবাইলের দাম কত?,chittagong,cate_03,SPK_35,Female
sentence_45.wav,dataset/chunks/chittagong/chi_cate_03/sentence_45.wav,এই ফোনে কি গ্যারান্টি আছে?,chittagong,cate_03,SPK_35,Female
sentence_46.wav,dataset/chunks/chittagong/chi_cate_03/sentence_46.wav,চার্জারটি আলাদা কিনতে হবে?,chittagong,cate_03,SPK_35,Female
sentence_47.wav,dataset/chunks/chittagong/chi_cate_03/sentence_47.wav,এটি কি ক্যাশ অন ডেলিভারি?,chittagong,cate_03,SPK_35,Female
sentence_48.wav,dataset/chunks/chittagong/chi_cate_03/sentence_48.wav,আমি অর্ডার দিতে চাই।,chittagong,cate_03,SPK_35,Female
sentence_49.wav,dataset/chunks/chittagong/chi_cate_03/sentence_49.wav,পণ্যটি কখন ডেলিভারি হবে?,chittagong,cate_03,SPK_35,Female
sentence_50.wav,dataset/chunks/chittagong/chi_cate_03/sentence_50.wav,এই দোকান কখন বন্ধ হয়?,chittagong,cate_03,SPK_35,Female
sentence_51.wav,dataset/chunks/chittagong/chi_cate_03/sentence_51.wav,আমি একটা উপহার কিনতে চাই।,chittagong,cate_03,SPK_35,Female
sentence_52.wav,dataset/chunks/chittagong/chi_cate_03/sentence_52.wav,উপহার মোড়ানো হবে?,chittagong,cate_03,SPK_35,Female
sentence_53.wav,dataset/chunks/chittagong/chi_cate_03/sentence_53.wav,এটি কি ফেরত দেওয়া যাবে?,chittagong,cate_03,SPK_35,Female
sentence_54.wav,dataset/chunks/chittagong/chi_cate_03/sentence_54.wav,রিটার্ন পলিসি কী?,chittagong,cate_03,SPK_35,Female
sentence_55.wav,dataset/chunks/chittagong/chi_cate_03/sentence_55.wav,এই কাপড়টি খুব সুন্দর।,chittagong,cate_03,SPK_35,Female
sentence_56.wav,dataset/chunks/chittagong/chi_cate_03/sentence_56.wav,এটি কি কটন?,chittagong,cate_03,SPK_35,Female
sentence_57.wav,dataset/chunks/chittagong/chi_cate_03/sentence_57.wav,এই পণ্যটি কোথায় তৈরি?,chittagong,cate_03,SPK_35,Female
sentence_58.wav,dataset/chunks/chittagong/chi_cate_03/sentence_58.wav,এটি কি ছাড়ে বিক্রি হচ্ছে?,chittagong,cate_03,SPK_35,Female
sentence_59.wav,dataset/chunks/chittagong/chi_cate_03/sentence_59.wav,আমি আরও কিছু দেখতে চাই।,chittagong,cate_03,SPK_35,Female
sentence_60.wav,dataset/chunks/chittagong/chi_cate_03/sentence_60.wav,আপনার দোকানে কি কার্ড নেওয়া হয়?,chittagong,cate_03,SPK_35,Female
sentence_61.wav,dataset/chunks/chittagong/chi_cate_03/sentence_61.wav,মোট বিল কত হলো?,chittagong,cate_03,SPK_35,Female
sentence_62.wav,dataset/chunks/chittagong/chi_cate_03/sentence_62.wav,আমি টাকা ভাঙাতে চাই।,chittagong,cate_03,SPK_35,Female
sentence_63.wav,dataset/chunks/chittagong/chi_cate_03/sentence_63.wav,ছোট নোট আছে?,chittagong,cate_03,SPK_35,Female
sentence_64.wav,dataset/chunks/chittagong/chi_cate_03/sentence_64.wav,এই ফলগুলো ওজন করে দিন।,chittagong,cate_03,SPK_35,Female
sentence_65.wav,dataset/chunks/chittagong/chi_cate_03/sentence_65.wav,এক কেজির একটু কম দিন।,chittagong,cate_03,SPK_35,Female
sentence_66.wav,dataset/chunks/chittagong/chi_cate_03/sentence_66.wav,আজকে বাজারে ভিড় বেশি।,chittagong,cate_03,SPK_35,Female
sentence_67.wav,dataset/chunks/chittagong/chi_cate_03/sentence_67.wav,দাম কেন এত বেশি?,chittagong,cate_03,SPK_35,Female
sentence_68.wav,dataset/chunks/chittagong/chi_cate_03/sentence_68.wav,কাল কি দাম কম হবে?,chittagong,cate_03,SPK_35,Female
sentence_69.wav,dataset/chunks/chittagong/chi_cate_03/sentence_69.wav,আমি নিয়মিত ক্রেতা।,chittagong,cate_03,SPK_35,Female
sentence_70.wav,dataset/chunks/chittagong/chi_cate_03/sentence_70.wav,আবার আসবো।,chittagong,cate_03,SPK_35,Female
sentence_01.wav,dataset/chunks/chittagong/chi_cate_04/sentence_01.wav,আমি একটি টেবিল বুক করতে চাই।,chittagong,cate_04,SPK_36,Female
sentence_02.wav,dataset/chunks/chittagong/chi_cate_04/sentence_02.wav,দুই জনের জন্য একটি টেবিল দিন।,chittagong,cate_04,SPK_36,Female
sentence_03.wav,dataset/chunks/chittagong/chi_cate_04/sentence_03.wav,মেনু কার্ডটি দিন।,chittagong,cate_04,SPK_36,Female
sentence_04.wav,dataset/chunks/chittagong/chi_cate_04/sentence_04.wav,আজকের বিশেষ খাবার কী?,chittagong,cate_04,SPK_36,Female
sentence_05.wav,dataset/chunks/chittagong/chi_cate_04/sentence_05.wav,আমি ভাত ও মুরগির মাংস চাই।,chittagong,cate_04,SPK_36,Female
sentence_06.wav,dataset/chunks/chittagong/chi_cate_04/sentence_06.wav,এই খাবারটি ঝাল কি?,chittagong,cate_04,SPK_36,Female
sentence_07.wav,dataset/chunks/chittagong/chi_cate_04/sentence_07.wav,কম ঝাল করে দিন।,chittagong,cate_04,SPK_36,Female
sentence_08.wav,dataset/chunks/chittagong/chi_cate_04/sentence_08.wav,আমি নিরামিষ খাবার চাই।,chittagong,cate_04,SPK_36,Female
sentence_09.wav,dataset/chunks/chittagong/chi_cate_04/sentence_09.wav,এখানে কি হালাল খাবার পাওয়া যায়?,chittagong,cate_04,SPK_36,Female
sentence_10.wav,dataset/chunks/chittagong/chi_cate_04/sentence_10.wav,পানি দিন।,chittagong,cate_04,SPK_36,Female
sentence_11.wav,dataset/chunks/chittagong/chi_cate_04/sentence_11.wav,ঠান্ডা পানি আছে?,chittagong,cate_04,SPK_36,Female
sentence_12.wav,dataset/chunks/chittagong/chi_cate_04/sentence_12.wav,একটি কোমল পানীয় দিন।,chittagong,cate_04,SPK_36,Female
sentence_13.wav,dataset/chunks/chittagong/chi_cate_04/sentence_13.wav,এই খাবারটি খুব সুস্বাদু।,chittagong,cate_04,SPK_36,Female
sentence_14.wav,dataset/chunks/chittagong/chi_cate_04/sentence_14.wav,খাবারটি খুব লবণাক্ত।,chittagong,cate_04,SPK_36,Female
sentence_15.wav,dataset/chunks/chittagong/chi_cate_04/sentence_15.wav,বিল দিন।,chittagong,cate_04,SPK_36,Female
sentence_16.wav,dataset/chunks/chittagong/chi_cate_04/sentence_16.wav,আমি নগদে পরিশোধ করবো।,chittagong,cate_04,SPK_36,Female
sentence_17.wav,dataset/chunks/chittagong/chi_cate_04/sentence_17.wav,কার্ডে পরিশোধ করা যাবে?,chittagong,cate_04,SPK_36,Female
sentence_18.wav,dataset/chunks/chittagong/chi_cate_04/sentence_18.wav,খাবারটি কতক্ষণে আসবে?,chittagong,cate_04,SPK_36,Female
sentence_19.wav,dataset/chunks/chittagong/chi_cate_04/sentence_19.wav,আরেকটি প্লেট দিন।,chittagong,cate_04,SPK_36,Female
sentence_20.wav,dataset/chunks/chittagong/chi_cate_04/sentence_20.wav,চামচ ও কাঁটা দিন।,chittagong,cate_04,SPK_36,Female
sentence_21.wav,dataset/chunks/chittagong/chi_cate_04/sentence_21.wav,এখানে কি ওয়াইফাই আছে?,chittagong,cate_04,SPK_36,Female
sentence_22.wav,dataset/chunks/chittagong/chi_cate_04/sentence_22.wav,ওয়াইফাই পাসওয়ার্ড কী?,chittagong,cate_04,SPK_36,Female
sentence_23.wav,dataset/chunks/chittagong/chi_cate_04/sentence_23.wav,খাবারটি প্যাকেট করে দিন।,chittagong,cate_04,SPK_36,Female
sentence_24.wav,dataset/chunks/chittagong/chi_cate_04/sentence_24.wav,আমি বাসায় নিয়ে যাব।,chittagong,cate_04,SPK_36,Female
sentence_25.wav,dataset/chunks/chittagong/chi_cate_04/sentence_25.wav,একটি কফি দিন।,chittagong,cate_04,SPK_36,Female
sentence_26.wav,dataset/chunks/chittagong/chi_cate_04/sentence_26.wav,চা আছে?,chittagong,cate_04,SPK_36,Female
sentence_27.wav,dataset/chunks/chittagong/chi_cate_04/sentence_27.wav,দুধ চা দিন।,chittagong,cate_04,SPK_36,Female
sentence_28.wav,dataset/chunks/chittagong/chi_cate_04/sentence_28.wav,চিনি ছাড়া চা দিন।,chittagong,cate_04,SPK_36,Female
sentence_29.wav,dataset/chunks/chittagong/chi_cate_04/sentence_29.wav,এখানে কি ব্রেকফাস্ট পাওয়া যায়?,chittagong,cate_04,SPK_36,Female
sentence_30.wav,dataset/chunks/chittagong/chi_cate_04/sentence_30.wav,দুপুরের খাবার কখন শুরু হয়?,chittagong,cate_04,SPK_36,Female
sentence_31.wav,dataset/chunks/chittagong/chi_cate_04/sentence_31.wav,রাতের খাবার কখন পরিবেশন করা হয়?,chittagong,cate_04,SPK_36,Female
sentence_32.wav,dataset/chunks/chittagong/chi_cate_04/sentence_32.wav,আমি মাছের তরকারি চাই।,chittagong,cate_04,SPK_36,Female
sentence_33.wav,dataset/chunks/chittagong/chi_cate_04/sentence_33.wav,গরুর মাংস আছে?,chittagong,cate_04,SPK_36,Female
sentence_34.wav,dataset/chunks/chittagong/chi_cate_04/sentence_34.wav,এই স্যুপটি গরম কি?,chittagong,cate_04,SPK_36,Female
sentence_35.wav,dataset/chunks/chittagong/chi_cate_04/sentence_35.wav,একটু লেবু দিন।,chittagong,cate_04,SPK_36,Female
sentence_36.wav,dataset/chunks/chittagong/chi_cate_04/sentence_36.wav,এই রেস্টুরেন্ট খুব পরিষ্কার।,chittagong,cate_04,SPK_36,Female
sentence_37.wav,dataset/chunks/chittagong/chi_cate_04/sentence_37.wav,পরিবেশটি খুব সুন্দর।,chittagong,cate_04,SPK_36,Female
sentence_38.wav,dataset/chunks/chittagong/chi_cate_04/sentence_38.wav,খাবার পরিবেশন দ্রুত হয়েছে।,chittagong,cate_04,SPK_36,Female
sentence_39.wav,dataset/chunks/chittagong/chi_cate_04/sentence_39.wav,খাবার পরিবেশন দেরিতে হয়েছে।,chittagong,cate_04,SPK_36,Female
sentence_40.wav,dataset/chunks/chittagong/chi_cate_04/sentence_40.wav,আর কিছু লাগবে?,chittagong,cate_04,SPK_36,Female
sentence_41.wav,dataset/chunks/chittagong/chi_cate_04/sentence_41.wav,আমি আরও ভাত চাই।,chittagong,cate_04,SPK_36,Female
sentence_42.wav,dataset/chunks/chittagong/chi_cate_04/sentence_42.wav,একটু ঝোল দিন।,chittagong,cate_04,SPK_36,Female
sentence_43.wav,dataset/chunks/chittagong/chi_cate_04/sentence_43.wav,এটি কি তাজা রান্না?,chittagong,cate_04,SPK_36,Female
sentence_44.wav,dataset/chunks/chittagong/chi_cate_04/sentence_44.wav,এখানে কি পরিবার নিয়ে বসা যায়?,chittagong,cate_04,SPK_36,Female
sentence_45.wav,dataset/chunks/chittagong/chi_cate_04/sentence_45.wav,শিশুদের জন্য আলাদা চেয়ার আছে?,chittagong,cate_04,SPK_36,Female
sentence_46.wav,dataset/chunks/chittagong/chi_cate_04/sentence_46.wav,খাবারটি খুব গরম।,chittagong,cate_04,SPK_36,Female
sentence_47.wav,dataset/chunks/chittagong/chi_cate_04/sentence_47.wav,এটি খুব ঠান্ডা।,chittagong,cate_04,SPK_36,Female
sentence_48.wav,dataset/chunks/chittagong/chi_cate_04/sentence_48.wav,এখানে কি অনলাইনে অর্ডার করা যায়?,chittagong,cate_04,SPK_36,Female
sentence_49.wav,dataset/chunks/chittagong/chi_cate_04/sentence_49.wav,ডেলিভারি কত সময় লাগে?,chittagong,cate_04,SPK_36,Female
sentence_50.wav,dataset/chunks/chittagong/chi_cate_04/sentence_50.wav,এই খাবারটির দাম কত?,chittagong,cate_04,SPK_36,Female
sentence_51.wav,dataset/chunks/chittagong/chi_cate_04/sentence_51.wav,আমি অল্প পরিমাণ চাই।,chittagong,cate_04,SPK_36,Female
sentence_52.wav,dataset/chunks/chittagong/chi_cate_04/sentence_52.wav,বড় পরিমাণ দিন।,chittagong,cate_04,SPK_36,Female
sentence_53.wav,dataset/chunks/chittagong/chi_cate_04/sentence_53.wav,এই খাবারটি খুব মিষ্টি।,chittagong,cate_04,SPK_36,Female
sentence_54.wav,dataset/chunks/chittagong/chi_cate_04/sentence_54.wav,এটি কি ঝাল কম করা যাবে?,chittagong,cate_04,SPK_36,Female
sentence_55.wav,dataset/chunks/chittagong/chi_cate_04/sentence_55.wav,আরেক গ্লাস পানি দিন।,chittagong,cate_04,SPK_36,Female
sentence_56.wav,dataset/chunks/chittagong/chi_cate_04/sentence_56.wav,আমি ধন্যবাদ জানাই।,chittagong,cate_04,SPK_36,Female
sentence_57.wav,dataset/chunks/chittagong/chi_cate_04/sentence_57.wav,পরিষেবা খুব ভালো ছিল।,chittagong,cate_04,SPK_36,Female
sentence_58.wav,dataset/chunks/chittagong/chi_cate_04/sentence_58.wav,পরিষেবা উন্নত করা দরকার।,chittagong,cate_04,SPK_36,Female
sentence_59.wav,dataset/chunks/chittagong/chi_cate_04/sentence_59.wav,আমি এই রেস্টুরেন্টটি পছন্দ করি।,chittagong,cate_04,SPK_36,Female
sentence_60.wav,dataset/chunks/chittagong/chi_cate_04/sentence_60.wav,এটি কি এয়ার কন্ডিশনড?,chittagong,cate_04,SPK_36,Female
sentence_61.wav,dataset/chunks/chittagong/chi_cate_04/sentence_61.wav,বাইরে বসার ব্যবস্থা আছে?,chittagong,cate_04,SPK_36,Female
sentence_62.wav,dataset/chunks/chittagong/chi_cate_04/sentence_62.wav,খাবারে অ্যালার্জির উপাদান আছে?,chittagong,cate_04,SPK_36,Female
sentence_63.wav,dataset/chunks/chittagong/chi_cate_04/sentence_63.wav,আমি বাদাম খেতে পারি না।,chittagong,cate_04,SPK_36,Female
sentence_64.wav,dataset/chunks/chittagong/chi_cate_04/sentence_64.wav,এটি কি গ্লুটেন মুক্ত?,chittagong,cate_04,SPK_36,Female
sentence_65.wav,dataset/chunks/chittagong/chi_cate_04/sentence_65.wav,আমাকে একটি ন্যাপকিন দিন।,chittagong,cate_04,SPK_36,Female
sentence_66.wav,dataset/chunks/chittagong/chi_cate_04/sentence_66.wav,খাবার খুব ভালো লেগেছে।,chittagong,cate_04,SPK_36,Female
sentence_67.wav,dataset/chunks/chittagong/chi_cate_04/sentence_67.wav,আবার আসবো।,chittagong,cate_04,SPK_36,Female
sentence_68.wav,dataset/chunks/chittagong/chi_cate_04/sentence_68.wav,এখানে কি বুফে আছে?,chittagong,cate_04,SPK_36,Female
sentence_69.wav,dataset/chunks/chittagong/chi_cate_04/sentence_69.wav,বুফের দাম কত?,chittagong,cate_04,SPK_36,Female
sentence_70.wav,dataset/chunks/chittagong/chi_cate_04/sentence_70.wav,"ধন্যবাদ, বিদায়।",chittagong,cate_04,SPK_36,Female
sentence_01.wav,dataset/chunks/chittagong/chi_cate_05/sentence_01.wav,আমি বাংলাদেশের কিছু দর্শনীয় স্থান দেখতে চাই।,chittagong,cate_05,SPK_31,Male
sentence_02.wav,dataset/chunks/chittagong/chi_cate_05/sentence_02.wav,এই জায়গাটি কখন খোলা থাকে?,chittagong,cate_05,SPK_31,Male
sentence_03.wav,dataset/chunks/chittagong/chi_cate_05/sentence_03.wav,টিকিটের দাম কত?,chittagong,cate_05,SPK_31,Male
sentence_04.wav,dataset/chunks/chittagong/chi_cate_05/sentence_04.wav,আমাকে একটি গাইড দরকার।,chittagong,cate_05,SPK_31,Male
sentence_05.wav,dataset/chunks/chittagong/chi_cate_05/sentence_05.wav,আমরা গ্রুপে ঘুরতে এসেছি।,chittagong,cate_05,SPK_31,Male
sentence_06.wav,dataset/chunks/chittagong/chi_cate_05/sentence_06.wav,ছবি তোলা যাবে কি?,chittagong,cate_05,SPK_31,Male
sentence_07.wav,dataset/chunks/chittagong/chi_cate_05/sentence_07.wav,এই দর্শনীয় স্থানটি খুব সুন্দর।,chittagong,cate_05,SPK_31,Male
sentence_08.wav,dataset/chunks/chittagong/chi_cate_05/sentence_08.wav,আমাকে মানচিত্র দেখান।,chittagong,cate_05,SPK_31,Male
sentence_09.wav,dataset/chunks/chittagong/chi_cate_05/sentence_09.wav,আমি সকাল ১০টায় পৌঁছেছি।,chittagong,cate_05,SPK_31,Male
sentence_10.wav,dataset/chunks/chittagong/chi_cate_05/sentence_10.wav,পর্যটকরা এখানে খুব বেশি।,chittagong,cate_05,SPK_31,Male
sentence_11.wav,dataset/chunks/chittagong/chi_cate_05/sentence_11.wav,আমাকে হোটেলের ঠিকানা দিন।,chittagong,cate_05,SPK_31,Male
sentence_12.wav,dataset/chunks/chittagong/chi_cate_05/sentence_12.wav,এই জায়গায় কি খাবার পাওয়া যায়?,chittagong,cate_05,SPK_31,Male
sentence_13.wav,dataset/chunks/chittagong/chi_cate_05/sentence_13.wav,আমরা তিন ঘণ্টা থাকবো।,chittagong,cate_05,SPK_31,Male
sentence_14.wav,dataset/chunks/chittagong/chi_cate_05/sentence_14.wav,জলের পাশে ছবি তুলুন।,chittagong,cate_05,SPK_31,Male
sentence_15.wav,dataset/chunks/chittagong/chi_cate_05/sentence_15.wav,সুন্দর দিকটি দেখুন।,chittagong,cate_05,SPK_31,Male
sentence_16.wav,dataset/chunks/chittagong/chi_cate_05/sentence_16.wav,আমাদের গাইড কি বাংলায় কথা বলতে পারে?,chittagong,cate_05,SPK_31,Male
sentence_17.wav,dataset/chunks/chittagong/chi_cate_05/sentence_17.wav,পার্কিং এর জায়গা কোথায়?,chittagong,cate_05,SPK_31,Male
sentence_18.wav,dataset/chunks/chittagong/chi_cate_05/sentence_18.wav,এখানে কি নৌকা ভাড়া পাওয়া যায়?,chittagong,cate_05,SPK_31,Male
sentence_19.wav,dataset/chunks/chittagong/chi_cate_05/sentence_19.wav,আমি নদীর উপর ভ্রমণ করতে চাই।,chittagong,cate_05,SPK_31,Male
sentence_20.wav,dataset/chunks/chittagong/chi_cate_05/sentence_20.wav,আমাদের আরও তথ্য দরকার।,chittagong,cate_05,SPK_31,Male
sentence_21.wav,dataset/chunks/chittagong/chi_cate_05/sentence_21.wav,এই জায়গাটি ইতিহাসে গুরুত্বপূর্ণ।,chittagong,cate_05,SPK_31,Male
sentence_22.wav,dataset/chunks/chittagong/chi_cate_05/sentence_22.wav,আপনি কি গাইড সার্ভিস করেন?,chittagong,cate_05,SPK_31,Male
sentence_23.wav,dataset/chunks/chittagong/chi_cate_05/sentence_23.wav,আমি সকালবেলা আবার আসব।,chittagong,cate_05,SPK_31,Male
sentence_24.wav,dataset/chunks/chittagong/chi_cate_05/sentence_24.wav,আমাকে দুইজনের জন্য টিকিট দিন।,chittagong,cate_05,SPK_31,Male
sentence_25.wav,dataset/chunks/chittagong/chi_cate_05/sentence_25.wav,এখানে কি কোনো ছাড় আছে?,chittagong,cate_05,SPK_31,Male
sentence_26.wav,dataset/chunks/chittagong/chi_cate_05/sentence_26.wav,আমাদের ছবি তুলতে সাহায্য করুন।,chittagong,cate_05,SPK_31,Male
sentence_27.wav,dataset/chunks/chittagong/chi_cate_05/sentence_27.wav,এই দিক দিয়ে হাঁটুন।,chittagong,cate_05,SPK_31,Male
sentence_28.wav,dataset/chunks/chittagong/chi_cate_05/sentence_28.wav,দর্শকরা এখানে অনেক ছবি তুলছে।,chittagong,cate_05,SPK_31,Male
sentence_29.wav,dataset/chunks/chittagong/chi_cate_05/sentence_29.wav,আমি মিউজিয়াম ঘুরতে চাই।,chittagong,cate_05,SPK_31,Male
sentence_30.wav,dataset/chunks/chittagong/chi_cate_05/sentence_30.wav,রেস্টুরেন্টটি খুব কাছে।,chittagong,cate_05,SPK_31,Male
sentence_31.wav,dataset/chunks/chittagong/chi_cate_05/sentence_31.wav,আমরা পিকনিক করতে এসেছি।,chittagong,cate_05,SPK_31,Male
sentence_32.wav,dataset/chunks/chittagong/chi_cate_05/sentence_32.wav,এই জায়গার ইতিহাস জানতে চাই।,chittagong,cate_05,SPK_31,Male
sentence_33.wav,dataset/chunks/chittagong/chi_cate_05/sentence_33.wav,বিকেলের দিকে ছবি তুলুন।,chittagong,cate_05,SPK_31,Male
sentence_34.wav,dataset/chunks/chittagong/chi_cate_05/sentence_34.wav,আমার বন্ধু মানচিত্র পড়তে পারছে না।,chittagong,cate_05,SPK_31,Male
sentence_35.wav,dataset/chunks/chittagong/chi_cate_05/sentence_35.wav,এখানে কি গাইড পাওয়া যাবে?,chittagong,cate_05,SPK_31,Male
sentence_36.wav,dataset/chunks/chittagong/chi_cate_05/sentence_36.wav,আমরা পাহাড় দেখতে চাই।,chittagong,cate_05,SPK_31,Male
sentence_37.wav,dataset/chunks/chittagong/chi_cate_05/sentence_37.wav,সৈকত খুব সুন্দর।,chittagong,cate_05,SPK_31,Male
sentence_38.wav,dataset/chunks/chittagong/chi_cate_05/sentence_38.wav,জলস্রোতের ছবি তোলা উচিত।,chittagong,cate_05,SPK_31,Male
sentence_39.wav,dataset/chunks/chittagong/chi_cate_05/sentence_39.wav,গাইড কি আমাদের পথে নিয়ে যাবে?,chittagong,cate_05,SPK_31,Male
sentence_40.wav,dataset/chunks/chittagong/chi_cate_05/sentence_40.wav,আমরা সকাল ৮টায় বের হব।,chittagong,cate_05,SPK_31,Male
sentence_41.wav,dataset/chunks/chittagong/chi_cate_05/sentence_41.wav,এখানে কি টিকেট ছাড়া প্রবেশ সম্ভব?,chittagong,cate_05,SPK_31,Male
sentence_42.wav,dataset/chunks/chittagong/chi_cate_05/sentence_42.wav,ভ্রমণকারীরা খুব আনন্দ করছে।,chittagong,cate_05,SPK_31,Male
sentence_43.wav,dataset/chunks/chittagong/chi_cate_05/sentence_43.wav,আমি এখানে শপিং করতে চাই।,chittagong,cate_05,SPK_31,Male
sentence_44.wav,dataset/chunks/chittagong/chi_cate_05/sentence_44.wav,এই দিকটি খুব রোমাঞ্চকর।,chittagong,cate_05,SPK_31,Male
sentence_45.wav,dataset/chunks/chittagong/chi_cate_05/sentence_45.wav,আমাদের গাইড রাতের দিকে ফেরার সময় বলে।,chittagong,cate_05,SPK_31,Male
sentence_46.wav,dataset/chunks/chittagong/chi_cate_05/sentence_46.wav,ছবি তোলার জন্য আলো ঠিক আছে।,chittagong,cate_05,SPK_31,Male
sentence_47.wav,dataset/chunks/chittagong/chi_cate_05/sentence_47.wav,আমাদের গাইড নদের উপর নৌকা ভাড়া দেখিয়েছে।,chittagong,cate_05,SPK_31,Male
sentence_48.wav,dataset/chunks/chittagong/chi_cate_05/sentence_48.wav,এখানে কি কোনো মিউজিয়াম আছে?,chittagong,cate_05,SPK_31,Male
sentence_49.wav,dataset/chunks/chittagong/chi_cate_05/sentence_49.wav,আমরা পাহাড়ে ট্রেক করতে চাই।,chittagong,cate_05,SPK_31,Male
sentence_50.wav,dataset/chunks/chittagong/chi_cate_05/sentence_50.wav,এই স্থানের ইতিহাস অনেক পুরনো।,chittagong,cate_05,SPK_31,Male
sentence_51.wav,dataset/chunks/chittagong/chi_cate_05/sentence_51.wav,আমাদের ছবি তুলতে সময় লাগছে।,chittagong,cate_05,SPK_31,Male
sentence_52.wav,dataset/chunks/chittagong/chi_cate_05/sentence_52.wav,আমি সুভর্ণভূমি দেখতে চাই।,chittagong,cate_05,SPK_31,Male
sentence_53.wav,dataset/chunks/chittagong/chi_cate_05/sentence_53.wav,ট্রিপটি খুব মজার।,chittagong,cate_05,SPK_31,Male
sentence_54.wav,dataset/chunks/chittagong/chi_cate_05/sentence_54.wav,আমাদের হোটেল থেকে খুব দূরে নয়।,chittagong,cate_05,SPK_31,Male
sentence_55.wav,dataset/chunks/chittagong/chi_cate_05/sentence_55.wav,আমরা সকালে যাওয়ার পরিকল্পনা করেছি।,chittagong,cate_05,SPK_31,Male
sentence_56.wav,dataset/chunks/chittagong/chi_cate_05/sentence_56.wav,দিক নির্দেশনা অনুসরণ করুন।,chittagong,cate_05,SPK_31,Male
sentence_57.wav,dataset/chunks/chittagong/chi_cate_05/sentence_57.wav,দর্শনার্থীরা গাইডের কথা শুনছে।,chittagong,cate_05,SPK_31,Male
sentence_58.wav,dataset/chunks/chittagong/chi_cate_05/sentence_58.wav,আমি পোর্ট্রেট ছবি তুলতে চাই।,chittagong,cate_05,SPK_31,Male
sentence_59.wav,dataset/chunks/chittagong/chi_cate_05/sentence_59.wav,এখানে পর্যটন তথ্য কেন্দ্র আছে।,chittagong,cate_05,SPK_31,Male
sentence_60.wav,dataset/chunks/chittagong/chi_cate_05/sentence_60.wav,আমরা গ্রুপ ছবি তুলব।,chittagong,cate_05,SPK_31,Male
sentence_61.wav,dataset/chunks/chittagong/chi_cate_05/sentence_61.wav,আমাদের আরও কিছু সময় দরকার।,chittagong,cate_05,SPK_31,Male
sentence_62.wav,dataset/chunks/chittagong/chi_cate_05/sentence_62.wav,নদীর পাশে হাঁটতে চাই।,chittagong,cate_05,SPK_31,Male
sentence_63.wav,dataset/chunks/chittagong/chi_cate_05/sentence_63.wav,গাইড আমাদের নৌকায় নিয়ে যাবে।,chittagong,cate_05,SPK_31,Male
sentence_64.wav,dataset/chunks/chittagong/chi_cate_05/sentence_64.wav,এখানে ঝর্ণার ছবি তোলা যেতে পারে।,chittagong,cate_05,SPK_31,Male
sentence_65.wav,dataset/chunks/chittagong/chi_cate_05/sentence_65.wav,আমরা সব দর্শনীয় স্থান ঘুরে দেখব।,chittagong,cate_05,SPK_31,Male
sentence_66.wav,dataset/chunks/chittagong/chi_cate_05/sentence_66.wav,এই জায়গাটি খুব শান্ত।,chittagong,cate_05,SPK_31,Male
sentence_67.wav,dataset/chunks/chittagong/chi_cate_05/sentence_67.wav,আমি রাতের ভ্রমণ পছন্দ করি।,chittagong,cate_05,SPK_31,Male
sentence_68.wav,dataset/chunks/chittagong/chi_cate_05/sentence_68.wav,আমাদের হোটেল থেকে বাসস্ট্যান্ড দূরে নয়।,chittagong,cate_05,SPK_31,Male
sentence_69.wav,dataset/chunks/chittagong/chi_cate_05/sentence_69.wav,আমরা সকালের দিকে ছবি তুলব।,chittagong,cate_05,SPK_31,Male
sentence_70.wav,dataset/chunks/chittagong/chi_cate_05/sentence_70.wav,এই জায়গা সত্যিই স্মরণীয়।,chittagong,cate_05,SPK_31,Male
sentence_01.wav,dataset/chunks/chittagong/chi_cate_06/sentence_01.wav,আমার মাথা ব্যথা করছে।,chittagong,cate_06,SPK_30,Male
sentence_02.wav,dataset/chunks/chittagong/chi_cate_06/sentence_02.wav,কাছাকাছি হাসপাতাল কোথায়?,chittagong,cate_06,SPK_30,Male
sentence_03.wav,dataset/chunks/chittagong/chi_cate_06/sentence_03.wav,ডাক্তারের জন্য কীভাবে অ্যাপয়েন্টমেন্ট নেব?,chittagong,cate_06,SPK_30,Male
sentence_04.wav,dataset/chunks/chittagong/chi_cate_06/sentence_04.wav,আমাকে একটি ওষুধের দোকান দেখান।,chittagong,cate_06,SPK_30,Male
sentence_05.wav,dataset/chunks/chittagong/chi_cate_06/sentence_05.wav,আমি জ্বর অনুভব করছি।,chittagong,cate_06,SPK_30,Male
sentence_06.wav,dataset/chunks/chittagong/chi_cate_06/sentence_06.wav,আমি দুর্ঘটনার শিকার হয়েছি।,chittagong,cate_06,SPK_30,Male
sentence_07.wav,dataset/chunks/chittagong/chi_cate_06/sentence_07.wav,হাসপাতালে কত সময় লাগবে পৌঁছাতে?,chittagong,cate_06,SPK_30,Male
sentence_08.wav,dataset/chunks/chittagong/chi_cate_06/sentence_08.wav,আমার পায়ে চোট লেগেছে।,chittagong,cate_06,SPK_30,Male
sentence_09.wav,dataset/chunks/chittagong/chi_cate_06/sentence_09.wav,আমাকে হাসপাতালে নিয়ে যান।,chittagong,cate_06,SPK_30,Male
sentence_10.wav,dataset/chunks/chittagong/chi_cate_06/sentence_10.wav,আমি শ্বাসকষ্ট অনুভব করছি।,chittagong,cate_06,SPK_30,Male
sentence_11.wav,dataset/chunks/chittagong/chi_cate_06/sentence_11.wav,আমাকে দ্রুত সাহায্য করুন।,chittagong,cate_06,SPK_30,Male
sentence_12.wav,dataset/chunks/chittagong/chi_cate_06/sentence_12.wav,ডাক্তার কখন উপস্থিত থাকবেন?,chittagong,cate_06,SPK_30,Male
sentence_13.wav,dataset/chunks/chittagong/chi_cate_06/sentence_13.wav,আমার শিশু অসুস্থ।,chittagong,cate_06,SPK_30,Male
sentence_14.wav,dataset/chunks/chittagong/chi_cate_06/sentence_14.wav,আমার পেটে ব্যথা করছে।,chittagong,cate_06,SPK_30,Male
sentence_15.wav,dataset/chunks/chittagong/chi_cate_06/sentence_15.wav,ওষুধের নাম কী?,chittagong,cate_06,SPK_30,Male
sentence_16.wav,dataset/chunks/chittagong/chi_cate_06/sentence_16.wav,আমি ধমনীতে ব্যথা অনুভব করছি।,chittagong,cate_06,SPK_30,Male
sentence_17.wav,dataset/chunks/chittagong/chi_cate_06/sentence_17.wav,এটি কি জরুরি অবস্থা?,chittagong,cate_06,SPK_30,Male
sentence_18.wav,dataset/chunks/chittagong/chi_cate_06/sentence_18.wav,আমি অলস লাগছে।,chittagong,cate_06,SPK_30,Male
sentence_19.wav,dataset/chunks/chittagong/chi_cate_06/sentence_19.wav,আমার চোখে সমস্যা হচ্ছে।,chittagong,cate_06,SPK_30,Male
sentence_20.wav,dataset/chunks/chittagong/chi_cate_06/sentence_20.wav,ডাক্তার কি বাংলা বলতে পারেন?,chittagong,cate_06,SPK_30,Male
sentence_21.wav,dataset/chunks/chittagong/chi_cate_06/sentence_21.wav,আমি অ্যালার্জি আক্রান্ত।,chittagong,cate_06,SPK_30,Male
sentence_22.wav,dataset/chunks/chittagong/chi_cate_06/sentence_22.wav,আমার সর্দি কাশি আছে।,chittagong,cate_06,SPK_30,Male
sentence_23.wav,dataset/chunks/chittagong/chi_cate_06/sentence_23.wav,হাসপাতালে কি ভিড় বেশি?,chittagong,cate_06,SPK_30,Male
sentence_24.wav,dataset/chunks/chittagong/chi_cate_06/sentence_24.wav,আমাকে একটি ব্যান্ডেজ দিন।,chittagong,cate_06,SPK_30,Male
sentence_25.wav,dataset/chunks/chittagong/chi_cate_06/sentence_25.wav,আমার দাঁতে ব্যথা করছে।,chittagong,cate_06,SPK_30,Male
sentence_26.wav,dataset/chunks/chittagong/chi_cate_06/sentence_26.wav,এখানে কি জরুরি ওষুধ পাওয়া যায়?,chittagong,cate_06,SPK_30,Male
sentence_27.wav,dataset/chunks/chittagong/chi_cate_06/sentence_27.wav,"আমি অসুস্থ, আমার বিশ্রাম প্রয়োজন।",chittagong,cate_06,SPK_30,Male
sentence_28.wav,dataset/chunks/chittagong/chi_cate_06/sentence_28.wav,আপনার ওষুধের পরিমাণ কত?,chittagong,cate_06,SPK_30,Male
sentence_29.wav,dataset/chunks/chittagong/chi_cate_06/sentence_29.wav,আমার পায়ে জ্বালা অনুভব হচ্ছে।,chittagong,cate_06,SPK_30,Male
sentence_30.wav,dataset/chunks/chittagong/chi_cate_06/sentence_30.wav,হাসপাতালে কি ডাক্তার সারাদিন থাকে?,chittagong,cate_06,SPK_30,Male
sentence_31.wav,dataset/chunks/chittagong/chi_cate_06/sentence_31.wav,আমাকে দ্রুত ট্যাক্সি দিন।,chittagong,cate_06,SPK_30,Male
sentence_32.wav,dataset/chunks/chittagong/chi_cate_06/sentence_32.wav,আমি গলা ব্যথা অনুভব করছি।,chittagong,cate_06,SPK_30,Male
sentence_33.wav,dataset/chunks/chittagong/chi_cate_06/sentence_33.wav,আমার হাতে কাটা গেছে।,chittagong,cate_06,SPK_30,Male
sentence_34.wav,dataset/chunks/chittagong/chi_cate_06/sentence_34.wav,এখানে কি স্বাস্থ্য পরীক্ষা করা যায়?,chittagong,cate_06,SPK_30,Male
sentence_35.wav,dataset/chunks/chittagong/chi_cate_06/sentence_35.wav,আমার পেট খারাপ লাগছে।,chittagong,cate_06,SPK_30,Male
sentence_36.wav,dataset/chunks/chittagong/chi_cate_06/sentence_36.wav,আমার চুল পড়ছে।,chittagong,cate_06,SPK_30,Male
sentence_37.wav,dataset/chunks/chittagong/chi_cate_06/sentence_37.wav,কি ওষুধ খাবো?,chittagong,cate_06,SPK_30,Male
sentence_38.wav,dataset/chunks/chittagong/chi_cate_06/sentence_38.wav,আমার শ্বাসনালি ব্যথা করছে।,chittagong,cate_06,SPK_30,Male
sentence_39.wav,dataset/chunks/chittagong/chi_cate_06/sentence_39.wav,আমার ডায়াবেটিস আছে।,chittagong,cate_06,SPK_30,Male
sentence_40.wav,dataset/chunks/chittagong/chi_cate_06/sentence_40.wav,আমাকে ইনজেকশন দেওয়া দরকার।,chittagong,cate_06,SPK_30,Male
sentence_41.wav,dataset/chunks/chittagong/chi_cate_06/sentence_41.wav,আমাকে ব্যথা উপশমের জন্য কিছু দিন।,chittagong,cate_06,SPK_30,Male
sentence_42.wav,dataset/chunks/chittagong/chi_cate_06/sentence_42.wav,আমি দুর্বল লাগছি।,chittagong,cate_06,SPK_30,Male
sentence_43.wav,dataset/chunks/chittagong/chi_cate_06/sentence_43.wav,আমার নাক দিয়ে রক্ত পড়ছে।,chittagong,cate_06,SPK_30,Male
sentence_44.wav,dataset/chunks/chittagong/chi_cate_06/sentence_44.wav,ডাক্তার কি এখন ফ্রি আছেন?,chittagong,cate_06,SPK_30,Male
sentence_45.wav,dataset/chunks/chittagong/chi_cate_06/sentence_45.wav,আমার বুক ব্যথা করছে।,chittagong,cate_06,SPK_30,Male
sentence_46.wav,dataset/chunks/chittagong/chi_cate_06/sentence_46.wav,আমার চোখ লাল হয়ে গেছে।,chittagong,cate_06,SPK_30,Male
sentence_47.wav,dataset/chunks/chittagong/chi_cate_06/sentence_47.wav,কি টেস্ট করাতে হবে?,chittagong,cate_06,SPK_30,Male
sentence_48.wav,dataset/chunks/chittagong/chi_cate_06/sentence_48.wav,আমি বুকধড় ধড় করছি।,chittagong,cate_06,SPK_30,Male
sentence_49.wav,dataset/chunks/chittagong/chi_cate_06/sentence_49.wav,হাসপাতালে কি অ্যাম্বুল্যান্স আছে?,chittagong,cate_06,SPK_30,Male
sentence_50.wav,dataset/chunks/chittagong/chi_cate_06/sentence_50.wav,আমার চামড়ায় চুলকানি হচ্ছে।,chittagong,cate_06,SPK_30,Male
sentence_51.wav,dataset/chunks/chittagong/chi_cate_06/sentence_51.wav,ওষুধটি কখন খাবো?,chittagong,cate_06,SPK_30,Male
sentence_52.wav,dataset/chunks/chittagong/chi_cate_06/sentence_52.wav,আমার কানে ব্যথা করছে।,chittagong,cate_06,SPK_30,Male
sentence_53.wav,dataset/chunks/chittagong/chi_cate_06/sentence_53.wav,আমাকে রক্ত পরীক্ষা করাতে হবে।,chittagong,cate_06,SPK_30,Male
sentence_54.wav,dataset/chunks/chittagong/chi_cate_06/sentence_54.wav,আমি গরমে অসুস্থ।,chittagong,cate_06,SPK_30,Male
sentence_55.wav,dataset/chunks/chittagong/chi_cate_06/sentence_55.wav,আমার দাঁতের ইনফেকশন হয়েছে।,chittagong,cate_06,SPK_30,Male
sentence_56.wav,dataset/chunks/chittagong/chi_cate_06/sentence_56.wav,এখানে কি স্যালাইন দেওয়া হয়?,chittagong,cate_06,SPK_30,Male
sentence_57.wav,dataset/chunks/chittagong/chi_cate_06/sentence_57.wav,আমার পায়ের আঙুল ফোলা গেছে।,chittagong,cate_06,SPK_30,Male
sentence_58.wav,dataset/chunks/chittagong/chi_cate_06/sentence_58.wav,আমাকে ব্যথানাশক দিন।,chittagong,cate_06,SPK_30,Male
sentence_59.wav,dataset/chunks/chittagong/chi_cate_06/sentence_59.wav,কি খেলে সুস্থতা হবে?,chittagong,cate_06,SPK_30,Male
sentence_60.wav,dataset/chunks/chittagong/chi_cate_06/sentence_60.wav,আমি মাথা ঘোরাতে লাগছে।,chittagong,cate_06,SPK_30,Male
sentence_61.wav,dataset/chunks/chittagong/chi_cate_06/sentence_61.wav,হাসপাতালে কি ডাক্তার রাতেও থাকেন?,chittagong,cate_06,SPK_30,Male
sentence_62.wav,dataset/chunks/chittagong/chi_cate_06/sentence_62.wav,আমার গলার প্রদাহ আছে।,chittagong,cate_06,SPK_30,Male
sentence_63.wav,dataset/chunks/chittagong/chi_cate_06/sentence_63.wav,আমার শরীরে জ্বালা অনুভূত হচ্ছে।,chittagong,cate_06,SPK_30,Male
sentence_64.wav,dataset/chunks/chittagong/chi_cate_06/sentence_64.wav,আমাকে ওষুধের রিসিপি দিন।,chittagong,cate_06,SPK_30,Male
sentence_65.wav,dataset/chunks/chittagong/chi_cate_06/sentence_65.wav,কি ওষুধ বেশি কার্যকর?,chittagong,cate_06,SPK_30,Male
sentence_66.wav,dataset/chunks/chittagong/chi_cate_06/sentence_66.wav,আমার গায়ে র‍্যাশ হয়েছে।,chittagong,cate_06,SPK_30,Male
sentence_67.wav,dataset/chunks/chittagong/chi_cate_06/sentence_67.wav,আমি পায়ে ব্যথা অনুভব করছি।,chittagong,cate_06,SPK_30,Male
sentence_68.wav,dataset/chunks/chittagong/chi_cate_06/sentence_68.wav,হাসপাতালে কি অ্যাপয়েন্টমেন্ট লাগবে?,chittagong,cate_06,SPK_30,Male
sentence_69.wav,dataset/chunks/chittagong/chi_cate_06/sentence_69.wav,আমাকে দ্রুত দেখুন।,chittagong,cate_06,SPK_30,Male
sentence_70.wav,dataset/chunks/chittagong/chi_cate_06/sentence_70.wav,আমার পেট খুব ব্যথা করছে।,chittagong,cate_06,SPK_30,Male
sentence_01.wav,dataset/chunks/chittagong/chi_cate_07/sentence_01.wav,আপনার পরিবারে কয়জন সদস্য আছে?,chittagong,cate_07,SPK_08,Male
sentence_02.wav,dataset/chunks/chittagong/chi_cate_07/sentence_02.wav,আমার বাবা একজন শিক্ষক।,chittagong,cate_07,SPK_08,Male
sentence_03.wav,dataset/chunks/chittagong/chi_cate_07/sentence_03.wav,আপনি কোথায় বড় হয়েছেন?,chittagong,cate_07,SPK_08,Male
sentence_04.wav,dataset/chunks/chittagong/chi_cate_07/sentence_04.wav,আমার মা ঘরে থাকেন।,chittagong,cate_07,SPK_08,Male
sentence_05.wav,dataset/chunks/chittagong/chi_cate_07/sentence_05.wav,আপনার ভাইবোন আছে কি?,chittagong,cate_07,SPK_08,Male
sentence_06.wav,dataset/chunks/chittagong/chi_cate_07/sentence_06.wav,আমার এক ভাই ও দুই বোন আছে।,chittagong,cate_07,SPK_08,Male
sentence_07.wav,dataset/chunks/chittagong/chi_cate_07/sentence_07.wav,আমরা একসাথে ভ্রমণ করতে ভালোবাসি।,chittagong,cate_07,SPK_08,Male
sentence_08.wav,dataset/chunks/chittagong/chi_cate_07/sentence_08.wav,আপনার পছন্দের খাবার কী?,chittagong,cate_07,SPK_08,Male
sentence_09.wav,dataset/chunks/chittagong/chi_cate_07/sentence_09.wav,আমার ছোট বোন স্কুলে পড়ে।,chittagong,cate_07,SPK_08,Male
sentence_10.wav,dataset/chunks/chittagong/chi_cate_07/sentence_10.wav,আপনার বাবা কোথায় কাজ করেন?,chittagong,cate_07,SPK_08,Male
sentence_11.wav,dataset/chunks/chittagong/chi_cate_07/sentence_11.wav,আমার পরিবার সব সময় একসাথে খেতে বসে।,chittagong,cate_07,SPK_08,Male
sentence_12.wav,dataset/chunks/chittagong/chi_cate_07/sentence_12.wav,আপনার মা কি রান্না করতে ভালোবাসেন?,chittagong,cate_07,SPK_08,Male
sentence_13.wav,dataset/chunks/chittagong/chi_cate_07/sentence_13.wav,আমরা প্রতি বছর ঈদে মিলিত হই।,chittagong,cate_07,SPK_08,Male
sentence_14.wav,dataset/chunks/chittagong/chi_cate_07/sentence_14.wav,আপনার পছন্দের ছুটি কী?,chittagong,cate_07,SPK_08,Male
sentence_15.wav,dataset/chunks/chittagong/chi_cate_07/sentence_15.wav,আমার বাবা সকালবেলা হাঁটতে যান।,chittagong,cate_07,SPK_08,Male
sentence_16.wav,dataset/chunks/chittagong/chi_cate_07/sentence_16.wav,আপনার পরিবারে কারা রয়েছেন?,chittagong,cate_07,SPK_08,Male
sentence_17.wav,dataset/chunks/chittagong/chi_cate_07/sentence_17.wav,আমার দাদা আমাদের সঙ্গে থাকে।,chittagong,cate_07,SPK_08,Male
sentence_18.wav,dataset/chunks/chittagong/chi_cate_07/sentence_18.wav,আপনি কি বিবাহিত?,chittagong,cate_07,SPK_08,Male
sentence_19.wav,dataset/chunks/chittagong/chi_cate_07/sentence_19.wav,আমি বিবাহিত এবং আমার দুই সন্তান আছে।,chittagong,cate_07,SPK_08,Male
sentence_20.wav,dataset/chunks/chittagong/chi_cate_07/sentence_20.wav,আপনার বোন কি বিশ্ববিদ্যালয়ে পড়ে?,chittagong,cate_07,SPK_08,Male
sentence_21.wav,dataset/chunks/chittagong/chi_cate_07/sentence_21.wav,আমরা রোববার একসাথে সিনেমা দেখি।,chittagong,cate_07,SPK_08,Male
sentence_22.wav,dataset/chunks/chittagong/chi_cate_07/sentence_22.wav,আপনার পছন্দের পরিবারের অনুষ্ঠান কোনটি?,chittagong,cate_07,SPK_08,Male
sentence_23.wav,dataset/chunks/chittagong/chi_cate_07/sentence_23.wav,আমার বাবা মা আমাদের জন্য খুব যত্নশীল।,chittagong,cate_07,SPK_08,Male
sentence_24.wav,dataset/chunks/chittagong/chi_cate_07/sentence_24.wav,আপনার শিশুরা স্কুলে ভালো করছে কি?,chittagong,cate_07,SPK_08,Male
sentence_25.wav,dataset/chunks/chittagong/chi_cate_07/sentence_25.wav,আমার পরিবারের সবাই স্বাস্থ্যকর জীবনযাপন করে।,chittagong,cate_07,SPK_08,Male
sentence_26.wav,dataset/chunks/chittagong/chi_cate_07/sentence_26.wav,আপনি কোথায় বেড়ে উঠেছেন?,chittagong,cate_07,SPK_08,Male
sentence_27.wav,dataset/chunks/chittagong/chi_cate_07/sentence_27.wav,আমার পরিবার গ্রামে থাকে।,chittagong,cate_07,SPK_08,Male
sentence_28.wav,dataset/chunks/chittagong/chi_cate_07/sentence_28.wav,আপনার বাবা কি বিদেশে কাজ করেন?,chittagong,cate_07,SPK_08,Male
sentence_29.wav,dataset/chunks/chittagong/chi_cate_07/sentence_29.wav,আমি আমার পরিবারের সঙ্গে ছুটিতে যাই।,chittagong,cate_07,SPK_08,Male
sentence_30.wav,dataset/chunks/chittagong/chi_cate_07/sentence_30.wav,আপনার পরিবারে ছোট ছোট ভাইবোন আছে কি?,chittagong,cate_07,SPK_08,Male
sentence_31.wav,dataset/chunks/chittagong/chi_cate_07/sentence_31.wav,আমার ভাই ফুটবল খেলে।,chittagong,cate_07,SPK_08,Male
sentence_32.wav,dataset/chunks/chittagong/chi_cate_07/sentence_32.wav,আপনার মা কি কাজ করেন?,chittagong,cate_07,SPK_08,Male
sentence_33.wav,dataset/chunks/chittagong/chi_cate_07/sentence_33.wav,আমরা প্রতি সপ্তাহে একসাথে খাবার করি।,chittagong,cate_07,SPK_08,Male
sentence_34.wav,dataset/chunks/chittagong/chi_cate_07/sentence_34.wav,আপনার বাবা কি বাসায় থাকেন?,chittagong,cate_07,SPK_08,Male
sentence_35.wav,dataset/chunks/chittagong/chi_cate_07/sentence_35.wav,আমার পরিবারে সবাই একে অপরকে সাহায্য করে।,chittagong,cate_07,SPK_08,Male
sentence_36.wav,dataset/chunks/chittagong/chi_cate_07/sentence_36.wav,আপনি কত বছর ধরে বিবাহিত?,chittagong,cate_07,SPK_08,Male
sentence_37.wav,dataset/chunks/chittagong/chi_cate_07/sentence_37.wav,আমার বোন চিকিৎসা পড়াশোনা করছে।,chittagong,cate_07,SPK_08,Male
sentence_38.wav,dataset/chunks/chittagong/chi_cate_07/sentence_38.wav,আপনার বাবা মা কি এখনও কাজ করেন?,chittagong,cate_07,SPK_08,Male
sentence_39.wav,dataset/chunks/chittagong/chi_cate_07/sentence_39.wav,আমরা সবাই একসাথে হোলিডে যাই।,chittagong,cate_07,SPK_08,Male
sentence_40.wav,dataset/chunks/chittagong/chi_cate_07/sentence_40.wav,আপনার সন্তানদের নাম কী?,chittagong,cate_07,SPK_08,Male
sentence_41.wav,dataset/chunks/chittagong/chi_cate_07/sentence_41.wav,আমার ছেলে ফুটবল খেলতে ভালোবাসে।,chittagong,cate_07,SPK_08,Male
sentence_42.wav,dataset/chunks/chittagong/chi_cate_07/sentence_42.wav,আপনার পরিবারের বয়সী সদস্যরা কি সক্রিয়?,chittagong,cate_07,SPK_08,Male
sentence_43.wav,dataset/chunks/chittagong/chi_cate_07/sentence_43.wav,আমি আমার পরিবারের সঙ্গে সিনেমা দেখতে যাই।,chittagong,cate_07,SPK_08,Male
sentence_44.wav,dataset/chunks/chittagong/chi_cate_07/sentence_44.wav,আপনার মা কি রান্না ভালো করেন?,chittagong,cate_07,SPK_08,Male
sentence_45.wav,dataset/chunks/chittagong/chi_cate_07/sentence_45.wav,আমার বাবা সকালবেলা সংবাদ পড়েন।,chittagong,cate_07,SPK_08,Male
sentence_46.wav,dataset/chunks/chittagong/chi_cate_07/sentence_46.wav,আপনার বোনের পছন্দের কাজ কী?,chittagong,cate_07,SPK_08,Male
sentence_47.wav,dataset/chunks/chittagong/chi_cate_07/sentence_47.wav,আমরা বড়দিন একসাথে উদযাপন করি।,chittagong,cate_07,SPK_08,Male
sentence_48.wav,dataset/chunks/chittagong/chi_cate_07/sentence_48.wav,আমার পরিবারে কেউ বিদেশে থাকে।,chittagong,cate_07,SPK_08,Male
sentence_49.wav,dataset/chunks/chittagong/chi_cate_07/sentence_49.wav,আপনার পরিবারের সদস্যরা কি সুস্থ আছে?,chittagong,cate_07,SPK_08,Male
sentence_50.wav,dataset/chunks/chittagong/chi_cate_07/sentence_50.wav,আমি পরিবারকে খুব ভালোবাসি।,chittagong,cate_07,SPK_08,Male
sentence_51.wav,dataset/chunks/chittagong/chi_cate_07/sentence_51.wav,আপনার ভাইবোন কি আপনার সাথে থাকে?,chittagong,cate_07,SPK_08,Male
sentence_52.wav,dataset/chunks/chittagong/chi_cate_07/sentence_52.wav,আমার বাবা মা গ্রামের বাড়িতে থাকেন।,chittagong,cate_07,SPK_08,Male
sentence_53.wav,dataset/chunks/chittagong/chi_cate_07/sentence_53.wav,আমরা একসাথে খেলা করি।,chittagong,cate_07,SPK_08,Male
sentence_54.wav,dataset/chunks/chittagong/chi_cate_07/sentence_54.wav,আপনার পরিবারে কেউ চাকরিতে আছেন কি?,chittagong,cate_07,SPK_08,Male
sentence_55.wav,dataset/chunks/chittagong/chi_cate_07/sentence_55.wav,আমি আমার পরিবারের জন্য সব করি।,chittagong,cate_07,SPK_08,Male
sentence_56.wav,dataset/chunks/chittagong/chi_cate_07/sentence_56.wav,আপনার বাবা মা কি অবসরপ্রাপ্ত?,chittagong,cate_07,SPK_08,Male
sentence_57.wav,dataset/chunks/chittagong/chi_cate_07/sentence_57.wav,আমরা হোলিডেতে গ্রামের বাড়িতে যাই।,chittagong,cate_07,SPK_08,Male
sentence_58.wav,dataset/chunks/chittagong/chi_cate_07/sentence_58.wav,আমার ছোট ভাই স্কুলে ভালো করছে।,chittagong,cate_07,SPK_08,Male
sentence_59.wav,dataset/chunks/chittagong/chi_cate_07/sentence_59.wav,আপনার পরিবার কত ঘনিষ্ঠ?,chittagong,cate_07,SPK_08,Male
sentence_60.wav,dataset/chunks/chittagong/chi_cate_07/sentence_60.wav,আমরা প্রতি মাসে একসাথে বেড়াতে যাই।,chittagong,cate_07,SPK_08,Male
sentence_61.wav,dataset/chunks/chittagong/chi_cate_07/sentence_61.wav,আমার মা গল্প শুনাতে ভালোবাসেন।,chittagong,cate_07,SPK_08,Male
sentence_62.wav,dataset/chunks/chittagong/chi_cate_07/sentence_62.wav,আপনার বাবা কি কখনও ভ্রমণে যান?,chittagong,cate_07,SPK_08,Male
sentence_63.wav,dataset/chunks/chittagong/chi_cate_07/sentence_63.wav,আমি আমার পরিবারকে সব সময় সাহায্য করি।,chittagong,cate_07,SPK_08,Male
sentence_64.wav,dataset/chunks/chittagong/chi_cate_07/sentence_64.wav,আপনার ভাইবোন কি একে অপরকে সাহায্য করে?,chittagong,cate_07,SPK_08,Male
sentence_65.wav,dataset/chunks/chittagong/chi_cate_07/sentence_65.wav,আমরা পরিবারে জন্মদিন উদযাপন করি।,chittagong,cate_07,SPK_08,Male
sentence_66.wav,dataset/chunks/chittagong/chi_cate_07/sentence_66.wav,আমার পরিবারের সঙ্গে সময় কাটানো ভালো লাগে।,chittagong,cate_07,SPK_08,Male
sentence_67.wav,dataset/chunks/chittagong/chi_cate_07/sentence_67.wav,আপনার মা বাবা কি একসাথে আছেন?,chittagong,cate_07,SPK_08,Male
sentence_68.wav,dataset/chunks/chittagong/chi_cate_07/sentence_68.wav,আমার বাবা খুব কঠোর কিন্তু ভালো মানুষ।,chittagong,cate_07,SPK_08,Male
sentence_69.wav,dataset/chunks/chittagong/chi_cate_07/sentence_69.wav,আমরা পারিবারিক ছবি তুলি।,chittagong,cate_07,SPK_08,Male
sentence_70.wav,dataset/chunks/chittagong/chi_cate_07/sentence_70.wav,আমি আমার পরিবারের সুখের জন্য কাজ করি।,chittagong,cate_07,SPK_08,Male
sentence_01.wav,dataset/chunks/chittagong/chi_cate_08/sentence_01.wav,এই বছর ধানের ফলন কেমন হবে?,chittagong,cate_08,SPK_08,Male
sentence_02.wav,dataset/chunks/chittagong/chi_cate_08/sentence_02.wav,আমি মাছ চাষ শুরু করতে চাই।,chittagong,cate_08,SPK_08,Male
sentence_03.wav,dataset/chunks/chittagong/chi_cate_08/sentence_03.wav,বৃষ্টিপাত ঠিক আছে কি?,chittagong,cate_08,SPK_08,Male
sentence_04.wav,dataset/chunks/chittagong/chi_cate_08/sentence_04.wav,জমি প্রস্তুত করা হয়েছে।,chittagong,cate_08,SPK_08,Male
sentence_05.wav,dataset/chunks/chittagong/chi_cate_08/sentence_05.wav,ধানের বীজ কত লাগবে?,chittagong,cate_08,SPK_08,Male
sentence_06.wav,dataset/chunks/chittagong/chi_cate_08/sentence_06.wav,কীটনাশক প্রয়োগ করতে হবে।,chittagong,cate_08,SPK_08,Male
sentence_07.wav,dataset/chunks/chittagong/chi_cate_08/sentence_07.wav,আমি সবজি চাষ করি।,chittagong,cate_08,SPK_08,Male
sentence_08.wav,dataset/chunks/chittagong/chi_cate_08/sentence_08.wav,মাছের পুকুর কত বড়?,chittagong,cate_08,SPK_08,Male
sentence_09.wav,dataset/chunks/chittagong/chi_cate_08/sentence_09.wav,আমার ধান ভালোভাবে ফলন করছে।,chittagong,cate_08,SPK_08,Male
sentence_10.wav,dataset/chunks/chittagong/chi_cate_08/sentence_10.wav,সার দেওয়া হয়েছে।,chittagong,cate_08,SPK_08,Male
sentence_11.wav,dataset/chunks/chittagong/chi_cate_08/sentence_11.wav,কৃষকের জন্য কি সহায়তা আছে?,chittagong,cate_08,SPK_08,Male
sentence_12.wav,dataset/chunks/chittagong/chi_cate_08/sentence_12.wav,গবাদি পশুদের খাওয়ানো হয়েছে।,chittagong,cate_08,SPK_08,Male
sentence_13.wav,dataset/chunks/chittagong/chi_cate_08/sentence_13.wav,আবহাওয়া কেমন থাকবে?,chittagong,cate_08,SPK_08,Male
sentence_14.wav,dataset/chunks/chittagong/chi_cate_08/sentence_14.wav,বৃষ্টির অভাব ধানের জন্য ক্ষতিকর।,chittagong,cate_08,SPK_08,Male
sentence_15.wav,dataset/chunks/chittagong/chi_cate_08/sentence_15.wav,পুকুরে পানি পরীক্ষা করা হয়েছে।,chittagong,cate_08,SPK_08,Male
sentence_16.wav,dataset/chunks/chittagong/chi_cate_08/sentence_16.wav,আমি নতুন সার প্রয়োগ করব।,chittagong,cate_08,SPK_08,Male
sentence_17.wav,dataset/chunks/chittagong/chi_cate_08/sentence_17.wav,কীটপতঙ্গ ধ্বংস করতে হবে।,chittagong,cate_08,SPK_08,Male
sentence_18.wav,dataset/chunks/chittagong/chi_cate_08/sentence_18.wav,ধানের বীজ ভালো মানের কিনুন।,chittagong,cate_08,SPK_08,Male
sentence_19.wav,dataset/chunks/chittagong/chi_cate_08/sentence_19.wav,সবজি খুব দ্রুত বড় হচ্ছে।,chittagong,cate_08,SPK_08,Male
sentence_20.wav,dataset/chunks/chittagong/chi_cate_08/sentence_20.wav,মাছের পুকুরে খাবার দিন।,chittagong,cate_08,SPK_08,Male
sentence_21.wav,dataset/chunks/chittagong/chi_cate_08/sentence_21.wav,জমিতে আগাছা কাটা হয়েছে।,chittagong,cate_08,SPK_08,Male
sentence_22.wav,dataset/chunks/chittagong/chi_cate_08/sentence_22.wav,আমি নতুন পুকুর খনন করেছি।,chittagong,cate_08,SPK_08,Male
sentence_23.wav,dataset/chunks/chittagong/chi_cate_08/sentence_23.wav,এই ফসলের জন্য কত সার লাগবে?,chittagong,cate_08,SPK_08,Male
sentence_24.wav,dataset/chunks/chittagong/chi_cate_08/sentence_24.wav,গরু খুব ভালো অবস্থায় আছে।,chittagong,cate_08,SPK_08,Male
sentence_25.wav,dataset/chunks/chittagong/chi_cate_08/sentence_25.wav,ধান কেটে সংগ্রহ করা হয়েছে।,chittagong,cate_08,SPK_08,Male
sentence_26.wav,dataset/chunks/chittagong/chi_cate_08/sentence_26.wav,আমরা সবজি বাজারে বিক্রি করি।,chittagong,cate_08,SPK_08,Male
sentence_27.wav,dataset/chunks/chittagong/chi_cate_08/sentence_27.wav,মাটি পরীক্ষা করা হয়েছে।,chittagong,cate_08,SPK_08,Male
sentence_28.wav,dataset/chunks/chittagong/chi_cate_08/sentence_28.wav,পোকামাকড়ের আক্রমণ হয়েছে।,chittagong,cate_08,SPK_08,Male
sentence_29.wav,dataset/chunks/chittagong/chi_cate_08/sentence_29.wav,মাছের পুকুর পরিষ্কার করুন।,chittagong,cate_08,SPK_08,Male
sentence_30.wav,dataset/chunks/chittagong/chi_cate_08/sentence_30.wav,আমরা সার ও বীজ কিনব।,chittagong,cate_08,SPK_08,Male
sentence_31.wav,dataset/chunks/chittagong/chi_cate_08/sentence_31.wav,গবাদি পশুদের স্বাস্থ্য পরীক্ষা করা হয়েছে।,chittagong,cate_08,SPK_08,Male
sentence_32.wav,dataset/chunks/chittagong/chi_cate_08/sentence_32.wav,ধানের ফলন ভাল হয়েছে।,chittagong,cate_08,SPK_08,Male
sentence_33.wav,dataset/chunks/chittagong/chi_cate_08/sentence_33.wav,আমি নতুন চারা রোপণ করব।,chittagong,cate_08,SPK_08,Male
sentence_34.wav,dataset/chunks/chittagong/chi_cate_08/sentence_34.wav,আবহাওয়া পরিবর্তনশীল।,chittagong,cate_08,SPK_08,Male
sentence_35.wav,dataset/chunks/chittagong/chi_cate_08/sentence_35.wav,পুকুরে পানি কমে গেছে।,chittagong,cate_08,SPK_08,Male
sentence_36.wav,dataset/chunks/chittagong/chi_cate_08/sentence_36.wav,আমরা নতুন সার পরীক্ষা করব।,chittagong,cate_08,SPK_08,Male
sentence_37.wav,dataset/chunks/chittagong/chi_cate_08/sentence_37.wav,কি মাছের প্রজাতি ভালো ফলন দিচ্ছে?,chittagong,cate_08,SPK_08,Male
sentence_38.wav,dataset/chunks/chittagong/chi_cate_08/sentence_38.wav,জমি উর্বর।,chittagong,cate_08,SPK_08,Male
sentence_39.wav,dataset/chunks/chittagong/chi_cate_08/sentence_39.wav,ফসল রক্ষা করতে কী ব্যবস্থা নেওয়া হয়েছে?,chittagong,cate_08,SPK_08,Male
sentence_40.wav,dataset/chunks/chittagong/chi_cate_08/sentence_40.wav,আমরা গবাদি পশু বিক্রি করব।,chittagong,cate_08,SPK_08,Male
sentence_41.wav,dataset/chunks/chittagong/chi_cate_08/sentence_41.wav,ধানের ফসল শুকিয়ে গেছে।,chittagong,cate_08,SPK_08,Male
sentence_42.wav,dataset/chunks/chittagong/chi_cate_08/sentence_42.wav,পুকুরে নতুন মাছ ছাড়া হয়েছে।,chittagong,cate_08,SPK_08,Male
sentence_43.wav,dataset/chunks/chittagong/chi_cate_08/sentence_43.wav,আবহাওয়া খুব খারাপ।,chittagong,cate_08,SPK_08,Male
sentence_44.wav,dataset/chunks/chittagong/chi_cate_08/sentence_44.wav,আমরা সবজি রোপণ শুরু করেছি।,chittagong,cate_08,SPK_08,Male
sentence_45.wav,dataset/chunks/chittagong/chi_cate_08/sentence_45.wav,মাটির আর্দ্রতা ঠিক আছে কি?,chittagong,cate_08,SPK_08,Male
sentence_46.wav,dataset/chunks/chittagong/chi_cate_08/sentence_46.wav,সার দেওয়ার পর পানি দিন।,chittagong,cate_08,SPK_08,Male
sentence_47.wav,dataset/chunks/chittagong/chi_cate_08/sentence_47.wav,কীটনাশক কত দিন পর প্রয়োগ করতে হবে?,chittagong,cate_08,SPK_08,Male
sentence_48.wav,dataset/chunks/chittagong/chi_cate_08/sentence_48.wav,আমার ধান এখনও সবুজ।,chittagong,cate_08,SPK_08,Male
sentence_49.wav,dataset/chunks/chittagong/chi_cate_08/sentence_49.wav,গবাদি পশুদের জন্য খোরাক প্রস্তুত।,chittagong,cate_08,SPK_08,Male
sentence_50.wav,dataset/chunks/chittagong/chi_cate_08/sentence_50.wav,পুকুরের পানি পরীক্ষা করুন।,chittagong,cate_08,SPK_08,Male
sentence_51.wav,dataset/chunks/chittagong/chi_cate_08/sentence_51.wav,বৃষ্টি হলে ফসলের জন্য ভালো হবে।,chittagong,cate_08,SPK_08,Male
sentence_52.wav,dataset/chunks/chittagong/chi_cate_08/sentence_52.wav,আমরা নতুন সার প্রয়োগ করব।,chittagong,cate_08,SPK_08,Male
sentence_53.wav,dataset/chunks/chittagong/chi_cate_08/sentence_53.wav,কি সময়ে ধান কাটা উচিত?,chittagong,cate_08,SPK_08,Male
sentence_54.wav,dataset/chunks/chittagong/chi_cate_08/sentence_54.wav,পোকামাকড় ধ্বংস করা হয়েছে।,chittagong,cate_08,SPK_08,Male
sentence_55.wav,dataset/chunks/chittagong/chi_cate_08/sentence_55.wav,আমরা ফসল বিক্রি করব।,chittagong,cate_08,SPK_08,Male
sentence_56.wav,dataset/chunks/chittagong/chi_cate_08/sentence_56.wav,গবাদি পশুদের জন্য চিকিৎসা প্রয়োজন।,chittagong,cate_08,SPK_08,Male
sentence_57.wav,dataset/chunks/chittagong/chi_cate_08/sentence_57.wav,মাছের পুকুরে বেশি পানি ঢালুন।,chittagong,cate_08,SPK_08,Male
sentence_58.wav,dataset/chunks/chittagong/chi_cate_08/sentence_58.wav,আমরা কৃষি প্রদর্শনীতে যাব।,chittagong,cate_08,SPK_08,Male
sentence_59.wav,dataset/chunks/chittagong/chi_cate_08/sentence_59.wav,ধানের চারা ভালোভাবে জন্ম নিয়েছে।,chittagong,cate_08,SPK_08,Male
sentence_60.wav,dataset/chunks/chittagong/chi_cate_08/sentence_60.wav,ফসলের জন্য পানি দেওয়া হচ্ছে।,chittagong,cate_08,SPK_08,Male
sentence_61.wav,dataset/chunks/chittagong/chi_cate_08/sentence_61.wav,পোকামাকড়ের আক্রমণ কমে গেছে।,chittagong,cate_08,SPK_08,Male
sentence_62.wav,dataset/chunks/chittagong/chi_cate_08/sentence_62.wav,আমরা নতুন চারা কিনব।,chittagong,cate_08,SPK_08,Male
sentence_63.wav,dataset/chunks/chittagong/chi_cate_08/sentence_63.wav,কি মাছের খাদ্য ভালো ফলন দিচ্ছে?,chittagong,cate_08,SPK_08,Male
sentence_64.wav,dataset/chunks/chittagong/chi_cate_08/sentence_64.wav,জমি খুব উর্বর।,chittagong,cate_08,SPK_08,Male
sentence_65.wav,dataset/chunks/chittagong/chi_cate_08/sentence_65.wav,পুকুরের পানি পরিষ্কার রাখা হয়েছে।,chittagong,cate_08,SPK_08,Male
sentence_66.wav,dataset/chunks/chittagong/chi_cate_08/sentence_66.wav,আমি ধানের ক্ষেতে যাচ্ছি।,chittagong,cate_08,SPK_08,Male
sentence_67.wav,dataset/chunks/chittagong/chi_cate_08/sentence_67.wav,ফসল রক্ষা করতে কৃষক সতর্ক।,chittagong,cate_08,SPK_08,Male
sentence_68.wav,dataset/chunks/chittagong/chi_cate_08/sentence_68.wav,আমরা গবাদি পশু বিক্রির পরিকল্পনা করেছি।,chittagong,cate_08,SPK_08,Male
sentence_69.wav,dataset/chunks/chittagong/chi_cate_08/sentence_69.wav,ধানের ক্ষেতে জৈব সার প্রয়োগ করা হয়েছে।,chittagong,cate_08,SPK_08,Male
sentence_70.wav,dataset/chunks/chittagong/chi_cate_08/sentence_70.wav,আমাদের পুকুরে নতুন মাছ এসেছে।,chittagong,cate_08,SPK_08,Male
sentence_01.wav,dataset/chunks/chittagong/chi_cate_09/sentence_01.wav,আজ খুব গরম।,chittagong,cate_09,SPK_11,Male
sentence_02.wav,dataset/chunks/chittagong/chi_cate_09/sentence_02.wav,কাল বৃষ্টি হবে কি?,chittagong,cate_09,SPK_11,Male
sentence_03.wav,dataset/chunks/chittagong/chi_cate_09/sentence_03.wav,বাতাস কেমন চলছে?,chittagong,cate_09,SPK_11,Male
sentence_04.wav,dataset/chunks/chittagong/chi_cate_09/sentence_04.wav,আজ সূর্য ভালোভাবে উঠেছে।,chittagong,cate_09,SPK_11,Male
sentence_05.wav,dataset/chunks/chittagong/chi_cate_09/sentence_05.wav,তাপমাত্রা কত?,chittagong,cate_09,SPK_11,Male
sentence_06.wav,dataset/chunks/chittagong/chi_cate_09/sentence_06.wav,আজ মেঘলা দিন।,chittagong,cate_09,SPK_11,Male
sentence_07.wav,dataset/chunks/chittagong/chi_cate_09/sentence_07.wav,বাতাস খুব ঠান্ডা।,chittagong,cate_09,SPK_11,Male
sentence_08.wav,dataset/chunks/chittagong/chi_cate_09/sentence_08.wav,আজ দিনের আলো সুন্দর।,chittagong,cate_09,SPK_11,Male
sentence_09.wav,dataset/chunks/chittagong/chi_cate_09/sentence_09.wav,ঝড় আসছে কি?,chittagong,cate_09,SPK_11,Male
sentence_10.wav,dataset/chunks/chittagong/chi_cate_09/sentence_10.wav,আজ রাত খুব ঠান্ডা।,chittagong,cate_09,SPK_11,Male
sentence_11.wav,dataset/chunks/chittagong/chi_cate_09/sentence_11.wav,আকাশ পরিষ্কার।,chittagong,cate_09,SPK_11,Male
sentence_12.wav,dataset/chunks/chittagong/chi_cate_09/sentence_12.wav,বৃষ্টি শুরু হয়েছে।,chittagong,cate_09,SPK_11,Male
sentence_13.wav,dataset/chunks/chittagong/chi_cate_09/sentence_13.wav,তাপমাত্রা বেশি হলে গরম লাগবে।,chittagong,cate_09,SPK_11,Male
sentence_14.wav,dataset/chunks/chittagong/chi_cate_09/sentence_14.wav,ধুলোবালি কেটে গেছে।,chittagong,cate_09,SPK_11,Male
sentence_15.wav,dataset/chunks/chittagong/chi_cate_09/sentence_15.wav,জলবায়ু পরিবর্তন হচ্ছে।,chittagong,cate_09,SPK_11,Male
sentence_16.wav,dataset/chunks/chittagong/chi_cate_09/sentence_16.wav,আজ সূর্য ঝলমল করছে।,chittagong,cate_09,SPK_11,Male
sentence_17.wav,dataset/chunks/chittagong/chi_cate_09/sentence_17.wav,বাতাস কি বেশি তীব্র?,chittagong,cate_09,SPK_11,Male
sentence_18.wav,dataset/chunks/chittagong/chi_cate_09/sentence_18.wav,আজ দিনের তাপমাত্রা ৩৫°সেলসিয়াস।,chittagong,cate_09,SPK_11,Male
sentence_19.wav,dataset/chunks/chittagong/chi_cate_09/sentence_19.wav,আকাশে সবুজ মেঘ।,chittagong,cate_09,SPK_11,Male
sentence_20.wav,dataset/chunks/chittagong/chi_cate_09/sentence_20.wav,বৃষ্টির পর মাটি ভিজে গেছে।,chittagong,cate_09,SPK_11,Male
sentence_21.wav,dataset/chunks/chittagong/chi_cate_09/sentence_21.wav,আজ খুব আর্দ্রতা আছে।,chittagong,cate_09,SPK_11,Male
sentence_22.wav,dataset/chunks/chittagong/chi_cate_09/sentence_22.wav,কি ধরনের আবহাওয়া আপনার পছন্দ?,chittagong,cate_09,SPK_11,Male
sentence_23.wav,dataset/chunks/chittagong/chi_cate_09/sentence_23.wav,সূর্যাস্ত খুব সুন্দর হয়েছে।,chittagong,cate_09,SPK_11,Male
sentence_24.wav,dataset/chunks/chittagong/chi_cate_09/sentence_24.wav,আগামীকাল খুব ঠান্ডা হবে।,chittagong,cate_09,SPK_11,Male
sentence_25.wav,dataset/chunks/chittagong/chi_cate_09/sentence_25.wav,ঝড়ের পূর্বাভাস আছে।,chittagong,cate_09,SPK_11,Male
sentence_26.wav,dataset/chunks/chittagong/chi_cate_09/sentence_26.wav,বাতাসের দিক পরিবর্তিত হয়েছে।,chittagong,cate_09,SPK_11,Male
sentence_27.wav,dataset/chunks/chittagong/chi_cate_09/sentence_27.wav,আকাশে সূর্যোদয় দেখা যাচ্ছে।,chittagong,cate_09,SPK_11,Male
sentence_28.wav,dataset/chunks/chittagong/chi_cate_09/sentence_28.wav,আজ রাতের আকাশে তারা দেখা যাচ্ছে।,chittagong,cate_09,SPK_11,Male
sentence_29.wav,dataset/chunks/chittagong/chi_cate_09/sentence_29.wav,বাতাসে তীব্রতা আছে কি?,chittagong,cate_09,SPK_11,Male
sentence_30.wav,dataset/chunks/chittagong/chi_cate_09/sentence_30.wav,গ্রীষ্মকাল খুব গরম।,chittagong,cate_09,SPK_11,Male
sentence_31.wav,dataset/chunks/chittagong/chi_cate_09/sentence_31.wav,শীতকাল খুব ঠান্ডা।,chittagong,cate_09,SPK_11,Male
sentence_32.wav,dataset/chunks/chittagong/chi_cate_09/sentence_32.wav,আজকের আর্দ্রতা কেমন?,chittagong,cate_09,SPK_11,Male
sentence_33.wav,dataset/chunks/chittagong/chi_cate_09/sentence_33.wav,মেঘ কেটে গেছে।,chittagong,cate_09,SPK_11,Male
sentence_34.wav,dataset/chunks/chittagong/chi_cate_09/sentence_34.wav,ঝড়ের সময় বাইরে যাবেন না।,chittagong,cate_09,SPK_11,Male
sentence_35.wav,dataset/chunks/chittagong/chi_cate_09/sentence_35.wav,আজকের আকাশ নীল।,chittagong,cate_09,SPK_11,Male
sentence_36.wav,dataset/chunks/chittagong/chi_cate_09/sentence_36.wav,বাতাসে ধুলো আছে।,chittagong,cate_09,SPK_11,Male
sentence_37.wav,dataset/chunks/chittagong/chi_cate_09/sentence_37.wav,বৃষ্টির পর সবুজ গাছ আরও সুন্দর।,chittagong,cate_09,SPK_11,Male
sentence_38.wav,dataset/chunks/chittagong/chi_cate_09/sentence_38.wav,আজ খুব ধোঁয়া আছে।,chittagong,cate_09,SPK_11,Male
sentence_39.wav,dataset/chunks/chittagong/chi_cate_09/sentence_39.wav,আগামীকাল বৃষ্টি হবে কি?,chittagong,cate_09,SPK_11,Male
sentence_40.wav,dataset/chunks/chittagong/chi_cate_09/sentence_40.wav,আজ দুপুরে তাপমাত্রা কম।,chittagong,cate_09,SPK_11,Male
sentence_41.wav,dataset/chunks/chittagong/chi_cate_09/sentence_41.wav,সূর্য আকাশে উজ্জ্বল।,chittagong,cate_09,SPK_11,Male
sentence_42.wav,dataset/chunks/chittagong/chi_cate_09/sentence_42.wav,আজ বাতাস একটু ঠান্ডা।,chittagong,cate_09,SPK_11,Male
sentence_43.wav,dataset/chunks/chittagong/chi_cate_09/sentence_43.wav,ঝড়ের সময় কি precautions নিতে হবে?,chittagong,cate_09,SPK_11,Male
sentence_44.wav,dataset/chunks/chittagong/chi_cate_09/sentence_44.wav,আজকের আবহাওয়া স্বাভাবিক।,chittagong,cate_09,SPK_11,Male
sentence_45.wav,dataset/chunks/chittagong/chi_cate_09/sentence_45.wav,বৃষ্টি হলে রাস্তা ভিজে যাবে।,chittagong,cate_09,SPK_11,Male
sentence_46.wav,dataset/chunks/chittagong/chi_cate_09/sentence_46.wav,হাওয়া খুব নরম।,chittagong,cate_09,SPK_11,Male
sentence_47.wav,dataset/chunks/chittagong/chi_cate_09/sentence_47.wav,আজ সূর্য উঠার সময় দেরি হয়েছে।,chittagong,cate_09,SPK_11,Male
sentence_48.wav,dataset/chunks/chittagong/chi_cate_09/sentence_48.wav,আবহাওয়া রিপোর্ট কি হয়েছে?,chittagong,cate_09,SPK_11,Male
sentence_49.wav,dataset/chunks/chittagong/chi_cate_09/sentence_49.wav,আজকের তাপমাত্রা বেশী।,chittagong,cate_09,SPK_11,Male
sentence_50.wav,dataset/chunks/chittagong/chi_cate_09/sentence_50.wav,রাতে খুব ঠান্ডা হবে।,chittagong,cate_09,SPK_11,Male
sentence_51.wav,dataset/chunks/chittagong/chi_cate_09/sentence_51.wav,গ্রীষ্মের দিন দীর্ঘ।,chittagong,cate_09,SPK_11,Male
sentence_52.wav,dataset/chunks/chittagong/chi_cate_09/sentence_52.wav,শীতের রাত ছোট।,chittagong,cate_09,SPK_11,Male
sentence_53.wav,dataset/chunks/chittagong/chi_cate_09/sentence_53.wav,ঝড়ের কারণে বিদ্যুৎ চলে গেছে।,chittagong,cate_09,SPK_11,Male
sentence_54.wav,dataset/chunks/chittagong/chi_cate_09/sentence_54.wav,মেঘলা দিনে ছবি তোলা ভালো।,chittagong,cate_09,SPK_11,Male
sentence_55.wav,dataset/chunks/chittagong/chi_cate_09/sentence_55.wav,বাতাসে আর্দ্রতা বেশি।,chittagong,cate_09,SPK_11,Male
sentence_56.wav,dataset/chunks/chittagong/chi_cate_09/sentence_56.wav,কি ধরনের বাতাস চলছে?,chittagong,cate_09,SPK_11,Male
sentence_57.wav,dataset/chunks/chittagong/chi_cate_09/sentence_57.wav,আজ রাতের আকাশ পরিষ্কার।,chittagong,cate_09,SPK_11,Male
sentence_58.wav,dataset/chunks/chittagong/chi_cate_09/sentence_58.wav,বৃষ্টিপাত কম।,chittagong,cate_09,SPK_11,Male
sentence_59.wav,dataset/chunks/chittagong/chi_cate_09/sentence_59.wav,আগামীকাল তাপমাত্রা বাড়বে।,chittagong,cate_09,SPK_11,Male
sentence_60.wav,dataset/chunks/chittagong/chi_cate_09/sentence_60.wav,ঝড়ের সময় সড়ক নিরাপদ নয়।,chittagong,cate_09,SPK_11,Male
sentence_61.wav,dataset/chunks/chittagong/chi_cate_09/sentence_61.wav,আজ হালকা বৃষ্টি হচ্ছে।,chittagong,cate_09,SPK_11,Male
sentence_62.wav,dataset/chunks/chittagong/chi_cate_09/sentence_62.wav,বাতাসের তীব্রতা কমেছে।,chittagong,cate_09,SPK_11,Male
sentence_63.wav,dataset/chunks/chittagong/chi_cate_09/sentence_63.wav,আজকের সূর্যাস্ত সুন্দর।,chittagong,cate_09,SPK_11,Male
sentence_64.wav,dataset/chunks/chittagong/chi_cate_09/sentence_64.wav,কি সময়ে বৃষ্টি হবে?,chittagong,cate_09,SPK_11,Male
sentence_65.wav,dataset/chunks/chittagong/chi_cate_09/sentence_65.wav,আকাশে মেঘ অনেক।,chittagong,cate_09,SPK_11,Male
sentence_66.wav,dataset/chunks/chittagong/chi_cate_09/sentence_66.wav,আজ খুব শীতল দিন।,chittagong,cate_09,SPK_11,Male
sentence_67.wav,dataset/chunks/chittagong/chi_cate_09/sentence_67.wav,বাতাসের দিক পূর্ব।,chittagong,cate_09,SPK_11,Male
sentence_68.wav,dataset/chunks/chittagong/chi_cate_09/sentence_68.wav,হঠাৎ ঝড় এসেছে।,chittagong,cate_09,SPK_11,Male
sentence_69.wav,dataset/chunks/chittagong/chi_cate_09/sentence_69.wav,আজ খুব রৌদ্রজ্জ্বল।,chittagong,cate_09,SPK_11,Male
sentence_70.wav,dataset/chunks/chittagong/chi_cate_09/sentence_70.wav,আগামীকাল হালকা বাতাস থাকবে।,chittagong,cate_09,SPK_11,Male
sentence_01.wav,dataset/chunks/chittagong/chi_cate_10/sentence_01.wav,আপনি কিভাবে পহেলা বৈশাখ উদযাপন করেন?,chittagong,cate_10,SPK_11,Male
sentence_02.wav,dataset/chunks/chittagong/chi_cate_10/sentence_02.wav,আমি পহেলা বৈশাখে নতুন জামা পরি।,chittagong,cate_10,SPK_11,Male
sentence_03.wav,dataset/chunks/chittagong/chi_cate_10/sentence_03.wav,আমাদের গ্রামে ঈদ খুব বড় উৎসব।,chittagong,cate_10,SPK_11,Male
sentence_04.wav,dataset/chunks/chittagong/chi_cate_10/sentence_04.wav,আপনি পূজা কিভাবে পালন করেন?,chittagong,cate_10,SPK_11,Male
sentence_05.wav,dataset/chunks/chittagong/chi_cate_10/sentence_05.wav,আমরা দুর্গাপূজা দেখতে যাই।,chittagong,cate_10,SPK_11,Male
sentence_06.wav,dataset/chunks/chittagong/chi_cate_10/sentence_06.wav,আমার পরিবার নববর্ষ উদযাপন করে।,chittagong,cate_10,SPK_11,Male
sentence_07.wav,dataset/chunks/chittagong/chi_cate_10/sentence_07.wav,কি ধরনের খাবার উৎসবে থাকে?,chittagong,cate_10,SPK_11,Male
sentence_08.wav,dataset/chunks/chittagong/chi_cate_10/sentence_08.wav,আমরা ঈদের দিনে গিয়ে কার্ড দিই।,chittagong,cate_10,SPK_11,Male
sentence_09.wav,dataset/chunks/chittagong/chi_cate_10/sentence_09.wav,পহেলা বৈশাখে আমরা বাজারে যাই।,chittagong,cate_10,SPK_11,Male
sentence_10.wav,dataset/chunks/chittagong/chi_cate_10/sentence_10.wav,আমরা পহেলা বৈশাখে রঙিন পোশাক পরি।,chittagong,cate_10,SPK_11,Male
sentence_11.wav,dataset/chunks/chittagong/chi_cate_10/sentence_11.wav,হোলি আমাদের বন্ধুদের সঙ্গে খেলা হয়।,chittagong,cate_10,SPK_11,Male
sentence_12.wav,dataset/chunks/chittagong/chi_cate_10/sentence_12.wav,উৎসবে কি ধরনের গান বাজে?,chittagong,cate_10,SPK_11,Male
sentence_13.wav,dataset/chunks/chittagong/chi_cate_10/sentence_13.wav,আমরা লালবসন্ত উৎসব পালন করি।,chittagong,cate_10,SPK_11,Male
sentence_14.wav,dataset/chunks/chittagong/chi_cate_10/sentence_14.wav,আমাদের গ্রামে বর্ষবরণ খুব উৎসবমুখর।,chittagong,cate_10,SPK_11,Male
sentence_15.wav,dataset/chunks/chittagong/chi_cate_10/sentence_15.wav,পহেলা বৈশাখে নতুন বছরের জন্য শুভেচ্ছা বিনিময় করি।,chittagong,cate_10,SPK_11,Male
sentence_16.wav,dataset/chunks/chittagong/chi_cate_10/sentence_16.wav,আমরা ঈদে পরিবারের সঙ্গে ভ্রমণ করি।,chittagong,cate_10,SPK_11,Male
sentence_17.wav,dataset/chunks/chittagong/chi_cate_10/sentence_17.wav,দুর্গাপূজায় মন্দিরে ফুল সাজানো হয়।,chittagong,cate_10,SPK_11,Male
sentence_18.wav,dataset/chunks/chittagong/chi_cate_10/sentence_18.wav,কি ধরনের পোশাক উৎসবে পরা হয়?,chittagong,cate_10,SPK_11,Male
sentence_19.wav,dataset/chunks/chittagong/chi_cate_10/sentence_19.wav,নববর্ষে আমরা মিষ্টি খাই।,chittagong,cate_10,SPK_11,Male
sentence_20.wav,dataset/chunks/chittagong/chi_cate_10/sentence_20.wav,আমরা ঈদের সকালে নতুন জামা পরি।,chittagong,cate_10,SPK_11,Male
sentence_21.wav,dataset/chunks/chittagong/chi_cate_10/sentence_21.wav,পূজার সময় মন্দিরে ভিড় থাকে।,chittagong,cate_10,SPK_11,Male
sentence_22.wav,dataset/chunks/chittagong/chi_cate_10/sentence_22.wav,পহেলা বৈশাখে আমরা পার্কে যাই।,chittagong,cate_10,SPK_11,Male
sentence_23.wav,dataset/chunks/chittagong/chi_cate_10/sentence_23.wav,হোলিতে রঙ ব্যবহার করা হয়।,chittagong,cate_10,SPK_11,Male
sentence_24.wav,dataset/chunks/chittagong/chi_cate_10/sentence_24.wav,আমরা ভোরে পূজার অর্ঘ্য দিই।,chittagong,cate_10,SPK_11,Male
sentence_25.wav,dataset/chunks/chittagong/chi_cate_10/sentence_25.wav,ঈদে আমরা একে অপরকে শুভেচ্ছা জানাই।,chittagong,cate_10,SPK_11,Male
sentence_26.wav,dataset/chunks/chittagong/chi_cate_10/sentence_26.wav,উৎসবের জন্য নতুন সাজসজ্জা করা হয়েছে।,chittagong,cate_10,SPK_11,Male
sentence_27.wav,dataset/chunks/chittagong/chi_cate_10/sentence_27.wav,আমরা নববর্ষে গান গাই।,chittagong,cate_10,SPK_11,Male
sentence_28.wav,dataset/chunks/chittagong/chi_cate_10/sentence_28.wav,দুর্গাপূজায় কুমারী পূজা হয়।,chittagong,cate_10,SPK_11,Male
sentence_29.wav,dataset/chunks/chittagong/chi_cate_10/sentence_29.wav,কি ধরনের খেলাধুলা উৎসবে হয়?,chittagong,cate_10,SPK_11,Male
sentence_30.wav,dataset/chunks/chittagong/chi_cate_10/sentence_30.wav,আমরা হোলিতে একে অপরকে রঙ দিই।,chittagong,cate_10,SPK_11,Male
sentence_31.wav,dataset/chunks/chittagong/chi_cate_10/sentence_31.wav,উৎসবে আমরা নাচ গান করি।,chittagong,cate_10,SPK_11,Male
sentence_32.wav,dataset/chunks/chittagong/chi_cate_10/sentence_32.wav,ঈদের দিনে বাজারে ভিড় হয়।,chittagong,cate_10,SPK_11,Male
sentence_33.wav,dataset/chunks/chittagong/chi_cate_10/sentence_33.wav,পহেলা বৈশাখে আমরা মেলা দেখতে যাই।,chittagong,cate_10,SPK_11,Male
sentence_34.wav,dataset/chunks/chittagong/chi_cate_10/sentence_34.wav,নববর্ষে আমরা নতুন পরিকল্পনা করি।,chittagong,cate_10,SPK_11,Male
sentence_35.wav,dataset/chunks/chittagong/chi_cate_10/sentence_35.wav,দুর্গাপূজায় মন্দিরে আলোকসজ্জা করা হয়।,chittagong,cate_10,SPK_11,Male
sentence_36.wav,dataset/chunks/chittagong/chi_cate_10/sentence_36.wav,হোলিতে আমরা বন্ধুদের সঙ্গে মজা করি।,chittagong,cate_10,SPK_11,Male
sentence_37.wav,dataset/chunks/chittagong/chi_cate_10/sentence_37.wav,কি ধরনের খাবার পূজায় পরিবেশিত হয়?,chittagong,cate_10,SPK_11,Male
sentence_38.wav,dataset/chunks/chittagong/chi_cate_10/sentence_38.wav,আমরা নববর্ষে পরিবারকে উপহার দেই।,chittagong,cate_10,SPK_11,Male
sentence_39.wav,dataset/chunks/chittagong/chi_cate_10/sentence_39.wav,ঈদের সকালে আমরা মসজিদে যাই।,chittagong,cate_10,SPK_11,Male
sentence_40.wav,dataset/chunks/chittagong/chi_cate_10/sentence_40.wav,উৎসবে আমরা traditional পোশাক পরি।,chittagong,cate_10,SPK_11,Male
sentence_41.wav,dataset/chunks/chittagong/chi_cate_10/sentence_41.wav,পহেলা বৈশাখে আমরা রঙিন মিছিল করি।,chittagong,cate_10,SPK_11,Male
sentence_42.wav,dataset/chunks/chittagong/chi_cate_10/sentence_42.wav,হোলিতে আমরা বিভিন্ন রঙের জল ব্যবহার করি।,chittagong,cate_10,SPK_11,Male
sentence_43.wav,dataset/chunks/chittagong/chi_cate_10/sentence_43.wav,নববর্ষের অনুষ্ঠানে গান বাজানো হয়।,chittagong,cate_10,SPK_11,Male
sentence_44.wav,dataset/chunks/chittagong/chi_cate_10/sentence_44.wav,আমরা ঈদের দিনে প্রিয়জনের সঙ্গে খাবার খাই।,chittagong,cate_10,SPK_11,Male
sentence_45.wav,dataset/chunks/chittagong/chi_cate_10/sentence_45.wav,দুর্গাপূজায় প্রতিমা সাজানো হয়।,chittagong,cate_10,SPK_11,Male
sentence_46.wav,dataset/chunks/chittagong/chi_cate_10/sentence_46.wav,উৎসবে আমরা সবাই একসাথে আনন্দ করি।,chittagong,cate_10,SPK_11,Male
sentence_47.wav,dataset/chunks/chittagong/chi_cate_10/sentence_47.wav,পহেলা বৈশাখে নতুন বছরের শুরু হয়।,chittagong,cate_10,SPK_11,Male
sentence_48.wav,dataset/chunks/chittagong/chi_cate_10/sentence_48.wav,নববর্ষে আমরা খোলা আকাশের নিচে অনুষ্ঠান করি।,chittagong,cate_10,SPK_11,Male
sentence_49.wav,dataset/chunks/chittagong/chi_cate_10/sentence_49.wav,ঈদে আমরা একে অপরকে উপহার দেই।,chittagong,cate_10,SPK_11,Male
sentence_50.wav,dataset/chunks/chittagong/chi_cate_10/sentence_50.wav,হোলিতে শিশুদের আনন্দ বেশি।,chittagong,cate_10,SPK_11,Male
sentence_51.wav,dataset/chunks/chittagong/chi_cate_10/sentence_51.wav,আমরা পহেলা বৈশাখে রঙিন পুতুল তৈরি করি।,chittagong,cate_10,SPK_11,Male
sentence_52.wav,dataset/chunks/chittagong/chi_cate_10/sentence_52.wav,দুর্গাপূজায় মন্দিরে ভক্তদের ভিড় থাকে।,chittagong,cate_10,SPK_11,Male
sentence_53.wav,dataset/chunks/chittagong/chi_cate_10/sentence_53.wav,নববর্ষের দিনে আমরা traditional খাবার খাই।,chittagong,cate_10,SPK_11,Male
sentence_54.wav,dataset/chunks/chittagong/chi_cate_10/sentence_54.wav,হোলিতে আমরা গান বাজাই।,chittagong,cate_10,SPK_11,Male
sentence_55.wav,dataset/chunks/chittagong/chi_cate_10/sentence_55.wav,ঈদে আমরা পরিবারের সঙ্গে আনন্দ করি।,chittagong,cate_10,SPK_11,Male
sentence_56.wav,dataset/chunks/chittagong/chi_cate_10/sentence_56.wav,পহেলা বৈশাখে আমরা বাজার থেকে খাবার কিনি।,chittagong,cate_10,SPK_11,Male
sentence_57.wav,dataset/chunks/chittagong/chi_cate_10/sentence_57.wav,নববর্ষে আমরা cultural অনুষ্ঠানে অংশ নিই।,chittagong,cate_10,SPK_11,Male
sentence_58.wav,dataset/chunks/chittagong/chi_cate_10/sentence_58.wav,দুর্গাপূজায় আমরা মেলা দেখি।,chittagong,cate_10,SPK_11,Male
sentence_59.wav,dataset/chunks/chittagong/chi_cate_10/sentence_59.wav,হোলিতে আমরা একে অপরকে মিষ্টি দিই।,chittagong,cate_10,SPK_11,Male
sentence_60.wav,dataset/chunks/chittagong/chi_cate_10/sentence_60.wav,আমরা পহেলা বৈশাখে traditional নাচ করি।,chittagong,cate_10,SPK_11,Male
sentence_61.wav,dataset/chunks/chittagong/chi_cate_10/sentence_61.wav,নববর্ষে আমরা নতুন বছরের জন্য প্রার্থনা করি।,chittagong,cate_10,SPK_11,Male
sentence_62.wav,dataset/chunks/chittagong/chi_cate_10/sentence_62.wav,ঈদের সকালে আমরা মসজিদে যাওয়া শুরু করি।,chittagong,cate_10,SPK_11,Male
sentence_63.wav,dataset/chunks/chittagong/chi_cate_10/sentence_63.wav,হোলিতে আমরা বন্ধুদের সঙ্গে আনন্দ করি।,chittagong,cate_10,SPK_11,Male
sentence_64.wav,dataset/chunks/chittagong/chi_cate_10/sentence_64.wav,পহেলা বৈশাখে আমাদের গ্রামে মেলা হয়।,chittagong,cate_10,SPK_11,Male
sentence_65.wav,dataset/chunks/chittagong/chi_cate_10/sentence_65.wav,নববর্ষের অনুষ্ঠান সকাল থেকে শুরু হয়।,chittagong,cate_10,SPK_11,Male
sentence_66.wav,dataset/chunks/chittagong/chi_cate_10/sentence_66.wav,দুর্গাপূজায় শিশুদের জন্য খেলা হয়।,chittagong,cate_10,SPK_11,Male
sentence_67.wav,dataset/chunks/chittagong/chi_cate_10/sentence_67.wav,হোলিতে আমরা রঙিন পাউডার ব্যবহার করি।,chittagong,cate_10,SPK_11,Male
sentence_68.wav,dataset/chunks/chittagong/chi_cate_10/sentence_68.wav,ঈদে আমরা গ্রামের বাড়িতে যাই।,chittagong,cate_10,SPK_11,Male
sentence_69.wav,dataset/chunks/chittagong/chi_cate_10/sentence_69.wav,পহেলা বৈশাখে আমরা নতুন বছরের জন্য সুইট খাই।,chittagong,cate_10,SPK_11,Male
sentence_70.wav,dataset/chunks/chittagong/chi_cate_10/sentence_70.wav,নববর্ষে আমরা সকলের সঙ্গে আনন্দ ভাগ করি।,chittagong,cate_10,SPK_11,Male
sentence_01.wav,dataset/chunks/chittagong/chi_cate_11/sentence_01.wav,আপনার পরীক্ষা কবে?,chittagong,cate_11,SPK_13,Male
sentence_02.wav,dataset/chunks/chittagong/chi_cate_11/sentence_02.wav,আমি সকাল ৯টায় স্কুলে যাই।,chittagong,cate_11,SPK_13,Male
sentence_03.wav,dataset/chunks/chittagong/chi_cate_11/sentence_03.wav,আজ কোন বিষয়ের ক্লাস আছে?,chittagong,cate_11,SPK_13,Male
sentence_04.wav,dataset/chunks/chittagong/chi_cate_11/sentence_04.wav,আমি গণিত পড়াশোনা করছি।,chittagong,cate_11,SPK_13,Male
sentence_05.wav,dataset/chunks/chittagong/chi_cate_11/sentence_05.wav,আপনার শিক্ষক কে?,chittagong,cate_11,SPK_13,Male
sentence_06.wav,dataset/chunks/chittagong/chi_cate_11/sentence_06.wav,আমার ক্লাস খুব ছোট।,chittagong,cate_11,SPK_13,Male
sentence_07.wav,dataset/chunks/chittagong/chi_cate_11/sentence_07.wav,পরীক্ষা কঠিন হবে কি?,chittagong,cate_11,SPK_13,Male
sentence_08.wav,dataset/chunks/chittagong/chi_cate_11/sentence_08.wav,আমি আজ বাংলা পরীক্ষা দিচ্ছি।,chittagong,cate_11,SPK_13,Male
sentence_09.wav,dataset/chunks/chittagong/chi_cate_11/sentence_09.wav,আপনি কোন কলেজে পড়েন?,chittagong,cate_11,SPK_13,Male
sentence_10.wav,dataset/chunks/chittagong/chi_cate_11/sentence_10.wav,আমার বন্ধু বিজ্ঞান পড়ে।,chittagong,cate_11,SPK_13,Male
sentence_11.wav,dataset/chunks/chittagong/chi_cate_11/sentence_11.wav,আমরা স্কুলে প্রতিদিন ৬ ঘণ্টা পড়ি।,chittagong,cate_11,SPK_13,Male
sentence_12.wav,dataset/chunks/chittagong/chi_cate_11/sentence_12.wav,আপনার হোমওয়ার্ক শেষ হয়েছে কি?,chittagong,cate_11,SPK_13,Male
sentence_13.wav,dataset/chunks/chittagong/chi_cate_11/sentence_13.wav,আমি ইতিহাস পড়তে ভালোবাসি।,chittagong,cate_11,SPK_13,Male
sentence_14.wav,dataset/chunks/chittagong/chi_cate_11/sentence_14.wav,আপনার শিক্ষক ক্লাসে কঠোর কি?,chittagong,cate_11,SPK_13,Male
sentence_15.wav,dataset/chunks/chittagong/chi_cate_11/sentence_15.wav,আমরা লাইব্রেরিতে বই পড়ি।,chittagong,cate_11,SPK_13,Male
sentence_16.wav,dataset/chunks/chittagong/chi_cate_11/sentence_16.wav,পরীক্ষা কত নম্বরের?,chittagong,cate_11,SPK_13,Male
sentence_17.wav,dataset/chunks/chittagong/chi_cate_11/sentence_17.wav,আমার সহপাঠী খুব স্মার্ট।,chittagong,cate_11,SPK_13,Male
sentence_18.wav,dataset/chunks/chittagong/chi_cate_11/sentence_18.wav,আপনি কোন বিষয়ে দুর্বল?,chittagong,cate_11,SPK_13,Male
sentence_19.wav,dataset/chunks/chittagong/chi_cate_11/sentence_19.wav,আমি প্রতিদিন ইংরেজি অনুশীলন করি।,chittagong,cate_11,SPK_13,Male
sentence_20.wav,dataset/chunks/chittagong/chi_cate_11/sentence_20.wav,শিক্ষক আজ নতুন পাঠ শেখালেন।,chittagong,cate_11,SPK_13,Male
sentence_21.wav,dataset/chunks/chittagong/chi_cate_11/sentence_21.wav,আপনার ক্লাসের সময়সূচি কি?,chittagong,cate_11,SPK_13,Male
sentence_22.wav,dataset/chunks/chittagong/chi_cate_11/sentence_22.wav,আমি পরীক্ষার জন্য প্রস্তুতি নিচ্ছি।,chittagong,cate_11,SPK_13,Male
sentence_23.wav,dataset/chunks/chittagong/chi_cate_11/sentence_23.wav,আমরা বিজ্ঞান ল্যাবে পরীক্ষা করি।,chittagong,cate_11,SPK_13,Male
sentence_24.wav,dataset/chunks/chittagong/chi_cate_11/sentence_24.wav,আপনার স্কুলের নাম কি?,chittagong,cate_11,SPK_13,Male
sentence_25.wav,dataset/chunks/chittagong/chi_cate_11/sentence_25.wav,আমার প্রিয় শিক্ষক খুব সহায়ক।,chittagong,cate_11,SPK_13,Male
sentence_26.wav,dataset/chunks/chittagong/chi_cate_11/sentence_26.wav,আমরা গ্রুপ স্টাডি করি।,chittagong,cate_11,SPK_13,Male
sentence_27.wav,dataset/chunks/chittagong/chi_cate_11/sentence_27.wav,আপনি কোন বিষয়ে ভালো?,chittagong,cate_11,SPK_13,Male
sentence_28.wav,dataset/chunks/chittagong/chi_cate_11/sentence_28.wav,আমি নতুন বিষয় শিখতে ভালোবাসি।,chittagong,cate_11,SPK_13,Male
sentence_29.wav,dataset/chunks/chittagong/chi_cate_11/sentence_29.wav,পরীক্ষা শেষ হলে আমরা ছুটি পাই।,chittagong,cate_11,SPK_13,Male
sentence_30.wav,dataset/chunks/chittagong/chi_cate_11/sentence_30.wav,আমার স্কুলে বড় লাইব্রেরি আছে।,chittagong,cate_11,SPK_13,Male
sentence_31.wav,dataset/chunks/chittagong/chi_cate_11/sentence_31.wav,আপনার ক্লাসের সংখ্যা কত?,chittagong,cate_11,SPK_13,Male
sentence_32.wav,dataset/chunks/chittagong/chi_cate_11/sentence_32.wav,আমি প্রতিদিন সকালে পড়াশোনা করি।,chittagong,cate_11,SPK_13,Male
sentence_33.wav,dataset/chunks/chittagong/chi_cate_11/sentence_33.wav,শিক্ষক আজ গণিতের সমস্যা দেখালেন।,chittagong,cate_11,SPK_13,Male
sentence_34.wav,dataset/chunks/chittagong/chi_cate_11/sentence_34.wav,আপনার সহপাঠী কি সাহায্য করছে?,chittagong,cate_11,SPK_13,Male
sentence_35.wav,dataset/chunks/chittagong/chi_cate_11/sentence_35.wav,আমি পরীক্ষার জন্য নোট তৈরি করছি।,chittagong,cate_11,SPK_13,Male
sentence_36.wav,dataset/chunks/chittagong/chi_cate_11/sentence_36.wav,আমরা স্কুলে বিভিন্ন কার্যক্রম করি।,chittagong,cate_11,SPK_13,Male
sentence_37.wav,dataset/chunks/chittagong/chi_cate_11/sentence_37.wav,আপনার শিক্ষক কি ভালো ব্যাখ্যা করেন?,chittagong,cate_11,SPK_13,Male
sentence_38.wav,dataset/chunks/chittagong/chi_cate_11/sentence_38.wav,আমি ইংরেজি বলার অনুশীলন করি।,chittagong,cate_11,SPK_13,Male
sentence_39.wav,dataset/chunks/chittagong/chi_cate_11/sentence_39.wav,আজ ক্লাসে প্র্যাকটিক্যাল হয়েছে।,chittagong,cate_11,SPK_13,Male
sentence_40.wav,dataset/chunks/chittagong/chi_cate_11/sentence_40.wav,আপনার হোমওয়ার্ক কত পৃষ্ঠা?,chittagong,cate_11,SPK_13,Male
sentence_41.wav,dataset/chunks/chittagong/chi_cate_11/sentence_41.wav,আমি পরীক্ষার জন্য প্রশ্ন সমাধান করছি।,chittagong,cate_11,SPK_13,Male
sentence_42.wav,dataset/chunks/chittagong/chi_cate_11/sentence_42.wav,আমরা স্কুলে বার্ষিক ক্রীড়া প্রতিযোগিতা করি।,chittagong,cate_11,SPK_13,Male
sentence_43.wav,dataset/chunks/chittagong/chi_cate_11/sentence_43.wav,আপনার শিক্ষক কি কখনও দেরি করেন?,chittagong,cate_11,SPK_13,Male
sentence_44.wav,dataset/chunks/chittagong/chi_cate_11/sentence_44.wav,আমি নতুন বই কিনেছি।,chittagong,cate_11,SPK_13,Male
sentence_45.wav,dataset/chunks/chittagong/chi_cate_11/sentence_45.wav,ক্লাসে সবাই খুব মনোযোগী।,chittagong,cate_11,SPK_13,Male
sentence_46.wav,dataset/chunks/chittagong/chi_cate_11/sentence_46.wav,আপনার স্কুলের সময়সূচি কি?,chittagong,cate_11,SPK_13,Male
sentence_47.wav,dataset/chunks/chittagong/chi_cate_11/sentence_47.wav,আমরা পরীক্ষার জন্য গ্রুপ স্টাডি করি।,chittagong,cate_11,SPK_13,Male
sentence_48.wav,dataset/chunks/chittagong/chi_cate_11/sentence_48.wav,শিক্ষক আজ বিজ্ঞান পাঠ করলেন।,chittagong,cate_11,SPK_13,Male
sentence_49.wav,dataset/chunks/chittagong/chi_cate_11/sentence_49.wav,আপনার প্রিয় বিষয় কোনটি?,chittagong,cate_11,SPK_13,Male
sentence_50.wav,dataset/chunks/chittagong/chi_cate_11/sentence_50.wav,আমি প্রতিদিন রাতে পড়াশোনা করি।,chittagong,cate_11,SPK_13,Male
sentence_51.wav,dataset/chunks/chittagong/chi_cate_11/sentence_51.wav,আমরা লাইব্রেরিতে নতুন বই দেখেছি।,chittagong,cate_11,SPK_13,Male
sentence_52.wav,dataset/chunks/chittagong/chi_cate_11/sentence_52.wav,শিক্ষক আজ পরীক্ষা নেওয়ার পরিকল্পনা করেছেন।,chittagong,cate_11,SPK_13,Male
sentence_53.wav,dataset/chunks/chittagong/chi_cate_11/sentence_53.wav,আপনার স্কুলের ছুটি কখন?,chittagong,cate_11,SPK_13,Male
sentence_54.wav,dataset/chunks/chittagong/chi_cate_11/sentence_54.wav,আমি পরীক্ষার জন্য নোটগুলি পুনরায় পড়ছি।,chittagong,cate_11,SPK_13,Male
sentence_55.wav,dataset/chunks/chittagong/chi_cate_11/sentence_55.wav,আমরা ক্লাসে project কাজ করছি।,chittagong,cate_11,SPK_13,Male
sentence_56.wav,dataset/chunks/chittagong/chi_cate_11/sentence_56.wav,আপনার সহপাঠী কি সক্রিয়?,chittagong,cate_11,SPK_13,Male
sentence_57.wav,dataset/chunks/chittagong/chi_cate_11/sentence_57.wav,আমি আজ শিক্ষকের সঙ্গে কথা বলেছি।,chittagong,cate_11,SPK_13,Male
sentence_58.wav,dataset/chunks/chittagong/chi_cate_11/sentence_58.wav,স্কুলে আমরা বিভিন্ন cultural অনুষ্ঠান করি।,chittagong,cate_11,SPK_13,Male
sentence_59.wav,dataset/chunks/chittagong/chi_cate_11/sentence_59.wav,আপনার ক্লাসে কত শিক্ষক আছেন?,chittagong,cate_11,SPK_13,Male
sentence_60.wav,dataset/chunks/chittagong/chi_cate_11/sentence_60.wav,আমি প্রতিদিন নতুন শব্দ শিখি।,chittagong,cate_11,SPK_13,Male
sentence_61.wav,dataset/chunks/chittagong/chi_cate_11/sentence_61.wav,পরীক্ষা শেষ হলে আমরা আনন্দ করি।,chittagong,cate_11,SPK_13,Male
sentence_62.wav,dataset/chunks/chittagong/chi_cate_11/sentence_62.wav,শিক্ষক আজ হোমওয়ার্ক দেখেছেন।,chittagong,cate_11,SPK_13,Male
sentence_63.wav,dataset/chunks/chittagong/chi_cate_11/sentence_63.wav,আপনার স্কুলে কত লাইব্রেরি আছে?,chittagong,cate_11,SPK_13,Male
sentence_64.wav,dataset/chunks/chittagong/chi_cate_11/sentence_64.wav,আমরা প্রতিদিন ক্লাসে active থাকি।,chittagong,cate_11,SPK_13,Male
sentence_65.wav,dataset/chunks/chittagong/chi_cate_11/sentence_65.wav,আমি পরীক্ষার জন্য extra practice করি।,chittagong,cate_11,SPK_13,Male
sentence_66.wav,dataset/chunks/chittagong/chi_cate_11/sentence_66.wav,শিক্ষক নতুন প্রশ্ন দেখিয়েছেন।,chittagong,cate_11,SPK_13,Male
sentence_67.wav,dataset/chunks/chittagong/chi_cate_11/sentence_67.wav,আপনার স্কুলের বার্ষিক পরীক্ষা কখন?,chittagong,cate_11,SPK_13,Male
sentence_68.wav,dataset/chunks/chittagong/chi_cate_11/sentence_68.wav,আমি শিক্ষকের পরামর্শ অনুসরণ করি।,chittagong,cate_11,SPK_13,Male
sentence_69.wav,dataset/chunks/chittagong/chi_cate_11/sentence_69.wav,আমরা প্রতিদিন assignment করি।,chittagong,cate_11,SPK_13,Male
sentence_70.wav,dataset/chunks/chittagong/chi_cate_11/sentence_70.wav,আপনার প্রিয় শিক্ষক কে?,chittagong,cate_11,SPK_13,Male
sentence_01.wav,dataset/chunks/chittagong/chi_cate_12/sentence_01.wav,আজকের মিটিং কবে?,chittagong,cate_12,SPK_13,Male
sentence_02.wav,dataset/chunks/chittagong/chi_cate_12/sentence_02.wav,আমি আমার রিপোর্ট প্রস্তুত করেছি।,chittagong,cate_12,SPK_13,Male
sentence_03.wav,dataset/chunks/chittagong/chi_cate_12/sentence_03.wav,অফিসে সময়মতো পৌঁছানো উচিত।,chittagong,cate_12,SPK_13,Male
sentence_04.wav,dataset/chunks/chittagong/chi_cate_12/sentence_04.wav,আপনার সহকর্মী কি সাহায্য করছে?,chittagong,cate_12,SPK_13,Male
sentence_05.wav,dataset/chunks/chittagong/chi_cate_12/sentence_05.wav,আমরা নতুন প্রকল্প শুরু করছি।,chittagong,cate_12,SPK_13,Male
sentence_06.wav,dataset/chunks/chittagong/chi_cate_12/sentence_06.wav,আজ অফিসে কি কাজ আছে?,chittagong,cate_12,SPK_13,Male
sentence_07.wav,dataset/chunks/chittagong/chi_cate_12/sentence_07.wav,আমার কম্পিউটারে সমস্যা হয়েছে।,chittagong,cate_12,SPK_13,Male
sentence_08.wav,dataset/chunks/chittagong/chi_cate_12/sentence_08.wav,মিটিংটি কত সময়ের জন্য?,chittagong,cate_12,SPK_13,Male
sentence_09.wav,dataset/chunks/chittagong/chi_cate_12/sentence_09.wav,আমি প্রেজেন্টেশন প্রস্তুত করছি।,chittagong,cate_12,SPK_13,Male
sentence_10.wav,dataset/chunks/chittagong/chi_cate_12/sentence_10.wav,আপনি কোন দপ্তরে কাজ করেন?,chittagong,cate_12,SPK_13,Male
sentence_11.wav,dataset/chunks/chittagong/chi_cate_12/sentence_11.wav,অফিসের সময়সূচি কি?,chittagong,cate_12,SPK_13,Male
sentence_12.wav,dataset/chunks/chittagong/chi_cate_12/sentence_12.wav,আমি নতুন কর্মচারী প্রশিক্ষণ দিচ্ছি।,chittagong,cate_12,SPK_13,Male
sentence_13.wav,dataset/chunks/chittagong/chi_cate_12/sentence_13.wav,আজ অফিসে তদারকি করা হয়েছে।,chittagong,cate_12,SPK_13,Male
sentence_14.wav,dataset/chunks/chittagong/chi_cate_12/sentence_14.wav,আমরা ক্লায়েন্টের সঙ্গে মিটিং করেছি।,chittagong,cate_12,SPK_13,Male
sentence_15.wav,dataset/chunks/chittagong/chi_cate_12/sentence_15.wav,আমার ল্যাপটপ কাজ করছে না।,chittagong,cate_12,SPK_13,Male
sentence_16.wav,dataset/chunks/chittagong/chi_cate_12/sentence_16.wav,অফিসের কাজ শেষ হয়েছে।,chittagong,cate_12,SPK_13,Male
sentence_17.wav,dataset/chunks/chittagong/chi_cate_12/sentence_17.wav,কি ধরনের রিপোর্ট আজ জমা দিতে হবে?,chittagong,cate_12,SPK_13,Male
sentence_18.wav,dataset/chunks/chittagong/chi_cate_12/sentence_18.wav,আমি ইমেইল পাঠাচ্ছি।,chittagong,cate_12,SPK_13,Male
sentence_19.wav,dataset/chunks/chittagong/chi_cate_12/sentence_19.wav,অফিসে নতুন নীতি প্রয়োগ করা হয়েছে।,chittagong,cate_12,SPK_13,Male
sentence_20.wav,dataset/chunks/chittagong/chi_cate_12/sentence_20.wav,আপনার সহকর্মী punctual কি?,chittagong,cate_12,SPK_13,Male
sentence_21.wav,dataset/chunks/chittagong/chi_cate_12/sentence_21.wav,আমরা অফিসে কাজ ভাগ করেছি।,chittagong,cate_12,SPK_13,Male
sentence_22.wav,dataset/chunks/chittagong/chi_cate_12/sentence_22.wav,আজ অফিসে কি মিটিং আছে?,chittagong,cate_12,SPK_13,Male
sentence_23.wav,dataset/chunks/chittagong/chi_cate_12/sentence_23.wav,আমি ক্লায়েন্টের জন্য ডকুমেন্ট তৈরি করছি।,chittagong,cate_12,SPK_13,Male
sentence_24.wav,dataset/chunks/chittagong/chi_cate_12/sentence_24.wav,অফিসের বাতাস ভালো নেই।,chittagong,cate_12,SPK_13,Male
sentence_25.wav,dataset/chunks/chittagong/chi_cate_12/sentence_25.wav,আমরা নতুন সফটওয়্যার ব্যবহার করছি।,chittagong,cate_12,SPK_13,Male
sentence_26.wav,dataset/chunks/chittagong/chi_cate_12/sentence_26.wav,কি কাজ দ্রুত শেষ করতে হবে?,chittagong,cate_12,SPK_13,Male
sentence_27.wav,dataset/chunks/chittagong/chi_cate_12/sentence_27.wav,আমার ডেস্কে অনেক নথি আছে।,chittagong,cate_12,SPK_13,Male
sentence_28.wav,dataset/chunks/chittagong/chi_cate_12/sentence_28.wav,অফিসে আজ নতুন অতিথি এসেছেন।,chittagong,cate_12,SPK_13,Male
sentence_29.wav,dataset/chunks/chittagong/chi_cate_12/sentence_29.wav,আমরা টিম মিটিং করছি।,chittagong,cate_12,SPK_13,Male
sentence_30.wav,dataset/chunks/chittagong/chi_cate_12/sentence_30.wav,আপনার কাজের অগ্রগতি কেমন?,chittagong,cate_12,SPK_13,Male
sentence_31.wav,dataset/chunks/chittagong/chi_cate_12/sentence_31.wav,আমি নতুন প্রকল্পের পরিকল্পনা করছি।,chittagong,cate_12,SPK_13,Male
sentence_32.wav,dataset/chunks/chittagong/chi_cate_12/sentence_32.wav,আজ অফিসে অনেক কাজ হয়েছে।,chittagong,cate_12,SPK_13,Male
sentence_33.wav,dataset/chunks/chittagong/chi_cate_12/sentence_33.wav,আমি ইমেইল চেক করছি।,chittagong,cate_12,SPK_13,Male
sentence_34.wav,dataset/chunks/chittagong/chi_cate_12/sentence_34.wav,অফিসের কম্পিউটার আপডেট হয়েছে।,chittagong,cate_12,SPK_13,Male
sentence_35.wav,dataset/chunks/chittagong/chi_cate_12/sentence_35.wav,আপনি আজ কোন দপ্তরে কাজ করছেন?,chittagong,cate_12,SPK_13,Male
sentence_36.wav,dataset/chunks/chittagong/chi_cate_12/sentence_36.wav,আমরা নতুন টিম মিটিং শুরু করেছি।,chittagong,cate_12,SPK_13,Male
sentence_37.wav,dataset/chunks/chittagong/chi_cate_12/sentence_37.wav,কি ধরনের রিপোর্ট শেষ হয়েছে?,chittagong,cate_12,SPK_13,Male
sentence_38.wav,dataset/chunks/chittagong/chi_cate_12/sentence_38.wav,আমি অফিসের জন্য প্রেজেন্টেশন তৈরি করেছি।,chittagong,cate_12,SPK_13,Male
sentence_39.wav,dataset/chunks/chittagong/chi_cate_12/sentence_39.wav,আমাদের টিমে নতুন সদস্য যোগ হয়েছে।,chittagong,cate_12,SPK_13,Male
sentence_40.wav,dataset/chunks/chittagong/chi_cate_12/sentence_40.wav,অফিসের কাজের মান খুব ভালো।,chittagong,cate_12,SPK_13,Male
sentence_41.wav,dataset/chunks/chittagong/chi_cate_12/sentence_41.wav,আজ অফিসে কি মিটিং শিডিউল আছে?,chittagong,cate_12,SPK_13,Male
sentence_42.wav,dataset/chunks/chittagong/chi_cate_12/sentence_42.wav,আমি অফিসের ডকুমেন্ট স্ক্যান করছি।,chittagong,cate_12,SPK_13,Male
sentence_43.wav,dataset/chunks/chittagong/chi_cate_12/sentence_43.wav,আপনার সহকর্মী কি ব্যস্ত?,chittagong,cate_12,SPK_13,Male
sentence_44.wav,dataset/chunks/chittagong/chi_cate_12/sentence_44.wav,আমরা অফিসে নথি আপডেট করেছি।,chittagong,cate_12,SPK_13,Male
sentence_45.wav,dataset/chunks/chittagong/chi_cate_12/sentence_45.wav,আজ টিমের সঙ্গে আলোচনা হয়েছে।,chittagong,cate_12,SPK_13,Male
sentence_46.wav,dataset/chunks/chittagong/chi_cate_12/sentence_46.wav,আমি নতুন কর্মচারীর প্রশিক্ষণ দিচ্ছি।,chittagong,cate_12,SPK_13,Male
sentence_47.wav,dataset/chunks/chittagong/chi_cate_12/sentence_47.wav,অফিসে নতুন নীতি প্রয়োগ করা হয়েছে।,chittagong,cate_12,SPK_13,Male
sentence_48.wav,dataset/chunks/chittagong/chi_cate_12/sentence_48.wav,আমার কম্পিউটার হ্যাং করেছে।,chittagong,cate_12,SPK_13,Male
sentence_49.wav,dataset/chunks/chittagong/chi_cate_12/sentence_49.wav,আমরা ক্লায়েন্টের কাছে প্রজেক্ট প্রেজেন্ট করেছি।,chittagong,cate_12,SPK_13,Male
sentence_50.wav,dataset/chunks/chittagong/chi_cate_12/sentence_50.wav,আপনার অফিসের সময়সূচি কি?,chittagong,cate_12,SPK_13,Male
sentence_51.wav,dataset/chunks/chittagong/chi_cate_12/sentence_51.wav,আমি আজ নতুন কাজ শিখছি।,chittagong,cate_12,SPK_13,Male
sentence_52.wav,dataset/chunks/chittagong/chi_cate_12/sentence_52.wav,অফিসে নিরাপত্তা ব্যবস্থা ভালো।,chittagong,cate_12,SPK_13,Male
sentence_53.wav,dataset/chunks/chittagong/chi_cate_12/sentence_53.wav,আমরা অফিসে নতুন টুল ব্যবহার করছি।,chittagong,cate_12,SPK_13,Male
sentence_54.wav,dataset/chunks/chittagong/chi_cate_12/sentence_54.wav,আপনার টিম কি প্রস্তুত?,chittagong,cate_12,SPK_13,Male
sentence_55.wav,dataset/chunks/chittagong/chi_cate_12/sentence_55.wav,আমি অফিসে অনেক নথি সাজাচ্ছি।,chittagong,cate_12,SPK_13,Male
sentence_56.wav,dataset/chunks/chittagong/chi_cate_12/sentence_56.wav,আজ অফিসে নতুন প্রকল্পের আলোচনা হয়েছে।,chittagong,cate_12,SPK_13,Male
sentence_57.wav,dataset/chunks/chittagong/chi_cate_12/sentence_57.wav,আমি আজ টিম মিটিং নিয়ে ব্যস্ত।,chittagong,cate_12,SPK_13,Male
sentence_58.wav,dataset/chunks/chittagong/chi_cate_12/sentence_58.wav,অফিসে নতুন সফটওয়্যার ইনস্টল করা হয়েছে।,chittagong,cate_12,SPK_13,Male
sentence_59.wav,dataset/chunks/chittagong/chi_cate_12/sentence_59.wav,কি ধরনের অফিস কাজ শেষ করতে হবে?,chittagong,cate_12,SPK_13,Male
sentence_60.wav,dataset/chunks/chittagong/chi_cate_12/sentence_60.wav,আমি ক্লায়েন্টের জন্য ডকুমেন্ট প্রস্তুত করছি।,chittagong,cate_12,SPK_13,Male
sentence_61.wav,dataset/chunks/chittagong/chi_cate_12/sentence_61.wav,অফিসে আজ অনেক ইমেইল এসেছে।,chittagong,cate_12,SPK_13,Male
sentence_62.wav,dataset/chunks/chittagong/chi_cate_12/sentence_62.wav,আমাদের টিমের সদস্য সক্রিয়।,chittagong,cate_12,SPK_13,Male
sentence_63.wav,dataset/chunks/chittagong/chi_cate_12/sentence_63.wav,আমি অফিসে নতুন প্রকল্প পরিকল্পনা করছি।,chittagong,cate_12,SPK_13,Male
sentence_64.wav,dataset/chunks/chittagong/chi_cate_12/sentence_64.wav,আজ অফিসে অনেক visitors এসেছে।,chittagong,cate_12,SPK_13,Male
sentence_65.wav,dataset/chunks/chittagong/chi_cate_12/sentence_65.wav,অফিসে meeting room প্রস্তুত।,chittagong,cate_12,SPK_13,Male
sentence_66.wav,dataset/chunks/chittagong/chi_cate_12/sentence_66.wav,আমি অফিসের জন্য রিপোর্ট তৈরি করেছি।,chittagong,cate_12,SPK_13,Male
sentence_67.wav,dataset/chunks/chittagong/chi_cate_12/sentence_67.wav,আমরা নতুন guidelines মেনে চলছি।,chittagong,cate_12,SPK_13,Male
sentence_68.wav,dataset/chunks/chittagong/chi_cate_12/sentence_68.wav,অফিসে কাজের চাপ বেশি।,chittagong,cate_12,SPK_13,Male
sentence_69.wav,dataset/chunks/chittagong/chi_cate_12/sentence_69.wav,আমি ক্লায়েন্টের সাথে discussion করেছি।,chittagong,cate_12,SPK_13,Male
sentence_70.wav,dataset/chunks/chittagong/chi_cate_12/sentence_70.wav,আমাদের অফিসের পরিবেশ খুব ভালো।,chittagong,cate_12,SPK_13,Male
sentence_01.wav,dataset/chunks/chittagong/chi_cate_13/sentence_01.wav,এই ফোনের দাম কত?,chittagong,cate_13,,
sentence_02.wav,dataset/chunks/chittagong/chi_cate_13/sentence_02.wav,আমি নতুন ল্যাপটপ কিনতে চাই।,chittagong,cate_13,,
sentence_03.wav,dataset/chunks/chittagong/chi_cate_13/sentence_03.wav,এই চার্জার কি original?,chittagong,cate_13,,
sentence_04.wav,dataset/chunks/chittagong/chi_cate_13/sentence_04.wav,SIM কার্ড কীভাবে নিতে হবে?,chittagong,cate_13,,
sentence_05.wav,dataset/chunks/chittagong/chi_cate_13/sentence_05.wav,এই ফোনের warranty কত দিন?,chittagong,cate_13,,
sentence_06.wav,dataset/chunks/chittagong/chi_cate_13/sentence_06.wav,আমি একটা হেডফোন চাই।,chittagong,cate_13,,
sentence_07.wav,dataset/chunks/chittagong/chi_cate_13/sentence_07.wav,এই ফোনে camera ভালো কি?,chittagong,cate_13,,
sentence_08.wav,dataset/chunks/chittagong/chi_cate_13/sentence_08.wav,আপনার দোকানে laptop আছে কি?,chittagong,cate_13,,
sentence_09.wav,dataset/chunks/chittagong/chi_cate_13/sentence_09.wav,এই চার্জার কত voltage?,chittagong,cate_13,,
sentence_10.wav,dataset/chunks/chittagong/chi_cate_13/sentence_10.wav,আমি ফোন comparison করতে চাই।,chittagong,cate_13,,
sentence_11.wav,dataset/chunks/chittagong/chi_cate_13/sentence_11.wav,এই ফোনের color কোনটি আছে?,chittagong,cate_13,,
sentence_12.wav,dataset/chunks/chittagong/chi_cate_13/sentence_12.wav,SIM card activate করতে কত সময় লাগে?,chittagong,cate_13,,
sentence_13.wav,dataset/chunks/chittagong/chi_cate_13/sentence_13.wav,এই ফোনের storage কত GB?,chittagong,cate_13,,
sentence_14.wav,dataset/chunks/chittagong/chi_cate_13/sentence_14.wav,আমি power bank চাই।,chittagong,cate_13,,
sentence_15.wav,dataset/chunks/chittagong/chi_cate_13/sentence_15.wav,ফোনে নতুন app install করতে পারি কি?,chittagong,cate_13,,
sentence_16.wav,dataset/chunks/chittagong/chi_cate_13/sentence_16.wav,এই দোকানে accessories পাওয়া যায়?,chittagong,cate_13,,
sentence_17.wav,dataset/chunks/chittagong/chi_cate_13/sentence_17.wav,এই laptop lightweight কি?,chittagong,cate_13,,
sentence_18.wav,dataset/chunks/chittagong/chi_cate_13/sentence_18.wav,ফোনের screen protector বিক্রি হয় কি?,chittagong,cate_13,,
sentence_19.wav,dataset/chunks/chittagong/chi_cate_13/sentence_19.wav,SIM card recharge করা যায় কি?,chittagong,cate_13,,
sentence_20.wav,dataset/chunks/chittagong/chi_cate_13/sentence_20.wav,আমি refurbished phone কিনতে চাই না।,chittagong,cate_13,,
sentence_21.wav,dataset/chunks/chittagong/chi_cate_13/sentence_21.wav,ফোনের battery কতক্ষণ চলে?,chittagong,cate_13,,
sentence_22.wav,dataset/chunks/chittagong/chi_cate_13/sentence_22.wav,আমি এই smartwatch কিনতে চাই।,chittagong,cate_13,,
sentence_23.wav,dataset/chunks/chittagong/chi_cate_13/sentence_23.wav,ফোনের brand কোনটি?,chittagong,cate_13,,
sentence_24.wav,dataset/chunks/chittagong/chi_cate_13/sentence_24.wav,এই charger fast charging support করে কি?,chittagong,cate_13,,
sentence_25.wav,dataset/chunks/chittagong/chi_cate_13/sentence_25.wav,আমি laptop comparison দেখতে চাই।,chittagong,cate_13,,
sentence_26.wav,dataset/chunks/chittagong/chi_cate_13/sentence_26.wav,ফোনের memory card slot আছে কি?,chittagong,cate_13,,
sentence_27.wav,dataset/chunks/chittagong/chi_cate_13/sentence_27.wav,SIM card registration করতে কি লাগবে?,chittagong,cate_13,,
sentence_28.wav,dataset/chunks/chittagong/chi_cate_13/sentence_28.wav,আমি wireless earphones চাই।,chittagong,cate_13,,
sentence_29.wav,dataset/chunks/chittagong/chi_cate_13/sentence_29.wav,এই phone case waterproof কি?,chittagong,cate_13,,
sentence_30.wav,dataset/chunks/chittagong/chi_cate_13/sentence_30.wav,আপনার দোকানে projector আছে কি?,chittagong,cate_13,,
sentence_31.wav,dataset/chunks/chittagong/chi_cate_13/sentence_31.wav,ফোনের software update হয়েছে কি?,chittagong,cate_13,,
sentence_32.wav,dataset/chunks/chittagong/chi_cate_13/sentence_32.wav,আমি gaming laptop দেখতে চাই।,chittagong,cate_13,,
sentence_33.wav,dataset/chunks/chittagong/chi_cate_13/sentence_33.wav,ফোনে dual SIM support আছে কি?,chittagong,cate_13,,
sentence_34.wav,dataset/chunks/chittagong/chi_cate_13/sentence_34.wav,এই power bank কত mAh?,chittagong,cate_13,,
sentence_35.wav,dataset/chunks/chittagong/chi_cate_13/sentence_35.wav,আমি Bluetooth speaker কিনতে চাই।,chittagong,cate_13,,
sentence_36.wav,dataset/chunks/chittagong/chi_cate_13/sentence_36.wav,ফোনের price negotiable কি?,chittagong,cate_13,,
sentence_37.wav,dataset/chunks/chittagong/chi_cate_13/sentence_37.wav,আমি USB cable চাই।,chittagong,cate_13,,
sentence_38.wav,dataset/chunks/chittagong/chi_cate_13/sentence_38.wav,এই tablet lightweight কি?,chittagong,cate_13,,
sentence_39.wav,dataset/chunks/chittagong/chi_cate_13/sentence_39.wav,SIM card portability করতে পারি কি?,chittagong,cate_13,,
sentence_40.wav,dataset/chunks/chittagong/chi_cate_13/sentence_40.wav,ফোনের warranty card আছে কি?,chittagong,cate_13,,
sentence_41.wav,dataset/chunks/chittagong/chi_cate_13/sentence_41.wav,আমি refurbished laptop চাই না।,chittagong,cate_13,,
sentence_42.wav,dataset/chunks/chittagong/chi_cate_13/sentence_42.wav,ফোনের charger original কি?,chittagong,cate_13,,
sentence_43.wav,dataset/chunks/chittagong/chi_cate_13/sentence_43.wav,আমি tablet accessories চাই।,chittagong,cate_13,,
sentence_44.wav,dataset/chunks/chittagong/chi_cate_13/sentence_44.wav,ফোনের camera resolution কত?,chittagong,cate_13,,
sentence_45.wav,dataset/chunks/chittagong/chi_cate_13/sentence_45.wav,আমি portable hard drive চাই।,chittagong,cate_13,,
sentence_46.wav,dataset/chunks/chittagong/chi_cate_13/sentence_46.wav,ফোনে earphone jack আছে কি?,chittagong,cate_13,,
sentence_47.wav,dataset/chunks/chittagong/chi_cate_13/sentence_47.wav,SIM card online recharge করা যায় কি?,chittagong,cate_13,,
sentence_48.wav,dataset/chunks/chittagong/chi_cate_13/sentence_48.wav,আমি laptop bag কিনতে চাই।,chittagong,cate_13,,
sentence_49.wav,dataset/chunks/chittagong/chi_cate_13/sentence_49.wav,ফোনের display কত inch?,chittagong,cate_13,,
sentence_50.wav,dataset/chunks/chittagong/chi_cate_13/sentence_50.wav,আমি smart home device কিনতে চাই।,chittagong,cate_13,,
sentence_51.wav,dataset/chunks/chittagong/chi_cate_13/sentence_51.wav,এই charger compatible কি?,chittagong,cate_13,,
sentence_52.wav,dataset/chunks/chittagong/chi_cate_13/sentence_52.wav,ফোনের processor কত GHz?,chittagong,cate_13,,
sentence_53.wav,dataset/chunks/chittagong/chi_cate_13/sentence_53.wav,আমি wireless mouse চাই।,chittagong,cate_13,,
sentence_54.wav,dataset/chunks/chittagong/chi_cate_13/sentence_54.wav,ফোনের screen size বড় কি?,chittagong,cate_13,,
sentence_55.wav,dataset/chunks/chittagong/chi_cate_13/sentence_55.wav,SIM card balance check করতে পারি কি?,chittagong,cate_13,,
sentence_56.wav,dataset/chunks/chittagong/chi_cate_13/sentence_56.wav,আমি laptop stand চাই।,chittagong,cate_13,,
sentence_57.wav,dataset/chunks/chittagong/chi_cate_13/sentence_57.wav,ফোনে fingerprint sensor আছে কি?,chittagong,cate_13,,
sentence_58.wav,dataset/chunks/chittagong/chi_cate_13/sentence_58.wav,আমি external keyboard চাই।,chittagong,cate_13,,
sentence_59.wav,dataset/chunks/chittagong/chi_cate_13/sentence_59.wav,ফোনের battery replace করতে হয় কি?,chittagong,cate_13,,
sentence_60.wav,dataset/chunks/chittagong/chi_cate_13/sentence_60.wav,আমি smartwatch strap চাই।,chittagong,cate_13,,
sentence_61.wav,dataset/chunks/chittagong/chi_cate_13/sentence_61.wav,ফোনের price range কি?,chittagong,cate_13,,
sentence_62.wav,dataset/chunks/chittagong/chi_cate_13/sentence_62.wav,আমি gaming console কিনতে চাই।,chittagong,cate_13,,
sentence_63.wav,dataset/chunks/chittagong/chi_cate_13/sentence_63.wav,ফোনে dual camera আছে কি?,chittagong,cate_13,,
sentence_64.wav,dataset/chunks/chittagong/chi_cate_13/sentence_64.wav,আমি USB hub চাই।,chittagong,cate_13,,
sentence_65.wav,dataset/chunks/chittagong/chi_cate_13/sentence_65.wav,ফোনের warranty কত বছর?,chittagong,cate_13,,
sentence_66.wav,dataset/chunks/chittagong/chi_cate_13/sentence_66.wav,আমি laptop charger চাই।,chittagong,cate_13,,
sentence_67.wav,dataset/chunks/chittagong/chi_cate_13/sentence_67.wav,ফোনের weight কত?,chittagong,cate_13,,
sentence_68.wav,dataset/chunks/chittagong/chi_cate_13/sentence_68.wav,আমি HDMI cable চাই।,chittagong,cate_13,,
sentence_69.wav,dataset/chunks/chittagong/chi_cate_13/sentence_69.wav,ফোনের software version আপডেট হয়েছে কি?,chittagong,cate_13,,
sentence_70.wav,dataset/chunks/chittagong/chi_cate_13/sentence_70.wav,আমি smart speaker কিনতে চাই।,chittagong,cate_13,,
sentence_01.wav,dataset/chunks/chittagong/chi_cate_14/sentence_01.wav,অনুগ্রহ করে দরজা বন্ধ করবেন।,chittagong,cate_14,SPK_16,Male
sentence_02.wav,dataset/chunks/chittagong/chi_cate_14/sentence_02.wav,দয়া করে আমাকে সাহায্য করুন।,chittagong,cate_14,SPK_16,Male
sentence_03.wav,dataset/chunks/chittagong/chi_cate_14/sentence_03.wav,আপনি কি আমাকে বইটা দিতে পারেন?,chittagong,cate_14,SPK_16,Male
sentence_04.wav,dataset/chunks/chittagong/chi_cate_14/sentence_04.wav,অনুগ্রহ করে ধীরে কথা বলুন।,chittagong,cate_14,SPK_16,Male
sentence_05.wav,dataset/chunks/chittagong/chi_cate_14/sentence_05.wav,দয়া করে এখানে বসুন।,chittagong,cate_14,SPK_16,Male
sentence_06.wav,dataset/chunks/chittagong/chi_cate_14/sentence_06.wav,আপনি কি আমার জন্য অপেক্ষা করতে পারেন?,chittagong,cate_14,SPK_16,Male
sentence_07.wav,dataset/chunks/chittagong/chi_cate_14/sentence_07.wav,অনুগ্রহ করে আবার বলুন।,chittagong,cate_14,SPK_16,Male
sentence_08.wav,dataset/chunks/chittagong/chi_cate_14/sentence_08.wav,আপনি কি আমাকে রাস্তা দেখাতে পারেন?,chittagong,cate_14,SPK_16,Male
sentence_09.wav,dataset/chunks/chittagong/chi_cate_14/sentence_09.wav,দয়া করে ফোন ব্যবহার করবেন না।,chittagong,cate_14,SPK_16,Male
sentence_10.wav,dataset/chunks/chittagong/chi_cate_14/sentence_10.wav,আপনি কি আমার জন্য এটি কিনতে পারবেন?,chittagong,cate_14,SPK_16,Male
sentence_11.wav,dataset/chunks/chittagong/chi_cate_14/sentence_11.wav,অনুগ্রহ করে আমাকে মনে করিয়ে দিন।,chittagong,cate_14,SPK_16,Male
sentence_12.wav,dataset/chunks/chittagong/chi_cate_14/sentence_12.wav,আপনি কি আমাকে ছবি তুলতে সাহায্য করবেন?,chittagong,cate_14,SPK_16,Male
sentence_13.wav,dataset/chunks/chittagong/chi_cate_14/sentence_13.wav,দয়া করে আমাকে অপেক্ষা করতে দিন।,chittagong,cate_14,SPK_16,Male
sentence_14.wav,dataset/chunks/chittagong/chi_cate_14/sentence_14.wav,অনুগ্রহ করে দরজা খুলে দিন।,chittagong,cate_14,SPK_16,Male
sentence_15.wav,dataset/chunks/chittagong/chi_cate_14/sentence_15.wav,আপনি কি আমার জন্য কাজটি করতে পারেন?,chittagong,cate_14,SPK_16,Male
sentence_16.wav,dataset/chunks/chittagong/chi_cate_14/sentence_16.wav,দয়া করে শব্দ কমান।,chittagong,cate_14,SPK_16,Male
sentence_17.wav,dataset/chunks/chittagong/chi_cate_14/sentence_17.wav,আপনি কি আমাকে জিজ্ঞাসা করতে পারবেন?,chittagong,cate_14,SPK_16,Male
sentence_18.wav,dataset/chunks/chittagong/chi_cate_14/sentence_18.wav,অনুগ্রহ করে আমাকে আসতে দিন।,chittagong,cate_14,SPK_16,Male
sentence_19.wav,dataset/chunks/chittagong/chi_cate_14/sentence_19.wav,আপনি কি আমার সঙ্গে কথা বলবেন?,chittagong,cate_14,SPK_16,Male
sentence_20.wav,dataset/chunks/chittagong/chi_cate_14/sentence_20.wav,দয়া করে আমার দিকে তাকান।,chittagong,cate_14,SPK_16,Male
sentence_21.wav,dataset/chunks/chittagong/chi_cate_14/sentence_21.wav,অনুগ্রহ করে আমাকে সময় দিন।,chittagong,cate_14,SPK_16,Male
sentence_22.wav,dataset/chunks/chittagong/chi_cate_14/sentence_22.wav,আপনি কি আমাকে সাহায্য করতে পারেন?,chittagong,cate_14,SPK_16,Male
sentence_23.wav,dataset/chunks/chittagong/chi_cate_14/sentence_23.wav,দয়া করে আমাকে এটি বোঝান।,chittagong,cate_14,SPK_16,Male
sentence_24.wav,dataset/chunks/chittagong/chi_cate_14/sentence_24.wav,অনুগ্রহ করে এটিকে ধরুন।,chittagong,cate_14,SPK_16,Male
sentence_25.wav,dataset/chunks/chittagong/chi_cate_14/sentence_25.wav,আপনি কি আমাকে তথ্য দিতে পারেন?,chittagong,cate_14,SPK_16,Male
sentence_26.wav,dataset/chunks/chittagong/chi_cate_14/sentence_26.wav,দয়া করে এখানে আসুন।,chittagong,cate_14,SPK_16,Male
sentence_27.wav,dataset/chunks/chittagong/chi_cate_14/sentence_27.wav,অনুগ্রহ করে আমাকে অপেক্ষা করতে বলুন।,chittagong,cate_14,SPK_16,Male
sentence_28.wav,dataset/chunks/chittagong/chi_cate_14/sentence_28.wav,আপনি কি আমাকে রাস্তা দেখাবেন?,chittagong,cate_14,SPK_16,Male
sentence_29.wav,dataset/chunks/chittagong/chi_cate_14/sentence_29.wav,দয়া করে আমার জন্য অপেক্ষা করুন।,chittagong,cate_14,SPK_16,Male
sentence_30.wav,dataset/chunks/chittagong/chi_cate_14/sentence_30.wav,অনুগ্রহ করে আমাকে সাহায্য করতে বলুন।,chittagong,cate_14,SPK_16,Male
sentence_31.wav,dataset/chunks/chittagong/chi_cate_14/sentence_31.wav,আপনি কি আমার জন্য এটি আনবেন?,chittagong,cate_14,SPK_16,Male
sentence_32.wav,dataset/chunks/chittagong/chi_cate_14/sentence_32.wav,দয়া করে আমাকে বসতে দিন।,chittagong,cate_14,SPK_16,Male
sentence_33.wav,dataset/chunks/chittagong/chi_cate_14/sentence_33.wav,অনুগ্রহ করে আমাকে এটি দেখান।,chittagong,cate_14,SPK_16,Male
sentence_34.wav,dataset/chunks/chittagong/chi_cate_14/sentence_34.wav,আপনি কি আমার সঙ্গে খাবেন?,chittagong,cate_14,SPK_16,Male
sentence_35.wav,dataset/chunks/chittagong/chi_cate_14/sentence_35.wav,দয়া করে ধৈর্য ধরুন।,chittagong,cate_14,SPK_16,Male
sentence_36.wav,dataset/chunks/chittagong/chi_cate_14/sentence_36.wav,অনুগ্রহ করে আমাকে ফোন দিন।,chittagong,cate_14,SPK_16,Male
sentence_37.wav,dataset/chunks/chittagong/chi_cate_14/sentence_37.wav,আপনি কি আমার জন্য অপেক্ষা করবেন?,chittagong,cate_14,SPK_16,Male
sentence_38.wav,dataset/chunks/chittagong/chi_cate_14/sentence_38.wav,দয়া করে এটি খুলুন।,chittagong,cate_14,SPK_16,Male
sentence_39.wav,dataset/chunks/chittagong/chi_cate_14/sentence_39.wav,অনুগ্রহ করে এটি বন্ধ করুন।,chittagong,cate_14,SPK_16,Male
sentence_40.wav,dataset/chunks/chittagong/chi_cate_14/sentence_40.wav,আপনি কি আমাকে নির্দেশ দিতে পারেন?,chittagong,cate_14,SPK_16,Male
sentence_41.wav,dataset/chunks/chittagong/chi_cate_14/sentence_41.wav,দয়া করে আমার কথা শোনুন।,chittagong,cate_14,SPK_16,Male
sentence_42.wav,dataset/chunks/chittagong/chi_cate_14/sentence_42.wav,অনুগ্রহ করে আমাকে সময় দিন।,chittagong,cate_14,SPK_16,Male
sentence_43.wav,dataset/chunks/chittagong/chi_cate_14/sentence_43.wav,আপনি কি আমার জন্য এটি আনবেন?,chittagong,cate_14,SPK_16,Male
sentence_44.wav,dataset/chunks/chittagong/chi_cate_14/sentence_44.wav,দয়া করে আমাকে সাহায্য করতে বলুন।,chittagong,cate_14,SPK_16,Male
sentence_45.wav,dataset/chunks/chittagong/chi_cate_14/sentence_45.wav,অনুগ্রহ করে আমাকে অনুমতি দিন।,chittagong,cate_14,SPK_16,Male
sentence_46.wav,dataset/chunks/chittagong/chi_cate_14/sentence_46.wav,আপনি কি আমাকে রাস্তা দেখাবেন?,chittagong,cate_14,SPK_16,Male
sentence_47.wav,dataset/chunks/chittagong/chi_cate_14/sentence_47.wav,দয়া করে এখানে বসুন।,chittagong,cate_14,SPK_16,Male
sentence_48.wav,dataset/chunks/chittagong/chi_cate_14/sentence_48.wav,অনুগ্রহ করে এটি নিন।,chittagong,cate_14,SPK_16,Male
sentence_49.wav,dataset/chunks/chittagong/chi_cate_14/sentence_49.wav,আপনি কি আমাকে এটি দেবেন?,chittagong,cate_14,SPK_16,Male
sentence_50.wav,dataset/chunks/chittagong/chi_cate_14/sentence_50.wav,দয়া করে আমাকে সঙ্গে নিয়ে যান।,chittagong,cate_14,SPK_16,Male
sentence_51.wav,dataset/chunks/chittagong/chi_cate_14/sentence_51.wav,অনুগ্রহ করে আমাকে বলুন।,chittagong,cate_14,SPK_16,Male
sentence_52.wav,dataset/chunks/chittagong/chi_cate_14/sentence_52.wav,আপনি কি আমার জন্য অপেক্ষা করতে পারবেন?,chittagong,cate_14,SPK_16,Male
sentence_53.wav,dataset/chunks/chittagong/chi_cate_14/sentence_53.wav,দয়া করে এটি পরীক্ষা করুন।,chittagong,cate_14,SPK_16,Male
sentence_54.wav,dataset/chunks/chittagong/chi_cate_14/sentence_54.wav,অনুগ্রহ করে আমাকে এটি লিখে দিন।,chittagong,cate_14,SPK_16,Male
sentence_55.wav,dataset/chunks/chittagong/chi_cate_14/sentence_55.wav,আপনি কি আমার জন্য এটি করতে পারেন?,chittagong,cate_14,SPK_16,Male
sentence_56.wav,dataset/chunks/chittagong/chi_cate_14/sentence_56.wav,দয়া করে আমার সঙ্গে যোগাযোগ করুন।,chittagong,cate_14,SPK_16,Male
sentence_57.wav,dataset/chunks/chittagong/chi_cate_14/sentence_57.wav,অনুগ্রহ করে আমাকে সহায়তা করুন।,chittagong,cate_14,SPK_16,Male
sentence_58.wav,dataset/chunks/chittagong/chi_cate_14/sentence_58.wav,আপনি কি আমাকে এটি দেখাবেন?,chittagong,cate_14,SPK_16,Male
sentence_59.wav,dataset/chunks/chittagong/chi_cate_14/sentence_59.wav,দয়া করে আমার জন্য অপেক্ষা করুন।,chittagong,cate_14,SPK_16,Male
sentence_60.wav,dataset/chunks/chittagong/chi_cate_14/sentence_60.wav,অনুগ্রহ করে আমাকে সাহায্য করুন।,chittagong,cate_14,SPK_16,Male
sentence_61.wav,dataset/chunks/chittagong/chi_cate_14/sentence_61.wav,আপনি কি আমাকে সাহায্য করবেন?,chittagong,cate_14,SPK_16,Male
sentence_62.wav,dataset/chunks/chittagong/chi_cate_14/sentence_62.wav,দয়া করে আমাকে এটি বুঝতে দিন।,chittagong,cate_14,SPK_16,Male
sentence_63.wav,dataset/chunks/chittagong/chi_cate_14/sentence_63.wav,অনুগ্রহ করে এটি রাখুন।,chittagong,cate_14,SPK_16,Male
sentence_64.wav,dataset/chunks/chittagong/chi_cate_14/sentence_64.wav,আপনি কি আমাকে অনুমতি দেবেন?,chittagong,cate_14,SPK_16,Male
sentence_65.wav,dataset/chunks/chittagong/chi_cate_14/sentence_65.wav,দয়া করে আমাকে এটি আনতে দিন।,chittagong,cate_14,SPK_16,Male
sentence_66.wav,dataset/chunks/chittagong/chi_cate_14/sentence_66.wav,অনুগ্রহ করে আমাকে নির্দেশ দিন।,chittagong,cate_14,SPK_16,Male
sentence_67.wav,dataset/chunks/chittagong/chi_cate_14/sentence_67.wav,আপনি কি আমাকে এটি আনবেন?,chittagong,cate_14,SPK_16,Male
sentence_68.wav,dataset/chunks/chittagong/chi_cate_14/sentence_68.wav,দয়া করে আমাকে সাহায্য করতে বলুন।,chittagong,cate_14,SPK_16,Male
sentence_69.wav,dataset/chunks/chittagong/chi_cate_14/sentence_69.wav,অনুগ্রহ করে এটি আমার জন্য রাখুন।,chittagong,cate_14,SPK_16,Male
sentence_70.wav,dataset/chunks/chittagong/chi_cate_14/sentence_70.wav,আপনি কি আমার জন্য অপেক্ষা করতে পারবেন?,chittagong,cate_14,SPK_16,Male
sentence_01.wav,dataset/chunks/chittagong/chi_cate_15/sentence_01.wav,আমি সকাল ৬টায় উঠি।,chittagong,cate_15,SPK_16,Male
sentence_02.wav,dataset/chunks/chittagong/chi_cate_15/sentence_02.wav,তুমি কি বাজারে যাচ্ছো?,chittagong,cate_15,SPK_16,Male
sentence_03.wav,dataset/chunks/chittagong/chi_cate_15/sentence_03.wav,আমি ভাত রান্না করছি।,chittagong,cate_15,SPK_16,Male
sentence_04.wav,dataset/chunks/chittagong/chi_cate_15/sentence_04.wav,আমরা প্রতিদিন হাঁটতে যাই।,chittagong,cate_15,SPK_16,Male
sentence_05.wav,dataset/chunks/chittagong/chi_cate_15/sentence_05.wav,তুমি কি আজ শপিং করতে যাবে?,chittagong,cate_15,SPK_16,Male
sentence_06.wav,dataset/chunks/chittagong/chi_cate_15/sentence_06.wav,আমি ব্যাগ প্যাক করছি।,chittagong,cate_15,SPK_16,Male
sentence_07.wav,dataset/chunks/chittagong/chi_cate_15/sentence_07.wav,তুমি কি সকালে নাশতা করেছো?,chittagong,cate_15,SPK_16,Male
sentence_08.wav,dataset/chunks/chittagong/chi_cate_15/sentence_08.wav,আমি লন্ড্রি করছি।,chittagong,cate_15,SPK_16,Male
sentence_09.wav,dataset/chunks/chittagong/chi_cate_15/sentence_09.wav,তুমি কি সিনেমা দেখতে যাবে?,chittagong,cate_15,SPK_16,Male
sentence_10.wav,dataset/chunks/chittagong/chi_cate_15/sentence_10.wav,আমি বই পড়ছি।,chittagong,cate_15,SPK_16,Male
sentence_11.wav,dataset/chunks/chittagong/chi_cate_15/sentence_11.wav,তুমি কি চা খাবে?,chittagong,cate_15,SPK_16,Male
sentence_12.wav,dataset/chunks/chittagong/chi_cate_15/sentence_12.wav,আমি বাসায় ক্লিনিং করছি।,chittagong,cate_15,SPK_16,Male
sentence_13.wav,dataset/chunks/chittagong/chi_cate_15/sentence_13.wav,তুমি কি বাজারে নতুন সবজি পেয়েছো?,chittagong,cate_15,SPK_16,Male
sentence_14.wav,dataset/chunks/chittagong/chi_cate_15/sentence_14.wav,আমি শুতে যাচ্ছি।,chittagong,cate_15,SPK_16,Male
sentence_15.wav,dataset/chunks/chittagong/chi_cate_15/sentence_15.wav,আমরা সকালে দৌড়াচ্ছি।,chittagong,cate_15,SPK_16,Male
sentence_16.wav,dataset/chunks/chittagong/chi_cate_15/sentence_16.wav,তুমি কি কাজ শেষ করেছো?,chittagong,cate_15,SPK_16,Male
sentence_17.wav,dataset/chunks/chittagong/chi_cate_15/sentence_17.wav,আমি দুপুরের খাবার খাচ্ছি।,chittagong,cate_15,SPK_16,Male
sentence_18.wav,dataset/chunks/chittagong/chi_cate_15/sentence_18.wav,তুমি কি কুকিং করতে জানো?,chittagong,cate_15,SPK_16,Male
sentence_19.wav,dataset/chunks/chittagong/chi_cate_15/sentence_19.wav,আমি দোকান যাচ্ছি।,chittagong,cate_15,SPK_16,Male
sentence_20.wav,dataset/chunks/chittagong/chi_cate_15/sentence_20.wav,তুমি কি আজ বাড়িতে থাকছো?,chittagong,cate_15,SPK_16,Male
sentence_21.wav,dataset/chunks/chittagong/chi_cate_15/sentence_21.wav,আমি টিভি দেখছি।,chittagong,cate_15,SPK_16,Male
sentence_22.wav,dataset/chunks/chittagong/chi_cate_15/sentence_22.wav,তুমি কি সাইকেল চালাচ্ছো?,chittagong,cate_15,SPK_16,Male
sentence_23.wav,dataset/chunks/chittagong/chi_cate_15/sentence_23.wav,আমি জামাকাপড় ধরছি।,chittagong,cate_15,SPK_16,Male
sentence_24.wav,dataset/chunks/chittagong/chi_cate_15/sentence_24.wav,তুমি কি বাজার থেকে দুধ এনেছো?,chittagong,cate_15,SPK_16,Male
sentence_25.wav,dataset/chunks/chittagong/chi_cate_15/sentence_25.wav,আমি রাতে ঘুমাতে যাচ্ছি।,chittagong,cate_15,SPK_16,Male
sentence_26.wav,dataset/chunks/chittagong/chi_cate_15/sentence_26.wav,তুমি কি সকাল ৭টায় উঠে আসবে?,chittagong,cate_15,SPK_16,Male
sentence_27.wav,dataset/chunks/chittagong/chi_cate_15/sentence_27.wav,আমি রান্নাঘরে কাজ করছি।,chittagong,cate_15,SPK_16,Male
sentence_28.wav,dataset/chunks/chittagong/chi_cate_15/sentence_28.wav,তুমি কি বাজারে কোন মাংস কিনেছো?,chittagong,cate_15,SPK_16,Male
sentence_29.wav,dataset/chunks/chittagong/chi_cate_15/sentence_29.wav,আমি দুপুরে বিশ্রাম নিচ্ছি।,chittagong,cate_15,SPK_16,Male
sentence_30.wav,dataset/chunks/chittagong/chi_cate_15/sentence_30.wav,তুমি কি সন্ধ্যায় হাঁটবে?,chittagong,cate_15,SPK_16,Male
sentence_31.wav,dataset/chunks/chittagong/chi_cate_15/sentence_31.wav,আমি কফি বানাচ্ছি।,chittagong,cate_15,SPK_16,Male
sentence_32.wav,dataset/chunks/chittagong/chi_cate_15/sentence_32.wav,তুমি কি নিত্যদিন সকালে জগিং করো?,chittagong,cate_15,SPK_16,Male
sentence_33.wav,dataset/chunks/chittagong/chi_cate_15/sentence_33.wav,আমি দুধ ফুটাচ্ছি।,chittagong,cate_15,SPK_16,Male
sentence_34.wav,dataset/chunks/chittagong/chi_cate_15/sentence_34.wav,তুমি কি চা খেতে চাও?,chittagong,cate_15,SPK_16,Male
sentence_35.wav,dataset/chunks/chittagong/chi_cate_15/sentence_35.wav,আমি বাজারে যাচ্ছি।,chittagong,cate_15,SPK_16,Male
sentence_36.wav,dataset/chunks/chittagong/chi_cate_15/sentence_36.wav,তুমি কি বই পড়ছো?,chittagong,cate_15,SPK_16,Male
sentence_37.wav,dataset/chunks/chittagong/chi_cate_15/sentence_37.wav,আমি বাড়ি ঝাড়ু দিচ্ছি।,chittagong,cate_15,SPK_16,Male
sentence_38.wav,dataset/chunks/chittagong/chi_cate_15/sentence_38.wav,তুমি কি দুপুরের খাবার খেয়েছো?,chittagong,cate_15,SPK_16,Male
sentence_39.wav,dataset/chunks/chittagong/chi_cate_15/sentence_39.wav,আমি সবজি কাটছি।,chittagong,cate_15,SPK_16,Male
sentence_40.wav,dataset/chunks/chittagong/chi_cate_15/sentence_40.wav,তুমি কি রাতে শুবে?,chittagong,cate_15,SPK_16,Male
sentence_41.wav,dataset/chunks/chittagong/chi_cate_15/sentence_41.wav,আমি কলম ও কাগজ সাজাচ্ছি।,chittagong,cate_15,SPK_16,Male
sentence_42.wav,dataset/chunks/chittagong/chi_cate_15/sentence_42.wav,তুমি কি আজ রান্না করছো?,chittagong,cate_15,SPK_16,Male
sentence_43.wav,dataset/chunks/chittagong/chi_cate_15/sentence_43.wav,আমি কাপড় ধুয়ে শুকাচ্ছি।,chittagong,cate_15,SPK_16,Male
sentence_44.wav,dataset/chunks/chittagong/chi_cate_15/sentence_44.wav,তুমি কি বাজারে নতুন ফল এনেছো?,chittagong,cate_15,SPK_16,Male
sentence_45.wav,dataset/chunks/chittagong/chi_cate_15/sentence_45.wav,আমি সকালের নাশতা খাচ্ছি।,chittagong,cate_15,SPK_16,Male
sentence_46.wav,dataset/chunks/chittagong/chi_cate_15/sentence_46.wav,তুমি কি আজ ঘুম বেশি করেছো?,chittagong,cate_15,SPK_16,Male
sentence_47.wav,dataset/chunks/chittagong/chi_cate_15/sentence_47.wav,আমি খাবার টেবিলে বসছি।,chittagong,cate_15,SPK_16,Male
sentence_48.wav,dataset/chunks/chittagong/chi_cate_15/sentence_48.wav,তুমি কি বাইরে যাচ্ছো?,chittagong,cate_15,SPK_16,Male
sentence_49.wav,dataset/chunks/chittagong/chi_cate_15/sentence_49.wav,আমি ফ্রিজে খাবার রাখছি।,chittagong,cate_15,SPK_16,Male
sentence_50.wav,dataset/chunks/chittagong/chi_cate_15/sentence_50.wav,তুমি কি বাজারে যাবার আগে তালিকা লিখেছো?,chittagong,cate_15,SPK_16,Male
sentence_51.wav,dataset/chunks/chittagong/chi_cate_15/sentence_51.wav,আমি সকালে ব্যায়াম করছি।,chittagong,cate_15,SPK_16,Male
sentence_52.wav,dataset/chunks/chittagong/chi_cate_15/sentence_52.wav,তুমি কি দুপুরে ঘুমাবে?,chittagong,cate_15,SPK_16,Male
sentence_53.wav,dataset/chunks/chittagong/chi_cate_15/sentence_53.wav,আমি কাপড় ধরছি।,chittagong,cate_15,SPK_16,Male
sentence_54.wav,dataset/chunks/chittagong/chi_cate_15/sentence_54.wav,তুমি কি রান্না শেষ করেছো?,chittagong,cate_15,SPK_16,Male
sentence_55.wav,dataset/chunks/chittagong/chi_cate_15/sentence_55.wav,আমি বাজার থেকে শাক-সবজি এনেছি।,chittagong,cate_15,SPK_16,Male
sentence_56.wav,dataset/chunks/chittagong/chi_cate_15/sentence_56.wav,তুমি কি ঘরে কাজ করছো?,chittagong,cate_15,SPK_16,Male
sentence_57.wav,dataset/chunks/chittagong/chi_cate_15/sentence_57.wav,আমি দুপুরে চা খাচ্ছি।,chittagong,cate_15,SPK_16,Male
sentence_58.wav,dataset/chunks/chittagong/chi_cate_15/sentence_58.wav,তুমি কি রাতের খাবার খাবে?,chittagong,cate_15,SPK_16,Male
sentence_59.wav,dataset/chunks/chittagong/chi_cate_15/sentence_59.wav,আমি সকালের লিস্ট অনুযায়ী কাজ করছি।,chittagong,cate_15,SPK_16,Male
sentence_60.wav,dataset/chunks/chittagong/chi_cate_15/sentence_60.wav,তুমি কি বাজার থেকে দুধ এনেছো?,chittagong,cate_15,SPK_16,Male
sentence_61.wav,dataset/chunks/chittagong/chi_cate_15/sentence_61.wav,আমি সকালে উঠে হাঁটতে যাই।,chittagong,cate_15,SPK_16,Male
sentence_62.wav,dataset/chunks/chittagong/chi_cate_15/sentence_62.wav,তুমি কি ফ্রিজ খোলেছো?,chittagong,cate_15,SPK_16,Male
sentence_63.wav,dataset/chunks/chittagong/chi_cate_15/sentence_63.wav,আমি বালিশ ধরছি।,chittagong,cate_15,SPK_16,Male
sentence_64.wav,dataset/chunks/chittagong/chi_cate_15/sentence_64.wav,তুমি কি রান্না করতে চাও?,chittagong,cate_15,SPK_16,Male
sentence_65.wav,dataset/chunks/chittagong/chi_cate_15/sentence_65.wav,আমি কাপড় লন্ড্রি করছি।,chittagong,cate_15,SPK_16,Male
sentence_66.wav,dataset/chunks/chittagong/chi_cate_15/sentence_66.wav,তুমি কি বাজারে নতুন রুটি কিনেছো?,chittagong,cate_15,SPK_16,Male
sentence_67.wav,dataset/chunks/chittagong/chi_cate_15/sentence_67.wav,আমি রাতের খাবার প্রস্তুত করছি।,chittagong,cate_15,SPK_16,Male
sentence_68.wav,dataset/chunks/chittagong/chi_cate_15/sentence_68.wav,তুমি কি শপিং করতে যাচ্ছো?,chittagong,cate_15,SPK_16,Male
sentence_69.wav,dataset/chunks/chittagong/chi_cate_15/sentence_69.wav,আমি খোলা আকাশের নিচে হাঁটছি।,chittagong,cate_15,SPK_16,Male
sentence_70.wav,dataset/chunks/chittagong/chi_cate_15/sentence_70.wav,তুমি কি আজ সকাল থেকে ব্যস্ত?,chittagong,cate_15,SPK_16,Male
sentence_01.wav,dataset/chunks/chittagong/chi_cate_16/sentence_01.wav,আমার ফোন কাজ করছে না।,chittagong,cate_16,SPK_02,Male
sentence_02.wav,dataset/chunks/chittagong/chi_cate_16/sentence_02.wav,বাস ধীর গতিতে চলছে।,chittagong,cate_16,SPK_02,Male
sentence_03.wav,dataset/chunks/chittagong/chi_cate_16/sentence_03.wav,আমি বিল ঠিকমত পাইনি।,chittagong,cate_16,SPK_02,Male
sentence_04.wav,dataset/chunks/chittagong/chi_cate_16/sentence_04.wav,পানির চাপ খুব কম।,chittagong,cate_16,SPK_02,Male
sentence_05.wav,dataset/chunks/chittagong/chi_cate_16/sentence_05.wav,ইন্টারনেট সংযোগ স্থিতিশীল নয়।,chittagong,cate_16,SPK_02,Male
sentence_06.wav,dataset/chunks/chittagong/chi_cate_16/sentence_06.wav,দোকানে সব পণ্য শেষ।,chittagong,cate_16,SPK_02,Male
sentence_07.wav,dataset/chunks/chittagong/chi_cate_16/sentence_07.wav,বাতি জ্বলে না।,chittagong,cate_16,SPK_02,Male
sentence_08.wav,dataset/chunks/chittagong/chi_cate_16/sentence_08.wav,আমি চা খুব গরম পেয়েছি।,chittagong,cate_16,SPK_02,Male
sentence_09.wav,dataset/chunks/chittagong/chi_cate_16/sentence_09.wav,রিকশা খুব দেরি করছে।,chittagong,cate_16,SPK_02,Male
sentence_10.wav,dataset/chunks/chittagong/chi_cate_16/sentence_10.wav,লিফট বন্ধ।,chittagong,cate_16,SPK_02,Male
sentence_11.wav,dataset/chunks/chittagong/chi_cate_16/sentence_11.wav,আমার অ্যাপ্লিকেশন ক্র্যাশ করছে।,chittagong,cate_16,SPK_02,Male
sentence_12.wav,dataset/chunks/chittagong/chi_cate_16/sentence_12.wav,এই গাড়ি তেল টপ আপ করছে না।,chittagong,cate_16,SPK_02,Male
sentence_13.wav,dataset/chunks/chittagong/chi_cate_16/sentence_13.wav,বাসে অনেক ভিড়।,chittagong,cate_16,SPK_02,Male
sentence_14.wav,dataset/chunks/chittagong/chi_cate_16/sentence_14.wav,আমি খাবার ঠিকমত পাইনি।,chittagong,cate_16,SPK_02,Male
sentence_15.wav,dataset/chunks/chittagong/chi_cate_16/sentence_15.wav,রাস্তায় অনেক ধুলো।,chittagong,cate_16,SPK_02,Male
sentence_16.wav,dataset/chunks/chittagong/chi_cate_16/sentence_16.wav,আমার কম্পিউটার হ্যাং করেছে।,chittagong,cate_16,SPK_02,Male
sentence_17.wav,dataset/chunks/chittagong/chi_cate_16/sentence_17.wav,ফোনের ব্যাটারি দ্রুত শেষ হচ্ছে।,chittagong,cate_16,SPK_02,Male
sentence_18.wav,dataset/chunks/chittagong/chi_cate_16/sentence_18.wav,দোকানের হেডফোন খারাপ।,chittagong,cate_16,SPK_02,Male
sentence_19.wav,dataset/chunks/chittagong/chi_cate_16/sentence_19.wav,রিকশাচালক দেরি করছে।,chittagong,cate_16,SPK_02,Male
sentence_20.wav,dataset/chunks/chittagong/chi_cate_16/sentence_20.wav,পানির ট্যাংক ফাঁকা।,chittagong,cate_16,SPK_02,Male
sentence_21.wav,dataset/chunks/chittagong/chi_cate_16/sentence_21.wav,বাসে এয়ার কন্ডিশনার কাজ করছে না।,chittagong,cate_16,SPK_02,Male
sentence_22.wav,dataset/chunks/chittagong/chi_cate_16/sentence_22.wav,আমার Wi-Fi কানেকশন গড়বড়।,chittagong,cate_16,SPK_02,Male
sentence_23.wav,dataset/chunks/chittagong/chi_cate_16/sentence_23.wav,দোকানের কাস্টমার সার্ভিস খারাপ।,chittagong,cate_16,SPK_02,Male
sentence_24.wav,dataset/chunks/chittagong/chi_cate_16/sentence_24.wav,বাতি ঠিকমত জ্বলে না।,chittagong,cate_16,SPK_02,Male
sentence_25.wav,dataset/chunks/chittagong/chi_cate_16/sentence_25.wav,খাবারের স্বাদ খারাপ।,chittagong,cate_16,SPK_02,Male
sentence_26.wav,dataset/chunks/chittagong/chi_cate_16/sentence_26.wav,লিফট খুব ধীরে চলছে।,chittagong,cate_16,SPK_02,Male
sentence_27.wav,dataset/chunks/chittagong/chi_cate_16/sentence_27.wav,আমার মোবাইল চার্জ হচ্ছে না।,chittagong,cate_16,SPK_02,Male
sentence_28.wav,dataset/chunks/chittagong/chi_cate_16/sentence_28.wav,বাসের ভাড়া বেশি।,chittagong,cate_16,SPK_02,Male
sentence_29.wav,dataset/chunks/chittagong/chi_cate_16/sentence_29.wav,দোকানে পণ্য ভালো মানের নয়।,chittagong,cate_16,SPK_02,Male
sentence_30.wav,dataset/chunks/chittagong/chi_cate_16/sentence_30.wav,রাস্তায় যানজট বেশি।,chittagong,cate_16,SPK_02,Male
sentence_31.wav,dataset/chunks/chittagong/chi_cate_16/sentence_31.wav,আমি আমার টিকেট হারিয়েছি।,chittagong,cate_16,SPK_02,Male
sentence_32.wav,dataset/chunks/chittagong/chi_cate_16/sentence_32.wav,খাবারের পরিমাণ কম।,chittagong,cate_16,SPK_02,Male
sentence_33.wav,dataset/chunks/chittagong/chi_cate_16/sentence_33.wav,আমার কম্পিউটার ধীরগতিতে চলছে।,chittagong,cate_16,SPK_02,Male
sentence_34.wav,dataset/chunks/chittagong/chi_cate_16/sentence_34.wav,রিকশা খুব পুরোনো।,chittagong,cate_16,SPK_02,Male
sentence_35.wav,dataset/chunks/chittagong/chi_cate_16/sentence_35.wav,দোকানে নতুন পণ্য নেই।,chittagong,cate_16,SPK_02,Male
sentence_36.wav,dataset/chunks/chittagong/chi_cate_16/sentence_36.wav,ফোনের সিম কাজ করছে না।,chittagong,cate_16,SPK_02,Male
sentence_37.wav,dataset/chunks/chittagong/chi_cate_16/sentence_37.wav,বাসে বসার জায়গা নেই।,chittagong,cate_16,SPK_02,Male
sentence_38.wav,dataset/chunks/chittagong/chi_cate_16/sentence_38.wav,পানির স্বাদ খারাপ।,chittagong,cate_16,SPK_02,Male
sentence_39.wav,dataset/chunks/chittagong/chi_cate_16/sentence_39.wav,লিফটে শব্দ করছে।,chittagong,cate_16,SPK_02,Male
sentence_40.wav,dataset/chunks/chittagong/chi_cate_16/sentence_40.wav,দোকানের দাম বেশি।,chittagong,cate_16,SPK_02,Male
sentence_41.wav,dataset/chunks/chittagong/chi_cate_16/sentence_41.wav,খাবারের স্বাদ পরিবর্তন হয়েছে।,chittagong,cate_16,SPK_02,Male
sentence_42.wav,dataset/chunks/chittagong/chi_cate_16/sentence_42.wav,আমার ল্যাপটপ হ্যাং করছে।,chittagong,cate_16,SPK_02,Male
sentence_43.wav,dataset/chunks/chittagong/chi_cate_16/sentence_43.wav,বাসে লোকজন অনেক।,chittagong,cate_16,SPK_02,Male
sentence_44.wav,dataset/chunks/chittagong/chi_cate_16/sentence_44.wav,রাস্তায় খোলা গর্ত।,chittagong,cate_16,SPK_02,Male
sentence_45.wav,dataset/chunks/chittagong/chi_cate_16/sentence_45.wav,দোকানে কোনো বিক্রয়কর্মী নেই।,chittagong,cate_16,SPK_02,Male
sentence_46.wav,dataset/chunks/chittagong/chi_cate_16/sentence_46.wav,আমার ফোন ব্যাটারি নষ্ট।,chittagong,cate_16,SPK_02,Male
sentence_47.wav,dataset/chunks/chittagong/chi_cate_16/sentence_47.wav,খাবার খুব ঠান্ডা।,chittagong,cate_16,SPK_02,Male
sentence_48.wav,dataset/chunks/chittagong/chi_cate_16/sentence_48.wav,লিফট খুব দ্রুত চলেছে।,chittagong,cate_16,SPK_02,Male
sentence_49.wav,dataset/chunks/chittagong/chi_cate_16/sentence_49.wav,রিকশা বাসার সামনে দাঁড়ায় না।,chittagong,cate_16,SPK_02,Male
sentence_50.wav,dataset/chunks/chittagong/chi_cate_16/sentence_50.wav,দোকানে পরিষ্কার নেই।,chittagong,cate_16,SPK_02,Male
sentence_51.wav,dataset/chunks/chittagong/chi_cate_16/sentence_51.wav,বাস স্ট্যান্ড দূরে।,chittagong,cate_16,SPK_02,Male
sentence_52.wav,dataset/chunks/chittagong/chi_cate_16/sentence_52.wav,আমার কম্পিউটার হঠাৎ বন্ধ হয়ে গেছে।,chittagong,cate_16,SPK_02,Male
sentence_53.wav,dataset/chunks/chittagong/chi_cate_16/sentence_53.wav,ফোনে নেটওয়ার্ক নেই।,chittagong,cate_16,SPK_02,Male
sentence_54.wav,dataset/chunks/chittagong/chi_cate_16/sentence_54.wav,খাবারের স্বাদ ভালো নয়।,chittagong,cate_16,SPK_02,Male
sentence_55.wav,dataset/chunks/chittagong/chi_cate_16/sentence_55.wav,লিফট লক হয়ে গেছে।,chittagong,cate_16,SPK_02,Male
sentence_56.wav,dataset/chunks/chittagong/chi_cate_16/sentence_56.wav,দোকানের হেডফোন ব্রেক।,chittagong,cate_16,SPK_02,Male
sentence_57.wav,dataset/chunks/chittagong/chi_cate_16/sentence_57.wav,রিকশাচালক রাস্তায় নেই।,chittagong,cate_16,SPK_02,Male
sentence_58.wav,dataset/chunks/chittagong/chi_cate_16/sentence_58.wav,বাসে শীত নেই।,chittagong,cate_16,SPK_02,Male
sentence_59.wav,dataset/chunks/chittagong/chi_cate_16/sentence_59.wav,আমার ফোন হ্যাং করছে।,chittagong,cate_16,SPK_02,Male
sentence_60.wav,dataset/chunks/chittagong/chi_cate_16/sentence_60.wav,দোকানে সঠিক দাম নেই।,chittagong,cate_16,SPK_02,Male
sentence_61.wav,dataset/chunks/chittagong/chi_cate_16/sentence_61.wav,খাবারের স্বাদ খুব ঝাল।,chittagong,cate_16,SPK_02,Male
sentence_62.wav,dataset/chunks/chittagong/chi_cate_16/sentence_62.wav,লিফট বেজে যাচ্ছে।,chittagong,cate_16,SPK_02,Male
sentence_63.wav,dataset/chunks/chittagong/chi_cate_16/sentence_63.wav,আমার ল্যাপটপ কাজ করছে না।,chittagong,cate_16,SPK_02,Male
sentence_64.wav,dataset/chunks/chittagong/chi_cate_16/sentence_64.wav,দোকানের পণ্য ভাঙা।,chittagong,cate_16,SPK_02,Male
sentence_65.wav,dataset/chunks/chittagong/chi_cate_16/sentence_65.wav,রিকশা দূরে গেছে।,chittagong,cate_16,SPK_02,Male
sentence_66.wav,dataset/chunks/chittagong/chi_cate_16/sentence_66.wav,বাস সময়মতো আসেনি।,chittagong,cate_16,SPK_02,Male
sentence_67.wav,dataset/chunks/chittagong/chi_cate_16/sentence_67.wav,আমার মোবাইল নেটওয়ার্ক নেই।,chittagong,cate_16,SPK_02,Male
sentence_68.wav,dataset/chunks/chittagong/chi_cate_16/sentence_68.wav,দোকানের সার্ভিস খারাপ।,chittagong,cate_16,SPK_02,Male
sentence_69.wav,dataset/chunks/chittagong/chi_cate_16/sentence_69.wav,খাবারের পরিমাণ কম।,chittagong,cate_16,SPK_02,Male
sentence_70.wav,dataset/chunks/chittagong/chi_cate_16/sentence_70.wav,লিফট খুব ধীরে চলছে।,chittagong,cate_16,SPK_02,Male
sentence_01.wav,dataset/chunks/chittagong/chi_cate_17/sentence_01.wav,আমি একটি নতুন ব্যাংক অ্যাকাউন্ট খুলতে চাই।,chittagong,cate_17,SPK_02,Male
sentence_02.wav,dataset/chunks/chittagong/chi_cate_17/sentence_02.wav,আমার অ্যাকাউন্ট ব্যালেন্স কত?,chittagong,cate_17,SPK_02,Male
sentence_03.wav,dataset/chunks/chittagong/chi_cate_17/sentence_03.wav,আমি টাকা পাঠাতে চাই।,chittagong,cate_17,SPK_02,Male
sentence_04.wav,dataset/chunks/chittagong/chi_cate_17/sentence_04.wav,ATM কার্ড কোথায় পাব?,chittagong,cate_17,SPK_02,Male
sentence_05.wav,dataset/chunks/chittagong/chi_cate_17/sentence_05.wav,আমি বিকাশে টাকা পাঠাতে চাই।,chittagong,cate_17,SPK_02,Male
sentence_06.wav,dataset/chunks/chittagong/chi_cate_17/sentence_06.wav,চেক জমা দিতে হবে কি?,chittagong,cate_17,SPK_02,Male
sentence_07.wav,dataset/chunks/chittagong/chi_cate_17/sentence_07.wav,ব্যাংকের সময়সূচি কী?,chittagong,cate_17,SPK_02,Male
sentence_08.wav,dataset/chunks/chittagong/chi_cate_17/sentence_08.wav,আমি একটি লোন নিতে চাই।,chittagong,cate_17,SPK_02,Male
sentence_09.wav,dataset/chunks/chittagong/chi_cate_17/sentence_09.wav,ATM কাজ করছে না।,chittagong,cate_17,SPK_02,Male
sentence_10.wav,dataset/chunks/chittagong/chi_cate_17/sentence_10.wav,আমি অনলাইন ব্যাংকিং করতে চাই।,chittagong,cate_17,SPK_02,Male
sentence_11.wav,dataset/chunks/chittagong/chi_cate_17/sentence_11.wav,আমার অ্যাকাউন্টে টাকা ঢুকেনি।,chittagong,cate_17,SPK_02,Male
sentence_12.wav,dataset/chunks/chittagong/chi_cate_17/sentence_12.wav,ব্যাংক খোলা আছে কি?,chittagong,cate_17,SPK_02,Male
sentence_13.wav,dataset/chunks/chittagong/chi_cate_17/sentence_13.wav,আমি একটি ডেবিট কার্ড চাই।,chittagong,cate_17,SPK_02,Male
sentence_14.wav,dataset/chunks/chittagong/chi_cate_17/sentence_14.wav,বিকাশে ট্রান্সফার সফল হয়েছে কি?,chittagong,cate_17,SPK_02,Male
sentence_15.wav,dataset/chunks/chittagong/chi_cate_17/sentence_15.wav,আমি ক্রেডিট কার্ড আবেদন করতে চাই।,chittagong,cate_17,SPK_02,Male
sentence_16.wav,dataset/chunks/chittagong/chi_cate_17/sentence_16.wav,ATM থেকে কত টাকা তুলতে পারি?,chittagong,cate_17,SPK_02,Male
sentence_17.wav,dataset/chunks/chittagong/chi_cate_17/sentence_17.wav,আমার পিন ভুল হয়েছে।,chittagong,cate_17,SPK_02,Male
sentence_18.wav,dataset/chunks/chittagong/chi_cate_17/sentence_18.wav,ব্যাংক ফি কত?,chittagong,cate_17,SPK_02,Male
sentence_19.wav,dataset/chunks/chittagong/chi_cate_17/sentence_19.wav,আমি চেকবই চাই।,chittagong,cate_17,SPK_02,Male
sentence_20.wav,dataset/chunks/chittagong/chi_cate_17/sentence_20.wav,বিকাশে লেনদেন কতক্ষণ সময় নেয়?,chittagong,cate_17,SPK_02,Male
sentence_21.wav,dataset/chunks/chittagong/chi_cate_17/sentence_21.wav,আমি টাকা তুলতে চাই।,chittagong,cate_17,SPK_02,Male
sentence_22.wav,dataset/chunks/chittagong/chi_cate_17/sentence_22.wav,আমার অ্যাকাউন্ট ব্লক হয়েছে।,chittagong,cate_17,SPK_02,Male
sentence_23.wav,dataset/chunks/chittagong/chi_cate_17/sentence_23.wav,ব্যাংকিং সেবা ভালো কি?,chittagong,cate_17,SPK_02,Male
sentence_24.wav,dataset/chunks/chittagong/chi_cate_17/sentence_24.wav,আমি ফান্ড ট্রান্সফার করতে চাই।,chittagong,cate_17,SPK_02,Male
sentence_25.wav,dataset/chunks/chittagong/chi_cate_17/sentence_25.wav,ATM কোথায় আছে?,chittagong,cate_17,SPK_02,Male
sentence_26.wav,dataset/chunks/chittagong/chi_cate_17/sentence_26.wav,আমার ডেবিট কার্ড হারিয়েছে।,chittagong,cate_17,SPK_02,Male
sentence_27.wav,dataset/chunks/chittagong/chi_cate_17/sentence_27.wav,আমি বিকাশ ব্যালেন্স চেক করতে চাই।,chittagong,cate_17,SPK_02,Male
sentence_28.wav,dataset/chunks/chittagong/chi_cate_17/sentence_28.wav,ব্যাংক অ্যাকাউন্ট কতদিনে খোলা হয়?,chittagong,cate_17,SPK_02,Male
sentence_29.wav,dataset/chunks/chittagong/chi_cate_17/sentence_29.wav,আমি মোবাইল ব্যাংকিং ব্যবহার করতে চাই।,chittagong,cate_17,SPK_02,Male
sentence_30.wav,dataset/chunks/chittagong/chi_cate_17/sentence_30.wav,আমি টাকা পাঠিয়েছি কিন্তু পাওয়া যায়নি।,chittagong,cate_17,SPK_02,Male
sentence_31.wav,dataset/chunks/chittagong/chi_cate_17/sentence_31.wav,আমি লোন পরিশোধ করতে চাই।,chittagong,cate_17,SPK_02,Male
sentence_32.wav,dataset/chunks/chittagong/chi_cate_17/sentence_32.wav,ATM থেকে টাকা তুলতে সমস্যা।,chittagong,cate_17,SPK_02,Male
sentence_33.wav,dataset/chunks/chittagong/chi_cate_17/sentence_33.wav,ব্যাংকের চেক অনুমোদিত হয়েছে কি?,chittagong,cate_17,SPK_02,Male
sentence_34.wav,dataset/chunks/chittagong/chi_cate_17/sentence_34.wav,আমি বিকাশে টাকা জমা দিতে চাই।,chittagong,cate_17,SPK_02,Male
sentence_35.wav,dataset/chunks/chittagong/chi_cate_17/sentence_35.wav,আমার ক্রেডিট কার্ড লিমিট কত?,chittagong,cate_17,SPK_02,Male
sentence_36.wav,dataset/chunks/chittagong/chi_cate_17/sentence_36.wav,আমি ব্যাংক খোলা আছে কিনা জানতে চাই।,chittagong,cate_17,SPK_02,Male
sentence_37.wav,dataset/chunks/chittagong/chi_cate_17/sentence_37.wav,আমার অ্যাকাউন্ট নম্বর ভুল।,chittagong,cate_17,SPK_02,Male
sentence_38.wav,dataset/chunks/chittagong/chi_cate_17/sentence_38.wav,আমি ফান্ড রিসিভ করতে পারছি না।,chittagong,cate_17,SPK_02,Male
sentence_39.wav,dataset/chunks/chittagong/chi_cate_17/sentence_39.wav,ব্যাংক সেবা ধীর।,chittagong,cate_17,SPK_02,Male
sentence_40.wav,dataset/chunks/chittagong/chi_cate_17/sentence_40.wav,আমি বিকাশের পিন পরিবর্তন করতে চাই।,chittagong,cate_17,SPK_02,Male
sentence_41.wav,dataset/chunks/chittagong/chi_cate_17/sentence_41.wav,আমি একটি ট্রান্সফার করতে চাই।,chittagong,cate_17,SPK_02,Male
sentence_42.wav,dataset/chunks/chittagong/chi_cate_17/sentence_42.wav,ব্যাংকের কনসাল্ট্যান্ট কোথায় আছে?,chittagong,cate_17,SPK_02,Male
sentence_43.wav,dataset/chunks/chittagong/chi_cate_17/sentence_43.wav,আমার অ্যাকাউন্টে লেনদেন দেখা যায় না।,chittagong,cate_17,SPK_02,Male
sentence_44.wav,dataset/chunks/chittagong/chi_cate_17/sentence_44.wav,আমি নতুন ATM কার্ড চাই।,chittagong,cate_17,SPK_02,Male
sentence_45.wav,dataset/chunks/chittagong/chi_cate_17/sentence_45.wav,বিকাশে লেনদেন বাতিল হয়েছে।,chittagong,cate_17,SPK_02,Male
sentence_46.wav,dataset/chunks/chittagong/chi_cate_17/sentence_46.wav,ব্যাংকের চেক যাচাই হয়েছে কি?,chittagong,cate_17,SPK_02,Male
sentence_47.wav,dataset/chunks/chittagong/chi_cate_17/sentence_47.wav,আমি ফান্ড ট্রান্সফার করতে পারছি না।,chittagong,cate_17,SPK_02,Male
sentence_48.wav,dataset/chunks/chittagong/chi_cate_17/sentence_48.wav,আমার অ্যাকাউন্টে টাকা কমেছে।,chittagong,cate_17,SPK_02,Male
sentence_49.wav,dataset/chunks/chittagong/chi_cate_17/sentence_49.wav,আমি লোন স্ট্যাটাস জানতে চাই।,chittagong,cate_17,SPK_02,Male
sentence_50.wav,dataset/chunks/chittagong/chi_cate_17/sentence_50.wav,ATM খুব ব্যস্ত।,chittagong,cate_17,SPK_02,Male
sentence_51.wav,dataset/chunks/chittagong/chi_cate_17/sentence_51.wav,আমি বিকাশে নতুন নাম্বার রেজিস্টার করতে চাই।,chittagong,cate_17,SPK_02,Male
sentence_52.wav,dataset/chunks/chittagong/chi_cate_17/sentence_52.wav,ব্যাংকের ফি খুব বেশি।,chittagong,cate_17,SPK_02,Male
sentence_53.wav,dataset/chunks/chittagong/chi_cate_17/sentence_53.wav,আমি অনলাইন পেমেন্ট করতে চাই।,chittagong,cate_17,SPK_02,Male
sentence_54.wav,dataset/chunks/chittagong/chi_cate_17/sentence_54.wav,আমার অ্যাকাউন্টে লেনদেন বন্ধ।,chittagong,cate_17,SPK_02,Male
sentence_55.wav,dataset/chunks/chittagong/chi_cate_17/sentence_55.wav,আমি চেক জমা দিতে পারছি না।,chittagong,cate_17,SPK_02,Male
sentence_56.wav,dataset/chunks/chittagong/chi_cate_17/sentence_56.wav,বিকাশে টাকা স্থানান্তর করতে সমস্যা।,chittagong,cate_17,SPK_02,Male
sentence_57.wav,dataset/chunks/chittagong/chi_cate_17/sentence_57.wav,ব্যাংকের সময়সূচি পরিবর্তন হয়েছে।,chittagong,cate_17,SPK_02,Male
sentence_58.wav,dataset/chunks/chittagong/chi_cate_17/sentence_58.wav,আমি ক্রেডিট কার্ড একটিভ করতে চাই।,chittagong,cate_17,SPK_02,Male
sentence_59.wav,dataset/chunks/chittagong/chi_cate_17/sentence_59.wav,আমার লোন অ্যাপ্লিকেশন পেন্ডিং আছে।,chittagong,cate_17,SPK_02,Male
sentence_60.wav,dataset/chunks/chittagong/chi_cate_17/sentence_60.wav,ATM থেকে লেনদেন বাতিল হয়েছে।,chittagong,cate_17,SPK_02,Male
sentence_61.wav,dataset/chunks/chittagong/chi_cate_17/sentence_61.wav,আমি বিকাশে টাকা রিফান্ড চাই।,chittagong,cate_17,SPK_02,Male
sentence_62.wav,dataset/chunks/chittagong/chi_cate_17/sentence_62.wav,ব্যাংকের সার্ভিস খারাপ।,chittagong,cate_17,SPK_02,Male
sentence_63.wav,dataset/chunks/chittagong/chi_cate_17/sentence_63.wav,আমি আমার অ্যাকাউন্ট বন্ধ করতে চাই।,chittagong,cate_17,SPK_02,Male
sentence_64.wav,dataset/chunks/chittagong/chi_cate_17/sentence_64.wav,আমার ডেবিট কার্ড ব্লক হয়েছে।,chittagong,cate_17,SPK_02,Male
sentence_65.wav,dataset/chunks/chittagong/chi_cate_17/sentence_65.wav,আমি ফান্ড রিসিভ করতে পারছি না।,chittagong,cate_17,SPK_02,Male
sentence_66.wav,dataset/chunks/chittagong/chi_cate_17/sentence_66.wav,ব্যাংকের লাইন অনেক লম্বা।,chittagong,cate_17,SPK_02,Male
sentence_67.wav,dataset/chunks/chittagong/chi_cate_17/sentence_67.wav,আমি ক্রেডিট কার্ড বন্ধ করতে চাই।,chittagong,cate_17,SPK_02,Male
sentence_68.wav,dataset/chunks/chittagong/chi_cate_17/sentence_68.wav,আমার অ্যাকাউন্টে টাকা জমা হয়নি।,chittagong,cate_17,SPK_02,Male
sentence_69.wav,dataset/chunks/chittagong/chi_cate_17/sentence_69.wav,আমি বিকাশে লেনদেনের হিস্ট্রি দেখতে চাই।,chittagong,cate_17,SPK_02,Male
sentence_70.wav,dataset/chunks/chittagong/chi_cate_17/sentence_70.wav,ব্যাংকের লোন প্রক্রিয়া ধীর।,chittagong,cate_17,SPK_02,Male
sentence_01.wav,dataset/chunks/chittagong/chi_cate_18/sentence_01.wav,আমি খুব খুশি।,chittagong,cate_18,,
sentence_02.wav,dataset/chunks/chittagong/chi_cate_18/sentence_02.wav,তুমি কীভাবে অনুভব করছো?,chittagong,cate_18,,
sentence_03.wav,dataset/chunks/chittagong/chi_cate_18/sentence_03.wav,আমি দুঃখিত।,chittagong,cate_18,,
sentence_04.wav,dataset/chunks/chittagong/chi_cate_18/sentence_04.wav,এটা সত্যিই দুঃখজনক।,chittagong,cate_18,,
sentence_05.wav,dataset/chunks/chittagong/chi_cate_18/sentence_05.wav,আমি রাগান্বিত।,chittagong,cate_18,,
sentence_06.wav,dataset/chunks/chittagong/chi_cate_18/sentence_06.wav,তুমি কেন রাগ করছো?,chittagong,cate_18,,
sentence_07.wav,dataset/chunks/chittagong/chi_cate_18/sentence_07.wav,আমি উত্তেজিত।,chittagong,cate_18,,
sentence_08.wav,dataset/chunks/chittagong/chi_cate_18/sentence_08.wav,এটা আমার জন্য আশ্চর্যজনক।,chittagong,cate_18,,
sentence_09.wav,dataset/chunks/chittagong/chi_cate_18/sentence_09.wav,আমি ভীত।,chittagong,cate_18,,
sentence_10.wav,dataset/chunks/chittagong/chi_cate_18/sentence_10.wav,তুমি কেন ভয় পাচ্ছো?,chittagong,cate_18,,
sentence_11.wav,dataset/chunks/chittagong/chi_cate_18/sentence_11.wav,আমি দারুণ খুশি।,chittagong,cate_18,,
sentence_12.wav,dataset/chunks/chittagong/chi_cate_18/sentence_12.wav,এটা সত্যিই আমাকে কষ্ট দিচ্ছে।,chittagong,cate_18,,
sentence_13.wav,dataset/chunks/chittagong/chi_cate_18/sentence_13.wav,আমি হতাশ।,chittagong,cate_18,,
sentence_14.wav,dataset/chunks/chittagong/chi_cate_18/sentence_14.wav,তুমি খুব আনন্দিত দেখাচ্ছো।,chittagong,cate_18,,
sentence_15.wav,dataset/chunks/chittagong/chi_cate_18/sentence_15.wav,আমি অবাক।,chittagong,cate_18,,
sentence_16.wav,dataset/chunks/chittagong/chi_cate_18/sentence_16.wav,এটা আমার জন্য দুঃসংবাদ।,chittagong,cate_18,,
sentence_17.wav,dataset/chunks/chittagong/chi_cate_18/sentence_17.wav,আমি খুব দুঃখিত।,chittagong,cate_18,,
sentence_18.wav,dataset/chunks/chittagong/chi_cate_18/sentence_18.wav,তুমি কি খুশি?,chittagong,cate_18,,
sentence_19.wav,dataset/chunks/chittagong/chi_cate_18/sentence_19.wav,আমি উত্তেজিত অনুভব করছি।,chittagong,cate_18,,
sentence_20.wav,dataset/chunks/chittagong/chi_cate_18/sentence_20.wav,আমি রাগান্বিত হয়ে যাচ্ছি।,chittagong,cate_18,,
sentence_21.wav,dataset/chunks/chittagong/chi_cate_18/sentence_21.wav,এটা সত্যিই অবাক করা।,chittagong,cate_18,,
sentence_22.wav,dataset/chunks/chittagong/chi_cate_18/sentence_22.wav,"আমি দুঃখিত, এটা আমার দোষ।",chittagong,cate_18,,
sentence_23.wav,dataset/chunks/chittagong/chi_cate_18/sentence_23.wav,তুমি কেমন অনুভব করছো?,chittagong,cate_18,,
sentence_24.wav,dataset/chunks/chittagong/chi_cate_18/sentence_24.wav,আমি শান্ত।,chittagong,cate_18,,
sentence_25.wav,dataset/chunks/chittagong/chi_cate_18/sentence_25.wav,এটা আমাকে আনন্দিত করছে।,chittagong,cate_18,,
sentence_26.wav,dataset/chunks/chittagong/chi_cate_18/sentence_26.wav,আমি চিন্তিত।,chittagong,cate_18,,
sentence_27.wav,dataset/chunks/chittagong/chi_cate_18/sentence_27.wav,আমি হতাশ হয়ে যাচ্ছি।,chittagong,cate_18,,
sentence_28.wav,dataset/chunks/chittagong/chi_cate_18/sentence_28.wav,তুমি রাগান্বিত না তো?,chittagong,cate_18,,
sentence_29.wav,dataset/chunks/chittagong/chi_cate_18/sentence_29.wav,আমি সত্যিই আনন্দিত।,chittagong,cate_18,,
sentence_30.wav,dataset/chunks/chittagong/chi_cate_18/sentence_30.wav,এটা আমাকে বিরক্ত করছে।,chittagong,cate_18,,
sentence_31.wav,dataset/chunks/chittagong/chi_cate_18/sentence_31.wav,আমি অবাক হয়ে গেলাম।,chittagong,cate_18,,
sentence_32.wav,dataset/chunks/chittagong/chi_cate_18/sentence_32.wav,আমি খুব ভীত।,chittagong,cate_18,,
sentence_33.wav,dataset/chunks/chittagong/chi_cate_18/sentence_33.wav,তুমি আনন্দিত দেখাচ্ছো।,chittagong,cate_18,,
sentence_34.wav,dataset/chunks/chittagong/chi_cate_18/sentence_34.wav,আমি হতাশ অনুভব করছি।,chittagong,cate_18,,
sentence_35.wav,dataset/chunks/chittagong/chi_cate_18/sentence_35.wav,আমি রাগান্বিত হয়ে গিয়েছি।,chittagong,cate_18,,
sentence_36.wav,dataset/chunks/chittagong/chi_cate_18/sentence_36.wav,এটা আমাকে আনন্দ দিচ্ছে।,chittagong,cate_18,,
sentence_37.wav,dataset/chunks/chittagong/chi_cate_18/sentence_37.wav,আমি উদ্বিগ্ন।,chittagong,cate_18,,
sentence_38.wav,dataset/chunks/chittagong/chi_cate_18/sentence_38.wav,তুমি কেন দুঃখিত?,chittagong,cate_18,,
sentence_39.wav,dataset/chunks/chittagong/chi_cate_18/sentence_39.wav,আমি খুব খুশি অনুভব করছি।,chittagong,cate_18,,
sentence_40.wav,dataset/chunks/chittagong/chi_cate_18/sentence_40.wav,এটা সত্যিই বিরক্তিকর।,chittagong,cate_18,,
sentence_41.wav,dataset/chunks/chittagong/chi_cate_18/sentence_41.wav,আমি আশ্চর্য।,chittagong,cate_18,,
sentence_42.wav,dataset/chunks/chittagong/chi_cate_18/sentence_42.wav,তুমি ভয় পাচ্ছো কেন?,chittagong,cate_18,,
sentence_43.wav,dataset/chunks/chittagong/chi_cate_18/sentence_43.wav,আমি খুব আনন্দিত।,chittagong,cate_18,,
sentence_44.wav,dataset/chunks/chittagong/chi_cate_18/sentence_44.wav,এটা আমাকে দুঃখিত করছে।,chittagong,cate_18,,
sentence_45.wav,dataset/chunks/chittagong/chi_cate_18/sentence_45.wav,আমি রাগ অনুভব করছি।,chittagong,cate_18,,
sentence_46.wav,dataset/chunks/chittagong/chi_cate_18/sentence_46.wav,তুমি উত্তেজিত নাকি?,chittagong,cate_18,,
sentence_47.wav,dataset/chunks/chittagong/chi_cate_18/sentence_47.wav,আমি অবাক হয়ে যাচ্ছি।,chittagong,cate_18,,
sentence_48.wav,dataset/chunks/chittagong/chi_cate_18/sentence_48.wav,এটা সত্যিই দারুণ।,chittagong,cate_18,,
sentence_49.wav,dataset/chunks/chittagong/chi_cate_18/sentence_49.wav,আমি শান্ত অনুভব করছি।,chittagong,cate_18,,
sentence_50.wav,dataset/chunks/chittagong/chi_cate_18/sentence_50.wav,তুমি দুঃখিত নাকি?,chittagong,cate_18,,
sentence_51.wav,dataset/chunks/chittagong/chi_cate_18/sentence_51.wav,আমি খুব চিন্তিত।,chittagong,cate_18,,
sentence_52.wav,dataset/chunks/chittagong/chi_cate_18/sentence_52.wav,এটা আমাকে বিরক্ত করছে।,chittagong,cate_18,,
sentence_53.wav,dataset/chunks/chittagong/chi_cate_18/sentence_53.wav,আমি আনন্দ অনুভব করছি।,chittagong,cate_18,,
sentence_54.wav,dataset/chunks/chittagong/chi_cate_18/sentence_54.wav,তুমি রাগান্বিত নাকি?,chittagong,cate_18,,
sentence_55.wav,dataset/chunks/chittagong/chi_cate_18/sentence_55.wav,আমি আশ্চর্য অনুভব করছি।,chittagong,cate_18,,
sentence_56.wav,dataset/chunks/chittagong/chi_cate_18/sentence_56.wav,এটা আমাকে উত্তেজিত করছে।,chittagong,cate_18,,
sentence_57.wav,dataset/chunks/chittagong/chi_cate_18/sentence_57.wav,"আমি দুঃখিত, আমি কিছু করতে পারিনি।",chittagong,cate_18,,
sentence_58.wav,dataset/chunks/chittagong/chi_cate_18/sentence_58.wav,তুমি খুশি নাকি?,chittagong,cate_18,,
sentence_59.wav,dataset/chunks/chittagong/chi_cate_18/sentence_59.wav,আমি খুব ভীত অনুভব করছি।,chittagong,cate_18,,
sentence_60.wav,dataset/chunks/chittagong/chi_cate_18/sentence_60.wav,এটা সত্যিই দুঃখজনক।,chittagong,cate_18,,
sentence_61.wav,dataset/chunks/chittagong/chi_cate_18/sentence_61.wav,আমি রাগান্বিত হয়ে যাচ্ছি।,chittagong,cate_18,,
sentence_62.wav,dataset/chunks/chittagong/chi_cate_18/sentence_62.wav,তুমি উদ্বিগ্ন নাকি?,chittagong,cate_18,,
sentence_63.wav,dataset/chunks/chittagong/chi_cate_18/sentence_63.wav,আমি খুব আনন্দিত অনুভব করছি।,chittagong,cate_18,,
sentence_64.wav,dataset/chunks/chittagong/chi_cate_18/sentence_64.wav,এটা আমাকে হতাশ করছে।,chittagong,cate_18,,
sentence_65.wav,dataset/chunks/chittagong/chi_cate_18/sentence_65.wav,আমি শান্ত অনুভব করছি।,chittagong,cate_18,,
sentence_66.wav,dataset/chunks/chittagong/chi_cate_18/sentence_66.wav,তুমি দারুণ খুশি দেখাচ্ছো।,chittagong,cate_18,,
sentence_67.wav,dataset/chunks/chittagong/chi_cate_18/sentence_67.wav,আমি বিরক্ত অনুভব করছি।,chittagong,cate_18,,
sentence_68.wav,dataset/chunks/chittagong/chi_cate_18/sentence_68.wav,এটা আমাকে অবাক করছে।,chittagong,cate_18,,
sentence_69.wav,dataset/chunks/chittagong/chi_cate_18/sentence_69.wav,আমি উত্তেজিত হয়ে যাচ্ছি।,chittagong,cate_18,,
sentence_70.wav,dataset/chunks/chittagong/chi_cate_18/sentence_70.wav,আমি সত্যিই খুশি।,chittagong,cate_18,,
sentence_01.wav,dataset/chunks/chittagong/chi_cate_19/sentence_01.wav,আমি লোকসংগীত শুনতে ভালোবাসি।,chittagong,cate_19,,
sentence_02.wav,dataset/chunks/chittagong/chi_cate_19/sentence_02.wav,তুমি কি আজ রাতে নাচ দেখতে যাবে?,chittagong,cate_19,,
sentence_03.wav,dataset/chunks/chittagong/chi_cate_19/sentence_03.wav,মেলা খুব সুন্দর।,chittagong,cate_19,,
sentence_04.wav,dataset/chunks/chittagong/chi_cate_19/sentence_04.wav,তুমি কি পহেলা বৈশাখ উদযাপন করছো?,chittagong,cate_19,,
sentence_05.wav,dataset/chunks/chittagong/chi_cate_19/sentence_05.wav,আমি একটি লোকনৃত্য শিখছি।,chittagong,cate_19,,
sentence_06.wav,dataset/chunks/chittagong/chi_cate_19/sentence_06.wav,আজ রাতে আমরা মেলায় যাচ্ছি।,chittagong,cate_19,,
sentence_07.wav,dataset/chunks/chittagong/chi_cate_19/sentence_07.wav,তুমি কি বাঁশি বাজাতে পারো?,chittagong,cate_19,,
sentence_08.wav,dataset/chunks/chittagong/chi_cate_19/sentence_08.wav,আমরা পুতুলনাচ দেখেছি।,chittagong,cate_19,,
sentence_09.wav,dataset/chunks/chittagong/chi_cate_19/sentence_09.wav,মেলায় অনেক লোক আছে।,chittagong,cate_19,,
sentence_10.wav,dataset/chunks/chittagong/chi_cate_19/sentence_10.wav,তুমি কি ঢাক বাজাতে চাও?,chittagong,cate_19,,
sentence_11.wav,dataset/chunks/chittagong/chi_cate_19/sentence_11.wav,আমি নাটক দেখতে যাচ্ছি।,chittagong,cate_19,,
sentence_12.wav,dataset/chunks/chittagong/chi_cate_19/sentence_12.wav,আজকে কাব্য অনুষ্ঠানে যাচ্ছি।,chittagong,cate_19,,
sentence_13.wav,dataset/chunks/chittagong/chi_cate_19/sentence_13.wav,তুমি কি গান গাইতে পারো?,chittagong,cate_19,,
sentence_14.wav,dataset/chunks/chittagong/chi_cate_19/sentence_14.wav,লোকনৃত্য খুব সুন্দর।,chittagong,cate_19,,
sentence_15.wav,dataset/chunks/chittagong/chi_cate_19/sentence_15.wav,আমরা মেলায় পিঠা খেয়েছি।,chittagong,cate_19,,
sentence_16.wav,dataset/chunks/chittagong/chi_cate_19/sentence_16.wav,তুমি কি আজকে শিল্প প্রদর্শনী দেখেছো?,chittagong,cate_19,,
sentence_17.wav,dataset/chunks/chittagong/chi_cate_19/sentence_17.wav,আমি রবীন্দ্রনাথের গান শুনতে ভালোবাসি।,chittagong,cate_19,,
sentence_18.wav,dataset/chunks/chittagong/chi_cate_19/sentence_18.wav,মেলায় খেলার স্টল আছে।,chittagong,cate_19,,
sentence_19.wav,dataset/chunks/chittagong/chi_cate_19/sentence_19.wav,তুমি কি আজকে ঢোল বাজাচ্ছো?,chittagong,cate_19,,
sentence_20.wav,dataset/chunks/chittagong/chi_cate_19/sentence_20.wav,আমরা একটি রাস্তানাটক দেখেছি।,chittagong,cate_19,,
sentence_21.wav,dataset/chunks/chittagong/chi_cate_19/sentence_21.wav,মেলায় অনেক খাবার বিক্রি হচ্ছে।,chittagong,cate_19,,
sentence_22.wav,dataset/chunks/chittagong/chi_cate_19/sentence_22.wav,তুমি কি আজকে লোকগীতি শোনাচ্ছো?,chittagong,cate_19,,
sentence_23.wav,dataset/chunks/chittagong/chi_cate_19/sentence_23.wav,আমি নৃত্য প্রতিযোগিতায় অংশ নিচ্ছি।,chittagong,cate_19,,
sentence_24.wav,dataset/chunks/chittagong/chi_cate_19/sentence_24.wav,মেলায় সাজানো হয়েছে অনেক আলোকসজ্জা।,chittagong,cate_19,,
sentence_25.wav,dataset/chunks/chittagong/chi_cate_19/sentence_25.wav,তুমি কি আজকে মেলায় গিয়েছো?,chittagong,cate_19,,
sentence_26.wav,dataset/chunks/chittagong/chi_cate_19/sentence_26.wav,আমরা একটি লোককাহিনী শোনেছি।,chittagong,cate_19,,
sentence_27.wav,dataset/chunks/chittagong/chi_cate_19/sentence_27.wav,তুমি কি আজকে নাটক দেখেছো?,chittagong,cate_19,,
sentence_28.wav,dataset/chunks/chittagong/chi_cate_19/sentence_28.wav,আমি পটচিত্র দেখতে ভালোবাসি।,chittagong,cate_19,,
sentence_29.wav,dataset/chunks/chittagong/chi_cate_19/sentence_29.wav,মেলায় অনেক শিশু খেলছে।,chittagong,cate_19,,
sentence_30.wav,dataset/chunks/chittagong/chi_cate_19/sentence_30.wav,তুমি কি লোকনৃত্য শিখছো?,chittagong,cate_19,,
sentence_31.wav,dataset/chunks/chittagong/chi_cate_19/sentence_31.wav,আমরা পুতুলনাচ প্রদর্শনীতে গিয়েছি।,chittagong,cate_19,,
sentence_32.wav,dataset/chunks/chittagong/chi_cate_19/sentence_32.wav,মেলায় গান বাজানো হচ্ছে।,chittagong,cate_19,,
sentence_33.wav,dataset/chunks/chittagong/chi_cate_19/sentence_33.wav,তুমি কি শিল্পকর্ম তৈরি করছো?,chittagong,cate_19,,
sentence_34.wav,dataset/chunks/chittagong/chi_cate_19/sentence_34.wav,আমি লোকসংগীত শোনাচ্ছি।,chittagong,cate_19,,
sentence_35.wav,dataset/chunks/chittagong/chi_cate_19/sentence_35.wav,মেলায় খেলনা বিক্রি হচ্ছে।,chittagong,cate_19,,
sentence_36.wav,dataset/chunks/chittagong/chi_cate_19/sentence_36.wav,তুমি কি আজকে পিঠা খেয়েছো?,chittagong,cate_19,,
sentence_37.wav,dataset/chunks/chittagong/chi_cate_19/sentence_37.wav,আমরা নৃত্য প্রদর্শনীতে অংশ নিয়েছি।,chittagong,cate_19,,
sentence_38.wav,dataset/chunks/chittagong/chi_cate_19/sentence_38.wav,মেলায় বিভিন্ন খাবার রয়েছে।,chittagong,cate_19,,
sentence_39.wav,dataset/chunks/chittagong/chi_cate_19/sentence_39.wav,তুমি কি আজকে কাব্য শোনাচ্ছো?,chittagong,cate_19,,
sentence_40.wav,dataset/chunks/chittagong/chi_cate_19/sentence_40.wav,আমি রবীন্দ্রনাথের গান গাইছি।,chittagong,cate_19,,
sentence_41.wav,dataset/chunks/chittagong/chi_cate_19/sentence_41.wav,মেলায় রঙিন বাতি জ্বলে।,chittagong,cate_19,,
sentence_42.wav,dataset/chunks/chittagong/chi_cate_19/sentence_42.wav,তুমি কি আজকে নাটক মঞ্চস্থ করছো?,chittagong,cate_19,,
sentence_43.wav,dataset/chunks/chittagong/chi_cate_19/sentence_43.wav,আমরা লোকনৃত্য দেখতে যাচ্ছি।,chittagong,cate_19,,
sentence_44.wav,dataset/chunks/chittagong/chi_cate_19/sentence_44.wav,মেলায় অনেক ছবি তোলা হচ্ছে।,chittagong,cate_19,,
sentence_45.wav,dataset/chunks/chittagong/chi_cate_19/sentence_45.wav,তুমি কি পুতুলনাচ পছন্দ করো?,chittagong,cate_19,,
sentence_46.wav,dataset/chunks/chittagong/chi_cate_19/sentence_46.wav,আমি নৃত্য প্রশিক্ষণ নিচ্ছি।,chittagong,cate_19,,
sentence_47.wav,dataset/chunks/chittagong/chi_cate_19/sentence_47.wav,মেলায় লোকশিল্প প্রদর্শিত হচ্ছে।,chittagong,cate_19,,
sentence_48.wav,dataset/chunks/chittagong/chi_cate_19/sentence_48.wav,তুমি কি আজকে গান শোনাচ্ছো?,chittagong,cate_19,,
sentence_49.wav,dataset/chunks/chittagong/chi_cate_19/sentence_49.wav,আমরা মেলায় হস্তশিল্প কিনেছি।,chittagong,cate_19,,
sentence_50.wav,dataset/chunks/chittagong/chi_cate_19/sentence_50.wav,মেলায় অনেক লোক আনন্দ করছে।,chittagong,cate_19,,
sentence_51.wav,dataset/chunks/chittagong/chi_cate_19/sentence_51.wav,তুমি কি আজকে মেলার খেলা খেলেছো?,chittagong,cate_19,,
sentence_52.wav,dataset/chunks/chittagong/chi_cate_19/sentence_52.wav,আমি লোকনৃত্য প্রদর্শনীতে গিয়েছি।,chittagong,cate_19,,
sentence_53.wav,dataset/chunks/chittagong/chi_cate_19/sentence_53.wav,মেলায় মিষ্টি বিক্রি হচ্ছে।,chittagong,cate_19,,
sentence_54.wav,dataset/chunks/chittagong/chi_cate_19/sentence_54.wav,তুমি কি আজকে রাস্তানাটক দেখেছো?,chittagong,cate_19,,
sentence_55.wav,dataset/chunks/chittagong/chi_cate_19/sentence_55.wav,আমি পুতুলনাচ তৈরি করছি।,chittagong,cate_19,,
sentence_56.wav,dataset/chunks/chittagong/chi_cate_19/sentence_56.wav,মেলায় বিভিন্ন নাচ প্রদর্শিত হচ্ছে।,chittagong,cate_19,,
sentence_57.wav,dataset/chunks/chittagong/chi_cate_19/sentence_57.wav,তুমি কি আজকে শিল্প প্রদর্শনীতে গিয়েছো?,chittagong,cate_19,,
sentence_58.wav,dataset/chunks/chittagong/chi_cate_19/sentence_58.wav,আমরা মেলায় গান শুনেছি।,chittagong,cate_19,,
sentence_59.wav,dataset/chunks/chittagong/chi_cate_19/sentence_59.wav,মেলায় লোকসংগীত বাজানো হয়েছে।,chittagong,cate_19,,
sentence_60.wav,dataset/chunks/chittagong/chi_cate_19/sentence_60.wav,তুমি কি আজকে পিঠা খেয়েছো?,chittagong,cate_19,,
sentence_61.wav,dataset/chunks/chittagong/chi_cate_19/sentence_61.wav,আমি নৃত্য প্রশিক্ষণে অংশ নিচ্ছি।,chittagong,cate_19,,
sentence_62.wav,dataset/chunks/chittagong/chi_cate_19/sentence_62.wav,মেলায় খেলা প্রদর্শনী হয়েছে।,chittagong,cate_19,,
sentence_63.wav,dataset/chunks/chittagong/chi_cate_19/sentence_63.wav,তুমি কি আজকে রঙিন লাইট দেখেছো?,chittagong,cate_19,,
sentence_64.wav,dataset/chunks/chittagong/chi_cate_19/sentence_64.wav,আমরা মেলায় হস্তশিল্প শিখেছি।,chittagong,cate_19,,
sentence_65.wav,dataset/chunks/chittagong/chi_cate_19/sentence_65.wav,মেলায় লোককাহিনী বলা হয়েছে।,chittagong,cate_19,,
sentence_66.wav,dataset/chunks/chittagong/chi_cate_19/sentence_66.wav,তুমি কি আজকে কাব্য শোনেছো?,chittagong,cate_19,,
sentence_67.wav,dataset/chunks/chittagong/chi_cate_19/sentence_67.wav,আমি মেলায় গিয়েছি।,chittagong,cate_19,,
sentence_68.wav,dataset/chunks/chittagong/chi_cate_19/sentence_68.wav,মেলায় নাটক প্রদর্শিত হয়েছে।,chittagong,cate_19,,
sentence_69.wav,dataset/chunks/chittagong/chi_cate_19/sentence_69.wav,তুমি কি আজকে গান গেয়েছো?,chittagong,cate_19,,
sentence_70.wav,dataset/chunks/chittagong/chi_cate_19/sentence_70.wav,আমরা মেলায় নাচ উপভোগ করেছি।,chittagong,cate_19,,
sentence_01.wav,dataset/chunks/noakhali/noa_Cate_08/sentence_01.wav,আপনি কোথা থেকে এসেছেন?,noakhali,cate_08,SPK_38,Female
sentence_02.wav,dataset/chunks/noakhali/noa_Cate_08/sentence_02.wav,আপনার নাম কী?,noakhali,cate_08,SPK_38,Female
sentence_03.wav,dataset/chunks/noakhali/noa_Cate_08/sentence_03.wav,আমার নাম জন।,noakhali,cate_08,SPK_38,Female
sentence_04.wav,dataset/chunks/noakhali/noa_Cate_08/sentence_04.wav,আপনার সাথে পরিচিত হয়ে ভালো লাগলো।,noakhali,cate_08,SPK_38,Female
sentence_05.wav,dataset/chunks/noakhali/noa_Cate_08/sentence_05.wav,আমি এই এলাকায় নতুন।,noakhali,cate_08,SPK_38,Female
sentence_06.wav,dataset/chunks/noakhali/noa_Cate_08/sentence_06.wav,আপনি কি এখানে থাকেন?,noakhali,cate_08,SPK_38,Female
sentence_07.wav,dataset/chunks/noakhali/noa_Cate_08/sentence_07.wav,আপনি কি প্রথমবার এখানে এসেছেন?,noakhali,cate_08,SPK_38,Female
sentence_08.wav,dataset/chunks/noakhali/noa_Cate_08/sentence_08.wav,আমি বাংলাদেশে ভ্রমণে এসেছি।,noakhali,cate_08,SPK_38,Female
sentence_09.wav,dataset/chunks/noakhali/noa_Cate_08/sentence_09.wav,আপনি কী করেন?,noakhali,cate_08,SPK_38,Female
sentence_10.wav,dataset/chunks/noakhali/noa_Cate_08/sentence_10.wav,আমি একজন ছাত্র।,noakhali,cate_08,SPK_38,Female
sentence_11.wav,dataset/chunks/noakhali/noa_Cate_08/sentence_11.wav,আপনার বাড়ি কোথায়?,noakhali,cate_08,SPK_38,Female
sentence_12.wav,dataset/chunks/noakhali/noa_Cate_08/sentence_12.wav,আপনি কেমন আছেন?,noakhali,cate_08,SPK_38,Female
sentence_13.wav,dataset/chunks/noakhali/noa_Cate_08/sentence_13.wav,আমি ভালো আছি।,noakhali,cate_08,SPK_38,Female
sentence_14.wav,dataset/chunks/noakhali/noa_Cate_08/sentence_14.wav,অনেক দিন পর দেখা হলো।,noakhali,cate_08,SPK_38,Female
sentence_15.wav,dataset/chunks/noakhali/noa_Cate_08/sentence_15.wav,আপনাকে আবার দেখে ভালো লাগছে।,noakhali,cate_08,SPK_38,Female
sentence_16.wav,dataset/chunks/noakhali/noa_Cate_08/sentence_16.wav,আপনি কি আমাকে সাহায্য করতে পারবেন?,noakhali,cate_08,SPK_38,Female
sentence_17.wav,dataset/chunks/noakhali/noa_Cate_08/sentence_17.wav,আপনার সাথে কথা বলে ভালো লাগছে।,noakhali,cate_08,SPK_38,Female
sentence_18.wav,dataset/chunks/noakhali/noa_Cate_08/sentence_18.wav,আমি এখানে কাজের জন্য এসেছি।,noakhali,cate_08,SPK_38,Female
sentence_19.wav,dataset/chunks/noakhali/noa_Cate_08/sentence_19.wav,আপনি কোন দেশ থেকে এসেছেন?,noakhali,cate_08,SPK_38,Female
sentence_20.wav,dataset/chunks/noakhali/noa_Cate_08/sentence_20.wav,আমি ইংরেজি বলতে পারি।,noakhali,cate_08,SPK_38,Female
sentence_21.wav,dataset/chunks/noakhali/noa_Cate_08/sentence_21.wav,আপনি কি বাংলা বলতে পারেন?,noakhali,cate_08,SPK_38,Female
sentence_22.wav,dataset/chunks/noakhali/noa_Cate_08/sentence_22.wav,আমি বাংলা শিখছি।,noakhali,cate_08,SPK_38,Female
sentence_23.wav,dataset/chunks/noakhali/noa_Cate_08/sentence_23.wav,ধন্যবাদ আপনাকে।,noakhali,cate_08,SPK_38,Female
sentence_24.wav,dataset/chunks/noakhali/noa_Cate_08/sentence_24.wav,আপনাকে স্বাগতম।,noakhali,cate_08,SPK_38,Female
sentence_25.wav,dataset/chunks/noakhali/noa_Cate_08/sentence_25.wav,আপনার বয়স কত?,noakhali,cate_08,SPK_38,Female
sentence_26.wav,dataset/chunks/noakhali/noa_Cate_08/sentence_26.wav,আমি এখানে পড়াশোনা করছি।,noakhali,cate_08,SPK_38,Female
sentence_27.wav,dataset/chunks/noakhali/noa_Cate_08/sentence_27.wav,আমি এই শহরটি পছন্দ করি।,noakhali,cate_08,SPK_38,Female
sentence_28.wav,dataset/chunks/noakhali/noa_Cate_08/sentence_28.wav,আপনার পরিবার কেমন আছে?,noakhali,cate_08,SPK_38,Female
sentence_29.wav,dataset/chunks/noakhali/noa_Cate_08/sentence_29.wav,আপনার সাথে দেখা করতে পেরে আনন্দিত।,noakhali,cate_08,SPK_38,Female
sentence_30.wav,dataset/chunks/noakhali/noa_Cate_08/sentence_30.wav,আপনি কি এখানে দীর্ঘদিন থাকবেন?,noakhali,cate_08,SPK_38,Female
sentence_31.wav,dataset/chunks/noakhali/noa_Cate_08/sentence_31.wav,আমি কয়েকদিনের জন্য এসেছি।,noakhali,cate_08,SPK_38,Female
sentence_32.wav,dataset/chunks/noakhali/noa_Cate_08/sentence_32.wav,আপনার সাথে যোগাযোগ রাখতে চাই।,noakhali,cate_08,SPK_38,Female
sentence_33.wav,dataset/chunks/noakhali/noa_Cate_08/sentence_33.wav,এটা আমার প্রথম সফর।,noakhali,cate_08,SPK_38,Female
sentence_34.wav,dataset/chunks/noakhali/noa_Cate_08/sentence_34.wav,আমি আপনার দেশ সম্পর্কে জানতে চাই।,noakhali,cate_08,SPK_38,Female
sentence_35.wav,dataset/chunks/noakhali/noa_Cate_08/sentence_35.wav,আপনি কোথায় কাজ করেন?,noakhali,cate_08,SPK_38,Female
sentence_36.wav,dataset/chunks/noakhali/noa_Cate_08/sentence_36.wav,আপনার ফোন নম্বর দিতে পারেন?,noakhali,cate_08,SPK_38,Female
sentence_37.wav,dataset/chunks/noakhali/noa_Cate_08/sentence_37.wav,আমি আপনার সাথে পরে কথা বলবো।,noakhali,cate_08,SPK_38,Female
sentence_38.wav,dataset/chunks/noakhali/noa_Cate_08/sentence_38.wav,আপনাকে দেখে ভালো লাগলো।,noakhali,cate_08,SPK_38,Female
sentence_39.wav,dataset/chunks/noakhali/noa_Cate_08/sentence_39.wav,আপনি কি এখানে একা এসেছেন?,noakhali,cate_08,SPK_38,Female
sentence_40.wav,dataset/chunks/noakhali/noa_Cate_08/sentence_40.wav,আমি আমার বন্ধুর সাথে এসেছি।,noakhali,cate_08,SPK_38,Female
sentence_41.wav,dataset/chunks/noakhali/noa_Cate_08/sentence_41.wav,আপনার পেশা কী?,noakhali,cate_08,SPK_38,Female
sentence_42.wav,dataset/chunks/noakhali/noa_Cate_08/sentence_42.wav,আমি একজন শিক্ষক।,noakhali,cate_08,SPK_38,Female
sentence_43.wav,dataset/chunks/noakhali/noa_Cate_08/sentence_43.wav,আপনার সাথে কাজ করতে চাই।,noakhali,cate_08,SPK_38,Female
sentence_44.wav,dataset/chunks/noakhali/noa_Cate_08/sentence_44.wav,আজকে আবহাওয়া সুন্দর।,noakhali,cate_08,SPK_38,Female
sentence_45.wav,dataset/chunks/noakhali/noa_Cate_08/sentence_45.wav,আপনি কি এখানে থাকেন নাকি ভ্রমণে এসেছেন?,noakhali,cate_08,SPK_38,Female
sentence_46.wav,dataset/chunks/noakhali/noa_Cate_08/sentence_46.wav,আমি এই জায়গাটি প্রথমবার দেখছি।,noakhali,cate_08,SPK_38,Female
sentence_47.wav,dataset/chunks/noakhali/noa_Cate_08/sentence_47.wav,আপনার সাথে পরিচয় হওয়া আমার জন্য সম্মানের।,noakhali,cate_08,SPK_38,Female
sentence_48.wav,dataset/chunks/noakhali/noa_Cate_08/sentence_48.wav,আপনি কোন ভাষায় কথা বলেন?,noakhali,cate_08,SPK_38,Female
sentence_49.wav,dataset/chunks/noakhali/noa_Cate_08/sentence_49.wav,আমি আপনার কাছ থেকে শিখতে চাই।,noakhali,cate_08,SPK_38,Female
sentence_50.wav,dataset/chunks/noakhali/noa_Cate_08/sentence_50.wav,আমি খুব আনন্দিত।,noakhali,cate_08,SPK_38,Female
sentence_51.wav,dataset/chunks/noakhali/noa_Cate_08/sentence_51.wav,আপনার দিনটি কেমন কাটছে?,noakhali,cate_08,SPK_38,Female
sentence_52.wav,dataset/chunks/noakhali/noa_Cate_08/sentence_52.wav,আমি একটু দেরি করেছি।,noakhali,cate_08,SPK_38,Female
sentence_53.wav,dataset/chunks/noakhali/noa_Cate_08/sentence_53.wav,আপনাকে অপেক্ষা করানোর জন্য দুঃখিত।,noakhali,cate_08,SPK_38,Female
sentence_54.wav,dataset/chunks/noakhali/noa_Cate_08/sentence_54.wav,আপনার সাথে আবার দেখা হবে আশা করি।,noakhali,cate_08,SPK_38,Female
sentence_55.wav,dataset/chunks/noakhali/noa_Cate_08/sentence_55.wav,আপনি কি কাছাকাছি থাকেন?,noakhali,cate_08,SPK_38,Female
sentence_56.wav,dataset/chunks/noakhali/noa_Cate_08/sentence_56.wav,আমি আপনার সাহায্যের জন্য কৃতজ্ঞ।,noakhali,cate_08,SPK_38,Female
sentence_57.wav,dataset/chunks/noakhali/noa_Cate_08/sentence_57.wav,আপনাকে শুভেচ্ছা জানাই।,noakhali,cate_08,SPK_38,Female
sentence_58.wav,dataset/chunks/noakhali/noa_Cate_08/sentence_58.wav,আপনার দিনটি শুভ হোক।,noakhali,cate_08,SPK_38,Female
sentence_59.wav,dataset/chunks/noakhali/noa_Cate_08/sentence_59.wav,আপনার সাথে কথা বলা আনন্দের ছিল।,noakhali,cate_08,SPK_38,Female
sentence_60.wav,dataset/chunks/noakhali/noa_Cate_08/sentence_60.wav,আমি আপনাকে সম্মান করি।,noakhali,cate_08,SPK_38,Female
sentence_61.wav,dataset/chunks/noakhali/noa_Cate_08/sentence_61.wav,আমি এখানে কাজ শুরু করেছি।,noakhali,cate_08,SPK_38,Female
sentence_62.wav,dataset/chunks/noakhali/noa_Cate_08/sentence_62.wav,আপনি কখন এসেছেন?,noakhali,cate_08,SPK_38,Female
sentence_63.wav,dataset/chunks/noakhali/noa_Cate_08/sentence_63.wav,আমি গতকাল এসেছি।,noakhali,cate_08,SPK_38,Female
sentence_64.wav,dataset/chunks/noakhali/noa_Cate_08/sentence_64.wav,আপনি কতদিন থাকবেন?,noakhali,cate_08,SPK_38,Female
sentence_65.wav,dataset/chunks/noakhali/noa_Cate_08/sentence_65.wav,আমি এক সপ্তাহ থাকবো।,noakhali,cate_08,SPK_38,Female
sentence_66.wav,dataset/chunks/noakhali/noa_Cate_08/sentence_66.wav,আপনার সাথে বন্ধুত্ব করতে চাই।,noakhali,cate_08,SPK_38,Female
sentence_67.wav,dataset/chunks/noakhali/noa_Cate_08/sentence_67.wav,আপনি খুব ভদ্র মানুষ।,noakhali,cate_08,SPK_38,Female
sentence_68.wav,dataset/chunks/noakhali/noa_Cate_08/sentence_68.wav,আমি আপনাকে ধন্যবাদ জানাই।,noakhali,cate_08,SPK_38,Female
sentence_69.wav,dataset/chunks/noakhali/noa_Cate_08/sentence_69.wav,আপনার সাথে দেখা হওয়া সৌভাগ্যের।,noakhali,cate_08,SPK_38,Female
sentence_70.wav,dataset/chunks/noakhali/noa_Cate_08/sentence_70.wav,আমি আপনার সাথে আবার যোগাযোগ করবো।,noakhali,cate_08,SPK_38,Female
sentence_01.wav,dataset/chunks/noakhali/noa_cate _01/sentence_01.wav,বাস স্ট্যান্ড কোথায়?,noakhali,,,
sentence_02.wav,dataset/chunks/noakhali/noa_cate _01/sentence_02.wav,এই রাস্তাটি কোথায় যায়?,noakhali,,,
sentence_03.wav,dataset/chunks/noakhali/noa_cate _01/sentence_03.wav,রেলওয়ে স্টেশন কত দূরে?,noakhali,,,
sentence_04.wav,dataset/chunks/noakhali/noa_cate _01/sentence_04.wav,বিমানবন্দর যাওয়ার রাস্তা কোনটি?,noakhali,,,
sentence_05.wav,dataset/chunks/noakhali/noa_cate _01/sentence_05.wav,বাজারে যেতে কোন বাসে উঠবো?,noakhali,,,
sentence_06.wav,dataset/chunks/noakhali/noa_cate _01/sentence_06.wav,এই বাস কি ঢাকায় যাবে?,noakhali,,,
sentence_07.wav,dataset/chunks/noakhali/noa_cate _01/sentence_07.wav,ভাড়া কত?,noakhali,,,
sentence_08.wav,dataset/chunks/noakhali/noa_cate _01/sentence_08.wav,রিকশার ভাড়া কত নেবেন?,noakhali,,,
sentence_09.wav,dataset/chunks/noakhali/noa_cate _01/sentence_09.wav,আমাকে হাসপাতালে নিয়ে চলুন।,noakhali,,,
sentence_10.wav,dataset/chunks/noakhali/noa_cate _01/sentence_10.wav,এই ট্রেন কখন ছাড়বে?,noakhali,,,
sentence_11.wav,dataset/chunks/noakhali/noa_cate _01/sentence_11.wav,ট্রেন কত নম্বর প্ল্যাটফর্মে আসবে?,noakhali,,,
sentence_12.wav,dataset/chunks/noakhali/noa_cate _01/sentence_12.wav,এখানে কি টিকিট কাউন্টার আছে?,noakhali,,,
sentence_13.wav,dataset/chunks/noakhali/noa_cate _01/sentence_13.wav,"এক টিকিট দিন, চট্টগ্রামের জন্য।",noakhali,,,
sentence_14.wav,dataset/chunks/noakhali/noa_cate _01/sentence_14.wav,বাস কখন ছাড়বে?,noakhali,,,
sentence_15.wav,dataset/chunks/noakhali/noa_cate _01/sentence_15.wav,এই রাস্তায় কি যানজট হয়?,noakhali,,,
sentence_16.wav,dataset/chunks/noakhali/noa_cate _01/sentence_16.wav,সোজা গেলে কি ব্যাংক পাবো?,noakhali,,,
sentence_17.wav,dataset/chunks/noakhali/noa_cate _01/sentence_17.wav,ডানদিকে গেলে কি হাসপাতাল?,noakhali,,,
sentence_18.wav,dataset/chunks/noakhali/noa_cate _01/sentence_18.wav,বামদিকে মোড় নিন।,noakhali,,,
sentence_19.wav,dataset/chunks/noakhali/noa_cate _01/sentence_19.wav,সোজা এগিয়ে যান।,noakhali,,,
sentence_20.wav,dataset/chunks/noakhali/noa_cate _01/sentence_20.wav,এই জায়গাটা কত দূরে?,noakhali,,,
sentence_21.wav,dataset/chunks/noakhali/noa_cate _01/sentence_21.wav,হাঁটলে কত সময় লাগবে?,noakhali,,,
sentence_22.wav,dataset/chunks/noakhali/noa_cate _01/sentence_22.wav,গাড়ি পাওয়া যাবে কোথায়?,noakhali,,,
sentence_23.wav,dataset/chunks/noakhali/noa_cate _01/sentence_23.wav,এখানে কি উবার পাওয়া যায়?,noakhali,,,
sentence_24.wav,dataset/chunks/noakhali/noa_cate _01/sentence_24.wav,আপনি কি আমাকে পথ দেখাতে পারবেন?,noakhali,,,
sentence_25.wav,dataset/chunks/noakhali/noa_cate _01/sentence_25.wav,এই রাস্তা কি নিরাপদ?,noakhali,,,
sentence_26.wav,dataset/chunks/noakhali/noa_cate _01/sentence_26.wav,এখানে কি পার্কিং আছে?,noakhali,,,
sentence_27.wav,dataset/chunks/noakhali/noa_cate _01/sentence_27.wav,গাড়ি রাখার জায়গা কোথায়?,noakhali,,,
sentence_28.wav,dataset/chunks/noakhali/noa_cate _01/sentence_28.wav,এই ট্রেন কি সময়মতো আসবে?,noakhali,,,
sentence_29.wav,dataset/chunks/noakhali/noa_cate _01/sentence_29.wav,বাসে কি সিট খালি আছে?,noakhali,,,
sentence_30.wav,dataset/chunks/noakhali/noa_cate _01/sentence_30.wav,এই বাস কি সরাসরি যাবে?,noakhali,,,
sentence_31.wav,dataset/chunks/noakhali/noa_cate _01/sentence_31.wav,মাঝপথে কি নামতে পারবো?,noakhali,,,
sentence_32.wav,dataset/chunks/noakhali/noa_cate _01/sentence_32.wav,আমাকে পরের স্টপে নামিয়ে দিন।,noakhali,,,
sentence_33.wav,dataset/chunks/noakhali/noa_cate _01/sentence_33.wav,এই রাস্তা কি শর্টকাট?,noakhali,,,
sentence_34.wav,dataset/chunks/noakhali/noa_cate _01/sentence_34.wav,এখানে কি ট্যাক্সি স্ট্যান্ড আছে?,noakhali,,,
sentence_35.wav,dataset/chunks/noakhali/noa_cate _01/sentence_35.wav,গন্তব্যে পৌঁছাতে কত সময় লাগবে?,noakhali,,,
sentence_36.wav,dataset/chunks/noakhali/noa_cate _01/sentence_36.wav,রিকশা কি পাওয়া যাবে?,noakhali,,,
sentence_37.wav,dataset/chunks/noakhali/noa_cate _01/sentence_37.wav,ট্রেন কি দেরি করছে?,noakhali,,,
sentence_38.wav,dataset/chunks/noakhali/noa_cate _01/sentence_38.wav,এই বাস কোথায় থামে?,noakhali,,,
sentence_39.wav,dataset/chunks/noakhali/noa_cate _01/sentence_39.wav,আপনারা কি রাতের বাস চালান?,noakhali,,,
sentence_40.wav,dataset/chunks/noakhali/noa_cate _01/sentence_40.wav,শেষ বাস কখন?,noakhali,,,
sentence_41.wav,dataset/chunks/noakhali/noa_cate _01/sentence_41.wav,এই রাস্তা কি বন্ধ?,noakhali,,,
sentence_42.wav,dataset/chunks/noakhali/noa_cate _01/sentence_42.wav,বিকল্প রাস্তা কোনটি?,noakhali,,,
sentence_43.wav,dataset/chunks/noakhali/noa_cate _01/sentence_43.wav,এখানে কি সিগন্যাল আছে?,noakhali,,,
sentence_44.wav,dataset/chunks/noakhali/noa_cate _01/sentence_44.wav,রাস্তা কি মেরামত হচ্ছে?,noakhali,,,
sentence_45.wav,dataset/chunks/noakhali/noa_cate _01/sentence_45.wav,আমাকে বিশ্ববিদ্যালয়ে যেতে হবে।,noakhali,,,
sentence_46.wav,dataset/chunks/noakhali/noa_cate _01/sentence_46.wav,বিশ্ববিদ্যালয়ের বাস কোথা থেকে ছাড়ে?,noakhali,,,
sentence_47.wav,dataset/chunks/noakhali/noa_cate _01/sentence_47.wav,টিকিটের দাম কত?,noakhali,,,
sentence_48.wav,dataset/chunks/noakhali/noa_cate _01/sentence_48.wav,এখানে কি মেট্রো স্টেশন আছে?,noakhali,,,
sentence_49.wav,dataset/chunks/noakhali/noa_cate _01/sentence_49.wav,মেট্রো কখন ছাড়ে?,noakhali,,,
sentence_50.wav,dataset/chunks/noakhali/noa_cate _01/sentence_50.wav,এই রাস্তা কি প্রধান সড়ক?,noakhali,,,
sentence_51.wav,dataset/chunks/noakhali/noa_cate _01/sentence_51.wav,আমাকে থানায় যেতে হবে।,noakhali,,,
sentence_52.wav,dataset/chunks/noakhali/noa_cate _01/sentence_52.wav,পুলিশ স্টেশন কোথায়?,noakhali,,,
sentence_53.wav,dataset/chunks/noakhali/noa_cate _01/sentence_53.wav,এই এলাকায় কি বাস চলে?,noakhali,,,
sentence_54.wav,dataset/chunks/noakhali/noa_cate _01/sentence_54.wav,এখানে কি সিএনজি পাওয়া যায়?,noakhali,,,
sentence_55.wav,dataset/chunks/noakhali/noa_cate _01/sentence_55.wav,আমাকে দ্রুত পৌঁছাতে হবে।,noakhali,,,
sentence_56.wav,dataset/chunks/noakhali/noa_cate _01/sentence_56.wav,এখানে কি ফেরি ঘাট আছে?,noakhali,,,
sentence_57.wav,dataset/chunks/noakhali/noa_cate _01/sentence_57.wav,ফেরি কখন ছাড়বে?,noakhali,,,
sentence_58.wav,dataset/chunks/noakhali/noa_cate _01/sentence_58.wav,নদী পার হতে কত সময় লাগবে?,noakhali,,,
sentence_59.wav,dataset/chunks/noakhali/noa_cate _01/sentence_59.wav,এই ট্রেন কি এক্সপ্রেস?,noakhali,,,
sentence_60.wav,dataset/chunks/noakhali/noa_cate _01/sentence_60.wav,এখানে কি বাস বদলাতে হবে?,noakhali,,,
sentence_61.wav,dataset/chunks/noakhali/noa_cate _01/sentence_61.wav,এই বাস কি এয়ারকন্ডিশন্ড?,noakhali,,,
sentence_62.wav,dataset/chunks/noakhali/noa_cate _01/sentence_62.wav,রাস্তায় কি টোল দিতে হয়?,noakhali,,,
sentence_63.wav,dataset/chunks/noakhali/noa_cate _01/sentence_63.wav,টোল কত?,noakhali,,,
sentence_64.wav,dataset/chunks/noakhali/noa_cate _01/sentence_64.wav,এখানে কি রাস্তা নিরাপদ রাতে?,noakhali,,,
sentence_65.wav,dataset/chunks/noakhali/noa_cate _01/sentence_65.wav,আমি পথ হারিয়ে ফেলেছি।,noakhali,,,
sentence_66.wav,dataset/chunks/noakhali/noa_cate _01/sentence_66.wav,আমাকে মানচিত্র দেখাতে পারবেন?,noakhali,,,
sentence_67.wav,dataset/chunks/noakhali/noa_cate _01/sentence_67.wav,কাছাকাছি কোন হোটেল আছে?,noakhali,,,
sentence_68.wav,dataset/chunks/noakhali/noa_cate _01/sentence_68.wav,এই এলাকা কি শহরের ভেতরে?,noakhali,,,
sentence_69.wav,dataset/chunks/noakhali/noa_cate _01/sentence_69.wav,এখানে কি ট্রাফিক বেশি?,noakhali,,,
sentence_70.wav,dataset/chunks/noakhali/noa_cate _01/sentence_70.wav,আমাকে সঠিক দিকটি বলুন।,noakhali,,,
sentence_01.wav,dataset/chunks/noakhali/noa_cate_02/sentence_01.wav,এই জিনিসটির দাম কত?,noakhali,cate_02,,
sentence_02.wav,dataset/chunks/noakhali/noa_cate_02/sentence_02.wav,দাম একটু কম হবে?,noakhali,cate_02,,
sentence_03.wav,dataset/chunks/noakhali/noa_cate_02/sentence_03.wav,এক কেজি চাল দিন।,noakhali,cate_02,,
sentence_04.wav,dataset/chunks/noakhali/noa_cate_02/sentence_04.wav,আধা কেজি চিনি দিন।,noakhali,cate_02,,
sentence_05.wav,dataset/chunks/noakhali/noa_cate_02/sentence_05.wav,এটা কি দেশি পণ্য?,noakhali,cate_02,,
sentence_06.wav,dataset/chunks/noakhali/noa_cate_02/sentence_06.wav,এটা কি বিদেশি পণ্য?,noakhali,cate_02,,
sentence_07.wav,dataset/chunks/noakhali/noa_cate_02/sentence_07.wav,একটু ভালো মানের দেখান।,noakhali,cate_02,,
sentence_08.wav,dataset/chunks/noakhali/noa_cate_02/sentence_08.wav,এর থেকে সস্তা কিছু আছে?,noakhali,cate_02,,
sentence_09.wav,dataset/chunks/noakhali/noa_cate_02/sentence_09.wav,এটা খুব দামী।,noakhali,cate_02,,
sentence_10.wav,dataset/chunks/noakhali/noa_cate_02/sentence_10.wav,আমি এটা কিনতে চাই।,noakhali,cate_02,,
sentence_11.wav,dataset/chunks/noakhali/noa_cate_02/sentence_11.wav,আপনার কাছে কি তাজা সবজি আছে?,noakhali,cate_02,,
sentence_12.wav,dataset/chunks/noakhali/noa_cate_02/sentence_12.wav,এই ফলগুলো কি আজকের?,noakhali,cate_02,,
sentence_13.wav,dataset/chunks/noakhali/noa_cate_02/sentence_13.wav,এক ডজন ডিম দিন।,noakhali,cate_02,,
sentence_14.wav,dataset/chunks/noakhali/noa_cate_02/sentence_14.wav,কত টাকা হলো?,noakhali,cate_02,,
sentence_15.wav,dataset/chunks/noakhali/noa_cate_02/sentence_15.wav,আমি নগদ পরিশোধ করবো।,noakhali,cate_02,,
sentence_16.wav,dataset/chunks/noakhali/noa_cate_02/sentence_16.wav,মোবাইল ব্যাংকিং নেওয়া হয়?,noakhali,cate_02,,
sentence_17.wav,dataset/chunks/noakhali/noa_cate_02/sentence_17.wav,বিকাশে টাকা দিতে পারি?,noakhali,cate_02,,
sentence_18.wav,dataset/chunks/noakhali/noa_cate_02/sentence_18.wav,একটি ব্যাগ দেবেন?,noakhali,cate_02,,
sentence_19.wav,dataset/chunks/noakhali/noa_cate_02/sentence_19.wav,এই কাপড়ের রং কি উঠবে?,noakhali,cate_02,,
sentence_20.wav,dataset/chunks/noakhali/noa_cate_02/sentence_20.wav,এই শার্টের অন্য সাইজ আছে?,noakhali,cate_02,,
sentence_21.wav,dataset/chunks/noakhali/noa_cate_02/sentence_21.wav,ছোট সাইজ দেখান।,noakhali,cate_02,,
sentence_22.wav,dataset/chunks/noakhali/noa_cate_02/sentence_22.wav,বড় সাইজ আছে?,noakhali,cate_02,,
sentence_23.wav,dataset/chunks/noakhali/noa_cate_02/sentence_23.wav,আমি নীল রঙেরটি চাই।,noakhali,cate_02,,
sentence_24.wav,dataset/chunks/noakhali/noa_cate_02/sentence_24.wav,অন্য রং আছে?,noakhali,cate_02,,
sentence_25.wav,dataset/chunks/noakhali/noa_cate_02/sentence_25.wav,এটা কি আসল পণ্য?,noakhali,cate_02,,
sentence_26.wav,dataset/chunks/noakhali/noa_cate_02/sentence_26.wav,গ্যারান্টি আছে?,noakhali,cate_02,,
sentence_27.wav,dataset/chunks/noakhali/noa_cate_02/sentence_27.wav,রসিদ দিন।,noakhali,cate_02,,
sentence_28.wav,dataset/chunks/noakhali/noa_cate_02/sentence_28.wav,আমি পরে এসে নেব।,noakhali,cate_02,,
sentence_29.wav,dataset/chunks/noakhali/noa_cate_02/sentence_29.wav,এটা কি ছাড়ে দেওয়া যাবে?,noakhali,cate_02,,
sentence_30.wav,dataset/chunks/noakhali/noa_cate_02/sentence_30.wav,আজ কি কোনো অফার আছে?,noakhali,cate_02,,
sentence_31.wav,dataset/chunks/noakhali/noa_cate_02/sentence_31.wav,আমি পাইকারি কিনতে চাই।,noakhali,cate_02,,
sentence_32.wav,dataset/chunks/noakhali/noa_cate_02/sentence_32.wav,পাইকারি দাম কত?,noakhali,cate_02,,
sentence_33.wav,dataset/chunks/noakhali/noa_cate_02/sentence_33.wav,এই পণ্যটি নতুন এসেছে?,noakhali,cate_02,,
sentence_34.wav,dataset/chunks/noakhali/noa_cate_02/sentence_34.wav,এর মেয়াদ কতদিন?,noakhali,cate_02,,
sentence_35.wav,dataset/chunks/noakhali/noa_cate_02/sentence_35.wav,এই ওষুধের মেয়াদ শেষ হয়েছে?,noakhali,cate_02,,
sentence_36.wav,dataset/chunks/noakhali/noa_cate_02/sentence_36.wav,আমাকে ভালো মানের চাল দিন।,noakhali,cate_02,,
sentence_37.wav,dataset/chunks/noakhali/noa_cate_02/sentence_37.wav,এই মাছটি কি তাজা?,noakhali,cate_02,,
sentence_38.wav,dataset/chunks/noakhali/noa_cate_02/sentence_38.wav,এই মাংস কত কেজি?,noakhali,cate_02,,
sentence_39.wav,dataset/chunks/noakhali/noa_cate_02/sentence_39.wav,এক কেজির কম হবে না।,noakhali,cate_02,,
sentence_40.wav,dataset/chunks/noakhali/noa_cate_02/sentence_40.wav,একটু কম করে দিন।,noakhali,cate_02,,
sentence_41.wav,dataset/chunks/noakhali/noa_cate_02/sentence_41.wav,আমি দরদাম করতে চাই।,noakhali,cate_02,,
sentence_42.wav,dataset/chunks/noakhali/noa_cate_02/sentence_42.wav,চূড়ান্ত দাম কত?,noakhali,cate_02,,
sentence_43.wav,dataset/chunks/noakhali/noa_cate_02/sentence_43.wav,এই জুতাটি কি টেকসই?,noakhali,cate_02,,
sentence_44.wav,dataset/chunks/noakhali/noa_cate_02/sentence_44.wav,এই মোবাইলের দাম কত?,noakhali,cate_02,,
sentence_45.wav,dataset/chunks/noakhali/noa_cate_02/sentence_45.wav,এই ফোনে কি গ্যারান্টি আছে?,noakhali,cate_02,,
sentence_46.wav,dataset/chunks/noakhali/noa_cate_02/sentence_46.wav,চার্জারটি আলাদা কিনতে হবে?,noakhali,cate_02,,
sentence_47.wav,dataset/chunks/noakhali/noa_cate_02/sentence_47.wav,এটি কি ক্যাশ অন ডেলিভারি?,noakhali,cate_02,,
sentence_48.wav,dataset/chunks/noakhali/noa_cate_02/sentence_48.wav,আমি অর্ডার দিতে চাই।,noakhali,cate_02,,
sentence_49.wav,dataset/chunks/noakhali/noa_cate_02/sentence_49.wav,পণ্যটি কখন ডেলিভারি হবে?,noakhali,cate_02,,
sentence_50.wav,dataset/chunks/noakhali/noa_cate_02/sentence_50.wav,এই দোকান কখন বন্ধ হয়?,noakhali,cate_02,,
sentence_51.wav,dataset/chunks/noakhali/noa_cate_02/sentence_51.wav,আমি একটা উপহার কিনতে চাই।,noakhali,cate_02,,
sentence_52.wav,dataset/chunks/noakhali/noa_cate_02/sentence_52.wav,উপহার মোড়ানো হবে?,noakhali,cate_02,,
sentence_53.wav,dataset/chunks/noakhali/noa_cate_02/sentence_53.wav,এটি কি ফেরত দেওয়া যাবে?,noakhali,cate_02,,
sentence_54.wav,dataset/chunks/noakhali/noa_cate_02/sentence_54.wav,রিটার্ন পলিসি কী?,noakhali,cate_02,,
sentence_55.wav,dataset/chunks/noakhali/noa_cate_02/sentence_55.wav,এই কাপড়টি খুব সুন্দর।,noakhali,cate_02,,
sentence_56.wav,dataset/chunks/noakhali/noa_cate_02/sentence_56.wav,এটি কি কটন?,noakhali,cate_02,,
sentence_57.wav,dataset/chunks/noakhali/noa_cate_02/sentence_57.wav,এই পণ্যটি কোথায় তৈরি?,noakhali,cate_02,,
sentence_58.wav,dataset/chunks/noakhali/noa_cate_02/sentence_58.wav,এটি কি ছাড়ে বিক্রি হচ্ছে?,noakhali,cate_02,,
sentence_59.wav,dataset/chunks/noakhali/noa_cate_02/sentence_59.wav,আমি আরও কিছু দেখতে চাই।,noakhali,cate_02,,
sentence_60.wav,dataset/chunks/noakhali/noa_cate_02/sentence_60.wav,আপনার দোকানে কি কার্ড নেওয়া হয়?,noakhali,cate_02,,
sentence_61.wav,dataset/chunks/noakhali/noa_cate_02/sentence_61.wav,মোট বিল কত হলো?,noakhali,cate_02,,
sentence_62.wav,dataset/chunks/noakhali/noa_cate_02/sentence_62.wav,আমি টাকা ভাঙাতে চাই।,noakhali,cate_02,,
sentence_63.wav,dataset/chunks/noakhali/noa_cate_02/sentence_63.wav,ছোট নোট আছে?,noakhali,cate_02,,
sentence_64.wav,dataset/chunks/noakhali/noa_cate_02/sentence_64.wav,এই ফলগুলো ওজন করে দিন।,noakhali,cate_02,,
sentence_65.wav,dataset/chunks/noakhali/noa_cate_02/sentence_65.wav,এক কেজির একটু কম দিন।,noakhali,cate_02,,
sentence_66.wav,dataset/chunks/noakhali/noa_cate_02/sentence_66.wav,আজকে বাজারে ভিড় বেশি।,noakhali,cate_02,,
sentence_67.wav,dataset/chunks/noakhali/noa_cate_02/sentence_67.wav,দাম কেন এত বেশি?,noakhali,cate_02,,
sentence_68.wav,dataset/chunks/noakhali/noa_cate_02/sentence_68.wav,কাল কি দাম কম হবে?,noakhali,cate_02,,
sentence_69.wav,dataset/chunks/noakhali/noa_cate_02/sentence_69.wav,আমি নিয়মিত ক্রেতা।,noakhali,cate_02,,
sentence_70.wav,dataset/chunks/noakhali/noa_cate_02/sentence_70.wav,আবার আসবো।,noakhali,cate_02,,
sentence_01.wav,dataset/chunks/noakhali/noa_cate_03/sentence_01.wav,আমি একটি টেবিল বুক করতে চাই।,noakhali,cate_03,SPK_04,Male
sentence_02.wav,dataset/chunks/noakhali/noa_cate_03/sentence_02.wav,দুই জনের জন্য একটি টেবিল দিন।,noakhali,cate_03,SPK_04,Male
sentence_03.wav,dataset/chunks/noakhali/noa_cate_03/sentence_03.wav,মেনু কার্ডটি দিন।,noakhali,cate_03,SPK_04,Male
sentence_04.wav,dataset/chunks/noakhali/noa_cate_03/sentence_04.wav,আজকের বিশেষ খাবার কী?,noakhali,cate_03,SPK_04,Male
sentence_05.wav,dataset/chunks/noakhali/noa_cate_03/sentence_05.wav,আমি ভাত ও মুরগির মাংস চাই।,noakhali,cate_03,SPK_04,Male
sentence_06.wav,dataset/chunks/noakhali/noa_cate_03/sentence_06.wav,এই খাবারটি ঝাল কি?,noakhali,cate_03,SPK_04,Male
sentence_07.wav,dataset/chunks/noakhali/noa_cate_03/sentence_07.wav,কম ঝাল করে দিন।,noakhali,cate_03,SPK_04,Male
sentence_08.wav,dataset/chunks/noakhali/noa_cate_03/sentence_08.wav,আমি নিরামিষ খাবার চাই।,noakhali,cate_03,SPK_04,Male
sentence_09.wav,dataset/chunks/noakhali/noa_cate_03/sentence_09.wav,এখানে কি হালাল খাবার পাওয়া যায়?,noakhali,cate_03,SPK_04,Male
sentence_10.wav,dataset/chunks/noakhali/noa_cate_03/sentence_10.wav,পানি দিন।,noakhali,cate_03,SPK_04,Male
sentence_11.wav,dataset/chunks/noakhali/noa_cate_03/sentence_11.wav,ঠান্ডা পানি আছে?,noakhali,cate_03,SPK_04,Male
sentence_12.wav,dataset/chunks/noakhali/noa_cate_03/sentence_12.wav,একটি কোমল পানীয় দিন।,noakhali,cate_03,SPK_04,Male
sentence_13.wav,dataset/chunks/noakhali/noa_cate_03/sentence_13.wav,এই খাবারটি খুব সুস্বাদু।,noakhali,cate_03,SPK_04,Male
sentence_14.wav,dataset/chunks/noakhali/noa_cate_03/sentence_14.wav,খাবারটি খুব লবণাক্ত।,noakhali,cate_03,SPK_04,Male
sentence_15.wav,dataset/chunks/noakhali/noa_cate_03/sentence_15.wav,বিল দিন।,noakhali,cate_03,SPK_04,Male
sentence_16.wav,dataset/chunks/noakhali/noa_cate_03/sentence_16.wav,আমি নগদে পরিশোধ করবো।,noakhali,cate_03,SPK_04,Male
sentence_17.wav,dataset/chunks/noakhali/noa_cate_03/sentence_17.wav,কার্ডে পরিশোধ করা যাবে?,noakhali,cate_03,SPK_04,Male
sentence_18.wav,dataset/chunks/noakhali/noa_cate_03/sentence_18.wav,খাবারটি কতক্ষণে আসবে?,noakhali,cate_03,SPK_04,Male
sentence_19.wav,dataset/chunks/noakhali/noa_cate_03/sentence_19.wav,আরেকটি প্লেট দিন।,noakhali,cate_03,SPK_04,Male
sentence_20.wav,dataset/chunks/noakhali/noa_cate_03/sentence_20.wav,চামচ ও কাঁটা দিন।,noakhali,cate_03,SPK_04,Male
sentence_21.wav,dataset/chunks/noakhali/noa_cate_03/sentence_21.wav,এখানে কি ওয়াইফাই আছে?,noakhali,cate_03,SPK_04,Male
sentence_22.wav,dataset/chunks/noakhali/noa_cate_03/sentence_22.wav,ওয়াইফাই পাসওয়ার্ড কী?,noakhali,cate_03,SPK_04,Male
sentence_23.wav,dataset/chunks/noakhali/noa_cate_03/sentence_23.wav,খাবারটি প্যাকেট করে দিন।,noakhali,cate_03,SPK_04,Male
sentence_24.wav,dataset/chunks/noakhali/noa_cate_03/sentence_24.wav,আমি বাসায় নিয়ে যাব।,noakhali,cate_03,SPK_04,Male
sentence_25.wav,dataset/chunks/noakhali/noa_cate_03/sentence_25.wav,একটি কফি দিন।,noakhali,cate_03,SPK_04,Male
sentence_26.wav,dataset/chunks/noakhali/noa_cate_03/sentence_26.wav,চা আছে?,noakhali,cate_03,SPK_04,Male
sentence_27.wav,dataset/chunks/noakhali/noa_cate_03/sentence_27.wav,দুধ চা দিন।,noakhali,cate_03,SPK_04,Male
sentence_28.wav,dataset/chunks/noakhali/noa_cate_03/sentence_28.wav,চিনি ছাড়া চা দিন।,noakhali,cate_03,SPK_04,Male
sentence_29.wav,dataset/chunks/noakhali/noa_cate_03/sentence_29.wav,এখানে কি ব্রেকফাস্ট পাওয়া যায়?,noakhali,cate_03,SPK_04,Male
sentence_30.wav,dataset/chunks/noakhali/noa_cate_03/sentence_30.wav,দুপুরের খাবার কখন শুরু হয়?,noakhali,cate_03,SPK_04,Male
sentence_31.wav,dataset/chunks/noakhali/noa_cate_03/sentence_31.wav,রাতের খাবার কখন পরিবেশন করা হয়?,noakhali,cate_03,SPK_04,Male
sentence_32.wav,dataset/chunks/noakhali/noa_cate_03/sentence_32.wav,আমি মাছের তরকারি চাই।,noakhali,cate_03,SPK_04,Male
sentence_33.wav,dataset/chunks/noakhali/noa_cate_03/sentence_33.wav,গরুর মাংস আছে?,noakhali,cate_03,SPK_04,Male
sentence_34.wav,dataset/chunks/noakhali/noa_cate_03/sentence_34.wav,এই স্যুপটি গরম কি?,noakhali,cate_03,SPK_04,Male
sentence_35.wav,dataset/chunks/noakhali/noa_cate_03/sentence_35.wav,একটু লেবু দিন।,noakhali,cate_03,SPK_04,Male
sentence_36.wav,dataset/chunks/noakhali/noa_cate_03/sentence_36.wav,এই রেস্টুরেন্ট খুব পরিষ্কার।,noakhali,cate_03,SPK_04,Male
sentence_37.wav,dataset/chunks/noakhali/noa_cate_03/sentence_37.wav,পরিবেশটি খুব সুন্দর।,noakhali,cate_03,SPK_04,Male
sentence_38.wav,dataset/chunks/noakhali/noa_cate_03/sentence_38.wav,খাবার পরিবেশন দ্রুত হয়েছে।,noakhali,cate_03,SPK_04,Male
sentence_39.wav,dataset/chunks/noakhali/noa_cate_03/sentence_39.wav,খাবার পরিবেশন দেরিতে হয়েছে।,noakhali,cate_03,SPK_04,Male
sentence_40.wav,dataset/chunks/noakhali/noa_cate_03/sentence_40.wav,আর কিছু লাগবে?,noakhali,cate_03,SPK_04,Male
sentence_41.wav,dataset/chunks/noakhali/noa_cate_03/sentence_41.wav,আমি আরও ভাত চাই।,noakhali,cate_03,SPK_04,Male
sentence_42.wav,dataset/chunks/noakhali/noa_cate_03/sentence_42.wav,একটু ঝোল দিন।,noakhali,cate_03,SPK_04,Male
sentence_43.wav,dataset/chunks/noakhali/noa_cate_03/sentence_43.wav,এটি কি তাজা রান্না?,noakhali,cate_03,SPK_04,Male
sentence_44.wav,dataset/chunks/noakhali/noa_cate_03/sentence_44.wav,এখানে কি পরিবার নিয়ে বসা যায়?,noakhali,cate_03,SPK_04,Male
sentence_45.wav,dataset/chunks/noakhali/noa_cate_03/sentence_45.wav,শিশুদের জন্য আলাদা চেয়ার আছে?,noakhali,cate_03,SPK_04,Male
sentence_46.wav,dataset/chunks/noakhali/noa_cate_03/sentence_46.wav,খাবারটি খুব গরম।,noakhali,cate_03,SPK_04,Male
sentence_47.wav,dataset/chunks/noakhali/noa_cate_03/sentence_47.wav,এটি খুব ঠান্ডা।,noakhali,cate_03,SPK_04,Male
sentence_48.wav,dataset/chunks/noakhali/noa_cate_03/sentence_48.wav,এখানে কি অনলাইনে অর্ডার করা যায়?,noakhali,cate_03,SPK_04,Male
sentence_49.wav,dataset/chunks/noakhali/noa_cate_03/sentence_49.wav,ডেলিভারি কত সময় লাগে?,noakhali,cate_03,SPK_04,Male
sentence_50.wav,dataset/chunks/noakhali/noa_cate_03/sentence_50.wav,এই খাবারটির দাম কত?,noakhali,cate_03,SPK_04,Male
sentence_51.wav,dataset/chunks/noakhali/noa_cate_03/sentence_51.wav,আমি অল্প পরিমাণ চাই।,noakhali,cate_03,SPK_04,Male
sentence_52.wav,dataset/chunks/noakhali/noa_cate_03/sentence_52.wav,বড় পরিমাণ দিন।,noakhali,cate_03,SPK_04,Male
sentence_53.wav,dataset/chunks/noakhali/noa_cate_03/sentence_53.wav,এই খাবারটি খুব মিষ্টি।,noakhali,cate_03,SPK_04,Male
sentence_54.wav,dataset/chunks/noakhali/noa_cate_03/sentence_54.wav,এটি কি ঝাল কম করা যাবে?,noakhali,cate_03,SPK_04,Male
sentence_55.wav,dataset/chunks/noakhali/noa_cate_03/sentence_55.wav,আরেক গ্লাস পানি দিন।,noakhali,cate_03,SPK_04,Male
sentence_56.wav,dataset/chunks/noakhali/noa_cate_03/sentence_56.wav,আমি ধন্যবাদ জানাই।,noakhali,cate_03,SPK_04,Male
sentence_57.wav,dataset/chunks/noakhali/noa_cate_03/sentence_57.wav,পরিষেবা খুব ভালো ছিল।,noakhali,cate_03,SPK_04,Male
sentence_58.wav,dataset/chunks/noakhali/noa_cate_03/sentence_58.wav,পরিষেবা উন্নত করা দরকার।,noakhali,cate_03,SPK_04,Male
sentence_59.wav,dataset/chunks/noakhali/noa_cate_03/sentence_59.wav,আমি এই রেস্টুরেন্টটি পছন্দ করি।,noakhali,cate_03,SPK_04,Male
sentence_60.wav,dataset/chunks/noakhali/noa_cate_03/sentence_60.wav,এটি কি এয়ার কন্ডিশনড?,noakhali,cate_03,SPK_04,Male
sentence_61.wav,dataset/chunks/noakhali/noa_cate_03/sentence_61.wav,বাইরে বসার ব্যবস্থা আছে?,noakhali,cate_03,SPK_04,Male
sentence_62.wav,dataset/chunks/noakhali/noa_cate_03/sentence_62.wav,খাবারে অ্যালার্জির উপাদান আছে?,noakhali,cate_03,SPK_04,Male
sentence_63.wav,dataset/chunks/noakhali/noa_cate_03/sentence_63.wav,আমি বাদাম খেতে পারি না।,noakhali,cate_03,SPK_04,Male
sentence_64.wav,dataset/chunks/noakhali/noa_cate_03/sentence_64.wav,এটি কি গ্লুটেন মুক্ত?,noakhali,cate_03,SPK_04,Male
sentence_65.wav,dataset/chunks/noakhali/noa_cate_03/sentence_65.wav,আমাকে একটি ন্যাপকিন দিন।,noakhali,cate_03,SPK_04,Male
sentence_66.wav,dataset/chunks/noakhali/noa_cate_03/sentence_66.wav,খাবার খুব ভালো লেগেছে।,noakhali,cate_03,SPK_04,Male
sentence_67.wav,dataset/chunks/noakhali/noa_cate_03/sentence_67.wav,আবার আসবো।,noakhali,cate_03,SPK_04,Male
sentence_68.wav,dataset/chunks/noakhali/noa_cate_03/sentence_68.wav,এখানে কি বুফে আছে?,noakhali,cate_03,SPK_04,Male
sentence_69.wav,dataset/chunks/noakhali/noa_cate_03/sentence_69.wav,বুফের দাম কত?,noakhali,cate_03,SPK_04,Male
sentence_70.wav,dataset/chunks/noakhali/noa_cate_03/sentence_70.wav,"ধন্যবাদ, বিদায়।",noakhali,cate_03,SPK_04,Male
sentence_01.wav,dataset/chunks/noakhali/noa_cate_04/sentence_01.wav,আমি বাংলাদেশের কিছু দর্শনীয় স্থান দেখতে চাই।,noakhali,cate_04,SPK_32,Female
sentence_02.wav,dataset/chunks/noakhali/noa_cate_04/sentence_02.wav,এই জায়গাটি কখন খোলা থাকে?,noakhali,cate_04,SPK_32,Female
sentence_03.wav,dataset/chunks/noakhali/noa_cate_04/sentence_03.wav,টিকিটের দাম কত?,noakhali,cate_04,SPK_32,Female
sentence_04.wav,dataset/chunks/noakhali/noa_cate_04/sentence_04.wav,আমাকে একটি গাইড দরকার।,noakhali,cate_04,SPK_32,Female
sentence_05.wav,dataset/chunks/noakhali/noa_cate_04/sentence_05.wav,আমরা গ্রুপে ঘুরতে এসেছি।,noakhali,cate_04,SPK_32,Female
sentence_06.wav,dataset/chunks/noakhali/noa_cate_04/sentence_06.wav,ছবি তোলা যাবে কি?,noakhali,cate_04,SPK_32,Female
sentence_07.wav,dataset/chunks/noakhali/noa_cate_04/sentence_07.wav,এই দর্শনীয় স্থানটি খুব সুন্দর।,noakhali,cate_04,SPK_32,Female
sentence_08.wav,dataset/chunks/noakhali/noa_cate_04/sentence_08.wav,আমাকে মানচিত্র দেখান।,noakhali,cate_04,SPK_32,Female
sentence_09.wav,dataset/chunks/noakhali/noa_cate_04/sentence_09.wav,আমি সকাল ১০টায় পৌঁছেছি।,noakhali,cate_04,SPK_32,Female
sentence_10.wav,dataset/chunks/noakhali/noa_cate_04/sentence_10.wav,পর্যটকরা এখানে খুব বেশি।,noakhali,cate_04,SPK_32,Female
sentence_11.wav,dataset/chunks/noakhali/noa_cate_04/sentence_11.wav,আমাকে হোটেলের ঠিকানা দিন।,noakhali,cate_04,SPK_32,Female
sentence_12.wav,dataset/chunks/noakhali/noa_cate_04/sentence_12.wav,এই জায়গায় কি খাবার পাওয়া যায়?,noakhali,cate_04,SPK_32,Female
sentence_13.wav,dataset/chunks/noakhali/noa_cate_04/sentence_13.wav,আমরা তিন ঘণ্টা থাকবো।,noakhali,cate_04,SPK_32,Female
sentence_14.wav,dataset/chunks/noakhali/noa_cate_04/sentence_14.wav,জলের পাশে ছবি তুলুন।,noakhali,cate_04,SPK_32,Female
sentence_15.wav,dataset/chunks/noakhali/noa_cate_04/sentence_15.wav,সুন্দর দিকটি দেখুন।,noakhali,cate_04,SPK_32,Female
sentence_16.wav,dataset/chunks/noakhali/noa_cate_04/sentence_16.wav,আমাদের গাইড কি বাংলায় কথা বলতে পারে?,noakhali,cate_04,SPK_32,Female
sentence_17.wav,dataset/chunks/noakhali/noa_cate_04/sentence_17.wav,পার্কিং এর জায়গা কোথায়?,noakhali,cate_04,SPK_32,Female
sentence_18.wav,dataset/chunks/noakhali/noa_cate_04/sentence_18.wav,এখানে কি নৌকা ভাড়া পাওয়া যায়?,noakhali,cate_04,SPK_32,Female
sentence_19.wav,dataset/chunks/noakhali/noa_cate_04/sentence_19.wav,আমি নদীর উপর ভ্রমণ করতে চাই।,noakhali,cate_04,SPK_32,Female
sentence_20.wav,dataset/chunks/noakhali/noa_cate_04/sentence_20.wav,আমাদের আরও তথ্য দরকার।,noakhali,cate_04,SPK_32,Female
sentence_21.wav,dataset/chunks/noakhali/noa_cate_04/sentence_21.wav,এই জায়গাটি ইতিহাসে গুরুত্বপূর্ণ।,noakhali,cate_04,SPK_32,Female
sentence_22.wav,dataset/chunks/noakhali/noa_cate_04/sentence_22.wav,আপনি কি গাইড সার্ভিস করেন?,noakhali,cate_04,SPK_32,Female
sentence_23.wav,dataset/chunks/noakhali/noa_cate_04/sentence_23.wav,আমি সকালবেলা আবার আসব।,noakhali,cate_04,SPK_32,Female
sentence_24.wav,dataset/chunks/noakhali/noa_cate_04/sentence_24.wav,আমাকে দুইজনের জন্য টিকিট দিন।,noakhali,cate_04,SPK_32,Female
sentence_25.wav,dataset/chunks/noakhali/noa_cate_04/sentence_25.wav,এখানে কি কোনো ছাড় আছে?,noakhali,cate_04,SPK_32,Female
sentence_26.wav,dataset/chunks/noakhali/noa_cate_04/sentence_26.wav,আমাদের ছবি তুলতে সাহায্য করুন।,noakhali,cate_04,SPK_32,Female
sentence_27.wav,dataset/chunks/noakhali/noa_cate_04/sentence_27.wav,এই দিক দিয়ে হাঁটুন।,noakhali,cate_04,SPK_32,Female
sentence_28.wav,dataset/chunks/noakhali/noa_cate_04/sentence_28.wav,দর্শকরা এখানে অনেক ছবি তুলছে।,noakhali,cate_04,SPK_32,Female
sentence_29.wav,dataset/chunks/noakhali/noa_cate_04/sentence_29.wav,আমি মিউজিয়াম ঘুরতে চাই।,noakhali,cate_04,SPK_32,Female
sentence_30.wav,dataset/chunks/noakhali/noa_cate_04/sentence_30.wav,রেস্টুরেন্টটি খুব কাছে।,noakhali,cate_04,SPK_32,Female
sentence_31.wav,dataset/chunks/noakhali/noa_cate_04/sentence_31.wav,আমরা পিকনিক করতে এসেছি।,noakhali,cate_04,SPK_32,Female
sentence_32.wav,dataset/chunks/noakhali/noa_cate_04/sentence_32.wav,এই জায়গার ইতিহাস জানতে চাই।,noakhali,cate_04,SPK_32,Female
sentence_33.wav,dataset/chunks/noakhali/noa_cate_04/sentence_33.wav,বিকেলের দিকে ছবি তুলুন।,noakhali,cate_04,SPK_32,Female
sentence_34.wav,dataset/chunks/noakhali/noa_cate_04/sentence_34.wav,আমার বন্ধু মানচিত্র পড়তে পারছে না।,noakhali,cate_04,SPK_32,Female
sentence_35.wav,dataset/chunks/noakhali/noa_cate_04/sentence_35.wav,এখানে কি গাইড পাওয়া যাবে?,noakhali,cate_04,SPK_32,Female
sentence_36.wav,dataset/chunks/noakhali/noa_cate_04/sentence_36.wav,আমরা পাহাড় দেখতে চাই।,noakhali,cate_04,SPK_32,Female
sentence_37.wav,dataset/chunks/noakhali/noa_cate_04/sentence_37.wav,সৈকত খুব সুন্দর।,noakhali,cate_04,SPK_32,Female
sentence_38.wav,dataset/chunks/noakhali/noa_cate_04/sentence_38.wav,জলস্রোতের ছবি তোলা উচিত।,noakhali,cate_04,SPK_32,Female
sentence_39.wav,dataset/chunks/noakhali/noa_cate_04/sentence_39.wav,গাইড কি আমাদের পথে নিয়ে যাবে?,noakhali,cate_04,SPK_32,Female
sentence_40.wav,dataset/chunks/noakhali/noa_cate_04/sentence_40.wav,আমরা সকাল ৮টায় বের হব।,noakhali,cate_04,SPK_32,Female
sentence_41.wav,dataset/chunks/noakhali/noa_cate_04/sentence_41.wav,এখানে কি টিকেট ছাড়া প্রবেশ সম্ভব?,noakhali,cate_04,SPK_32,Female
sentence_42.wav,dataset/chunks/noakhali/noa_cate_04/sentence_42.wav,ভ্রমণকারীরা খুব আনন্দ করছে।,noakhali,cate_04,SPK_32,Female
sentence_43.wav,dataset/chunks/noakhali/noa_cate_04/sentence_43.wav,আমি এখানে শপিং করতে চাই।,noakhali,cate_04,SPK_32,Female
sentence_44.wav,dataset/chunks/noakhali/noa_cate_04/sentence_44.wav,এই দিকটি খুব রোমাঞ্চকর।,noakhali,cate_04,SPK_32,Female
sentence_45.wav,dataset/chunks/noakhali/noa_cate_04/sentence_45.wav,আমাদের গাইড রাতের দিকে ফেরার সময় বলে।,noakhali,cate_04,SPK_32,Female
sentence_46.wav,dataset/chunks/noakhali/noa_cate_04/sentence_46.wav,ছবি তোলার জন্য আলো ঠিক আছে।,noakhali,cate_04,SPK_32,Female
sentence_47.wav,dataset/chunks/noakhali/noa_cate_04/sentence_47.wav,আমাদের গাইড নদের উপর নৌকা ভাড়া দেখিয়েছে।,noakhali,cate_04,SPK_32,Female
sentence_48.wav,dataset/chunks/noakhali/noa_cate_04/sentence_48.wav,এখানে কি কোনো মিউজিয়াম আছে?,noakhali,cate_04,SPK_32,Female
sentence_49.wav,dataset/chunks/noakhali/noa_cate_04/sentence_49.wav,আমরা পাহাড়ে ট্রেক করতে চাই।,noakhali,cate_04,SPK_32,Female
sentence_50.wav,dataset/chunks/noakhali/noa_cate_04/sentence_50.wav,এই স্থানের ইতিহাস অনেক পুরনো।,noakhali,cate_04,SPK_32,Female
sentence_51.wav,dataset/chunks/noakhali/noa_cate_04/sentence_51.wav,আমাদের ছবি তুলতে সময় লাগছে।,noakhali,cate_04,SPK_32,Female
sentence_52.wav,dataset/chunks/noakhali/noa_cate_04/sentence_52.wav,আমি সুভর্ণভূমি দেখতে চাই।,noakhali,cate_04,SPK_32,Female
sentence_53.wav,dataset/chunks/noakhali/noa_cate_04/sentence_53.wav,ট্রিপটি খুব মজার।,noakhali,cate_04,SPK_32,Female
sentence_54.wav,dataset/chunks/noakhali/noa_cate_04/sentence_54.wav,আমাদের হোটেল থেকে খুব দূরে নয়।,noakhali,cate_04,SPK_32,Female
sentence_55.wav,dataset/chunks/noakhali/noa_cate_04/sentence_55.wav,আমরা সকালে যাওয়ার পরিকল্পনা করেছি।,noakhali,cate_04,SPK_32,Female
sentence_56.wav,dataset/chunks/noakhali/noa_cate_04/sentence_56.wav,দিক নির্দেশনা অনুসরণ করুন।,noakhali,cate_04,SPK_32,Female
sentence_57.wav,dataset/chunks/noakhali/noa_cate_04/sentence_57.wav,দর্শনার্থীরা গাইডের কথা শুনছে।,noakhali,cate_04,SPK_32,Female
sentence_58.wav,dataset/chunks/noakhali/noa_cate_04/sentence_58.wav,আমি পোর্ট্রেট ছবি তুলতে চাই।,noakhali,cate_04,SPK_32,Female
sentence_59.wav,dataset/chunks/noakhali/noa_cate_04/sentence_59.wav,এখানে পর্যটন তথ্য কেন্দ্র আছে।,noakhali,cate_04,SPK_32,Female
sentence_60.wav,dataset/chunks/noakhali/noa_cate_04/sentence_60.wav,আমরা গ্রুপ ছবি তুলব।,noakhali,cate_04,SPK_32,Female
sentence_61.wav,dataset/chunks/noakhali/noa_cate_04/sentence_61.wav,আমাদের আরও কিছু সময় দরকার।,noakhali,cate_04,SPK_32,Female
sentence_62.wav,dataset/chunks/noakhali/noa_cate_04/sentence_62.wav,নদীর পাশে হাঁটতে চাই।,noakhali,cate_04,SPK_32,Female
sentence_63.wav,dataset/chunks/noakhali/noa_cate_04/sentence_63.wav,গাইড আমাদের নৌকায় নিয়ে যাবে।,noakhali,cate_04,SPK_32,Female
sentence_64.wav,dataset/chunks/noakhali/noa_cate_04/sentence_64.wav,এখানে ঝর্ণার ছবি তোলা যেতে পারে।,noakhali,cate_04,SPK_32,Female
sentence_65.wav,dataset/chunks/noakhali/noa_cate_04/sentence_65.wav,আমরা সব দর্শনীয় স্থান ঘুরে দেখব।,noakhali,cate_04,SPK_32,Female
sentence_66.wav,dataset/chunks/noakhali/noa_cate_04/sentence_66.wav,এই জায়গাটি খুব শান্ত।,noakhali,cate_04,SPK_32,Female
sentence_67.wav,dataset/chunks/noakhali/noa_cate_04/sentence_67.wav,আমি রাতের ভ্রমণ পছন্দ করি।,noakhali,cate_04,SPK_32,Female
sentence_68.wav,dataset/chunks/noakhali/noa_cate_04/sentence_68.wav,আমাদের হোটেল থেকে বাসস্ট্যান্ড দূরে নয়।,noakhali,cate_04,SPK_32,Female
sentence_69.wav,dataset/chunks/noakhali/noa_cate_04/sentence_69.wav,আমরা সকালের দিকে ছবি তুলব।,noakhali,cate_04,SPK_32,Female
sentence_70.wav,dataset/chunks/noakhali/noa_cate_04/sentence_70.wav,এই জায়গা সত্যিই স্মরণীয়।,noakhali,cate_04,SPK_32,Female
sentence_01.wav,dataset/chunks/noakhali/noa_cate_05/sentence_01.wav,আমার মাথা ব্যথা করছে।,noakhali,cate_05,,
sentence_02.wav,dataset/chunks/noakhali/noa_cate_05/sentence_02.wav,কাছাকাছি হাসপাতাল কোথায়?,noakhali,cate_05,,
sentence_03.wav,dataset/chunks/noakhali/noa_cate_05/sentence_03.wav,ডাক্তারের জন্য কীভাবে অ্যাপয়েন্টমেন্ট নেব?,noakhali,cate_05,,
sentence_04.wav,dataset/chunks/noakhali/noa_cate_05/sentence_04.wav,আমাকে একটি ওষুধের দোকান দেখান।,noakhali,cate_05,,
sentence_05.wav,dataset/chunks/noakhali/noa_cate_05/sentence_05.wav,আমি জ্বর অনুভব করছি।,noakhali,cate_05,,
sentence_06.wav,dataset/chunks/noakhali/noa_cate_05/sentence_06.wav,আমি দুর্ঘটনার শিকার হয়েছি।,noakhali,cate_05,,
sentence_07.wav,dataset/chunks/noakhali/noa_cate_05/sentence_07.wav,হাসপাতালে কত সময় লাগবে পৌঁছাতে?,noakhali,cate_05,,
sentence_08.wav,dataset/chunks/noakhali/noa_cate_05/sentence_08.wav,আমার পায়ে চোট লেগেছে।,noakhali,cate_05,,
sentence_09.wav,dataset/chunks/noakhali/noa_cate_05/sentence_09.wav,আমাকে হাসপাতালে নিয়ে যান।,noakhali,cate_05,,
sentence_10.wav,dataset/chunks/noakhali/noa_cate_05/sentence_10.wav,আমি শ্বাসকষ্ট অনুভব করছি।,noakhali,cate_05,,
sentence_11.wav,dataset/chunks/noakhali/noa_cate_05/sentence_11.wav,আমাকে দ্রুত সাহায্য করুন।,noakhali,cate_05,,
sentence_12.wav,dataset/chunks/noakhali/noa_cate_05/sentence_12.wav,ডাক্তার কখন উপস্থিত থাকবেন?,noakhali,cate_05,,
sentence_13.wav,dataset/chunks/noakhali/noa_cate_05/sentence_13.wav,আমার শিশু অসুস্থ।,noakhali,cate_05,,
sentence_14.wav,dataset/chunks/noakhali/noa_cate_05/sentence_14.wav,আমার পেটে ব্যথা করছে।,noakhali,cate_05,,
sentence_15.wav,dataset/chunks/noakhali/noa_cate_05/sentence_15.wav,ওষুধের নাম কী?,noakhali,cate_05,,
sentence_16.wav,dataset/chunks/noakhali/noa_cate_05/sentence_16.wav,আমি ধমনীতে ব্যথা অনুভব করছি।,noakhali,cate_05,,
sentence_17.wav,dataset/chunks/noakhali/noa_cate_05/sentence_17.wav,এটি কি জরুরি অবস্থা?,noakhali,cate_05,,
sentence_18.wav,dataset/chunks/noakhali/noa_cate_05/sentence_18.wav,আমি অলস লাগছে।,noakhali,cate_05,,
sentence_19.wav,dataset/chunks/noakhali/noa_cate_05/sentence_19.wav,আমার চোখে সমস্যা হচ্ছে।,noakhali,cate_05,,
sentence_20.wav,dataset/chunks/noakhali/noa_cate_05/sentence_20.wav,ডাক্তার কি বাংলা বলতে পারেন?,noakhali,cate_05,,
sentence_21.wav,dataset/chunks/noakhali/noa_cate_05/sentence_21.wav,আমি অ্যালার্জি আক্রান্ত।,noakhali,cate_05,,
sentence_22.wav,dataset/chunks/noakhali/noa_cate_05/sentence_22.wav,আমার সর্দি কাশি আছে।,noakhali,cate_05,,
sentence_23.wav,dataset/chunks/noakhali/noa_cate_05/sentence_23.wav,হাসপাতালে কি ভিড় বেশি?,noakhali,cate_05,,
sentence_24.wav,dataset/chunks/noakhali/noa_cate_05/sentence_24.wav,আমাকে একটি ব্যান্ডেজ দিন।,noakhali,cate_05,,
sentence_25.wav,dataset/chunks/noakhali/noa_cate_05/sentence_25.wav,আমার দাঁতে ব্যথা করছে।,noakhali,cate_05,,
sentence_26.wav,dataset/chunks/noakhali/noa_cate_05/sentence_26.wav,এখানে কি জরুরি ওষুধ পাওয়া যায়?,noakhali,cate_05,,
sentence_27.wav,dataset/chunks/noakhali/noa_cate_05/sentence_27.wav,"আমি অসুস্থ, আমার বিশ্রাম প্রয়োজন।",noakhali,cate_05,,
sentence_28.wav,dataset/chunks/noakhali/noa_cate_05/sentence_28.wav,আপনার ওষুধের পরিমাণ কত?,noakhali,cate_05,,
sentence_29.wav,dataset/chunks/noakhali/noa_cate_05/sentence_29.wav,আমার পায়ে জ্বালা অনুভব হচ্ছে।,noakhali,cate_05,,
sentence_30.wav,dataset/chunks/noakhali/noa_cate_05/sentence_30.wav,হাসপাতালে কি ডাক্তার সারাদিন থাকে?,noakhali,cate_05,,
sentence_31.wav,dataset/chunks/noakhali/noa_cate_05/sentence_31.wav,আমাকে দ্রুত ট্যাক্সি দিন।,noakhali,cate_05,,
sentence_32.wav,dataset/chunks/noakhali/noa_cate_05/sentence_32.wav,আমি গলা ব্যথা অনুভব করছি।,noakhali,cate_05,,
sentence_33.wav,dataset/chunks/noakhali/noa_cate_05/sentence_33.wav,আমার হাতে কাটা গেছে।,noakhali,cate_05,,
sentence_34.wav,dataset/chunks/noakhali/noa_cate_05/sentence_34.wav,এখানে কি স্বাস্থ্য পরীক্ষা করা যায়?,noakhali,cate_05,,
sentence_35.wav,dataset/chunks/noakhali/noa_cate_05/sentence_35.wav,আমার পেট খারাপ লাগছে।,noakhali,cate_05,,
sentence_36.wav,dataset/chunks/noakhali/noa_cate_05/sentence_36.wav,আমার চুল পড়ছে।,noakhali,cate_05,,
sentence_37.wav,dataset/chunks/noakhali/noa_cate_05/sentence_37.wav,কি ওষুধ খাবো?,noakhali,cate_05,,
sentence_38.wav,dataset/chunks/noakhali/noa_cate_05/sentence_38.wav,আমার শ্বাসনালি ব্যথা করছে।,noakhali,cate_05,,
sentence_39.wav,dataset/chunks/noakhali/noa_cate_05/sentence_39.wav,আমার ডায়াবেটিস আছে।,noakhali,cate_05,,
sentence_40.wav,dataset/chunks/noakhali/noa_cate_05/sentence_40.wav,আমাকে ইনজেকশন দেওয়া দরকার।,noakhali,cate_05,,
sentence_41.wav,dataset/chunks/noakhali/noa_cate_05/sentence_41.wav,আমাকে ব্যথা উপশমের জন্য কিছু দিন।,noakhali,cate_05,,
sentence_42.wav,dataset/chunks/noakhali/noa_cate_05/sentence_42.wav,আমি দুর্বল লাগছি।,noakhali,cate_05,,
sentence_43.wav,dataset/chunks/noakhali/noa_cate_05/sentence_43.wav,আমার নাক দিয়ে রক্ত পড়ছে।,noakhali,cate_05,,
sentence_44.wav,dataset/chunks/noakhali/noa_cate_05/sentence_44.wav,ডাক্তার কি এখন ফ্রি আছেন?,noakhali,cate_05,,
sentence_45.wav,dataset/chunks/noakhali/noa_cate_05/sentence_45.wav,আমার বুক ব্যথা করছে।,noakhali,cate_05,,
sentence_46.wav,dataset/chunks/noakhali/noa_cate_05/sentence_46.wav,আমার চোখ লাল হয়ে গেছে।,noakhali,cate_05,,
sentence_47.wav,dataset/chunks/noakhali/noa_cate_05/sentence_47.wav,কি টেস্ট করাতে হবে?,noakhali,cate_05,,
sentence_48.wav,dataset/chunks/noakhali/noa_cate_05/sentence_48.wav,আমি বুকধড় ধড় করছি।,noakhali,cate_05,,
sentence_49.wav,dataset/chunks/noakhali/noa_cate_05/sentence_49.wav,হাসপাতালে কি অ্যাম্বুল্যান্স আছে?,noakhali,cate_05,,
sentence_50.wav,dataset/chunks/noakhali/noa_cate_05/sentence_50.wav,আমার চামড়ায় চুলকানি হচ্ছে।,noakhali,cate_05,,
sentence_51.wav,dataset/chunks/noakhali/noa_cate_05/sentence_51.wav,ওষুধটি কখন খাবো?,noakhali,cate_05,,
sentence_52.wav,dataset/chunks/noakhali/noa_cate_05/sentence_52.wav,আমার কানে ব্যথা করছে।,noakhali,cate_05,,
sentence_53.wav,dataset/chunks/noakhali/noa_cate_05/sentence_53.wav,আমাকে রক্ত পরীক্ষা করাতে হবে।,noakhali,cate_05,,
sentence_54.wav,dataset/chunks/noakhali/noa_cate_05/sentence_54.wav,আমি গরমে অসুস্থ।,noakhali,cate_05,,
sentence_55.wav,dataset/chunks/noakhali/noa_cate_05/sentence_55.wav,আমার দাঁতের ইনফেকশন হয়েছে।,noakhali,cate_05,,
sentence_56.wav,dataset/chunks/noakhali/noa_cate_05/sentence_56.wav,এখানে কি স্যালাইন দেওয়া হয়?,noakhali,cate_05,,
sentence_57.wav,dataset/chunks/noakhali/noa_cate_05/sentence_57.wav,আমার পায়ের আঙুল ফোলা গেছে।,noakhali,cate_05,,
sentence_58.wav,dataset/chunks/noakhali/noa_cate_05/sentence_58.wav,আমাকে ব্যথানাশক দিন।,noakhali,cate_05,,
sentence_59.wav,dataset/chunks/noakhali/noa_cate_05/sentence_59.wav,কি খেলে সুস্থতা হবে?,noakhali,cate_05,,
sentence_60.wav,dataset/chunks/noakhali/noa_cate_05/sentence_60.wav,আমি মাথা ঘোরাতে লাগছে।,noakhali,cate_05,,
sentence_61.wav,dataset/chunks/noakhali/noa_cate_05/sentence_61.wav,হাসপাতালে কি ডাক্তার রাতেও থাকেন?,noakhali,cate_05,,
sentence_62.wav,dataset/chunks/noakhali/noa_cate_05/sentence_62.wav,আমার গলার প্রদাহ আছে।,noakhali,cate_05,,
sentence_63.wav,dataset/chunks/noakhali/noa_cate_05/sentence_63.wav,আমার শরীরে জ্বালা অনুভূত হচ্ছে।,noakhali,cate_05,,
sentence_64.wav,dataset/chunks/noakhali/noa_cate_05/sentence_64.wav,আমাকে ওষুধের রিসিপি দিন।,noakhali,cate_05,,
sentence_65.wav,dataset/chunks/noakhali/noa_cate_05/sentence_65.wav,কি ওষুধ বেশি কার্যকর?,noakhali,cate_05,,
sentence_66.wav,dataset/chunks/noakhali/noa_cate_05/sentence_66.wav,আমার গায়ে র‍্যাশ হয়েছে।,noakhali,cate_05,,
sentence_67.wav,dataset/chunks/noakhali/noa_cate_05/sentence_67.wav,আমি পায়ে ব্যথা অনুভব করছি।,noakhali,cate_05,,
sentence_68.wav,dataset/chunks/noakhali/noa_cate_05/sentence_68.wav,হাসপাতালে কি অ্যাপয়েন্টমেন্ট লাগবে?,noakhali,cate_05,,
sentence_69.wav,dataset/chunks/noakhali/noa_cate_05/sentence_69.wav,আমাকে দ্রুত দেখুন।,noakhali,cate_05,,
sentence_70.wav,dataset/chunks/noakhali/noa_cate_05/sentence_70.wav,আমার পেট খুব ব্যথা করছে।,noakhali,cate_05,,
sentence_01.wav,dataset/chunks/noakhali/noa_cate_06/sentence_01.wav,আপনার পরিবারে কয়জন সদস্য আছে?,noakhali,cate_06,SPK_06,Male
sentence_02.wav,dataset/chunks/noakhali/noa_cate_06/sentence_02.wav,আমার বাবা একজন শিক্ষক।,noakhali,cate_06,SPK_06,Male
sentence_03.wav,dataset/chunks/noakhali/noa_cate_06/sentence_03.wav,আপনি কোথায় বড় হয়েছেন?,noakhali,cate_06,SPK_06,Male
sentence_04.wav,dataset/chunks/noakhali/noa_cate_06/sentence_04.wav,আমার মা ঘরে থাকেন।,noakhali,cate_06,SPK_06,Male
sentence_05.wav,dataset/chunks/noakhali/noa_cate_06/sentence_05.wav,আপনার ভাইবোন আছে কি?,noakhali,cate_06,SPK_06,Male
sentence_06.wav,dataset/chunks/noakhali/noa_cate_06/sentence_06.wav,আমার এক ভাই ও দুই বোন আছে।,noakhali,cate_06,SPK_06,Male
sentence_07.wav,dataset/chunks/noakhali/noa_cate_06/sentence_07.wav,আমরা একসাথে ভ্রমণ করতে ভালোবাসি।,noakhali,cate_06,SPK_06,Male
sentence_08.wav,dataset/chunks/noakhali/noa_cate_06/sentence_08.wav,আপনার পছন্দের খাবার কী?,noakhali,cate_06,SPK_06,Male
sentence_09.wav,dataset/chunks/noakhali/noa_cate_06/sentence_09.wav,আমার ছোট বোন স্কুলে পড়ে।,noakhali,cate_06,SPK_06,Male
sentence_10.wav,dataset/chunks/noakhali/noa_cate_06/sentence_10.wav,আপনার বাবা কোথায় কাজ করেন?,noakhali,cate_06,SPK_06,Male
sentence_11.wav,dataset/chunks/noakhali/noa_cate_06/sentence_11.wav,আমার পরিবার সব সময় একসাথে খেতে বসে।,noakhali,cate_06,SPK_06,Male
sentence_12.wav,dataset/chunks/noakhali/noa_cate_06/sentence_12.wav,আপনার মা কি রান্না করতে ভালোবাসেন?,noakhali,cate_06,SPK_06,Male
sentence_13.wav,dataset/chunks/noakhali/noa_cate_06/sentence_13.wav,আমরা প্রতি বছর ঈদে মিলিত হই।,noakhali,cate_06,SPK_06,Male
sentence_14.wav,dataset/chunks/noakhali/noa_cate_06/sentence_14.wav,আপনার পছন্দের ছুটি কী?,noakhali,cate_06,SPK_06,Male
sentence_15.wav,dataset/chunks/noakhali/noa_cate_06/sentence_15.wav,আমার বাবা সকালবেলা হাঁটতে যান।,noakhali,cate_06,SPK_06,Male
sentence_16.wav,dataset/chunks/noakhali/noa_cate_06/sentence_16.wav,আপনার পরিবারে কারা রয়েছেন?,noakhali,cate_06,SPK_06,Male
sentence_17.wav,dataset/chunks/noakhali/noa_cate_06/sentence_17.wav,আমার দাদা আমাদের সঙ্গে থাকে।,noakhali,cate_06,SPK_06,Male
sentence_18.wav,dataset/chunks/noakhali/noa_cate_06/sentence_18.wav,আপনি কি বিবাহিত?,noakhali,cate_06,SPK_06,Male
sentence_19.wav,dataset/chunks/noakhali/noa_cate_06/sentence_19.wav,আমি বিবাহিত এবং আমার দুই সন্তান আছে।,noakhali,cate_06,SPK_06,Male
sentence_20.wav,dataset/chunks/noakhali/noa_cate_06/sentence_20.wav,আপনার বোন কি বিশ্ববিদ্যালয়ে পড়ে?,noakhali,cate_06,SPK_06,Male
sentence_21.wav,dataset/chunks/noakhali/noa_cate_06/sentence_21.wav,আমরা রোববার একসাথে সিনেমা দেখি।,noakhali,cate_06,SPK_06,Male
sentence_22.wav,dataset/chunks/noakhali/noa_cate_06/sentence_22.wav,আপনার পছন্দের পরিবারের অনুষ্ঠান কোনটি?,noakhali,cate_06,SPK_06,Male
sentence_23.wav,dataset/chunks/noakhali/noa_cate_06/sentence_23.wav,আমার বাবা মা আমাদের জন্য খুব যত্নশীল।,noakhali,cate_06,SPK_06,Male
sentence_24.wav,dataset/chunks/noakhali/noa_cate_06/sentence_24.wav,আপনার শিশুরা স্কুলে ভালো করছে কি?,noakhali,cate_06,SPK_06,Male
sentence_25.wav,dataset/chunks/noakhali/noa_cate_06/sentence_25.wav,আমার পরিবারের সবাই স্বাস্থ্যকর জীবনযাপন করে।,noakhali,cate_06,SPK_06,Male
sentence_26.wav,dataset/chunks/noakhali/noa_cate_06/sentence_26.wav,আপনি কোথায় বেড়ে উঠেছেন?,noakhali,cate_06,SPK_06,Male
sentence_27.wav,dataset/chunks/noakhali/noa_cate_06/sentence_27.wav,আমার পরিবার গ্রামে থাকে।,noakhali,cate_06,SPK_06,Male
sentence_28.wav,dataset/chunks/noakhali/noa_cate_06/sentence_28.wav,আপনার বাবা কি বিদেশে কাজ করেন?,noakhali,cate_06,SPK_06,Male
sentence_29.wav,dataset/chunks/noakhali/noa_cate_06/sentence_29.wav,আমি আমার পরিবারের সঙ্গে ছুটিতে যাই।,noakhali,cate_06,SPK_06,Male
sentence_30.wav,dataset/chunks/noakhali/noa_cate_06/sentence_30.wav,আপনার পরিবারে ছোট ছোট ভাইবোন আছে কি?,noakhali,cate_06,SPK_06,Male
sentence_31.wav,dataset/chunks/noakhali/noa_cate_06/sentence_31.wav,আমার ভাই ফুটবল খেলে।,noakhali,cate_06,SPK_06,Male
sentence_32.wav,dataset/chunks/noakhali/noa_cate_06/sentence_32.wav,আপনার মা কি কাজ করেন?,noakhali,cate_06,SPK_06,Male
sentence_33.wav,dataset/chunks/noakhali/noa_cate_06/sentence_33.wav,আমরা প্রতি সপ্তাহে একসাথে খাবার করি।,noakhali,cate_06,SPK_06,Male
sentence_34.wav,dataset/chunks/noakhali/noa_cate_06/sentence_34.wav,আপনার বাবা কি বাসায় থাকেন?,noakhali,cate_06,SPK_06,Male
sentence_35.wav,dataset/chunks/noakhali/noa_cate_06/sentence_35.wav,আমার পরিবারে সবাই একে অপরকে সাহায্য করে।,noakhali,cate_06,SPK_06,Male
sentence_36.wav,dataset/chunks/noakhali/noa_cate_06/sentence_36.wav,আপনি কত বছর ধরে বিবাহিত?,noakhali,cate_06,SPK_06,Male
sentence_37.wav,dataset/chunks/noakhali/noa_cate_06/sentence_37.wav,আমার বোন চিকিৎসা পড়াশোনা করছে।,noakhali,cate_06,SPK_06,Male
sentence_38.wav,dataset/chunks/noakhali/noa_cate_06/sentence_38.wav,আপনার বাবা মা কি এখনও কাজ করেন?,noakhali,cate_06,SPK_06,Male
sentence_39.wav,dataset/chunks/noakhali/noa_cate_06/sentence_39.wav,আমরা সবাই একসাথে হোলিডে যাই।,noakhali,cate_06,SPK_06,Male
sentence_40.wav,dataset/chunks/noakhali/noa_cate_06/sentence_40.wav,আপনার সন্তানদের নাম কী?,noakhali,cate_06,SPK_06,Male
sentence_41.wav,dataset/chunks/noakhali/noa_cate_06/sentence_41.wav,আমার ছেলে ফুটবল খেলতে ভালোবাসে।,noakhali,cate_06,SPK_06,Male
sentence_42.wav,dataset/chunks/noakhali/noa_cate_06/sentence_42.wav,আপনার পরিবারের বয়সী সদস্যরা কি সক্রিয়?,noakhali,cate_06,SPK_06,Male
sentence_43.wav,dataset/chunks/noakhali/noa_cate_06/sentence_43.wav,আমি আমার পরিবারের সঙ্গে সিনেমা দেখতে যাই।,noakhali,cate_06,SPK_06,Male
sentence_44.wav,dataset/chunks/noakhali/noa_cate_06/sentence_44.wav,আপনার মা কি রান্না ভালো করেন?,noakhali,cate_06,SPK_06,Male
sentence_45.wav,dataset/chunks/noakhali/noa_cate_06/sentence_45.wav,আমার বাবা সকালবেলা সংবাদ পড়েন।,noakhali,cate_06,SPK_06,Male
sentence_46.wav,dataset/chunks/noakhali/noa_cate_06/sentence_46.wav,আপনার বোনের পছন্দের কাজ কী?,noakhali,cate_06,SPK_06,Male
sentence_47.wav,dataset/chunks/noakhali/noa_cate_06/sentence_47.wav,আমরা বড়দিন একসাথে উদযাপন করি।,noakhali,cate_06,SPK_06,Male
sentence_48.wav,dataset/chunks/noakhali/noa_cate_06/sentence_48.wav,আমার পরিবারে কেউ বিদেশে থাকে।,noakhali,cate_06,SPK_06,Male
sentence_49.wav,dataset/chunks/noakhali/noa_cate_06/sentence_49.wav,আপনার পরিবারের সদস্যরা কি সুস্থ আছে?,noakhali,cate_06,SPK_06,Male
sentence_50.wav,dataset/chunks/noakhali/noa_cate_06/sentence_50.wav,আমি পরিবারকে খুব ভালোবাসি।,noakhali,cate_06,SPK_06,Male
sentence_51.wav,dataset/chunks/noakhali/noa_cate_06/sentence_51.wav,আপনার ভাইবোন কি আপনার সাথে থাকে?,noakhali,cate_06,SPK_06,Male
sentence_52.wav,dataset/chunks/noakhali/noa_cate_06/sentence_52.wav,আমার বাবা মা গ্রামের বাড়িতে থাকেন।,noakhali,cate_06,SPK_06,Male
sentence_53.wav,dataset/chunks/noakhali/noa_cate_06/sentence_53.wav,আমরা একসাথে খেলা করি।,noakhali,cate_06,SPK_06,Male
sentence_54.wav,dataset/chunks/noakhali/noa_cate_06/sentence_54.wav,আপনার পরিবারে কেউ চাকরিতে আছেন কি?,noakhali,cate_06,SPK_06,Male
sentence_55.wav,dataset/chunks/noakhali/noa_cate_06/sentence_55.wav,আমি আমার পরিবারের জন্য সব করি।,noakhali,cate_06,SPK_06,Male
sentence_56.wav,dataset/chunks/noakhali/noa_cate_06/sentence_56.wav,আপনার বাবা মা কি অবসরপ্রাপ্ত?,noakhali,cate_06,SPK_06,Male
sentence_57.wav,dataset/chunks/noakhali/noa_cate_06/sentence_57.wav,আমরা হোলিডেতে গ্রামের বাড়িতে যাই।,noakhali,cate_06,SPK_06,Male
sentence_58.wav,dataset/chunks/noakhali/noa_cate_06/sentence_58.wav,আমার ছোট ভাই স্কুলে ভালো করছে।,noakhali,cate_06,SPK_06,Male
sentence_59.wav,dataset/chunks/noakhali/noa_cate_06/sentence_59.wav,আপনার পরিবার কত ঘনিষ্ঠ?,noakhali,cate_06,SPK_06,Male
sentence_60.wav,dataset/chunks/noakhali/noa_cate_06/sentence_60.wav,আমরা প্রতি মাসে একসাথে বেড়াতে যাই।,noakhali,cate_06,SPK_06,Male
sentence_61.wav,dataset/chunks/noakhali/noa_cate_06/sentence_61.wav,আমার মা গল্প শুনাতে ভালোবাসেন।,noakhali,cate_06,SPK_06,Male
sentence_62.wav,dataset/chunks/noakhali/noa_cate_06/sentence_62.wav,আপনার বাবা কি কখনও ভ্রমণে যান?,noakhali,cate_06,SPK_06,Male
sentence_63.wav,dataset/chunks/noakhali/noa_cate_06/sentence_63.wav,আমি আমার পরিবারকে সব সময় সাহায্য করি।,noakhali,cate_06,SPK_06,Male
sentence_64.wav,dataset/chunks/noakhali/noa_cate_06/sentence_64.wav,আপনার ভাইবোন কি একে অপরকে সাহায্য করে?,noakhali,cate_06,SPK_06,Male
sentence_65.wav,dataset/chunks/noakhali/noa_cate_06/sentence_65.wav,আমরা পরিবারে জন্মদিন উদযাপন করি।,noakhali,cate_06,SPK_06,Male
sentence_66.wav,dataset/chunks/noakhali/noa_cate_06/sentence_66.wav,আমার পরিবারের সঙ্গে সময় কাটানো ভালো লাগে।,noakhali,cate_06,SPK_06,Male
sentence_67.wav,dataset/chunks/noakhali/noa_cate_06/sentence_67.wav,আপনার মা বাবা কি একসাথে আছেন?,noakhali,cate_06,SPK_06,Male
sentence_68.wav,dataset/chunks/noakhali/noa_cate_06/sentence_68.wav,আমার বাবা খুব কঠোর কিন্তু ভালো মানুষ।,noakhali,cate_06,SPK_06,Male
sentence_69.wav,dataset/chunks/noakhali/noa_cate_06/sentence_69.wav,আমরা পারিবারিক ছবি তুলি।,noakhali,cate_06,SPK_06,Male
sentence_70.wav,dataset/chunks/noakhali/noa_cate_06/sentence_70.wav,আমি আমার পরিবারের সুখের জন্য কাজ করি।,noakhali,cate_06,SPK_06,Male
sentence_01.wav,dataset/chunks/noakhali/noa_cate_07/sentence_01.wav,এই বছর ধানের ফলন কেমন হবে?,noakhali,cate_07,,
sentence_02.wav,dataset/chunks/noakhali/noa_cate_07/sentence_02.wav,আমি মাছ চাষ শুরু করতে চাই।,noakhali,cate_07,,
sentence_03.wav,dataset/chunks/noakhali/noa_cate_07/sentence_03.wav,বৃষ্টিপাত ঠিক আছে কি?,noakhali,cate_07,,
sentence_04.wav,dataset/chunks/noakhali/noa_cate_07/sentence_04.wav,জমি প্রস্তুত করা হয়েছে।,noakhali,cate_07,,
sentence_05.wav,dataset/chunks/noakhali/noa_cate_07/sentence_05.wav,ধানের বীজ কত লাগবে?,noakhali,cate_07,,
sentence_06.wav,dataset/chunks/noakhali/noa_cate_07/sentence_06.wav,কীটনাশক প্রয়োগ করতে হবে।,noakhali,cate_07,,
sentence_07.wav,dataset/chunks/noakhali/noa_cate_07/sentence_07.wav,আমি সবজি চাষ করি।,noakhali,cate_07,,
sentence_08.wav,dataset/chunks/noakhali/noa_cate_07/sentence_08.wav,মাছের পুকুর কত বড়?,noakhali,cate_07,,
sentence_09.wav,dataset/chunks/noakhali/noa_cate_07/sentence_09.wav,আমার ধান ভালোভাবে ফলন করছে।,noakhali,cate_07,,
sentence_10.wav,dataset/chunks/noakhali/noa_cate_07/sentence_10.wav,সার দেওয়া হয়েছে।,noakhali,cate_07,,
sentence_11.wav,dataset/chunks/noakhali/noa_cate_07/sentence_11.wav,কৃষকের জন্য কি সহায়তা আছে?,noakhali,cate_07,,
sentence_12.wav,dataset/chunks/noakhali/noa_cate_07/sentence_12.wav,গবাদি পশুদের খাওয়ানো হয়েছে।,noakhali,cate_07,,
sentence_13.wav,dataset/chunks/noakhali/noa_cate_07/sentence_13.wav,আবহাওয়া কেমন থাকবে?,noakhali,cate_07,,
sentence_14.wav,dataset/chunks/noakhali/noa_cate_07/sentence_14.wav,বৃষ্টির অভাব ধানের জন্য ক্ষতিকর।,noakhali,cate_07,,
sentence_15.wav,dataset/chunks/noakhali/noa_cate_07/sentence_15.wav,পুকুরে পানি পরীক্ষা করা হয়েছে।,noakhali,cate_07,,
sentence_16.wav,dataset/chunks/noakhali/noa_cate_07/sentence_16.wav,আমি নতুন সার প্রয়োগ করব।,noakhali,cate_07,,
sentence_17.wav,dataset/chunks/noakhali/noa_cate_07/sentence_17.wav,কীটপতঙ্গ ধ্বংস করতে হবে।,noakhali,cate_07,,
sentence_18.wav,dataset/chunks/noakhali/noa_cate_07/sentence_18.wav,ধানের বীজ ভালো মানের কিনুন।,noakhali,cate_07,,
sentence_19.wav,dataset/chunks/noakhali/noa_cate_07/sentence_19.wav,সবজি খুব দ্রুত বড় হচ্ছে।,noakhali,cate_07,,
sentence_20.wav,dataset/chunks/noakhali/noa_cate_07/sentence_20.wav,মাছের পুকুরে খাবার দিন।,noakhali,cate_07,,
sentence_21.wav,dataset/chunks/noakhali/noa_cate_07/sentence_21.wav,জমিতে আগাছা কাটা হয়েছে।,noakhali,cate_07,,
sentence_22.wav,dataset/chunks/noakhali/noa_cate_07/sentence_22.wav,আমি নতুন পুকুর খনন করেছি।,noakhali,cate_07,,
sentence_23.wav,dataset/chunks/noakhali/noa_cate_07/sentence_23.wav,এই ফসলের জন্য কত সার লাগবে?,noakhali,cate_07,,
sentence_24.wav,dataset/chunks/noakhali/noa_cate_07/sentence_24.wav,গরু খুব ভালো অবস্থায় আছে।,noakhali,cate_07,,
sentence_25.wav,dataset/chunks/noakhali/noa_cate_07/sentence_25.wav,ধান কেটে সংগ্রহ করা হয়েছে।,noakhali,cate_07,,
sentence_26.wav,dataset/chunks/noakhali/noa_cate_07/sentence_26.wav,আমরা সবজি বাজারে বিক্রি করি।,noakhali,cate_07,,
sentence_27.wav,dataset/chunks/noakhali/noa_cate_07/sentence_27.wav,মাটি পরীক্ষা করা হয়েছে।,noakhali,cate_07,,
sentence_28.wav,dataset/chunks/noakhali/noa_cate_07/sentence_28.wav,পোকামাকড়ের আক্রমণ হয়েছে।,noakhali,cate_07,,
sentence_29.wav,dataset/chunks/noakhali/noa_cate_07/sentence_29.wav,মাছের পুকুর পরিষ্কার করুন।,noakhali,cate_07,,
sentence_30.wav,dataset/chunks/noakhali/noa_cate_07/sentence_30.wav,আমরা সার ও বীজ কিনব।,noakhali,cate_07,,
sentence_31.wav,dataset/chunks/noakhali/noa_cate_07/sentence_31.wav,গবাদি পশুদের স্বাস্থ্য পরীক্ষা করা হয়েছে।,noakhali,cate_07,,
sentence_32.wav,dataset/chunks/noakhali/noa_cate_07/sentence_32.wav,ধানের ফলন ভাল হয়েছে।,noakhali,cate_07,,
sentence_33.wav,dataset/chunks/noakhali/noa_cate_07/sentence_33.wav,আমি নতুন চারা রোপণ করব।,noakhali,cate_07,,
sentence_34.wav,dataset/chunks/noakhali/noa_cate_07/sentence_34.wav,আবহাওয়া পরিবর্তনশীল।,noakhali,cate_07,,
sentence_35.wav,dataset/chunks/noakhali/noa_cate_07/sentence_35.wav,পুকুরে পানি কমে গেছে।,noakhali,cate_07,,
sentence_36.wav,dataset/chunks/noakhali/noa_cate_07/sentence_36.wav,আমরা নতুন সার পরীক্ষা করব।,noakhali,cate_07,,
sentence_37.wav,dataset/chunks/noakhali/noa_cate_07/sentence_37.wav,কি মাছের প্রজাতি ভালো ফলন দিচ্ছে?,noakhali,cate_07,,
sentence_38.wav,dataset/chunks/noakhali/noa_cate_07/sentence_38.wav,জমি উর্বর।,noakhali,cate_07,,
sentence_39.wav,dataset/chunks/noakhali/noa_cate_07/sentence_39.wav,ফসল রক্ষা করতে কী ব্যবস্থা নেওয়া হয়েছে?,noakhali,cate_07,,
sentence_40.wav,dataset/chunks/noakhali/noa_cate_07/sentence_40.wav,আমরা গবাদি পশু বিক্রি করব।,noakhali,cate_07,,
sentence_41.wav,dataset/chunks/noakhali/noa_cate_07/sentence_41.wav,ধানের ফসল শুকিয়ে গেছে।,noakhali,cate_07,,
sentence_42.wav,dataset/chunks/noakhali/noa_cate_07/sentence_42.wav,পুকুরে নতুন মাছ ছাড়া হয়েছে।,noakhali,cate_07,,
sentence_43.wav,dataset/chunks/noakhali/noa_cate_07/sentence_43.wav,আবহাওয়া খুব খারাপ।,noakhali,cate_07,,
sentence_44.wav,dataset/chunks/noakhali/noa_cate_07/sentence_44.wav,আমরা সবজি রোপণ শুরু করেছি।,noakhali,cate_07,,
sentence_45.wav,dataset/chunks/noakhali/noa_cate_07/sentence_45.wav,মাটির আর্দ্রতা ঠিক আছে কি?,noakhali,cate_07,,
sentence_46.wav,dataset/chunks/noakhali/noa_cate_07/sentence_46.wav,সার দেওয়ার পর পানি দিন।,noakhali,cate_07,,
sentence_47.wav,dataset/chunks/noakhali/noa_cate_07/sentence_47.wav,কীটনাশক কত দিন পর প্রয়োগ করতে হবে?,noakhali,cate_07,,
sentence_48.wav,dataset/chunks/noakhali/noa_cate_07/sentence_48.wav,আমার ধান এখনও সবুজ।,noakhali,cate_07,,
sentence_49.wav,dataset/chunks/noakhali/noa_cate_07/sentence_49.wav,গবাদি পশুদের জন্য খোরাক প্রস্তুত।,noakhali,cate_07,,
sentence_50.wav,dataset/chunks/noakhali/noa_cate_07/sentence_50.wav,পুকুরের পানি পরীক্ষা করুন।,noakhali,cate_07,,
sentence_51.wav,dataset/chunks/noakhali/noa_cate_07/sentence_51.wav,বৃষ্টি হলে ফসলের জন্য ভালো হবে।,noakhali,cate_07,,
sentence_52.wav,dataset/chunks/noakhali/noa_cate_07/sentence_52.wav,আমরা নতুন সার প্রয়োগ করব।,noakhali,cate_07,,
sentence_53.wav,dataset/chunks/noakhali/noa_cate_07/sentence_53.wav,কি সময়ে ধান কাটা উচিত?,noakhali,cate_07,,
sentence_54.wav,dataset/chunks/noakhali/noa_cate_07/sentence_54.wav,পোকামাকড় ধ্বংস করা হয়েছে।,noakhali,cate_07,,
sentence_55.wav,dataset/chunks/noakhali/noa_cate_07/sentence_55.wav,আমরা ফসল বিক্রি করব।,noakhali,cate_07,,
sentence_56.wav,dataset/chunks/noakhali/noa_cate_07/sentence_56.wav,গবাদি পশুদের জন্য চিকিৎসা প্রয়োজন।,noakhali,cate_07,,
sentence_57.wav,dataset/chunks/noakhali/noa_cate_07/sentence_57.wav,মাছের পুকুরে বেশি পানি ঢালুন।,noakhali,cate_07,,
sentence_58.wav,dataset/chunks/noakhali/noa_cate_07/sentence_58.wav,আমরা কৃষি প্রদর্শনীতে যাব।,noakhali,cate_07,,
sentence_59.wav,dataset/chunks/noakhali/noa_cate_07/sentence_59.wav,ধানের চারা ভালোভাবে জন্ম নিয়েছে।,noakhali,cate_07,,
sentence_60.wav,dataset/chunks/noakhali/noa_cate_07/sentence_60.wav,ফসলের জন্য পানি দেওয়া হচ্ছে।,noakhali,cate_07,,
sentence_61.wav,dataset/chunks/noakhali/noa_cate_07/sentence_61.wav,পোকামাকড়ের আক্রমণ কমে গেছে।,noakhali,cate_07,,
sentence_62.wav,dataset/chunks/noakhali/noa_cate_07/sentence_62.wav,আমরা নতুন চারা কিনব।,noakhali,cate_07,,
sentence_63.wav,dataset/chunks/noakhali/noa_cate_07/sentence_63.wav,কি মাছের খাদ্য ভালো ফলন দিচ্ছে?,noakhali,cate_07,,
sentence_64.wav,dataset/chunks/noakhali/noa_cate_07/sentence_64.wav,জমি খুব উর্বর।,noakhali,cate_07,,
sentence_65.wav,dataset/chunks/noakhali/noa_cate_07/sentence_65.wav,পুকুরের পানি পরিষ্কার রাখা হয়েছে।,noakhali,cate_07,,
sentence_66.wav,dataset/chunks/noakhali/noa_cate_07/sentence_66.wav,আমি ধানের ক্ষেতে যাচ্ছি।,noakhali,cate_07,,
sentence_67.wav,dataset/chunks/noakhali/noa_cate_07/sentence_67.wav,ফসল রক্ষা করতে কৃষক সতর্ক।,noakhali,cate_07,,
sentence_68.wav,dataset/chunks/noakhali/noa_cate_07/sentence_68.wav,আমরা গবাদি পশু বিক্রির পরিকল্পনা করেছি।,noakhali,cate_07,,
sentence_69.wav,dataset/chunks/noakhali/noa_cate_07/sentence_69.wav,ধানের ক্ষেতে জৈব সার প্রয়োগ করা হয়েছে।,noakhali,cate_07,,
sentence_70.wav,dataset/chunks/noakhali/noa_cate_07/sentence_70.wav,আমাদের পুকুরে নতুন মাছ এসেছে।,noakhali,cate_07,,
sentence_01.wav,dataset/chunks/noakhali/noa_cate_09/sentence_01.wav,আজ খুব গরম।,noakhali,cate_09,SPK_39,Female
sentence_02.wav,dataset/chunks/noakhali/noa_cate_09/sentence_02.wav,কাল বৃষ্টি হবে কি?,noakhali,cate_09,SPK_39,Female
sentence_03.wav,dataset/chunks/noakhali/noa_cate_09/sentence_03.wav,বাতাস কেমন চলছে?,noakhali,cate_09,SPK_39,Female
sentence_04.wav,dataset/chunks/noakhali/noa_cate_09/sentence_04.wav,আজ সূর্য ভালোভাবে উঠেছে।,noakhali,cate_09,SPK_39,Female
sentence_05.wav,dataset/chunks/noakhali/noa_cate_09/sentence_05.wav,তাপমাত্রা কত?,noakhali,cate_09,SPK_39,Female
sentence_06.wav,dataset/chunks/noakhali/noa_cate_09/sentence_06.wav,আজ মেঘলা দিন।,noakhali,cate_09,SPK_39,Female
sentence_07.wav,dataset/chunks/noakhali/noa_cate_09/sentence_07.wav,বাতাস খুব ঠান্ডা।,noakhali,cate_09,SPK_39,Female
sentence_08.wav,dataset/chunks/noakhali/noa_cate_09/sentence_08.wav,আজ দিনের আলো সুন্দর।,noakhali,cate_09,SPK_39,Female
sentence_09.wav,dataset/chunks/noakhali/noa_cate_09/sentence_09.wav,ঝড় আসছে কি?,noakhali,cate_09,SPK_39,Female
sentence_10.wav,dataset/chunks/noakhali/noa_cate_09/sentence_10.wav,আজ রাত খুব ঠান্ডা।,noakhali,cate_09,SPK_39,Female
sentence_11.wav,dataset/chunks/noakhali/noa_cate_09/sentence_11.wav,আকাশ পরিষ্কার।,noakhali,cate_09,SPK_39,Female
sentence_12.wav,dataset/chunks/noakhali/noa_cate_09/sentence_12.wav,বৃষ্টি শুরু হয়েছে।,noakhali,cate_09,SPK_39,Female
sentence_13.wav,dataset/chunks/noakhali/noa_cate_09/sentence_13.wav,তাপমাত্রা বেশি হলে গরম লাগবে।,noakhali,cate_09,SPK_39,Female
sentence_14.wav,dataset/chunks/noakhali/noa_cate_09/sentence_14.wav,ধুলোবালি কেটে গেছে।,noakhali,cate_09,SPK_39,Female
sentence_15.wav,dataset/chunks/noakhali/noa_cate_09/sentence_15.wav,জলবায়ু পরিবর্তন হচ্ছে।,noakhali,cate_09,SPK_39,Female
sentence_16.wav,dataset/chunks/noakhali/noa_cate_09/sentence_16.wav,আজ সূর্য ঝলমল করছে।,noakhali,cate_09,SPK_39,Female
sentence_17.wav,dataset/chunks/noakhali/noa_cate_09/sentence_17.wav,বাতাস কি বেশি তীব্র?,noakhali,cate_09,SPK_39,Female
sentence_18.wav,dataset/chunks/noakhali/noa_cate_09/sentence_18.wav,আজ দিনের তাপমাত্রা ৩৫°সেলসিয়াস।,noakhali,cate_09,SPK_39,Female
sentence_19.wav,dataset/chunks/noakhali/noa_cate_09/sentence_19.wav,আকাশে সবুজ মেঘ।,noakhali,cate_09,SPK_39,Female
sentence_20.wav,dataset/chunks/noakhali/noa_cate_09/sentence_20.wav,বৃষ্টির পর মাটি ভিজে গেছে।,noakhali,cate_09,SPK_39,Female
sentence_21.wav,dataset/chunks/noakhali/noa_cate_09/sentence_21.wav,আজ খুব আর্দ্রতা আছে।,noakhali,cate_09,SPK_39,Female
sentence_22.wav,dataset/chunks/noakhali/noa_cate_09/sentence_22.wav,কি ধরনের আবহাওয়া আপনার পছন্দ?,noakhali,cate_09,SPK_39,Female
sentence_23.wav,dataset/chunks/noakhali/noa_cate_09/sentence_23.wav,সূর্যাস্ত খুব সুন্দর হয়েছে।,noakhali,cate_09,SPK_39,Female
sentence_24.wav,dataset/chunks/noakhali/noa_cate_09/sentence_24.wav,আগামীকাল খুব ঠান্ডা হবে।,noakhali,cate_09,SPK_39,Female
sentence_25.wav,dataset/chunks/noakhali/noa_cate_09/sentence_25.wav,ঝড়ের পূর্বাভাস আছে।,noakhali,cate_09,SPK_39,Female
sentence_26.wav,dataset/chunks/noakhali/noa_cate_09/sentence_26.wav,বাতাসের দিক পরিবর্তিত হয়েছে।,noakhali,cate_09,SPK_39,Female
sentence_27.wav,dataset/chunks/noakhali/noa_cate_09/sentence_27.wav,আকাশে সূর্যোদয় দেখা যাচ্ছে।,noakhali,cate_09,SPK_39,Female
sentence_28.wav,dataset/chunks/noakhali/noa_cate_09/sentence_28.wav,আজ রাতের আকাশে তারা দেখা যাচ্ছে।,noakhali,cate_09,SPK_39,Female
sentence_29.wav,dataset/chunks/noakhali/noa_cate_09/sentence_29.wav,বাতাসে তীব্রতা আছে কি?,noakhali,cate_09,SPK_39,Female
sentence_30.wav,dataset/chunks/noakhali/noa_cate_09/sentence_30.wav,গ্রীষ্মকাল খুব গরম।,noakhali,cate_09,SPK_39,Female
sentence_31.wav,dataset/chunks/noakhali/noa_cate_09/sentence_31.wav,শীতকাল খুব ঠান্ডা।,noakhali,cate_09,SPK_39,Female
sentence_32.wav,dataset/chunks/noakhali/noa_cate_09/sentence_32.wav,আজকের আর্দ্রতা কেমন?,noakhali,cate_09,SPK_39,Female
sentence_33.wav,dataset/chunks/noakhali/noa_cate_09/sentence_33.wav,মেঘ কেটে গেছে।,noakhali,cate_09,SPK_39,Female
sentence_34.wav,dataset/chunks/noakhali/noa_cate_09/sentence_34.wav,ঝড়ের সময় বাইরে যাবেন না।,noakhali,cate_09,SPK_39,Female
sentence_35.wav,dataset/chunks/noakhali/noa_cate_09/sentence_35.wav,আজকের আকাশ নীল।,noakhali,cate_09,SPK_39,Female
sentence_36.wav,dataset/chunks/noakhali/noa_cate_09/sentence_36.wav,বাতাসে ধুলো আছে।,noakhali,cate_09,SPK_39,Female
sentence_37.wav,dataset/chunks/noakhali/noa_cate_09/sentence_37.wav,বৃষ্টির পর সবুজ গাছ আরও সুন্দর।,noakhali,cate_09,SPK_39,Female
sentence_38.wav,dataset/chunks/noakhali/noa_cate_09/sentence_38.wav,আজ খুব ধোঁয়া আছে।,noakhali,cate_09,SPK_39,Female
sentence_39.wav,dataset/chunks/noakhali/noa_cate_09/sentence_39.wav,আগামীকাল বৃষ্টি হবে কি?,noakhali,cate_09,SPK_39,Female
sentence_40.wav,dataset/chunks/noakhali/noa_cate_09/sentence_40.wav,আজ দুপুরে তাপমাত্রা কম।,noakhali,cate_09,SPK_39,Female
sentence_41.wav,dataset/chunks/noakhali/noa_cate_09/sentence_41.wav,সূর্য আকাশে উজ্জ্বল।,noakhali,cate_09,SPK_39,Female
sentence_42.wav,dataset/chunks/noakhali/noa_cate_09/sentence_42.wav,আজ বাতাস একটু ঠান্ডা।,noakhali,cate_09,SPK_39,Female
sentence_43.wav,dataset/chunks/noakhali/noa_cate_09/sentence_43.wav,ঝড়ের সময় কি precautions নিতে হবে?,noakhali,cate_09,SPK_39,Female
sentence_44.wav,dataset/chunks/noakhali/noa_cate_09/sentence_44.wav,আজকের আবহাওয়া স্বাভাবিক।,noakhali,cate_09,SPK_39,Female
sentence_45.wav,dataset/chunks/noakhali/noa_cate_09/sentence_45.wav,বৃষ্টি হলে রাস্তা ভিজে যাবে।,noakhali,cate_09,SPK_39,Female
sentence_46.wav,dataset/chunks/noakhali/noa_cate_09/sentence_46.wav,হাওয়া খুব নরম।,noakhali,cate_09,SPK_39,Female
sentence_47.wav,dataset/chunks/noakhali/noa_cate_09/sentence_47.wav,আজ সূর্য উঠার সময় দেরি হয়েছে।,noakhali,cate_09,SPK_39,Female
sentence_48.wav,dataset/chunks/noakhali/noa_cate_09/sentence_48.wav,আবহাওয়া রিপোর্ট কি হয়েছে?,noakhali,cate_09,SPK_39,Female
sentence_49.wav,dataset/chunks/noakhali/noa_cate_09/sentence_49.wav,আজকের তাপমাত্রা বেশী।,noakhali,cate_09,SPK_39,Female
sentence_50.wav,dataset/chunks/noakhali/noa_cate_09/sentence_50.wav,রাতে খুব ঠান্ডা হবে।,noakhali,cate_09,SPK_39,Female
sentence_51.wav,dataset/chunks/noakhali/noa_cate_09/sentence_51.wav,গ্রীষ্মের দিন দীর্ঘ।,noakhali,cate_09,SPK_39,Female
sentence_52.wav,dataset/chunks/noakhali/noa_cate_09/sentence_52.wav,শীতের রাত ছোট।,noakhali,cate_09,SPK_39,Female
sentence_53.wav,dataset/chunks/noakhali/noa_cate_09/sentence_53.wav,ঝড়ের কারণে বিদ্যুৎ চলে গেছে।,noakhali,cate_09,SPK_39,Female
sentence_54.wav,dataset/chunks/noakhali/noa_cate_09/sentence_54.wav,মেঘলা দিনে ছবি তোলা ভালো।,noakhali,cate_09,SPK_39,Female
sentence_55.wav,dataset/chunks/noakhali/noa_cate_09/sentence_55.wav,বাতাসে আর্দ্রতা বেশি।,noakhali,cate_09,SPK_39,Female
sentence_56.wav,dataset/chunks/noakhali/noa_cate_09/sentence_56.wav,কি ধরনের বাতাস চলছে?,noakhali,cate_09,SPK_39,Female
sentence_57.wav,dataset/chunks/noakhali/noa_cate_09/sentence_57.wav,আজ রাতের আকাশ পরিষ্কার।,noakhali,cate_09,SPK_39,Female
sentence_58.wav,dataset/chunks/noakhali/noa_cate_09/sentence_58.wav,বৃষ্টিপাত কম।,noakhali,cate_09,SPK_39,Female
sentence_59.wav,dataset/chunks/noakhali/noa_cate_09/sentence_59.wav,আগামীকাল তাপমাত্রা বাড়বে।,noakhali,cate_09,SPK_39,Female
sentence_60.wav,dataset/chunks/noakhali/noa_cate_09/sentence_60.wav,ঝড়ের সময় সড়ক নিরাপদ নয়।,noakhali,cate_09,SPK_39,Female
sentence_61.wav,dataset/chunks/noakhali/noa_cate_09/sentence_61.wav,আজ হালকা বৃষ্টি হচ্ছে।,noakhali,cate_09,SPK_39,Female
sentence_62.wav,dataset/chunks/noakhali/noa_cate_09/sentence_62.wav,বাতাসের তীব্রতা কমেছে।,noakhali,cate_09,SPK_39,Female
sentence_63.wav,dataset/chunks/noakhali/noa_cate_09/sentence_63.wav,আজকের সূর্যাস্ত সুন্দর।,noakhali,cate_09,SPK_39,Female
sentence_64.wav,dataset/chunks/noakhali/noa_cate_09/sentence_64.wav,কি সময়ে বৃষ্টি হবে?,noakhali,cate_09,SPK_39,Female
sentence_65.wav,dataset/chunks/noakhali/noa_cate_09/sentence_65.wav,আকাশে মেঘ অনেক।,noakhali,cate_09,SPK_39,Female
sentence_66.wav,dataset/chunks/noakhali/noa_cate_09/sentence_66.wav,আজ খুব শীতল দিন।,noakhali,cate_09,SPK_39,Female
sentence_67.wav,dataset/chunks/noakhali/noa_cate_09/sentence_67.wav,বাতাসের দিক পূর্ব।,noakhali,cate_09,SPK_39,Female
sentence_68.wav,dataset/chunks/noakhali/noa_cate_09/sentence_68.wav,হঠাৎ ঝড় এসেছে।,noakhali,cate_09,SPK_39,Female
sentence_69.wav,dataset/chunks/noakhali/noa_cate_09/sentence_69.wav,আজ খুব রৌদ্রজ্জ্বল।,noakhali,cate_09,SPK_39,Female
sentence_70.wav,dataset/chunks/noakhali/noa_cate_09/sentence_70.wav,আগামীকাল হালকা বাতাস থাকবে।,noakhali,cate_09,SPK_39,Female
sentence_01.wav,dataset/chunks/noakhali/noa_cate_10/sentence_01.wav,আপনি কিভাবে পহেলা বৈশাখ উদযাপন করেন?,noakhali,cate_10,SPK_40,Female
sentence_02.wav,dataset/chunks/noakhali/noa_cate_10/sentence_02.wav,আমি পহেলা বৈশাখে নতুন জামা পরি।,noakhali,cate_10,SPK_40,Female
sentence_03.wav,dataset/chunks/noakhali/noa_cate_10/sentence_03.wav,আমাদের গ্রামে ঈদ খুব বড় উৎসব।,noakhali,cate_10,SPK_40,Female
sentence_04.wav,dataset/chunks/noakhali/noa_cate_10/sentence_04.wav,আপনি পূজা কিভাবে পালন করেন?,noakhali,cate_10,SPK_40,Female
sentence_05.wav,dataset/chunks/noakhali/noa_cate_10/sentence_05.wav,আমরা দুর্গাপূজা দেখতে যাই।,noakhali,cate_10,SPK_40,Female
sentence_06.wav,dataset/chunks/noakhali/noa_cate_10/sentence_06.wav,আমার পরিবার নববর্ষ উদযাপন করে।,noakhali,cate_10,SPK_40,Female
sentence_07.wav,dataset/chunks/noakhali/noa_cate_10/sentence_07.wav,কি ধরনের খাবার উৎসবে থাকে?,noakhali,cate_10,SPK_40,Female
sentence_08.wav,dataset/chunks/noakhali/noa_cate_10/sentence_08.wav,আমরা ঈদের দিনে গিয়ে কার্ড দিই।,noakhali,cate_10,SPK_40,Female
sentence_09.wav,dataset/chunks/noakhali/noa_cate_10/sentence_09.wav,পহেলা বৈশাখে আমরা বাজারে যাই।,noakhali,cate_10,SPK_40,Female
sentence_10.wav,dataset/chunks/noakhali/noa_cate_10/sentence_10.wav,আমরা পহেলা বৈশাখে রঙিন পোশাক পরি।,noakhali,cate_10,SPK_40,Female
sentence_11.wav,dataset/chunks/noakhali/noa_cate_10/sentence_11.wav,হোলি আমাদের বন্ধুদের সঙ্গে খেলা হয়।,noakhali,cate_10,SPK_40,Female
sentence_12.wav,dataset/chunks/noakhali/noa_cate_10/sentence_12.wav,উৎসবে কি ধরনের গান বাজে?,noakhali,cate_10,SPK_40,Female
sentence_13.wav,dataset/chunks/noakhali/noa_cate_10/sentence_13.wav,আমরা লালবসন্ত উৎসব পালন করি।,noakhali,cate_10,SPK_40,Female
sentence_14.wav,dataset/chunks/noakhali/noa_cate_10/sentence_14.wav,আমাদের গ্রামে বর্ষবরণ খুব উৎসবমুখর।,noakhali,cate_10,SPK_40,Female
sentence_15.wav,dataset/chunks/noakhali/noa_cate_10/sentence_15.wav,পহেলা বৈশাখে নতুন বছরের জন্য শুভেচ্ছা বিনিময় করি।,noakhali,cate_10,SPK_40,Female
sentence_16.wav,dataset/chunks/noakhali/noa_cate_10/sentence_16.wav,আমরা ঈদে পরিবারের সঙ্গে ভ্রমণ করি।,noakhali,cate_10,SPK_40,Female
sentence_17.wav,dataset/chunks/noakhali/noa_cate_10/sentence_17.wav,দুর্গাপূজায় মন্দিরে ফুল সাজানো হয়।,noakhali,cate_10,SPK_40,Female
sentence_18.wav,dataset/chunks/noakhali/noa_cate_10/sentence_18.wav,কি ধরনের পোশাক উৎসবে পরা হয়?,noakhali,cate_10,SPK_40,Female
sentence_19.wav,dataset/chunks/noakhali/noa_cate_10/sentence_19.wav,নববর্ষে আমরা মিষ্টি খাই।,noakhali,cate_10,SPK_40,Female
sentence_20.wav,dataset/chunks/noakhali/noa_cate_10/sentence_20.wav,আমরা ঈদের সকালে নতুন জামা পরি।,noakhali,cate_10,SPK_40,Female
sentence_21.wav,dataset/chunks/noakhali/noa_cate_10/sentence_21.wav,পূজার সময় মন্দিরে ভিড় থাকে।,noakhali,cate_10,SPK_40,Female
sentence_22.wav,dataset/chunks/noakhali/noa_cate_10/sentence_22.wav,পহেলা বৈশাখে আমরা পার্কে যাই।,noakhali,cate_10,SPK_40,Female
sentence_23.wav,dataset/chunks/noakhali/noa_cate_10/sentence_23.wav,হোলিতে রঙ ব্যবহার করা হয়।,noakhali,cate_10,SPK_40,Female
sentence_24.wav,dataset/chunks/noakhali/noa_cate_10/sentence_24.wav,আমরা ভোরে পূজার অর্ঘ্য দিই।,noakhali,cate_10,SPK_40,Female
sentence_25.wav,dataset/chunks/noakhali/noa_cate_10/sentence_25.wav,ঈদে আমরা একে অপরকে শুভেচ্ছা জানাই।,noakhali,cate_10,SPK_40,Female
sentence_26.wav,dataset/chunks/noakhali/noa_cate_10/sentence_26.wav,উৎসবের জন্য নতুন সাজসজ্জা করা হয়েছে।,noakhali,cate_10,SPK_40,Female
sentence_27.wav,dataset/chunks/noakhali/noa_cate_10/sentence_27.wav,আমরা নববর্ষে গান গাই।,noakhali,cate_10,SPK_40,Female
sentence_28.wav,dataset/chunks/noakhali/noa_cate_10/sentence_28.wav,দুর্গাপূজায় কুমারী পূজা হয়।,noakhali,cate_10,SPK_40,Female
sentence_29.wav,dataset/chunks/noakhali/noa_cate_10/sentence_29.wav,কি ধরনের খেলাধুলা উৎসবে হয়?,noakhali,cate_10,SPK_40,Female
sentence_30.wav,dataset/chunks/noakhali/noa_cate_10/sentence_30.wav,আমরা হোলিতে একে অপরকে রঙ দিই।,noakhali,cate_10,SPK_40,Female
sentence_31.wav,dataset/chunks/noakhali/noa_cate_10/sentence_31.wav,উৎসবে আমরা নাচ গান করি।,noakhali,cate_10,SPK_40,Female
sentence_32.wav,dataset/chunks/noakhali/noa_cate_10/sentence_32.wav,ঈদের দিনে বাজারে ভিড় হয়।,noakhali,cate_10,SPK_40,Female
sentence_33.wav,dataset/chunks/noakhali/noa_cate_10/sentence_33.wav,পহেলা বৈশাখে আমরা মেলা দেখতে যাই।,noakhali,cate_10,SPK_40,Female
sentence_34.wav,dataset/chunks/noakhali/noa_cate_10/sentence_34.wav,নববর্ষে আমরা নতুন পরিকল্পনা করি।,noakhali,cate_10,SPK_40,Female
sentence_35.wav,dataset/chunks/noakhali/noa_cate_10/sentence_35.wav,দুর্গাপূজায় মন্দিরে আলোকসজ্জা করা হয়।,noakhali,cate_10,SPK_40,Female
sentence_36.wav,dataset/chunks/noakhali/noa_cate_10/sentence_36.wav,হোলিতে আমরা বন্ধুদের সঙ্গে মজা করি।,noakhali,cate_10,SPK_40,Female
sentence_37.wav,dataset/chunks/noakhali/noa_cate_10/sentence_37.wav,কি ধরনের খাবার পূজায় পরিবেশিত হয়?,noakhali,cate_10,SPK_40,Female
sentence_38.wav,dataset/chunks/noakhali/noa_cate_10/sentence_38.wav,আমরা নববর্ষে পরিবারকে উপহার দেই।,noakhali,cate_10,SPK_40,Female
sentence_39.wav,dataset/chunks/noakhali/noa_cate_10/sentence_39.wav,ঈদের সকালে আমরা মসজিদে যাই।,noakhali,cate_10,SPK_40,Female
sentence_40.wav,dataset/chunks/noakhali/noa_cate_10/sentence_40.wav,উৎসবে আমরা traditional পোশাক পরি।,noakhali,cate_10,SPK_40,Female
sentence_41.wav,dataset/chunks/noakhali/noa_cate_10/sentence_41.wav,পহেলা বৈশাখে আমরা রঙিন মিছিল করি।,noakhali,cate_10,SPK_40,Female
sentence_42.wav,dataset/chunks/noakhali/noa_cate_10/sentence_42.wav,হোলিতে আমরা বিভিন্ন রঙের জল ব্যবহার করি।,noakhali,cate_10,SPK_40,Female
sentence_43.wav,dataset/chunks/noakhali/noa_cate_10/sentence_43.wav,নববর্ষের অনুষ্ঠানে গান বাজানো হয়।,noakhali,cate_10,SPK_40,Female
sentence_44.wav,dataset/chunks/noakhali/noa_cate_10/sentence_44.wav,আমরা ঈদের দিনে প্রিয়জনের সঙ্গে খাবার খাই।,noakhali,cate_10,SPK_40,Female
sentence_45.wav,dataset/chunks/noakhali/noa_cate_10/sentence_45.wav,দুর্গাপূজায় প্রতিমা সাজানো হয়।,noakhali,cate_10,SPK_40,Female
sentence_46.wav,dataset/chunks/noakhali/noa_cate_10/sentence_46.wav,উৎসবে আমরা সবাই একসাথে আনন্দ করি।,noakhali,cate_10,SPK_40,Female
sentence_47.wav,dataset/chunks/noakhali/noa_cate_10/sentence_47.wav,পহেলা বৈশাখে নতুন বছরের শুরু হয়।,noakhali,cate_10,SPK_40,Female
sentence_48.wav,dataset/chunks/noakhali/noa_cate_10/sentence_48.wav,নববর্ষে আমরা খোলা আকাশের নিচে অনুষ্ঠান করি।,noakhali,cate_10,SPK_40,Female
sentence_49.wav,dataset/chunks/noakhali/noa_cate_10/sentence_49.wav,ঈদে আমরা একে অপরকে উপহার দেই।,noakhali,cate_10,SPK_40,Female
sentence_50.wav,dataset/chunks/noakhali/noa_cate_10/sentence_50.wav,হোলিতে শিশুদের আনন্দ বেশি।,noakhali,cate_10,SPK_40,Female
sentence_51.wav,dataset/chunks/noakhali/noa_cate_10/sentence_51.wav,আমরা পহেলা বৈশাখে রঙিন পুতুল তৈরি করি।,noakhali,cate_10,SPK_40,Female
sentence_52.wav,dataset/chunks/noakhali/noa_cate_10/sentence_52.wav,দুর্গাপূজায় মন্দিরে ভক্তদের ভিড় থাকে।,noakhali,cate_10,SPK_40,Female
sentence_53.wav,dataset/chunks/noakhali/noa_cate_10/sentence_53.wav,নববর্ষের দিনে আমরা traditional খাবার খাই।,noakhali,cate_10,SPK_40,Female
sentence_54.wav,dataset/chunks/noakhali/noa_cate_10/sentence_54.wav,হোলিতে আমরা গান বাজাই।,noakhali,cate_10,SPK_40,Female
sentence_55.wav,dataset/chunks/noakhali/noa_cate_10/sentence_55.wav,ঈদে আমরা পরিবারের সঙ্গে আনন্দ করি।,noakhali,cate_10,SPK_40,Female
sentence_56.wav,dataset/chunks/noakhali/noa_cate_10/sentence_56.wav,পহেলা বৈশাখে আমরা বাজার থেকে খাবার কিনি।,noakhali,cate_10,SPK_40,Female
sentence_57.wav,dataset/chunks/noakhali/noa_cate_10/sentence_57.wav,নববর্ষে আমরা cultural অনুষ্ঠানে অংশ নিই।,noakhali,cate_10,SPK_40,Female
sentence_58.wav,dataset/chunks/noakhali/noa_cate_10/sentence_58.wav,দুর্গাপূজায় আমরা মেলা দেখি।,noakhali,cate_10,SPK_40,Female
sentence_59.wav,dataset/chunks/noakhali/noa_cate_10/sentence_59.wav,হোলিতে আমরা একে অপরকে মিষ্টি দিই।,noakhali,cate_10,SPK_40,Female
sentence_60.wav,dataset/chunks/noakhali/noa_cate_10/sentence_60.wav,আমরা পহেলা বৈশাখে traditional নাচ করি।,noakhali,cate_10,SPK_40,Female
sentence_61.wav,dataset/chunks/noakhali/noa_cate_10/sentence_61.wav,নববর্ষে আমরা নতুন বছরের জন্য প্রার্থনা করি।,noakhali,cate_10,SPK_40,Female
sentence_62.wav,dataset/chunks/noakhali/noa_cate_10/sentence_62.wav,ঈদের সকালে আমরা মসজিদে যাওয়া শুরু করি।,noakhali,cate_10,SPK_40,Female
sentence_63.wav,dataset/chunks/noakhali/noa_cate_10/sentence_63.wav,হোলিতে আমরা বন্ধুদের সঙ্গে আনন্দ করি।,noakhali,cate_10,SPK_40,Female
sentence_64.wav,dataset/chunks/noakhali/noa_cate_10/sentence_64.wav,পহেলা বৈশাখে আমাদের গ্রামে মেলা হয়।,noakhali,cate_10,SPK_40,Female
sentence_65.wav,dataset/chunks/noakhali/noa_cate_10/sentence_65.wav,নববর্ষের অনুষ্ঠান সকাল থেকে শুরু হয়।,noakhali,cate_10,SPK_40,Female
sentence_66.wav,dataset/chunks/noakhali/noa_cate_10/sentence_66.wav,দুর্গাপূজায় শিশুদের জন্য খেলা হয়।,noakhali,cate_10,SPK_40,Female
sentence_67.wav,dataset/chunks/noakhali/noa_cate_10/sentence_67.wav,হোলিতে আমরা রঙিন পাউডার ব্যবহার করি।,noakhali,cate_10,SPK_40,Female
sentence_68.wav,dataset/chunks/noakhali/noa_cate_10/sentence_68.wav,ঈদে আমরা গ্রামের বাড়িতে যাই।,noakhali,cate_10,SPK_40,Female
sentence_69.wav,dataset/chunks/noakhali/noa_cate_10/sentence_69.wav,পহেলা বৈশাখে আমরা নতুন বছরের জন্য সুইট খাই।,noakhali,cate_10,SPK_40,Female
sentence_70.wav,dataset/chunks/noakhali/noa_cate_10/sentence_70.wav,নববর্ষে আমরা সকলের সঙ্গে আনন্দ ভাগ করি।,noakhali,cate_10,SPK_40,Female
sentence_01.wav,dataset/chunks/noakhali/noa_cate_11/sentence_01.wav,আপনার পরীক্ষা কবে?,noakhali,cate_11,SPK_10,Male
sentence_02.wav,dataset/chunks/noakhali/noa_cate_11/sentence_02.wav,আমি সকাল ৯টায় স্কুলে যাই।,noakhali,cate_11,SPK_10,Male
sentence_03.wav,dataset/chunks/noakhali/noa_cate_11/sentence_03.wav,আজ কোন বিষয়ের ক্লাস আছে?,noakhali,cate_11,SPK_10,Male
sentence_04.wav,dataset/chunks/noakhali/noa_cate_11/sentence_04.wav,আমি গণিত পড়াশোনা করছি।,noakhali,cate_11,SPK_10,Male
sentence_05.wav,dataset/chunks/noakhali/noa_cate_11/sentence_05.wav,আপনার শিক্ষক কে?,noakhali,cate_11,SPK_10,Male
sentence_06.wav,dataset/chunks/noakhali/noa_cate_11/sentence_06.wav,আমার ক্লাস খুব ছোট।,noakhali,cate_11,SPK_10,Male
sentence_07.wav,dataset/chunks/noakhali/noa_cate_11/sentence_07.wav,পরীক্ষা কঠিন হবে কি?,noakhali,cate_11,SPK_10,Male
sentence_08.wav,dataset/chunks/noakhali/noa_cate_11/sentence_08.wav,আমি আজ বাংলা পরীক্ষা দিচ্ছি।,noakhali,cate_11,SPK_10,Male
sentence_09.wav,dataset/chunks/noakhali/noa_cate_11/sentence_09.wav,আপনি কোন কলেজে পড়েন?,noakhali,cate_11,SPK_10,Male
sentence_10.wav,dataset/chunks/noakhali/noa_cate_11/sentence_10.wav,আমার বন্ধু বিজ্ঞান পড়ে।,noakhali,cate_11,SPK_10,Male
sentence_11.wav,dataset/chunks/noakhali/noa_cate_11/sentence_11.wav,আমরা স্কুলে প্রতিদিন ৬ ঘণ্টা পড়ি।,noakhali,cate_11,SPK_10,Male
sentence_12.wav,dataset/chunks/noakhali/noa_cate_11/sentence_12.wav,আপনার হোমওয়ার্ক শেষ হয়েছে কি?,noakhali,cate_11,SPK_10,Male
sentence_13.wav,dataset/chunks/noakhali/noa_cate_11/sentence_13.wav,আমি ইতিহাস পড়তে ভালোবাসি।,noakhali,cate_11,SPK_10,Male
sentence_14.wav,dataset/chunks/noakhali/noa_cate_11/sentence_14.wav,আপনার শিক্ষক ক্লাসে কঠোর কি?,noakhali,cate_11,SPK_10,Male
sentence_15.wav,dataset/chunks/noakhali/noa_cate_11/sentence_15.wav,আমরা লাইব্রেরিতে বই পড়ি।,noakhali,cate_11,SPK_10,Male
sentence_16.wav,dataset/chunks/noakhali/noa_cate_11/sentence_16.wav,পরীক্ষা কত নম্বরের?,noakhali,cate_11,SPK_10,Male
sentence_17.wav,dataset/chunks/noakhali/noa_cate_11/sentence_17.wav,আমার সহপাঠী খুব স্মার্ট।,noakhali,cate_11,SPK_10,Male
sentence_18.wav,dataset/chunks/noakhali/noa_cate_11/sentence_18.wav,আপনি কোন বিষয়ে দুর্বল?,noakhali,cate_11,SPK_10,Male
sentence_19.wav,dataset/chunks/noakhali/noa_cate_11/sentence_19.wav,আমি প্রতিদিন ইংরেজি অনুশীলন করি।,noakhali,cate_11,SPK_10,Male
sentence_20.wav,dataset/chunks/noakhali/noa_cate_11/sentence_20.wav,শিক্ষক আজ নতুন পাঠ শেখালেন।,noakhali,cate_11,SPK_10,Male
sentence_21.wav,dataset/chunks/noakhali/noa_cate_11/sentence_21.wav,আপনার ক্লাসের সময়সূচি কি?,noakhali,cate_11,SPK_10,Male
sentence_22.wav,dataset/chunks/noakhali/noa_cate_11/sentence_22.wav,আমি পরীক্ষার জন্য প্রস্তুতি নিচ্ছি।,noakhali,cate_11,SPK_10,Male
sentence_23.wav,dataset/chunks/noakhali/noa_cate_11/sentence_23.wav,আমরা বিজ্ঞান ল্যাবে পরীক্ষা করি।,noakhali,cate_11,SPK_10,Male
sentence_24.wav,dataset/chunks/noakhali/noa_cate_11/sentence_24.wav,আপনার স্কুলের নাম কি?,noakhali,cate_11,SPK_10,Male
sentence_25.wav,dataset/chunks/noakhali/noa_cate_11/sentence_25.wav,আমার প্রিয় শিক্ষক খুব সহায়ক।,noakhali,cate_11,SPK_10,Male
sentence_26.wav,dataset/chunks/noakhali/noa_cate_11/sentence_26.wav,আমরা গ্রুপ স্টাডি করি।,noakhali,cate_11,SPK_10,Male
sentence_27.wav,dataset/chunks/noakhali/noa_cate_11/sentence_27.wav,আপনি কোন বিষয়ে ভালো?,noakhali,cate_11,SPK_10,Male
sentence_28.wav,dataset/chunks/noakhali/noa_cate_11/sentence_28.wav,আমি নতুন বিষয় শিখতে ভালোবাসি।,noakhali,cate_11,SPK_10,Male
sentence_29.wav,dataset/chunks/noakhali/noa_cate_11/sentence_29.wav,পরীক্ষা শেষ হলে আমরা ছুটি পাই।,noakhali,cate_11,SPK_10,Male
sentence_30.wav,dataset/chunks/noakhali/noa_cate_11/sentence_30.wav,আমার স্কুলে বড় লাইব্রেরি আছে।,noakhali,cate_11,SPK_10,Male
sentence_31.wav,dataset/chunks/noakhali/noa_cate_11/sentence_31.wav,আপনার ক্লাসের সংখ্যা কত?,noakhali,cate_11,SPK_10,Male
sentence_32.wav,dataset/chunks/noakhali/noa_cate_11/sentence_32.wav,আমি প্রতিদিন সকালে পড়াশোনা করি।,noakhali,cate_11,SPK_10,Male
sentence_33.wav,dataset/chunks/noakhali/noa_cate_11/sentence_33.wav,শিক্ষক আজ গণিতের সমস্যা দেখালেন।,noakhali,cate_11,SPK_10,Male
sentence_34.wav,dataset/chunks/noakhali/noa_cate_11/sentence_34.wav,আপনার সহপাঠী কি সাহায্য করছে?,noakhali,cate_11,SPK_10,Male
sentence_35.wav,dataset/chunks/noakhali/noa_cate_11/sentence_35.wav,আমি পরীক্ষার জন্য নোট তৈরি করছি।,noakhali,cate_11,SPK_10,Male
sentence_36.wav,dataset/chunks/noakhali/noa_cate_11/sentence_36.wav,আমরা স্কুলে বিভিন্ন কার্যক্রম করি।,noakhali,cate_11,SPK_10,Male
sentence_37.wav,dataset/chunks/noakhali/noa_cate_11/sentence_37.wav,আপনার শিক্ষক কি ভালো ব্যাখ্যা করেন?,noakhali,cate_11,SPK_10,Male
sentence_38.wav,dataset/chunks/noakhali/noa_cate_11/sentence_38.wav,আমি ইংরেজি বলার অনুশীলন করি।,noakhali,cate_11,SPK_10,Male
sentence_39.wav,dataset/chunks/noakhali/noa_cate_11/sentence_39.wav,আজ ক্লাসে প্র্যাকটিক্যাল হয়েছে।,noakhali,cate_11,SPK_10,Male
sentence_40.wav,dataset/chunks/noakhali/noa_cate_11/sentence_40.wav,আপনার হোমওয়ার্ক কত পৃষ্ঠা?,noakhali,cate_11,SPK_10,Male
sentence_41.wav,dataset/chunks/noakhali/noa_cate_11/sentence_41.wav,আমি পরীক্ষার জন্য প্রশ্ন সমাধান করছি।,noakhali,cate_11,SPK_10,Male
sentence_42.wav,dataset/chunks/noakhali/noa_cate_11/sentence_42.wav,আমরা স্কুলে বার্ষিক ক্রীড়া প্রতিযোগিতা করি।,noakhali,cate_11,SPK_10,Male
sentence_43.wav,dataset/chunks/noakhali/noa_cate_11/sentence_43.wav,আপনার শিক্ষক কি কখনও দেরি করেন?,noakhali,cate_11,SPK_10,Male
sentence_44.wav,dataset/chunks/noakhali/noa_cate_11/sentence_44.wav,আমি নতুন বই কিনেছি।,noakhali,cate_11,SPK_10,Male
sentence_45.wav,dataset/chunks/noakhali/noa_cate_11/sentence_45.wav,ক্লাসে সবাই খুব মনোযোগী।,noakhali,cate_11,SPK_10,Male
sentence_46.wav,dataset/chunks/noakhali/noa_cate_11/sentence_46.wav,আপনার স্কুলের সময়সূচি কি?,noakhali,cate_11,SPK_10,Male
sentence_47.wav,dataset/chunks/noakhali/noa_cate_11/sentence_47.wav,আমরা পরীক্ষার জন্য গ্রুপ স্টাডি করি।,noakhali,cate_11,SPK_10,Male
sentence_48.wav,dataset/chunks/noakhali/noa_cate_11/sentence_48.wav,শিক্ষক আজ বিজ্ঞান পাঠ করলেন।,noakhali,cate_11,SPK_10,Male
sentence_49.wav,dataset/chunks/noakhali/noa_cate_11/sentence_49.wav,আপনার প্রিয় বিষয় কোনটি?,noakhali,cate_11,SPK_10,Male
sentence_50.wav,dataset/chunks/noakhali/noa_cate_11/sentence_50.wav,আমি প্রতিদিন রাতে পড়াশোনা করি।,noakhali,cate_11,SPK_10,Male
sentence_51.wav,dataset/chunks/noakhali/noa_cate_11/sentence_51.wav,আমরা লাইব্রেরিতে নতুন বই দেখেছি।,noakhali,cate_11,SPK_10,Male
sentence_52.wav,dataset/chunks/noakhali/noa_cate_11/sentence_52.wav,শিক্ষক আজ পরীক্ষা নেওয়ার পরিকল্পনা করেছেন।,noakhali,cate_11,SPK_10,Male
sentence_53.wav,dataset/chunks/noakhali/noa_cate_11/sentence_53.wav,আপনার স্কুলের ছুটি কখন?,noakhali,cate_11,SPK_10,Male
sentence_54.wav,dataset/chunks/noakhali/noa_cate_11/sentence_54.wav,আমি পরীক্ষার জন্য নোটগুলি পুনরায় পড়ছি।,noakhali,cate_11,SPK_10,Male
sentence_55.wav,dataset/chunks/noakhali/noa_cate_11/sentence_55.wav,আমরা ক্লাসে project কাজ করছি।,noakhali,cate_11,SPK_10,Male
sentence_56.wav,dataset/chunks/noakhali/noa_cate_11/sentence_56.wav,আপনার সহপাঠী কি সক্রিয়?,noakhali,cate_11,SPK_10,Male
sentence_57.wav,dataset/chunks/noakhali/noa_cate_11/sentence_57.wav,আমি আজ শিক্ষকের সঙ্গে কথা বলেছি।,noakhali,cate_11,SPK_10,Male
sentence_58.wav,dataset/chunks/noakhali/noa_cate_11/sentence_58.wav,স্কুলে আমরা বিভিন্ন cultural অনুষ্ঠান করি।,noakhali,cate_11,SPK_10,Male
sentence_59.wav,dataset/chunks/noakhali/noa_cate_11/sentence_59.wav,আপনার ক্লাসে কত শিক্ষক আছেন?,noakhali,cate_11,SPK_10,Male
sentence_60.wav,dataset/chunks/noakhali/noa_cate_11/sentence_60.wav,আমি প্রতিদিন নতুন শব্দ শিখি।,noakhali,cate_11,SPK_10,Male
sentence_61.wav,dataset/chunks/noakhali/noa_cate_11/sentence_61.wav,পরীক্ষা শেষ হলে আমরা আনন্দ করি।,noakhali,cate_11,SPK_10,Male
sentence_62.wav,dataset/chunks/noakhali/noa_cate_11/sentence_62.wav,শিক্ষক আজ হোমওয়ার্ক দেখেছেন।,noakhali,cate_11,SPK_10,Male
sentence_63.wav,dataset/chunks/noakhali/noa_cate_11/sentence_63.wav,আপনার স্কুলে কত লাইব্রেরি আছে?,noakhali,cate_11,SPK_10,Male
sentence_64.wav,dataset/chunks/noakhali/noa_cate_11/sentence_64.wav,আমরা প্রতিদিন ক্লাসে active থাকি।,noakhali,cate_11,SPK_10,Male
sentence_65.wav,dataset/chunks/noakhali/noa_cate_11/sentence_65.wav,আমি পরীক্ষার জন্য extra practice করি।,noakhali,cate_11,SPK_10,Male
sentence_66.wav,dataset/chunks/noakhali/noa_cate_11/sentence_66.wav,শিক্ষক নতুন প্রশ্ন দেখিয়েছেন।,noakhali,cate_11,SPK_10,Male
sentence_67.wav,dataset/chunks/noakhali/noa_cate_11/sentence_67.wav,আপনার স্কুলের বার্ষিক পরীক্ষা কখন?,noakhali,cate_11,SPK_10,Male
sentence_68.wav,dataset/chunks/noakhali/noa_cate_11/sentence_68.wav,আমি শিক্ষকের পরামর্শ অনুসরণ করি।,noakhali,cate_11,SPK_10,Male
sentence_69.wav,dataset/chunks/noakhali/noa_cate_11/sentence_69.wav,আমরা প্রতিদিন assignment করি।,noakhali,cate_11,SPK_10,Male
sentence_70.wav,dataset/chunks/noakhali/noa_cate_11/sentence_70.wav,আপনার প্রিয় শিক্ষক কে?,noakhali,cate_11,SPK_10,Male
sentence_01.wav,dataset/chunks/noakhali/noa_cate_12/sentence_01.wav,আজকের মিটিং কবে?,noakhali,cate_12,SPK_10,Male
sentence_02.wav,dataset/chunks/noakhali/noa_cate_12/sentence_02.wav,আমি আমার রিপোর্ট প্রস্তুত করেছি।,noakhali,cate_12,SPK_10,Male
sentence_03.wav,dataset/chunks/noakhali/noa_cate_12/sentence_03.wav,অফিসে সময়মতো পৌঁছানো উচিত।,noakhali,cate_12,SPK_10,Male
sentence_04.wav,dataset/chunks/noakhali/noa_cate_12/sentence_04.wav,আপনার সহকর্মী কি সাহায্য করছে?,noakhali,cate_12,SPK_10,Male
sentence_05.wav,dataset/chunks/noakhali/noa_cate_12/sentence_05.wav,আমরা নতুন প্রকল্প শুরু করছি।,noakhali,cate_12,SPK_10,Male
sentence_06.wav,dataset/chunks/noakhali/noa_cate_12/sentence_06.wav,আজ অফিসে কি কাজ আছে?,noakhali,cate_12,SPK_10,Male
sentence_07.wav,dataset/chunks/noakhali/noa_cate_12/sentence_07.wav,আমার কম্পিউটারে সমস্যা হয়েছে।,noakhali,cate_12,SPK_10,Male
sentence_08.wav,dataset/chunks/noakhali/noa_cate_12/sentence_08.wav,মিটিংটি কত সময়ের জন্য?,noakhali,cate_12,SPK_10,Male
sentence_09.wav,dataset/chunks/noakhali/noa_cate_12/sentence_09.wav,আমি প্রেজেন্টেশন প্রস্তুত করছি।,noakhali,cate_12,SPK_10,Male
sentence_10.wav,dataset/chunks/noakhali/noa_cate_12/sentence_10.wav,আপনি কোন দপ্তরে কাজ করেন?,noakhali,cate_12,SPK_10,Male
sentence_11.wav,dataset/chunks/noakhali/noa_cate_12/sentence_11.wav,অফিসের সময়সূচি কি?,noakhali,cate_12,SPK_10,Male
sentence_12.wav,dataset/chunks/noakhali/noa_cate_12/sentence_12.wav,আমি নতুন কর্মচারী প্রশিক্ষণ দিচ্ছি।,noakhali,cate_12,SPK_10,Male
sentence_13.wav,dataset/chunks/noakhali/noa_cate_12/sentence_13.wav,আজ অফিসে তদারকি করা হয়েছে।,noakhali,cate_12,SPK_10,Male
sentence_14.wav,dataset/chunks/noakhali/noa_cate_12/sentence_14.wav,আমরা ক্লায়েন্টের সঙ্গে মিটিং করেছি।,noakhali,cate_12,SPK_10,Male
sentence_15.wav,dataset/chunks/noakhali/noa_cate_12/sentence_15.wav,আমার ল্যাপটপ কাজ করছে না।,noakhali,cate_12,SPK_10,Male
sentence_16.wav,dataset/chunks/noakhali/noa_cate_12/sentence_16.wav,অফিসের কাজ শেষ হয়েছে।,noakhali,cate_12,SPK_10,Male
sentence_17.wav,dataset/chunks/noakhali/noa_cate_12/sentence_17.wav,কি ধরনের রিপোর্ট আজ জমা দিতে হবে?,noakhali,cate_12,SPK_10,Male
sentence_18.wav,dataset/chunks/noakhali/noa_cate_12/sentence_18.wav,আমি ইমেইল পাঠাচ্ছি।,noakhali,cate_12,SPK_10,Male
sentence_19.wav,dataset/chunks/noakhali/noa_cate_12/sentence_19.wav,অফিসে নতুন নীতি প্রয়োগ করা হয়েছে।,noakhali,cate_12,SPK_10,Male
sentence_20.wav,dataset/chunks/noakhali/noa_cate_12/sentence_20.wav,আপনার সহকর্মী punctual কি?,noakhali,cate_12,SPK_10,Male
sentence_21.wav,dataset/chunks/noakhali/noa_cate_12/sentence_21.wav,আমরা অফিসে কাজ ভাগ করেছি।,noakhali,cate_12,SPK_10,Male
sentence_22.wav,dataset/chunks/noakhali/noa_cate_12/sentence_22.wav,আজ অফিসে কি মিটিং আছে?,noakhali,cate_12,SPK_10,Male
sentence_23.wav,dataset/chunks/noakhali/noa_cate_12/sentence_23.wav,আমি ক্লায়েন্টের জন্য ডকুমেন্ট তৈরি করছি।,noakhali,cate_12,SPK_10,Male
sentence_24.wav,dataset/chunks/noakhali/noa_cate_12/sentence_24.wav,অফিসের বাতাস ভালো নেই।,noakhali,cate_12,SPK_10,Male
sentence_25.wav,dataset/chunks/noakhali/noa_cate_12/sentence_25.wav,আমরা নতুন সফটওয়্যার ব্যবহার করছি।,noakhali,cate_12,SPK_10,Male
sentence_26.wav,dataset/chunks/noakhali/noa_cate_12/sentence_26.wav,কি কাজ দ্রুত শেষ করতে হবে?,noakhali,cate_12,SPK_10,Male
sentence_27.wav,dataset/chunks/noakhali/noa_cate_12/sentence_27.wav,আমার ডেস্কে অনেক নথি আছে।,noakhali,cate_12,SPK_10,Male
sentence_28.wav,dataset/chunks/noakhali/noa_cate_12/sentence_28.wav,অফিসে আজ নতুন অতিথি এসেছেন।,noakhali,cate_12,SPK_10,Male
sentence_29.wav,dataset/chunks/noakhali/noa_cate_12/sentence_29.wav,আমরা টিম মিটিং করছি।,noakhali,cate_12,SPK_10,Male
sentence_30.wav,dataset/chunks/noakhali/noa_cate_12/sentence_30.wav,আপনার কাজের অগ্রগতি কেমন?,noakhali,cate_12,SPK_10,Male
sentence_31.wav,dataset/chunks/noakhali/noa_cate_12/sentence_31.wav,আমি নতুন প্রকল্পের পরিকল্পনা করছি।,noakhali,cate_12,SPK_10,Male
sentence_32.wav,dataset/chunks/noakhali/noa_cate_12/sentence_32.wav,আজ অফিসে অনেক কাজ হয়েছে।,noakhali,cate_12,SPK_10,Male
sentence_33.wav,dataset/chunks/noakhali/noa_cate_12/sentence_33.wav,আমি ইমেইল চেক করছি।,noakhali,cate_12,SPK_10,Male
sentence_34.wav,dataset/chunks/noakhali/noa_cate_12/sentence_34.wav,অফিসের কম্পিউটার আপডেট হয়েছে।,noakhali,cate_12,SPK_10,Male
sentence_35.wav,dataset/chunks/noakhali/noa_cate_12/sentence_35.wav,আপনি আজ কোন দপ্তরে কাজ করছেন?,noakhali,cate_12,SPK_10,Male
sentence_36.wav,dataset/chunks/noakhali/noa_cate_12/sentence_36.wav,আমরা নতুন টিম মিটিং শুরু করেছি।,noakhali,cate_12,SPK_10,Male
sentence_37.wav,dataset/chunks/noakhali/noa_cate_12/sentence_37.wav,কি ধরনের রিপোর্ট শেষ হয়েছে?,noakhali,cate_12,SPK_10,Male
sentence_38.wav,dataset/chunks/noakhali/noa_cate_12/sentence_38.wav,আমি অফিসের জন্য প্রেজেন্টেশন তৈরি করেছি।,noakhali,cate_12,SPK_10,Male
sentence_39.wav,dataset/chunks/noakhali/noa_cate_12/sentence_39.wav,আমাদের টিমে নতুন সদস্য যোগ হয়েছে।,noakhali,cate_12,SPK_10,Male
sentence_40.wav,dataset/chunks/noakhali/noa_cate_12/sentence_40.wav,অফিসের কাজের মান খুব ভালো।,noakhali,cate_12,SPK_10,Male
sentence_41.wav,dataset/chunks/noakhali/noa_cate_12/sentence_41.wav,আজ অফিসে কি মিটিং শিডিউল আছে?,noakhali,cate_12,SPK_10,Male
sentence_42.wav,dataset/chunks/noakhali/noa_cate_12/sentence_42.wav,আমি অফিসের ডকুমেন্ট স্ক্যান করছি।,noakhali,cate_12,SPK_10,Male
sentence_43.wav,dataset/chunks/noakhali/noa_cate_12/sentence_43.wav,আপনার সহকর্মী কি ব্যস্ত?,noakhali,cate_12,SPK_10,Male
sentence_44.wav,dataset/chunks/noakhali/noa_cate_12/sentence_44.wav,আমরা অফিসে নথি আপডেট করেছি।,noakhali,cate_12,SPK_10,Male
sentence_45.wav,dataset/chunks/noakhali/noa_cate_12/sentence_45.wav,আজ টিমের সঙ্গে আলোচনা হয়েছে।,noakhali,cate_12,SPK_10,Male
sentence_46.wav,dataset/chunks/noakhali/noa_cate_12/sentence_46.wav,আমি নতুন কর্মচারীর প্রশিক্ষণ দিচ্ছি।,noakhali,cate_12,SPK_10,Male
sentence_47.wav,dataset/chunks/noakhali/noa_cate_12/sentence_47.wav,অফিসে নতুন নীতি প্রয়োগ করা হয়েছে।,noakhali,cate_12,SPK_10,Male
sentence_48.wav,dataset/chunks/noakhali/noa_cate_12/sentence_48.wav,আমার কম্পিউটার হ্যাং করেছে।,noakhali,cate_12,SPK_10,Male
sentence_49.wav,dataset/chunks/noakhali/noa_cate_12/sentence_49.wav,আমরা ক্লায়েন্টের কাছে প্রজেক্ট প্রেজেন্ট করেছি।,noakhali,cate_12,SPK_10,Male
sentence_50.wav,dataset/chunks/noakhali/noa_cate_12/sentence_50.wav,আপনার অফিসের সময়সূচি কি?,noakhali,cate_12,SPK_10,Male
sentence_51.wav,dataset/chunks/noakhali/noa_cate_12/sentence_51.wav,আমি আজ নতুন কাজ শিখছি।,noakhali,cate_12,SPK_10,Male
sentence_52.wav,dataset/chunks/noakhali/noa_cate_12/sentence_52.wav,অফিসে নিরাপত্তা ব্যবস্থা ভালো।,noakhali,cate_12,SPK_10,Male
sentence_53.wav,dataset/chunks/noakhali/noa_cate_12/sentence_53.wav,আমরা অফিসে নতুন টুল ব্যবহার করছি।,noakhali,cate_12,SPK_10,Male
sentence_54.wav,dataset/chunks/noakhali/noa_cate_12/sentence_54.wav,আপনার টিম কি প্রস্তুত?,noakhali,cate_12,SPK_10,Male
sentence_55.wav,dataset/chunks/noakhali/noa_cate_12/sentence_55.wav,আমি অফিসে অনেক নথি সাজাচ্ছি।,noakhali,cate_12,SPK_10,Male
sentence_56.wav,dataset/chunks/noakhali/noa_cate_12/sentence_56.wav,আজ অফিসে নতুন প্রকল্পের আলোচনা হয়েছে।,noakhali,cate_12,SPK_10,Male
sentence_57.wav,dataset/chunks/noakhali/noa_cate_12/sentence_57.wav,আমি আজ টিম মিটিং নিয়ে ব্যস্ত।,noakhali,cate_12,SPK_10,Male
sentence_58.wav,dataset/chunks/noakhali/noa_cate_12/sentence_58.wav,অফিসে নতুন সফটওয়্যার ইনস্টল করা হয়েছে।,noakhali,cate_12,SPK_10,Male
sentence_59.wav,dataset/chunks/noakhali/noa_cate_12/sentence_59.wav,কি ধরনের অফিস কাজ শেষ করতে হবে?,noakhali,cate_12,SPK_10,Male
sentence_60.wav,dataset/chunks/noakhali/noa_cate_12/sentence_60.wav,আমি ক্লায়েন্টের জন্য ডকুমেন্ট প্রস্তুত করছি।,noakhali,cate_12,SPK_10,Male
sentence_61.wav,dataset/chunks/noakhali/noa_cate_12/sentence_61.wav,অফিসে আজ অনেক ইমেইল এসেছে।,noakhali,cate_12,SPK_10,Male
sentence_62.wav,dataset/chunks/noakhali/noa_cate_12/sentence_62.wav,আমাদের টিমের সদস্য সক্রিয়।,noakhali,cate_12,SPK_10,Male
sentence_63.wav,dataset/chunks/noakhali/noa_cate_12/sentence_63.wav,আমি অফিসে নতুন প্রকল্প পরিকল্পনা করছি।,noakhali,cate_12,SPK_10,Male
sentence_64.wav,dataset/chunks/noakhali/noa_cate_12/sentence_64.wav,আজ অফিসে অনেক visitors এসেছে।,noakhali,cate_12,SPK_10,Male
sentence_65.wav,dataset/chunks/noakhali/noa_cate_12/sentence_65.wav,অফিসে meeting room প্রস্তুত।,noakhali,cate_12,SPK_10,Male
sentence_66.wav,dataset/chunks/noakhali/noa_cate_12/sentence_66.wav,আমি অফিসের জন্য রিপোর্ট তৈরি করেছি।,noakhali,cate_12,SPK_10,Male
sentence_67.wav,dataset/chunks/noakhali/noa_cate_12/sentence_67.wav,আমরা নতুন guidelines মেনে চলছি।,noakhali,cate_12,SPK_10,Male
sentence_68.wav,dataset/chunks/noakhali/noa_cate_12/sentence_68.wav,অফিসে কাজের চাপ বেশি।,noakhali,cate_12,SPK_10,Male
sentence_69.wav,dataset/chunks/noakhali/noa_cate_12/sentence_69.wav,আমি ক্লায়েন্টের সাথে discussion করেছি।,noakhali,cate_12,SPK_10,Male
sentence_70.wav,dataset/chunks/noakhali/noa_cate_12/sentence_70.wav,আমাদের অফিসের পরিবেশ খুব ভালো।,noakhali,cate_12,SPK_10,Male
sentence_01.wav,dataset/chunks/noakhali/noa_cate_13/sentence_01.wav,এই ফোনের দাম কত?,noakhali,cate_13,SPK_29,Female
sentence_02.wav,dataset/chunks/noakhali/noa_cate_13/sentence_02.wav,আমি নতুন ল্যাপটপ কিনতে চাই।,noakhali,cate_13,SPK_29,Female
sentence_03.wav,dataset/chunks/noakhali/noa_cate_13/sentence_03.wav,এই চার্জার কি original?,noakhali,cate_13,SPK_29,Female
sentence_04.wav,dataset/chunks/noakhali/noa_cate_13/sentence_04.wav,SIM কার্ড কীভাবে নিতে হবে?,noakhali,cate_13,SPK_29,Female
sentence_05.wav,dataset/chunks/noakhali/noa_cate_13/sentence_05.wav,এই ফোনের warranty কত দিন?,noakhali,cate_13,SPK_29,Female
sentence_06.wav,dataset/chunks/noakhali/noa_cate_13/sentence_06.wav,আমি একটা হেডফোন চাই।,noakhali,cate_13,SPK_29,Female
sentence_07.wav,dataset/chunks/noakhali/noa_cate_13/sentence_07.wav,এই ফোনে camera ভালো কি?,noakhali,cate_13,SPK_29,Female
sentence_08.wav,dataset/chunks/noakhali/noa_cate_13/sentence_08.wav,আপনার দোকানে laptop আছে কি?,noakhali,cate_13,SPK_29,Female
sentence_09.wav,dataset/chunks/noakhali/noa_cate_13/sentence_09.wav,এই চার্জার কত voltage?,noakhali,cate_13,SPK_29,Female
sentence_10.wav,dataset/chunks/noakhali/noa_cate_13/sentence_10.wav,আমি ফোন comparison করতে চাই।,noakhali,cate_13,SPK_29,Female
sentence_11.wav,dataset/chunks/noakhali/noa_cate_13/sentence_11.wav,এই ফোনের color কোনটি আছে?,noakhali,cate_13,SPK_29,Female
sentence_12.wav,dataset/chunks/noakhali/noa_cate_13/sentence_12.wav,SIM card activate করতে কত সময় লাগে?,noakhali,cate_13,SPK_29,Female
sentence_13.wav,dataset/chunks/noakhali/noa_cate_13/sentence_13.wav,এই ফোনের storage কত GB?,noakhali,cate_13,SPK_29,Female
sentence_14.wav,dataset/chunks/noakhali/noa_cate_13/sentence_14.wav,আমি power bank চাই।,noakhali,cate_13,SPK_29,Female
sentence_15.wav,dataset/chunks/noakhali/noa_cate_13/sentence_15.wav,ফোনে নতুন app install করতে পারি কি?,noakhali,cate_13,SPK_29,Female
sentence_16.wav,dataset/chunks/noakhali/noa_cate_13/sentence_16.wav,এই দোকানে accessories পাওয়া যায়?,noakhali,cate_13,SPK_29,Female
sentence_17.wav,dataset/chunks/noakhali/noa_cate_13/sentence_17.wav,এই laptop lightweight কি?,noakhali,cate_13,SPK_29,Female
sentence_18.wav,dataset/chunks/noakhali/noa_cate_13/sentence_18.wav,ফোনের screen protector বিক্রি হয় কি?,noakhali,cate_13,SPK_29,Female
sentence_19.wav,dataset/chunks/noakhali/noa_cate_13/sentence_19.wav,SIM card recharge করা যায় কি?,noakhali,cate_13,SPK_29,Female
sentence_20.wav,dataset/chunks/noakhali/noa_cate_13/sentence_20.wav,আমি refurbished phone কিনতে চাই না।,noakhali,cate_13,SPK_29,Female
sentence_21.wav,dataset/chunks/noakhali/noa_cate_13/sentence_21.wav,ফোনের battery কতক্ষণ চলে?,noakhali,cate_13,SPK_29,Female
sentence_22.wav,dataset/chunks/noakhali/noa_cate_13/sentence_22.wav,আমি এই smartwatch কিনতে চাই।,noakhali,cate_13,SPK_29,Female
sentence_23.wav,dataset/chunks/noakhali/noa_cate_13/sentence_23.wav,ফোনের brand কোনটি?,noakhali,cate_13,SPK_29,Female
sentence_24.wav,dataset/chunks/noakhali/noa_cate_13/sentence_24.wav,এই charger fast charging support করে কি?,noakhali,cate_13,SPK_29,Female
sentence_25.wav,dataset/chunks/noakhali/noa_cate_13/sentence_25.wav,আমি laptop comparison দেখতে চাই।,noakhali,cate_13,SPK_29,Female
sentence_26.wav,dataset/chunks/noakhali/noa_cate_13/sentence_26.wav,ফোনের memory card slot আছে কি?,noakhali,cate_13,SPK_29,Female
sentence_27.wav,dataset/chunks/noakhali/noa_cate_13/sentence_27.wav,SIM card registration করতে কি লাগবে?,noakhali,cate_13,SPK_29,Female
sentence_28.wav,dataset/chunks/noakhali/noa_cate_13/sentence_28.wav,আমি wireless earphones চাই।,noakhali,cate_13,SPK_29,Female
sentence_29.wav,dataset/chunks/noakhali/noa_cate_13/sentence_29.wav,এই phone case waterproof কি?,noakhali,cate_13,SPK_29,Female
sentence_30.wav,dataset/chunks/noakhali/noa_cate_13/sentence_30.wav,আপনার দোকানে projector আছে কি?,noakhali,cate_13,SPK_29,Female
sentence_31.wav,dataset/chunks/noakhali/noa_cate_13/sentence_31.wav,ফোনের software update হয়েছে কি?,noakhali,cate_13,SPK_29,Female
sentence_32.wav,dataset/chunks/noakhali/noa_cate_13/sentence_32.wav,আমি gaming laptop দেখতে চাই।,noakhali,cate_13,SPK_29,Female
sentence_33.wav,dataset/chunks/noakhali/noa_cate_13/sentence_33.wav,ফোনে dual SIM support আছে কি?,noakhali,cate_13,SPK_29,Female
sentence_34.wav,dataset/chunks/noakhali/noa_cate_13/sentence_34.wav,এই power bank কত mAh?,noakhali,cate_13,SPK_29,Female
sentence_35.wav,dataset/chunks/noakhali/noa_cate_13/sentence_35.wav,আমি Bluetooth speaker কিনতে চাই।,noakhali,cate_13,SPK_29,Female
sentence_36.wav,dataset/chunks/noakhali/noa_cate_13/sentence_36.wav,ফোনের price negotiable কি?,noakhali,cate_13,SPK_29,Female
sentence_37.wav,dataset/chunks/noakhali/noa_cate_13/sentence_37.wav,আমি USB cable চাই।,noakhali,cate_13,SPK_29,Female
sentence_38.wav,dataset/chunks/noakhali/noa_cate_13/sentence_38.wav,এই tablet lightweight কি?,noakhali,cate_13,SPK_29,Female
sentence_39.wav,dataset/chunks/noakhali/noa_cate_13/sentence_39.wav,SIM card portability করতে পারি কি?,noakhali,cate_13,SPK_29,Female
sentence_40.wav,dataset/chunks/noakhali/noa_cate_13/sentence_40.wav,ফোনের warranty card আছে কি?,noakhali,cate_13,SPK_29,Female
sentence_41.wav,dataset/chunks/noakhali/noa_cate_13/sentence_41.wav,আমি refurbished laptop চাই না।,noakhali,cate_13,SPK_29,Female
sentence_42.wav,dataset/chunks/noakhali/noa_cate_13/sentence_42.wav,ফোনের charger original কি?,noakhali,cate_13,SPK_29,Female
sentence_43.wav,dataset/chunks/noakhali/noa_cate_13/sentence_43.wav,আমি tablet accessories চাই।,noakhali,cate_13,SPK_29,Female
sentence_44.wav,dataset/chunks/noakhali/noa_cate_13/sentence_44.wav,ফোনের camera resolution কত?,noakhali,cate_13,SPK_29,Female
sentence_45.wav,dataset/chunks/noakhali/noa_cate_13/sentence_45.wav,আমি portable hard drive চাই।,noakhali,cate_13,SPK_29,Female
sentence_46.wav,dataset/chunks/noakhali/noa_cate_13/sentence_46.wav,ফোনে earphone jack আছে কি?,noakhali,cate_13,SPK_29,Female
sentence_47.wav,dataset/chunks/noakhali/noa_cate_13/sentence_47.wav,SIM card online recharge করা যায় কি?,noakhali,cate_13,SPK_29,Female
sentence_48.wav,dataset/chunks/noakhali/noa_cate_13/sentence_48.wav,আমি laptop bag কিনতে চাই।,noakhali,cate_13,SPK_29,Female
sentence_49.wav,dataset/chunks/noakhali/noa_cate_13/sentence_49.wav,ফোনের display কত inch?,noakhali,cate_13,SPK_29,Female
sentence_50.wav,dataset/chunks/noakhali/noa_cate_13/sentence_50.wav,আমি smart home device কিনতে চাই।,noakhali,cate_13,SPK_29,Female
sentence_51.wav,dataset/chunks/noakhali/noa_cate_13/sentence_51.wav,এই charger compatible কি?,noakhali,cate_13,SPK_29,Female
sentence_52.wav,dataset/chunks/noakhali/noa_cate_13/sentence_52.wav,ফোনের processor কত GHz?,noakhali,cate_13,SPK_29,Female
sentence_53.wav,dataset/chunks/noakhali/noa_cate_13/sentence_53.wav,আমি wireless mouse চাই।,noakhali,cate_13,SPK_29,Female
sentence_54.wav,dataset/chunks/noakhali/noa_cate_13/sentence_54.wav,ফোনের screen size বড় কি?,noakhali,cate_13,SPK_29,Female
sentence_55.wav,dataset/chunks/noakhali/noa_cate_13/sentence_55.wav,SIM card balance check করতে পারি কি?,noakhali,cate_13,SPK_29,Female
sentence_56.wav,dataset/chunks/noakhali/noa_cate_13/sentence_56.wav,আমি laptop stand চাই।,noakhali,cate_13,SPK_29,Female
sentence_57.wav,dataset/chunks/noakhali/noa_cate_13/sentence_57.wav,ফোনে fingerprint sensor আছে কি?,noakhali,cate_13,SPK_29,Female
sentence_58.wav,dataset/chunks/noakhali/noa_cate_13/sentence_58.wav,আমি external keyboard চাই।,noakhali,cate_13,SPK_29,Female
sentence_59.wav,dataset/chunks/noakhali/noa_cate_13/sentence_59.wav,ফোনের battery replace করতে হয় কি?,noakhali,cate_13,SPK_29,Female
sentence_60.wav,dataset/chunks/noakhali/noa_cate_13/sentence_60.wav,আমি smartwatch strap চাই।,noakhali,cate_13,SPK_29,Female
sentence_61.wav,dataset/chunks/noakhali/noa_cate_13/sentence_61.wav,ফোনের price range কি?,noakhali,cate_13,SPK_29,Female
sentence_62.wav,dataset/chunks/noakhali/noa_cate_13/sentence_62.wav,আমি gaming console কিনতে চাই।,noakhali,cate_13,SPK_29,Female
sentence_63.wav,dataset/chunks/noakhali/noa_cate_13/sentence_63.wav,ফোনে dual camera আছে কি?,noakhali,cate_13,SPK_29,Female
sentence_64.wav,dataset/chunks/noakhali/noa_cate_13/sentence_64.wav,আমি USB hub চাই।,noakhali,cate_13,SPK_29,Female
sentence_65.wav,dataset/chunks/noakhali/noa_cate_13/sentence_65.wav,ফোনের warranty কত বছর?,noakhali,cate_13,SPK_29,Female
sentence_66.wav,dataset/chunks/noakhali/noa_cate_13/sentence_66.wav,আমি laptop charger চাই।,noakhali,cate_13,SPK_29,Female
sentence_67.wav,dataset/chunks/noakhali/noa_cate_13/sentence_67.wav,ফোনের weight কত?,noakhali,cate_13,SPK_29,Female
sentence_68.wav,dataset/chunks/noakhali/noa_cate_13/sentence_68.wav,আমি HDMI cable চাই।,noakhali,cate_13,SPK_29,Female
sentence_69.wav,dataset/chunks/noakhali/noa_cate_13/sentence_69.wav,ফোনের software version আপডেট হয়েছে কি?,noakhali,cate_13,SPK_29,Female
sentence_70.wav,dataset/chunks/noakhali/noa_cate_13/sentence_70.wav,আমি smart speaker কিনতে চাই।,noakhali,cate_13,SPK_29,Female
sentence_01.wav,dataset/chunks/noakhali/noa_cate_14/sentence_01.wav,অনুগ্রহ করে দরজা বন্ধ করবেন।,noakhali,cate_14,SPK_19,Male
sentence_02.wav,dataset/chunks/noakhali/noa_cate_14/sentence_02.wav,দয়া করে আমাকে সাহায্য করুন।,noakhali,cate_14,SPK_19,Male
sentence_03.wav,dataset/chunks/noakhali/noa_cate_14/sentence_03.wav,আপনি কি আমাকে বইটা দিতে পারেন?,noakhali,cate_14,SPK_19,Male
sentence_04.wav,dataset/chunks/noakhali/noa_cate_14/sentence_04.wav,অনুগ্রহ করে ধীরে কথা বলুন।,noakhali,cate_14,SPK_19,Male
sentence_05.wav,dataset/chunks/noakhali/noa_cate_14/sentence_05.wav,দয়া করে এখানে বসুন।,noakhali,cate_14,SPK_19,Male
sentence_06.wav,dataset/chunks/noakhali/noa_cate_14/sentence_06.wav,আপনি কি আমার জন্য অপেক্ষা করতে পারেন?,noakhali,cate_14,SPK_19,Male
sentence_07.wav,dataset/chunks/noakhali/noa_cate_14/sentence_07.wav,অনুগ্রহ করে আবার বলুন।,noakhali,cate_14,SPK_19,Male
sentence_08.wav,dataset/chunks/noakhali/noa_cate_14/sentence_08.wav,আপনি কি আমাকে রাস্তা দেখাতে পারেন?,noakhali,cate_14,SPK_19,Male
sentence_09.wav,dataset/chunks/noakhali/noa_cate_14/sentence_09.wav,দয়া করে ফোন ব্যবহার করবেন না।,noakhali,cate_14,SPK_19,Male
sentence_10.wav,dataset/chunks/noakhali/noa_cate_14/sentence_10.wav,আপনি কি আমার জন্য এটি কিনতে পারবেন?,noakhali,cate_14,SPK_19,Male
sentence_11.wav,dataset/chunks/noakhali/noa_cate_14/sentence_11.wav,অনুগ্রহ করে আমাকে মনে করিয়ে দিন।,noakhali,cate_14,SPK_19,Male
sentence_12.wav,dataset/chunks/noakhali/noa_cate_14/sentence_12.wav,আপনি কি আমাকে ছবি তুলতে সাহায্য করবেন?,noakhali,cate_14,SPK_19,Male
sentence_13.wav,dataset/chunks/noakhali/noa_cate_14/sentence_13.wav,দয়া করে আমাকে অপেক্ষা করতে দিন।,noakhali,cate_14,SPK_19,Male
sentence_14.wav,dataset/chunks/noakhali/noa_cate_14/sentence_14.wav,অনুগ্রহ করে দরজা খুলে দিন।,noakhali,cate_14,SPK_19,Male
sentence_15.wav,dataset/chunks/noakhali/noa_cate_14/sentence_15.wav,আপনি কি আমার জন্য কাজটি করতে পারেন?,noakhali,cate_14,SPK_19,Male
sentence_16.wav,dataset/chunks/noakhali/noa_cate_14/sentence_16.wav,দয়া করে শব্দ কমান।,noakhali,cate_14,SPK_19,Male
sentence_17.wav,dataset/chunks/noakhali/noa_cate_14/sentence_17.wav,আপনি কি আমাকে জিজ্ঞাসা করতে পারবেন?,noakhali,cate_14,SPK_19,Male
sentence_18.wav,dataset/chunks/noakhali/noa_cate_14/sentence_18.wav,অনুগ্রহ করে আমাকে আসতে দিন।,noakhali,cate_14,SPK_19,Male
sentence_19.wav,dataset/chunks/noakhali/noa_cate_14/sentence_19.wav,আপনি কি আমার সঙ্গে কথা বলবেন?,noakhali,cate_14,SPK_19,Male
sentence_20.wav,dataset/chunks/noakhali/noa_cate_14/sentence_20.wav,দয়া করে আমার দিকে তাকান।,noakhali,cate_14,SPK_19,Male
sentence_21.wav,dataset/chunks/noakhali/noa_cate_14/sentence_21.wav,অনুগ্রহ করে আমাকে সময় দিন।,noakhali,cate_14,SPK_19,Male
sentence_22.wav,dataset/chunks/noakhali/noa_cate_14/sentence_22.wav,আপনি কি আমাকে সাহায্য করতে পারেন?,noakhali,cate_14,SPK_19,Male
sentence_23.wav,dataset/chunks/noakhali/noa_cate_14/sentence_23.wav,দয়া করে আমাকে এটি বোঝান।,noakhali,cate_14,SPK_19,Male
sentence_24.wav,dataset/chunks/noakhali/noa_cate_14/sentence_24.wav,অনুগ্রহ করে এটিকে ধরুন।,noakhali,cate_14,SPK_19,Male
sentence_25.wav,dataset/chunks/noakhali/noa_cate_14/sentence_25.wav,আপনি কি আমাকে তথ্য দিতে পারেন?,noakhali,cate_14,SPK_19,Male
sentence_26.wav,dataset/chunks/noakhali/noa_cate_14/sentence_26.wav,দয়া করে এখানে আসুন।,noakhali,cate_14,SPK_19,Male
sentence_27.wav,dataset/chunks/noakhali/noa_cate_14/sentence_27.wav,অনুগ্রহ করে আমাকে অপেক্ষা করতে বলুন।,noakhali,cate_14,SPK_19,Male
sentence_28.wav,dataset/chunks/noakhali/noa_cate_14/sentence_28.wav,আপনি কি আমাকে রাস্তা দেখাবেন?,noakhali,cate_14,SPK_19,Male
sentence_29.wav,dataset/chunks/noakhali/noa_cate_14/sentence_29.wav,দয়া করে আমার জন্য অপেক্ষা করুন।,noakhali,cate_14,SPK_19,Male
sentence_30.wav,dataset/chunks/noakhali/noa_cate_14/sentence_30.wav,অনুগ্রহ করে আমাকে সাহায্য করতে বলুন।,noakhali,cate_14,SPK_19,Male
sentence_31.wav,dataset/chunks/noakhali/noa_cate_14/sentence_31.wav,আপনি কি আমার জন্য এটি আনবেন?,noakhali,cate_14,SPK_19,Male
sentence_32.wav,dataset/chunks/noakhali/noa_cate_14/sentence_32.wav,দয়া করে আমাকে বসতে দিন।,noakhali,cate_14,SPK_19,Male
sentence_33.wav,dataset/chunks/noakhali/noa_cate_14/sentence_33.wav,অনুগ্রহ করে আমাকে এটি দেখান।,noakhali,cate_14,SPK_19,Male
sentence_34.wav,dataset/chunks/noakhali/noa_cate_14/sentence_34.wav,আপনি কি আমার সঙ্গে খাবেন?,noakhali,cate_14,SPK_19,Male
sentence_35.wav,dataset/chunks/noakhali/noa_cate_14/sentence_35.wav,দয়া করে ধৈর্য ধরুন।,noakhali,cate_14,SPK_19,Male
sentence_36.wav,dataset/chunks/noakhali/noa_cate_14/sentence_36.wav,অনুগ্রহ করে আমাকে ফোন দিন।,noakhali,cate_14,SPK_19,Male
sentence_37.wav,dataset/chunks/noakhali/noa_cate_14/sentence_37.wav,আপনি কি আমার জন্য অপেক্ষা করবেন?,noakhali,cate_14,SPK_19,Male
sentence_38.wav,dataset/chunks/noakhali/noa_cate_14/sentence_38.wav,দয়া করে এটি খুলুন।,noakhali,cate_14,SPK_19,Male
sentence_39.wav,dataset/chunks/noakhali/noa_cate_14/sentence_39.wav,অনুগ্রহ করে এটি বন্ধ করুন।,noakhali,cate_14,SPK_19,Male
sentence_40.wav,dataset/chunks/noakhali/noa_cate_14/sentence_40.wav,আপনি কি আমাকে নির্দেশ দিতে পারেন?,noakhali,cate_14,SPK_19,Male
sentence_41.wav,dataset/chunks/noakhali/noa_cate_14/sentence_41.wav,দয়া করে আমার কথা শোনুন।,noakhali,cate_14,SPK_19,Male
sentence_42.wav,dataset/chunks/noakhali/noa_cate_14/sentence_42.wav,অনুগ্রহ করে আমাকে সময় দিন।,noakhali,cate_14,SPK_19,Male
sentence_43.wav,dataset/chunks/noakhali/noa_cate_14/sentence_43.wav,আপনি কি আমার জন্য এটি আনবেন?,noakhali,cate_14,SPK_19,Male
sentence_44.wav,dataset/chunks/noakhali/noa_cate_14/sentence_44.wav,দয়া করে আমাকে সাহায্য করতে বলুন।,noakhali,cate_14,SPK_19,Male
sentence_45.wav,dataset/chunks/noakhali/noa_cate_14/sentence_45.wav,অনুগ্রহ করে আমাকে অনুমতি দিন।,noakhali,cate_14,SPK_19,Male
sentence_46.wav,dataset/chunks/noakhali/noa_cate_14/sentence_46.wav,আপনি কি আমাকে রাস্তা দেখাবেন?,noakhali,cate_14,SPK_19,Male
sentence_47.wav,dataset/chunks/noakhali/noa_cate_14/sentence_47.wav,দয়া করে এখানে বসুন।,noakhali,cate_14,SPK_19,Male
sentence_48.wav,dataset/chunks/noakhali/noa_cate_14/sentence_48.wav,অনুগ্রহ করে এটি নিন।,noakhali,cate_14,SPK_19,Male
sentence_49.wav,dataset/chunks/noakhali/noa_cate_14/sentence_49.wav,আপনি কি আমাকে এটি দেবেন?,noakhali,cate_14,SPK_19,Male
sentence_50.wav,dataset/chunks/noakhali/noa_cate_14/sentence_50.wav,দয়া করে আমাকে সঙ্গে নিয়ে যান।,noakhali,cate_14,SPK_19,Male
sentence_51.wav,dataset/chunks/noakhali/noa_cate_14/sentence_51.wav,অনুগ্রহ করে আমাকে বলুন।,noakhali,cate_14,SPK_19,Male
sentence_52.wav,dataset/chunks/noakhali/noa_cate_14/sentence_52.wav,আপনি কি আমার জন্য অপেক্ষা করতে পারবেন?,noakhali,cate_14,SPK_19,Male
sentence_53.wav,dataset/chunks/noakhali/noa_cate_14/sentence_53.wav,দয়া করে এটি পরীক্ষা করুন।,noakhali,cate_14,SPK_19,Male
sentence_54.wav,dataset/chunks/noakhali/noa_cate_14/sentence_54.wav,অনুগ্রহ করে আমাকে এটি লিখে দিন।,noakhali,cate_14,SPK_19,Male
sentence_55.wav,dataset/chunks/noakhali/noa_cate_14/sentence_55.wav,আপনি কি আমার জন্য এটি করতে পারেন?,noakhali,cate_14,SPK_19,Male
sentence_56.wav,dataset/chunks/noakhali/noa_cate_14/sentence_56.wav,দয়া করে আমার সঙ্গে যোগাযোগ করুন।,noakhali,cate_14,SPK_19,Male
sentence_57.wav,dataset/chunks/noakhali/noa_cate_14/sentence_57.wav,অনুগ্রহ করে আমাকে সহায়তা করুন।,noakhali,cate_14,SPK_19,Male
sentence_58.wav,dataset/chunks/noakhali/noa_cate_14/sentence_58.wav,আপনি কি আমাকে এটি দেখাবেন?,noakhali,cate_14,SPK_19,Male
sentence_59.wav,dataset/chunks/noakhali/noa_cate_14/sentence_59.wav,দয়া করে আমার জন্য অপেক্ষা করুন।,noakhali,cate_14,SPK_19,Male
sentence_60.wav,dataset/chunks/noakhali/noa_cate_14/sentence_60.wav,অনুগ্রহ করে আমাকে সাহায্য করুন।,noakhali,cate_14,SPK_19,Male
sentence_61.wav,dataset/chunks/noakhali/noa_cate_14/sentence_61.wav,আপনি কি আমাকে সাহায্য করবেন?,noakhali,cate_14,SPK_19,Male
sentence_62.wav,dataset/chunks/noakhali/noa_cate_14/sentence_62.wav,দয়া করে আমাকে এটি বুঝতে দিন।,noakhali,cate_14,SPK_19,Male
sentence_63.wav,dataset/chunks/noakhali/noa_cate_14/sentence_63.wav,অনুগ্রহ করে এটি রাখুন।,noakhali,cate_14,SPK_19,Male
sentence_64.wav,dataset/chunks/noakhali/noa_cate_14/sentence_64.wav,আপনি কি আমাকে অনুমতি দেবেন?,noakhali,cate_14,SPK_19,Male
sentence_65.wav,dataset/chunks/noakhali/noa_cate_14/sentence_65.wav,দয়া করে আমাকে এটি আনতে দিন।,noakhali,cate_14,SPK_19,Male
sentence_66.wav,dataset/chunks/noakhali/noa_cate_14/sentence_66.wav,অনুগ্রহ করে আমাকে নির্দেশ দিন।,noakhali,cate_14,SPK_19,Male
sentence_67.wav,dataset/chunks/noakhali/noa_cate_14/sentence_67.wav,আপনি কি আমাকে এটি আনবেন?,noakhali,cate_14,SPK_19,Male
sentence_68.wav,dataset/chunks/noakhali/noa_cate_14/sentence_68.wav,দয়া করে আমাকে সাহায্য করতে বলুন।,noakhali,cate_14,SPK_19,Male
sentence_69.wav,dataset/chunks/noakhali/noa_cate_14/sentence_69.wav,অনুগ্রহ করে এটি আমার জন্য রাখুন।,noakhali,cate_14,SPK_19,Male
sentence_70.wav,dataset/chunks/noakhali/noa_cate_14/sentence_70.wav,আপনি কি আমার জন্য অপেক্ষা করতে পারবেন?,noakhali,cate_14,SPK_19,Male
sentence_01.wav,dataset/chunks/noakhali/noa_cate_15/sentence_01.wav,আমি সকাল ৬টায় উঠি।,noakhali,cate_15,SPK_03,Male
sentence_02.wav,dataset/chunks/noakhali/noa_cate_15/sentence_02.wav,তুমি কি বাজারে যাচ্ছো?,noakhali,cate_15,SPK_03,Male
sentence_03.wav,dataset/chunks/noakhali/noa_cate_15/sentence_03.wav,আমি ভাত রান্না করছি।,noakhali,cate_15,SPK_03,Male
sentence_04.wav,dataset/chunks/noakhali/noa_cate_15/sentence_04.wav,আমরা প্রতিদিন হাঁটতে যাই।,noakhali,cate_15,SPK_03,Male
sentence_05.wav,dataset/chunks/noakhali/noa_cate_15/sentence_05.wav,তুমি কি আজ শপিং করতে যাবে?,noakhali,cate_15,SPK_03,Male
sentence_06.wav,dataset/chunks/noakhali/noa_cate_15/sentence_06.wav,আমি ব্যাগ প্যাক করছি।,noakhali,cate_15,SPK_03,Male
sentence_07.wav,dataset/chunks/noakhali/noa_cate_15/sentence_07.wav,তুমি কি সকালে নাশতা করেছো?,noakhali,cate_15,SPK_03,Male
sentence_08.wav,dataset/chunks/noakhali/noa_cate_15/sentence_08.wav,আমি লন্ড্রি করছি।,noakhali,cate_15,SPK_03,Male
sentence_09.wav,dataset/chunks/noakhali/noa_cate_15/sentence_09.wav,তুমি কি সিনেমা দেখতে যাবে?,noakhali,cate_15,SPK_03,Male
sentence_10.wav,dataset/chunks/noakhali/noa_cate_15/sentence_10.wav,আমি বই পড়ছি।,noakhali,cate_15,SPK_03,Male
sentence_11.wav,dataset/chunks/noakhali/noa_cate_15/sentence_11.wav,তুমি কি চা খাবে?,noakhali,cate_15,SPK_03,Male
sentence_12.wav,dataset/chunks/noakhali/noa_cate_15/sentence_12.wav,আমি বাসায় ক্লিনিং করছি।,noakhali,cate_15,SPK_03,Male
sentence_13.wav,dataset/chunks/noakhali/noa_cate_15/sentence_13.wav,তুমি কি বাজারে নতুন সবজি পেয়েছো?,noakhali,cate_15,SPK_03,Male
sentence_14.wav,dataset/chunks/noakhali/noa_cate_15/sentence_14.wav,আমি শুতে যাচ্ছি।,noakhali,cate_15,SPK_03,Male
sentence_15.wav,dataset/chunks/noakhali/noa_cate_15/sentence_15.wav,আমরা সকালে দৌড়াচ্ছি।,noakhali,cate_15,SPK_03,Male
sentence_16.wav,dataset/chunks/noakhali/noa_cate_15/sentence_16.wav,তুমি কি কাজ শেষ করেছো?,noakhali,cate_15,SPK_03,Male
sentence_17.wav,dataset/chunks/noakhali/noa_cate_15/sentence_17.wav,আমি দুপুরের খাবার খাচ্ছি।,noakhali,cate_15,SPK_03,Male
sentence_18.wav,dataset/chunks/noakhali/noa_cate_15/sentence_18.wav,তুমি কি কুকিং করতে জানো?,noakhali,cate_15,SPK_03,Male
sentence_19.wav,dataset/chunks/noakhali/noa_cate_15/sentence_19.wav,আমি দোকান যাচ্ছি।,noakhali,cate_15,SPK_03,Male
sentence_20.wav,dataset/chunks/noakhali/noa_cate_15/sentence_20.wav,তুমি কি আজ বাড়িতে থাকছো?,noakhali,cate_15,SPK_03,Male
sentence_21.wav,dataset/chunks/noakhali/noa_cate_15/sentence_21.wav,আমি টিভি দেখছি।,noakhali,cate_15,SPK_03,Male
sentence_22.wav,dataset/chunks/noakhali/noa_cate_15/sentence_22.wav,তুমি কি সাইকেল চালাচ্ছো?,noakhali,cate_15,SPK_03,Male
sentence_23.wav,dataset/chunks/noakhali/noa_cate_15/sentence_23.wav,আমি জামাকাপড় ধরছি।,noakhali,cate_15,SPK_03,Male
sentence_24.wav,dataset/chunks/noakhali/noa_cate_15/sentence_24.wav,তুমি কি বাজার থেকে দুধ এনেছো?,noakhali,cate_15,SPK_03,Male
sentence_25.wav,dataset/chunks/noakhali/noa_cate_15/sentence_25.wav,আমি রাতে ঘুমাতে যাচ্ছি।,noakhali,cate_15,SPK_03,Male
sentence_26.wav,dataset/chunks/noakhali/noa_cate_15/sentence_26.wav,তুমি কি সকাল ৭টায় উঠে আসবে?,noakhali,cate_15,SPK_03,Male
sentence_27.wav,dataset/chunks/noakhali/noa_cate_15/sentence_27.wav,আমি রান্নাঘরে কাজ করছি।,noakhali,cate_15,SPK_03,Male
sentence_28.wav,dataset/chunks/noakhali/noa_cate_15/sentence_28.wav,তুমি কি বাজারে কোন মাংস কিনেছো?,noakhali,cate_15,SPK_03,Male
sentence_29.wav,dataset/chunks/noakhali/noa_cate_15/sentence_29.wav,আমি দুপুরে বিশ্রাম নিচ্ছি।,noakhali,cate_15,SPK_03,Male
sentence_30.wav,dataset/chunks/noakhali/noa_cate_15/sentence_30.wav,তুমি কি সন্ধ্যায় হাঁটবে?,noakhali,cate_15,SPK_03,Male
sentence_31.wav,dataset/chunks/noakhali/noa_cate_15/sentence_31.wav,আমি কফি বানাচ্ছি।,noakhali,cate_15,SPK_03,Male
sentence_32.wav,dataset/chunks/noakhali/noa_cate_15/sentence_32.wav,তুমি কি নিত্যদিন সকালে জগিং করো?,noakhali,cate_15,SPK_03,Male
sentence_33.wav,dataset/chunks/noakhali/noa_cate_15/sentence_33.wav,আমি দুধ ফুটাচ্ছি।,noakhali,cate_15,SPK_03,Male
sentence_34.wav,dataset/chunks/noakhali/noa_cate_15/sentence_34.wav,তুমি কি চা খেতে চাও?,noakhali,cate_15,SPK_03,Male
sentence_35.wav,dataset/chunks/noakhali/noa_cate_15/sentence_35.wav,আমি বাজারে যাচ্ছি।,noakhali,cate_15,SPK_03,Male
sentence_36.wav,dataset/chunks/noakhali/noa_cate_15/sentence_36.wav,তুমি কি বই পড়ছো?,noakhali,cate_15,SPK_03,Male
sentence_37.wav,dataset/chunks/noakhali/noa_cate_15/sentence_37.wav,আমি বাড়ি ঝাড়ু দিচ্ছি।,noakhali,cate_15,SPK_03,Male
sentence_38.wav,dataset/chunks/noakhali/noa_cate_15/sentence_38.wav,তুমি কি দুপুরের খাবার খেয়েছো?,noakhali,cate_15,SPK_03,Male
sentence_39.wav,dataset/chunks/noakhali/noa_cate_15/sentence_39.wav,আমি সবজি কাটছি।,noakhali,cate_15,SPK_03,Male
sentence_40.wav,dataset/chunks/noakhali/noa_cate_15/sentence_40.wav,তুমি কি রাতে শুবে?,noakhali,cate_15,SPK_03,Male
sentence_41.wav,dataset/chunks/noakhali/noa_cate_15/sentence_41.wav,আমি কলম ও কাগজ সাজাচ্ছি।,noakhali,cate_15,SPK_03,Male
sentence_42.wav,dataset/chunks/noakhali/noa_cate_15/sentence_42.wav,তুমি কি আজ রান্না করছো?,noakhali,cate_15,SPK_03,Male
sentence_43.wav,dataset/chunks/noakhali/noa_cate_15/sentence_43.wav,আমি কাপড় ধুয়ে শুকাচ্ছি।,noakhali,cate_15,SPK_03,Male
sentence_44.wav,dataset/chunks/noakhali/noa_cate_15/sentence_44.wav,তুমি কি বাজারে নতুন ফল এনেছো?,noakhali,cate_15,SPK_03,Male
sentence_45.wav,dataset/chunks/noakhali/noa_cate_15/sentence_45.wav,আমি সকালের নাশতা খাচ্ছি।,noakhali,cate_15,SPK_03,Male
sentence_46.wav,dataset/chunks/noakhali/noa_cate_15/sentence_46.wav,তুমি কি আজ ঘুম বেশি করেছো?,noakhali,cate_15,SPK_03,Male
sentence_47.wav,dataset/chunks/noakhali/noa_cate_15/sentence_47.wav,আমি খাবার টেবিলে বসছি।,noakhali,cate_15,SPK_03,Male
sentence_48.wav,dataset/chunks/noakhali/noa_cate_15/sentence_48.wav,তুমি কি বাইরে যাচ্ছো?,noakhali,cate_15,SPK_03,Male
sentence_49.wav,dataset/chunks/noakhali/noa_cate_15/sentence_49.wav,আমি ফ্রিজে খাবার রাখছি।,noakhali,cate_15,SPK_03,Male
sentence_50.wav,dataset/chunks/noakhali/noa_cate_15/sentence_50.wav,তুমি কি বাজারে যাবার আগে তালিকা লিখেছো?,noakhali,cate_15,SPK_03,Male
sentence_51.wav,dataset/chunks/noakhali/noa_cate_15/sentence_51.wav,আমি সকালে ব্যায়াম করছি।,noakhali,cate_15,SPK_03,Male
sentence_52.wav,dataset/chunks/noakhali/noa_cate_15/sentence_52.wav,তুমি কি দুপুরে ঘুমাবে?,noakhali,cate_15,SPK_03,Male
sentence_53.wav,dataset/chunks/noakhali/noa_cate_15/sentence_53.wav,আমি কাপড় ধরছি।,noakhali,cate_15,SPK_03,Male
sentence_54.wav,dataset/chunks/noakhali/noa_cate_15/sentence_54.wav,তুমি কি রান্না শেষ করেছো?,noakhali,cate_15,SPK_03,Male
sentence_55.wav,dataset/chunks/noakhali/noa_cate_15/sentence_55.wav,আমি বাজার থেকে শাক-সবজি এনেছি।,noakhali,cate_15,SPK_03,Male
sentence_56.wav,dataset/chunks/noakhali/noa_cate_15/sentence_56.wav,তুমি কি ঘরে কাজ করছো?,noakhali,cate_15,SPK_03,Male
sentence_57.wav,dataset/chunks/noakhali/noa_cate_15/sentence_57.wav,আমি দুপুরে চা খাচ্ছি।,noakhali,cate_15,SPK_03,Male
sentence_58.wav,dataset/chunks/noakhali/noa_cate_15/sentence_58.wav,তুমি কি রাতের খাবার খাবে?,noakhali,cate_15,SPK_03,Male
sentence_59.wav,dataset/chunks/noakhali/noa_cate_15/sentence_59.wav,আমি সকালের লিস্ট অনুযায়ী কাজ করছি।,noakhali,cate_15,SPK_03,Male
sentence_60.wav,dataset/chunks/noakhali/noa_cate_15/sentence_60.wav,তুমি কি বাজার থেকে দুধ এনেছো?,noakhali,cate_15,SPK_03,Male
sentence_61.wav,dataset/chunks/noakhali/noa_cate_15/sentence_61.wav,আমি সকালে উঠে হাঁটতে যাই।,noakhali,cate_15,SPK_03,Male
sentence_62.wav,dataset/chunks/noakhali/noa_cate_15/sentence_62.wav,তুমি কি ফ্রিজ খোলেছো?,noakhali,cate_15,SPK_03,Male
sentence_63.wav,dataset/chunks/noakhali/noa_cate_15/sentence_63.wav,আমি বালিশ ধরছি।,noakhali,cate_15,SPK_03,Male
sentence_64.wav,dataset/chunks/noakhali/noa_cate_15/sentence_64.wav,তুমি কি রান্না করতে চাও?,noakhali,cate_15,SPK_03,Male
sentence_65.wav,dataset/chunks/noakhali/noa_cate_15/sentence_65.wav,আমি কাপড় লন্ড্রি করছি।,noakhali,cate_15,SPK_03,Male
sentence_66.wav,dataset/chunks/noakhali/noa_cate_15/sentence_66.wav,তুমি কি বাজারে নতুন রুটি কিনেছো?,noakhali,cate_15,SPK_03,Male
sentence_67.wav,dataset/chunks/noakhali/noa_cate_15/sentence_67.wav,আমি রাতের খাবার প্রস্তুত করছি।,noakhali,cate_15,SPK_03,Male
sentence_68.wav,dataset/chunks/noakhali/noa_cate_15/sentence_68.wav,তুমি কি শপিং করতে যাচ্ছো?,noakhali,cate_15,SPK_03,Male
sentence_69.wav,dataset/chunks/noakhali/noa_cate_15/sentence_69.wav,আমি খোলা আকাশের নিচে হাঁটছি।,noakhali,cate_15,SPK_03,Male
sentence_70.wav,dataset/chunks/noakhali/noa_cate_15/sentence_70.wav,তুমি কি আজ সকাল থেকে ব্যস্ত?,noakhali,cate_15,SPK_03,Male
sentence_01.wav,dataset/chunks/noakhali/noa_cate_16/sentence_01.wav,আমার ফোন কাজ করছে না।,noakhali,cate_16,SPK_03,Male
sentence_02.wav,dataset/chunks/noakhali/noa_cate_16/sentence_02.wav,বাস ধীর গতিতে চলছে।,noakhali,cate_16,SPK_03,Male
sentence_03.wav,dataset/chunks/noakhali/noa_cate_16/sentence_03.wav,আমি বিল ঠিকমত পাইনি।,noakhali,cate_16,SPK_03,Male
sentence_04.wav,dataset/chunks/noakhali/noa_cate_16/sentence_04.wav,পানির চাপ খুব কম।,noakhali,cate_16,SPK_03,Male
sentence_05.wav,dataset/chunks/noakhali/noa_cate_16/sentence_05.wav,ইন্টারনেট সংযোগ স্থিতিশীল নয়।,noakhali,cate_16,SPK_03,Male
sentence_06.wav,dataset/chunks/noakhali/noa_cate_16/sentence_06.wav,দোকানে সব পণ্য শেষ।,noakhali,cate_16,SPK_03,Male
sentence_07.wav,dataset/chunks/noakhali/noa_cate_16/sentence_07.wav,বাতি জ্বলে না।,noakhali,cate_16,SPK_03,Male
sentence_08.wav,dataset/chunks/noakhali/noa_cate_16/sentence_08.wav,আমি চা খুব গরম পেয়েছি।,noakhali,cate_16,SPK_03,Male
sentence_09.wav,dataset/chunks/noakhali/noa_cate_16/sentence_09.wav,রিকশা খুব দেরি করছে।,noakhali,cate_16,SPK_03,Male
sentence_10.wav,dataset/chunks/noakhali/noa_cate_16/sentence_10.wav,লিফট বন্ধ।,noakhali,cate_16,SPK_03,Male
sentence_11.wav,dataset/chunks/noakhali/noa_cate_16/sentence_11.wav,আমার অ্যাপ্লিকেশন ক্র্যাশ করছে।,noakhali,cate_16,SPK_03,Male
sentence_12.wav,dataset/chunks/noakhali/noa_cate_16/sentence_12.wav,এই গাড়ি তেল টপ আপ করছে না।,noakhali,cate_16,SPK_03,Male
sentence_13.wav,dataset/chunks/noakhali/noa_cate_16/sentence_13.wav,বাসে অনেক ভিড়।,noakhali,cate_16,SPK_03,Male
sentence_14.wav,dataset/chunks/noakhali/noa_cate_16/sentence_14.wav,আমি খাবার ঠিকমত পাইনি।,noakhali,cate_16,SPK_03,Male
sentence_15.wav,dataset/chunks/noakhali/noa_cate_16/sentence_15.wav,রাস্তায় অনেক ধুলো।,noakhali,cate_16,SPK_03,Male
sentence_16.wav,dataset/chunks/noakhali/noa_cate_16/sentence_16.wav,আমার কম্পিউটার হ্যাং করেছে।,noakhali,cate_16,SPK_03,Male
sentence_17.wav,dataset/chunks/noakhali/noa_cate_16/sentence_17.wav,ফোনের ব্যাটারি দ্রুত শেষ হচ্ছে।,noakhali,cate_16,SPK_03,Male
sentence_18.wav,dataset/chunks/noakhali/noa_cate_16/sentence_18.wav,দোকানের হেডফোন খারাপ।,noakhali,cate_16,SPK_03,Male
sentence_19.wav,dataset/chunks/noakhali/noa_cate_16/sentence_19.wav,রিকশাচালক দেরি করছে।,noakhali,cate_16,SPK_03,Male
sentence_20.wav,dataset/chunks/noakhali/noa_cate_16/sentence_20.wav,পানির ট্যাংক ফাঁকা।,noakhali,cate_16,SPK_03,Male
sentence_21.wav,dataset/chunks/noakhali/noa_cate_16/sentence_21.wav,বাসে এয়ার কন্ডিশনার কাজ করছে না।,noakhali,cate_16,SPK_03,Male
sentence_22.wav,dataset/chunks/noakhali/noa_cate_16/sentence_22.wav,আমার Wi-Fi কানেকশন গড়বড়।,noakhali,cate_16,SPK_03,Male
sentence_23.wav,dataset/chunks/noakhali/noa_cate_16/sentence_23.wav,দোকানের কাস্টমার সার্ভিস খারাপ।,noakhali,cate_16,SPK_03,Male
sentence_24.wav,dataset/chunks/noakhali/noa_cate_16/sentence_24.wav,বাতি ঠিকমত জ্বলে না।,noakhali,cate_16,SPK_03,Male
sentence_25.wav,dataset/chunks/noakhali/noa_cate_16/sentence_25.wav,খাবারের স্বাদ খারাপ।,noakhali,cate_16,SPK_03,Male
sentence_26.wav,dataset/chunks/noakhali/noa_cate_16/sentence_26.wav,লিফট খুব ধীরে চলছে।,noakhali,cate_16,SPK_03,Male
sentence_27.wav,dataset/chunks/noakhali/noa_cate_16/sentence_27.wav,আমার মোবাইল চার্জ হচ্ছে না।,noakhali,cate_16,SPK_03,Male
sentence_28.wav,dataset/chunks/noakhali/noa_cate_16/sentence_28.wav,বাসের ভাড়া বেশি।,noakhali,cate_16,SPK_03,Male
sentence_29.wav,dataset/chunks/noakhali/noa_cate_16/sentence_29.wav,দোকানে পণ্য ভালো মানের নয়।,noakhali,cate_16,SPK_03,Male
sentence_30.wav,dataset/chunks/noakhali/noa_cate_16/sentence_30.wav,রাস্তায় যানজট বেশি।,noakhali,cate_16,SPK_03,Male
sentence_31.wav,dataset/chunks/noakhali/noa_cate_16/sentence_31.wav,আমি আমার টিকেট হারিয়েছি।,noakhali,cate_16,SPK_03,Male
sentence_32.wav,dataset/chunks/noakhali/noa_cate_16/sentence_32.wav,খাবারের পরিমাণ কম।,noakhali,cate_16,SPK_03,Male
sentence_33.wav,dataset/chunks/noakhali/noa_cate_16/sentence_33.wav,আমার কম্পিউটার ধীরগতিতে চলছে।,noakhali,cate_16,SPK_03,Male
sentence_34.wav,dataset/chunks/noakhali/noa_cate_16/sentence_34.wav,রিকশা খুব পুরোনো।,noakhali,cate_16,SPK_03,Male
sentence_35.wav,dataset/chunks/noakhali/noa_cate_16/sentence_35.wav,দোকানে নতুন পণ্য নেই।,noakhali,cate_16,SPK_03,Male
sentence_36.wav,dataset/chunks/noakhali/noa_cate_16/sentence_36.wav,ফোনের সিম কাজ করছে না।,noakhali,cate_16,SPK_03,Male
sentence_37.wav,dataset/chunks/noakhali/noa_cate_16/sentence_37.wav,বাসে বসার জায়গা নেই।,noakhali,cate_16,SPK_03,Male
sentence_38.wav,dataset/chunks/noakhali/noa_cate_16/sentence_38.wav,পানির স্বাদ খারাপ।,noakhali,cate_16,SPK_03,Male
sentence_39.wav,dataset/chunks/noakhali/noa_cate_16/sentence_39.wav,লিফটে শব্দ করছে।,noakhali,cate_16,SPK_03,Male
sentence_40.wav,dataset/chunks/noakhali/noa_cate_16/sentence_40.wav,দোকানের দাম বেশি।,noakhali,cate_16,SPK_03,Male
sentence_41.wav,dataset/chunks/noakhali/noa_cate_16/sentence_41.wav,খাবারের স্বাদ পরিবর্তন হয়েছে।,noakhali,cate_16,SPK_03,Male
sentence_42.wav,dataset/chunks/noakhali/noa_cate_16/sentence_42.wav,আমার ল্যাপটপ হ্যাং করছে।,noakhali,cate_16,SPK_03,Male
sentence_43.wav,dataset/chunks/noakhali/noa_cate_16/sentence_43.wav,বাসে লোকজন অনেক।,noakhali,cate_16,SPK_03,Male
sentence_44.wav,dataset/chunks/noakhali/noa_cate_16/sentence_44.wav,রাস্তায় খোলা গর্ত।,noakhali,cate_16,SPK_03,Male
sentence_45.wav,dataset/chunks/noakhali/noa_cate_16/sentence_45.wav,দোকানে কোনো বিক্রয়কর্মী নেই।,noakhali,cate_16,SPK_03,Male
sentence_46.wav,dataset/chunks/noakhali/noa_cate_16/sentence_46.wav,আমার ফোন ব্যাটারি নষ্ট।,noakhali,cate_16,SPK_03,Male
sentence_47.wav,dataset/chunks/noakhali/noa_cate_16/sentence_47.wav,খাবার খুব ঠান্ডা।,noakhali,cate_16,SPK_03,Male
sentence_48.wav,dataset/chunks/noakhali/noa_cate_16/sentence_48.wav,লিফট খুব দ্রুত চলেছে।,noakhali,cate_16,SPK_03,Male
sentence_49.wav,dataset/chunks/noakhali/noa_cate_16/sentence_49.wav,রিকশা বাসার সামনে দাঁড়ায় না।,noakhali,cate_16,SPK_03,Male
sentence_50.wav,dataset/chunks/noakhali/noa_cate_16/sentence_50.wav,দোকানে পরিষ্কার নেই।,noakhali,cate_16,SPK_03,Male
sentence_51.wav,dataset/chunks/noakhali/noa_cate_16/sentence_51.wav,বাস স্ট্যান্ড দূরে।,noakhali,cate_16,SPK_03,Male
sentence_52.wav,dataset/chunks/noakhali/noa_cate_16/sentence_52.wav,আমার কম্পিউটার হঠাৎ বন্ধ হয়ে গেছে।,noakhali,cate_16,SPK_03,Male
sentence_53.wav,dataset/chunks/noakhali/noa_cate_16/sentence_53.wav,ফোনে নেটওয়ার্ক নেই।,noakhali,cate_16,SPK_03,Male
sentence_54.wav,dataset/chunks/noakhali/noa_cate_16/sentence_54.wav,খাবারের স্বাদ ভালো নয়।,noakhali,cate_16,SPK_03,Male
sentence_55.wav,dataset/chunks/noakhali/noa_cate_16/sentence_55.wav,লিফট লক হয়ে গেছে।,noakhali,cate_16,SPK_03,Male
sentence_56.wav,dataset/chunks/noakhali/noa_cate_16/sentence_56.wav,দোকানের হেডফোন ব্রেক।,noakhali,cate_16,SPK_03,Male
sentence_57.wav,dataset/chunks/noakhali/noa_cate_16/sentence_57.wav,রিকশাচালক রাস্তায় নেই।,noakhali,cate_16,SPK_03,Male
sentence_58.wav,dataset/chunks/noakhali/noa_cate_16/sentence_58.wav,বাসে শীত নেই।,noakhali,cate_16,SPK_03,Male
sentence_59.wav,dataset/chunks/noakhali/noa_cate_16/sentence_59.wav,আমার ফোন হ্যাং করছে।,noakhali,cate_16,SPK_03,Male
sentence_60.wav,dataset/chunks/noakhali/noa_cate_16/sentence_60.wav,দোকানে সঠিক দাম নেই।,noakhali,cate_16,SPK_03,Male
sentence_61.wav,dataset/chunks/noakhali/noa_cate_16/sentence_61.wav,খাবারের স্বাদ খুব ঝাল।,noakhali,cate_16,SPK_03,Male
sentence_62.wav,dataset/chunks/noakhali/noa_cate_16/sentence_62.wav,লিফট বেজে যাচ্ছে।,noakhali,cate_16,SPK_03,Male
sentence_63.wav,dataset/chunks/noakhali/noa_cate_16/sentence_63.wav,আমার ল্যাপটপ কাজ করছে না।,noakhali,cate_16,SPK_03,Male
sentence_64.wav,dataset/chunks/noakhali/noa_cate_16/sentence_64.wav,দোকানের পণ্য ভাঙা।,noakhali,cate_16,SPK_03,Male
sentence_65.wav,dataset/chunks/noakhali/noa_cate_16/sentence_65.wav,রিকশা দূরে গেছে।,noakhali,cate_16,SPK_03,Male
sentence_66.wav,dataset/chunks/noakhali/noa_cate_16/sentence_66.wav,বাস সময়মতো আসেনি।,noakhali,cate_16,SPK_03,Male
sentence_67.wav,dataset/chunks/noakhali/noa_cate_16/sentence_67.wav,আমার মোবাইল নেটওয়ার্ক নেই।,noakhali,cate_16,SPK_03,Male
sentence_68.wav,dataset/chunks/noakhali/noa_cate_16/sentence_68.wav,দোকানের সার্ভিস খারাপ।,noakhali,cate_16,SPK_03,Male
sentence_69.wav,dataset/chunks/noakhali/noa_cate_16/sentence_69.wav,খাবারের পরিমাণ কম।,noakhali,cate_16,SPK_03,Male
sentence_70.wav,dataset/chunks/noakhali/noa_cate_16/sentence_70.wav,লিফট খুব ধীরে চলছে।,noakhali,cate_16,SPK_03,Male
sentence_01.wav,dataset/chunks/noakhali/noa_cate_17/sentence_01.wav,আমি একটি নতুন ব্যাংক অ্যাকাউন্ট খুলতে চাই।,noakhali,cate_17,SPK_19,Male
sentence_02.wav,dataset/chunks/noakhali/noa_cate_17/sentence_02.wav,আমার অ্যাকাউন্ট ব্যালেন্স কত?,noakhali,cate_17,SPK_19,Male
sentence_03.wav,dataset/chunks/noakhali/noa_cate_17/sentence_03.wav,আমি টাকা পাঠাতে চাই।,noakhali,cate_17,SPK_19,Male
sentence_04.wav,dataset/chunks/noakhali/noa_cate_17/sentence_04.wav,ATM কার্ড কোথায় পাব?,noakhali,cate_17,SPK_19,Male
sentence_05.wav,dataset/chunks/noakhali/noa_cate_17/sentence_05.wav,আমি বিকাশে টাকা পাঠাতে চাই।,noakhali,cate_17,SPK_19,Male
sentence_06.wav,dataset/chunks/noakhali/noa_cate_17/sentence_06.wav,চেক জমা দিতে হবে কি?,noakhali,cate_17,SPK_19,Male
sentence_07.wav,dataset/chunks/noakhali/noa_cate_17/sentence_07.wav,ব্যাংকের সময়সূচি কী?,noakhali,cate_17,SPK_19,Male
sentence_08.wav,dataset/chunks/noakhali/noa_cate_17/sentence_08.wav,আমি একটি লোন নিতে চাই।,noakhali,cate_17,SPK_19,Male
sentence_09.wav,dataset/chunks/noakhali/noa_cate_17/sentence_09.wav,ATM কাজ করছে না।,noakhali,cate_17,SPK_19,Male
sentence_10.wav,dataset/chunks/noakhali/noa_cate_17/sentence_10.wav,আমি অনলাইন ব্যাংকিং করতে চাই।,noakhali,cate_17,SPK_19,Male
sentence_11.wav,dataset/chunks/noakhali/noa_cate_17/sentence_11.wav,আমার অ্যাকাউন্টে টাকা ঢুকেনি।,noakhali,cate_17,SPK_19,Male
sentence_12.wav,dataset/chunks/noakhali/noa_cate_17/sentence_12.wav,ব্যাংক খোলা আছে কি?,noakhali,cate_17,SPK_19,Male
sentence_13.wav,dataset/chunks/noakhali/noa_cate_17/sentence_13.wav,আমি একটি ডেবিট কার্ড চাই।,noakhali,cate_17,SPK_19,Male
sentence_14.wav,dataset/chunks/noakhali/noa_cate_17/sentence_14.wav,বিকাশে ট্রান্সফার সফল হয়েছে কি?,noakhali,cate_17,SPK_19,Male
sentence_15.wav,dataset/chunks/noakhali/noa_cate_17/sentence_15.wav,আমি ক্রেডিট কার্ড আবেদন করতে চাই।,noakhali,cate_17,SPK_19,Male
sentence_16.wav,dataset/chunks/noakhali/noa_cate_17/sentence_16.wav,ATM থেকে কত টাকা তুলতে পারি?,noakhali,cate_17,SPK_19,Male
sentence_17.wav,dataset/chunks/noakhali/noa_cate_17/sentence_17.wav,আমার পিন ভুল হয়েছে।,noakhali,cate_17,SPK_19,Male
sentence_18.wav,dataset/chunks/noakhali/noa_cate_17/sentence_18.wav,ব্যাংক ফি কত?,noakhali,cate_17,SPK_19,Male
sentence_19.wav,dataset/chunks/noakhali/noa_cate_17/sentence_19.wav,আমি চেকবই চাই।,noakhali,cate_17,SPK_19,Male
sentence_20.wav,dataset/chunks/noakhali/noa_cate_17/sentence_20.wav,বিকাশে লেনদেন কতক্ষণ সময় নেয়?,noakhali,cate_17,SPK_19,Male
sentence_21.wav,dataset/chunks/noakhali/noa_cate_17/sentence_21.wav,আমি টাকা তুলতে চাই।,noakhali,cate_17,SPK_19,Male
sentence_22.wav,dataset/chunks/noakhali/noa_cate_17/sentence_22.wav,আমার অ্যাকাউন্ট ব্লক হয়েছে।,noakhali,cate_17,SPK_19,Male
sentence_23.wav,dataset/chunks/noakhali/noa_cate_17/sentence_23.wav,ব্যাংকিং সেবা ভালো কি?,noakhali,cate_17,SPK_19,Male
sentence_24.wav,dataset/chunks/noakhali/noa_cate_17/sentence_24.wav,আমি ফান্ড ট্রান্সফার করতে চাই।,noakhali,cate_17,SPK_19,Male
sentence_25.wav,dataset/chunks/noakhali/noa_cate_17/sentence_25.wav,ATM কোথায় আছে?,noakhali,cate_17,SPK_19,Male
sentence_26.wav,dataset/chunks/noakhali/noa_cate_17/sentence_26.wav,আমার ডেবিট কার্ড হারিয়েছে।,noakhali,cate_17,SPK_19,Male
sentence_27.wav,dataset/chunks/noakhali/noa_cate_17/sentence_27.wav,আমি বিকাশ ব্যালেন্স চেক করতে চাই।,noakhali,cate_17,SPK_19,Male
sentence_28.wav,dataset/chunks/noakhali/noa_cate_17/sentence_28.wav,ব্যাংক অ্যাকাউন্ট কতদিনে খোলা হয়?,noakhali,cate_17,SPK_19,Male
sentence_29.wav,dataset/chunks/noakhali/noa_cate_17/sentence_29.wav,আমি মোবাইল ব্যাংকিং ব্যবহার করতে চাই।,noakhali,cate_17,SPK_19,Male
sentence_30.wav,dataset/chunks/noakhali/noa_cate_17/sentence_30.wav,আমি টাকা পাঠিয়েছি কিন্তু পাওয়া যায়নি।,noakhali,cate_17,SPK_19,Male
sentence_31.wav,dataset/chunks/noakhali/noa_cate_17/sentence_31.wav,আমি লোন পরিশোধ করতে চাই।,noakhali,cate_17,SPK_19,Male
sentence_32.wav,dataset/chunks/noakhali/noa_cate_17/sentence_32.wav,ATM থেকে টাকা তুলতে সমস্যা।,noakhali,cate_17,SPK_19,Male
sentence_33.wav,dataset/chunks/noakhali/noa_cate_17/sentence_33.wav,ব্যাংকের চেক অনুমোদিত হয়েছে কি?,noakhali,cate_17,SPK_19,Male
sentence_34.wav,dataset/chunks/noakhali/noa_cate_17/sentence_34.wav,আমি বিকাশে টাকা জমা দিতে চাই।,noakhali,cate_17,SPK_19,Male
sentence_35.wav,dataset/chunks/noakhali/noa_cate_17/sentence_35.wav,আমার ক্রেডিট কার্ড লিমিট কত?,noakhali,cate_17,SPK_19,Male
sentence_36.wav,dataset/chunks/noakhali/noa_cate_17/sentence_36.wav,আমি ব্যাংক খোলা আছে কিনা জানতে চাই।,noakhali,cate_17,SPK_19,Male
sentence_37.wav,dataset/chunks/noakhali/noa_cate_17/sentence_37.wav,আমার অ্যাকাউন্ট নম্বর ভুল।,noakhali,cate_17,SPK_19,Male
sentence_38.wav,dataset/chunks/noakhali/noa_cate_17/sentence_38.wav,আমি ফান্ড রিসিভ করতে পারছি না।,noakhali,cate_17,SPK_19,Male
sentence_39.wav,dataset/chunks/noakhali/noa_cate_17/sentence_39.wav,ব্যাংক সেবা ধীর।,noakhali,cate_17,SPK_19,Male
sentence_40.wav,dataset/chunks/noakhali/noa_cate_17/sentence_40.wav,আমি বিকাশের পিন পরিবর্তন করতে চাই।,noakhali,cate_17,SPK_19,Male
sentence_41.wav,dataset/chunks/noakhali/noa_cate_17/sentence_41.wav,আমি একটি ট্রান্সফার করতে চাই।,noakhali,cate_17,SPK_19,Male
sentence_42.wav,dataset/chunks/noakhali/noa_cate_17/sentence_42.wav,ব্যাংকের কনসাল্ট্যান্ট কোথায় আছে?,noakhali,cate_17,SPK_19,Male
sentence_43.wav,dataset/chunks/noakhali/noa_cate_17/sentence_43.wav,আমার অ্যাকাউন্টে লেনদেন দেখা যায় না।,noakhali,cate_17,SPK_19,Male
sentence_44.wav,dataset/chunks/noakhali/noa_cate_17/sentence_44.wav,আমি নতুন ATM কার্ড চাই।,noakhali,cate_17,SPK_19,Male
sentence_45.wav,dataset/chunks/noakhali/noa_cate_17/sentence_45.wav,বিকাশে লেনদেন বাতিল হয়েছে।,noakhali,cate_17,SPK_19,Male
sentence_46.wav,dataset/chunks/noakhali/noa_cate_17/sentence_46.wav,ব্যাংকের চেক যাচাই হয়েছে কি?,noakhali,cate_17,SPK_19,Male
sentence_47.wav,dataset/chunks/noakhali/noa_cate_17/sentence_47.wav,আমি ফান্ড ট্রান্সফার করতে পারছি না।,noakhali,cate_17,SPK_19,Male
sentence_48.wav,dataset/chunks/noakhali/noa_cate_17/sentence_48.wav,আমার অ্যাকাউন্টে টাকা কমেছে।,noakhali,cate_17,SPK_19,Male
sentence_49.wav,dataset/chunks/noakhali/noa_cate_17/sentence_49.wav,আমি লোন স্ট্যাটাস জানতে চাই।,noakhali,cate_17,SPK_19,Male
sentence_50.wav,dataset/chunks/noakhali/noa_cate_17/sentence_50.wav,ATM খুব ব্যস্ত।,noakhali,cate_17,SPK_19,Male
sentence_51.wav,dataset/chunks/noakhali/noa_cate_17/sentence_51.wav,আমি বিকাশে নতুন নাম্বার রেজিস্টার করতে চাই।,noakhali,cate_17,SPK_19,Male
sentence_52.wav,dataset/chunks/noakhali/noa_cate_17/sentence_52.wav,ব্যাংকের ফি খুব বেশি।,noakhali,cate_17,SPK_19,Male
sentence_53.wav,dataset/chunks/noakhali/noa_cate_17/sentence_53.wav,আমি অনলাইন পেমেন্ট করতে চাই।,noakhali,cate_17,SPK_19,Male
sentence_54.wav,dataset/chunks/noakhali/noa_cate_17/sentence_54.wav,আমার অ্যাকাউন্টে লেনদেন বন্ধ।,noakhali,cate_17,SPK_19,Male
sentence_55.wav,dataset/chunks/noakhali/noa_cate_17/sentence_55.wav,আমি চেক জমা দিতে পারছি না।,noakhali,cate_17,SPK_19,Male
sentence_56.wav,dataset/chunks/noakhali/noa_cate_17/sentence_56.wav,বিকাশে টাকা স্থানান্তর করতে সমস্যা।,noakhali,cate_17,SPK_19,Male
sentence_57.wav,dataset/chunks/noakhali/noa_cate_17/sentence_57.wav,ব্যাংকের সময়সূচি পরিবর্তন হয়েছে।,noakhali,cate_17,SPK_19,Male
sentence_58.wav,dataset/chunks/noakhali/noa_cate_17/sentence_58.wav,আমি ক্রেডিট কার্ড একটিভ করতে চাই।,noakhali,cate_17,SPK_19,Male
sentence_59.wav,dataset/chunks/noakhali/noa_cate_17/sentence_59.wav,আমার লোন অ্যাপ্লিকেশন পেন্ডিং আছে।,noakhali,cate_17,SPK_19,Male
sentence_60.wav,dataset/chunks/noakhali/noa_cate_17/sentence_60.wav,ATM থেকে লেনদেন বাতিল হয়েছে।,noakhali,cate_17,SPK_19,Male
sentence_61.wav,dataset/chunks/noakhali/noa_cate_17/sentence_61.wav,আমি বিকাশে টাকা রিফান্ড চাই।,noakhali,cate_17,SPK_19,Male
sentence_62.wav,dataset/chunks/noakhali/noa_cate_17/sentence_62.wav,ব্যাংকের সার্ভিস খারাপ।,noakhali,cate_17,SPK_19,Male
sentence_63.wav,dataset/chunks/noakhali/noa_cate_17/sentence_63.wav,আমি আমার অ্যাকাউন্ট বন্ধ করতে চাই।,noakhali,cate_17,SPK_19,Male
sentence_64.wav,dataset/chunks/noakhali/noa_cate_17/sentence_64.wav,আমার ডেবিট কার্ড ব্লক হয়েছে।,noakhali,cate_17,SPK_19,Male
sentence_65.wav,dataset/chunks/noakhali/noa_cate_17/sentence_65.wav,আমি ফান্ড রিসিভ করতে পারছি না।,noakhali,cate_17,SPK_19,Male
sentence_66.wav,dataset/chunks/noakhali/noa_cate_17/sentence_66.wav,ব্যাংকের লাইন অনেক লম্বা।,noakhali,cate_17,SPK_19,Male
sentence_67.wav,dataset/chunks/noakhali/noa_cate_17/sentence_67.wav,আমি ক্রেডিট কার্ড বন্ধ করতে চাই।,noakhali,cate_17,SPK_19,Male
sentence_68.wav,dataset/chunks/noakhali/noa_cate_17/sentence_68.wav,আমার অ্যাকাউন্টে টাকা জমা হয়নি।,noakhali,cate_17,SPK_19,Male
sentence_69.wav,dataset/chunks/noakhali/noa_cate_17/sentence_69.wav,আমি বিকাশে লেনদেনের হিস্ট্রি দেখতে চাই।,noakhali,cate_17,SPK_19,Male
sentence_70.wav,dataset/chunks/noakhali/noa_cate_17/sentence_70.wav,ব্যাংকের লোন প্রক্রিয়া ধীর।,noakhali,cate_17,SPK_19,Male
sentence_01.wav,dataset/chunks/noakhali/noa_cate_18/sentence_01.wav,আমি খুব খুশি।,noakhali,cate_18,,
sentence_02.wav,dataset/chunks/noakhali/noa_cate_18/sentence_02.wav,তুমি কীভাবে অনুভব করছো?,noakhali,cate_18,,
sentence_03.wav,dataset/chunks/noakhali/noa_cate_18/sentence_03.wav,আমি দুঃখিত।,noakhali,cate_18,,
sentence_04.wav,dataset/chunks/noakhali/noa_cate_18/sentence_04.wav,এটা সত্যিই দুঃখজনক।,noakhali,cate_18,,
sentence_05.wav,dataset/chunks/noakhali/noa_cate_18/sentence_05.wav,আমি রাগান্বিত।,noakhali,cate_18,,
sentence_06.wav,dataset/chunks/noakhali/noa_cate_18/sentence_06.wav,তুমি কেন রাগ করছো?,noakhali,cate_18,,
sentence_07.wav,dataset/chunks/noakhali/noa_cate_18/sentence_07.wav,আমি উত্তেজিত।,noakhali,cate_18,,
sentence_08.wav,dataset/chunks/noakhali/noa_cate_18/sentence_08.wav,এটা আমার জন্য আশ্চর্যজনক।,noakhali,cate_18,,
sentence_09.wav,dataset/chunks/noakhali/noa_cate_18/sentence_09.wav,আমি ভীত।,noakhali,cate_18,,
sentence_10.wav,dataset/chunks/noakhali/noa_cate_18/sentence_10.wav,তুমি কেন ভয় পাচ্ছো?,noakhali,cate_18,,
sentence_11.wav,dataset/chunks/noakhali/noa_cate_18/sentence_11.wav,আমি দারুণ খুশি।,noakhali,cate_18,,
sentence_12.wav,dataset/chunks/noakhali/noa_cate_18/sentence_12.wav,এটা সত্যিই আমাকে কষ্ট দিচ্ছে।,noakhali,cate_18,,
sentence_13.wav,dataset/chunks/noakhali/noa_cate_18/sentence_13.wav,আমি হতাশ।,noakhali,cate_18,,
sentence_14.wav,dataset/chunks/noakhali/noa_cate_18/sentence_14.wav,তুমি খুব আনন্দিত দেখাচ্ছো।,noakhali,cate_18,,
sentence_15.wav,dataset/chunks/noakhali/noa_cate_18/sentence_15.wav,আমি অবাক।,noakhali,cate_18,,
sentence_16.wav,dataset/chunks/noakhali/noa_cate_18/sentence_16.wav,এটা আমার জন্য দুঃসংবাদ।,noakhali,cate_18,,
sentence_17.wav,dataset/chunks/noakhali/noa_cate_18/sentence_17.wav,আমি খুব দুঃখিত।,noakhali,cate_18,,
sentence_18.wav,dataset/chunks/noakhali/noa_cate_18/sentence_18.wav,তুমি কি খুশি?,noakhali,cate_18,,
sentence_19.wav,dataset/chunks/noakhali/noa_cate_18/sentence_19.wav,আমি উত্তেজিত অনুভব করছি।,noakhali,cate_18,,
sentence_20.wav,dataset/chunks/noakhali/noa_cate_18/sentence_20.wav,আমি রাগান্বিত হয়ে যাচ্ছি।,noakhali,cate_18,,
sentence_21.wav,dataset/chunks/noakhali/noa_cate_18/sentence_21.wav,এটা সত্যিই অবাক করা।,noakhali,cate_18,,
sentence_22.wav,dataset/chunks/noakhali/noa_cate_18/sentence_22.wav,"আমি দুঃখিত, এটা আমার দোষ।",noakhali,cate_18,,
sentence_23.wav,dataset/chunks/noakhali/noa_cate_18/sentence_23.wav,তুমি কেমন অনুভব করছো?,noakhali,cate_18,,
sentence_24.wav,dataset/chunks/noakhali/noa_cate_18/sentence_24.wav,আমি শান্ত।,noakhali,cate_18,,
sentence_25.wav,dataset/chunks/noakhali/noa_cate_18/sentence_25.wav,এটা আমাকে আনন্দিত করছে।,noakhali,cate_18,,
sentence_26.wav,dataset/chunks/noakhali/noa_cate_18/sentence_26.wav,আমি চিন্তিত।,noakhali,cate_18,,
sentence_27.wav,dataset/chunks/noakhali/noa_cate_18/sentence_27.wav,আমি হতাশ হয়ে যাচ্ছি।,noakhali,cate_18,,
sentence_28.wav,dataset/chunks/noakhali/noa_cate_18/sentence_28.wav,তুমি রাগান্বিত না তো?,noakhali,cate_18,,
sentence_29.wav,dataset/chunks/noakhali/noa_cate_18/sentence_29.wav,আমি সত্যিই আনন্দিত।,noakhali,cate_18,,
sentence_30.wav,dataset/chunks/noakhali/noa_cate_18/sentence_30.wav,এটা আমাকে বিরক্ত করছে।,noakhali,cate_18,,
sentence_31.wav,dataset/chunks/noakhali/noa_cate_18/sentence_31.wav,আমি অবাক হয়ে গেলাম।,noakhali,cate_18,,
sentence_32.wav,dataset/chunks/noakhali/noa_cate_18/sentence_32.wav,আমি খুব ভীত।,noakhali,cate_18,,
sentence_33.wav,dataset/chunks/noakhali/noa_cate_18/sentence_33.wav,তুমি আনন্দিত দেখাচ্ছো।,noakhali,cate_18,,
sentence_34.wav,dataset/chunks/noakhali/noa_cate_18/sentence_34.wav,আমি হতাশ অনুভব করছি।,noakhali,cate_18,,
sentence_35.wav,dataset/chunks/noakhali/noa_cate_18/sentence_35.wav,আমি রাগান্বিত হয়ে গিয়েছি।,noakhali,cate_18,,
sentence_36.wav,dataset/chunks/noakhali/noa_cate_18/sentence_36.wav,এটা আমাকে আনন্দ দিচ্ছে।,noakhali,cate_18,,
sentence_37.wav,dataset/chunks/noakhali/noa_cate_18/sentence_37.wav,আমি উদ্বিগ্ন।,noakhali,cate_18,,
sentence_38.wav,dataset/chunks/noakhali/noa_cate_18/sentence_38.wav,তুমি কেন দুঃখিত?,noakhali,cate_18,,
sentence_39.wav,dataset/chunks/noakhali/noa_cate_18/sentence_39.wav,আমি খুব খুশি অনুভব করছি।,noakhali,cate_18,,
sentence_40.wav,dataset/chunks/noakhali/noa_cate_18/sentence_40.wav,এটা সত্যিই বিরক্তিকর।,noakhali,cate_18,,
sentence_41.wav,dataset/chunks/noakhali/noa_cate_18/sentence_41.wav,আমি আশ্চর্য।,noakhali,cate_18,,
sentence_42.wav,dataset/chunks/noakhali/noa_cate_18/sentence_42.wav,তুমি ভয় পাচ্ছো কেন?,noakhali,cate_18,,
sentence_43.wav,dataset/chunks/noakhali/noa_cate_18/sentence_43.wav,আমি খুব আনন্দিত।,noakhali,cate_18,,
sentence_44.wav,dataset/chunks/noakhali/noa_cate_18/sentence_44.wav,এটা আমাকে দুঃখিত করছে।,noakhali,cate_18,,
sentence_45.wav,dataset/chunks/noakhali/noa_cate_18/sentence_45.wav,আমি রাগ অনুভব করছি।,noakhali,cate_18,,
sentence_46.wav,dataset/chunks/noakhali/noa_cate_18/sentence_46.wav,তুমি উত্তেজিত নাকি?,noakhali,cate_18,,
sentence_47.wav,dataset/chunks/noakhali/noa_cate_18/sentence_47.wav,আমি অবাক হয়ে যাচ্ছি।,noakhali,cate_18,,
sentence_48.wav,dataset/chunks/noakhali/noa_cate_18/sentence_48.wav,এটা সত্যিই দারুণ।,noakhali,cate_18,,
sentence_49.wav,dataset/chunks/noakhali/noa_cate_18/sentence_49.wav,আমি শান্ত অনুভব করছি।,noakhali,cate_18,,
sentence_50.wav,dataset/chunks/noakhali/noa_cate_18/sentence_50.wav,তুমি দুঃখিত নাকি?,noakhali,cate_18,,
sentence_51.wav,dataset/chunks/noakhali/noa_cate_18/sentence_51.wav,আমি খুব চিন্তিত।,noakhali,cate_18,,
sentence_52.wav,dataset/chunks/noakhali/noa_cate_18/sentence_52.wav,এটা আমাকে বিরক্ত করছে।,noakhali,cate_18,,
sentence_53.wav,dataset/chunks/noakhali/noa_cate_18/sentence_53.wav,আমি আনন্দ অনুভব করছি।,noakhali,cate_18,,
sentence_54.wav,dataset/chunks/noakhali/noa_cate_18/sentence_54.wav,তুমি রাগান্বিত নাকি?,noakhali,cate_18,,
sentence_55.wav,dataset/chunks/noakhali/noa_cate_18/sentence_55.wav,আমি আশ্চর্য অনুভব করছি।,noakhali,cate_18,,
sentence_56.wav,dataset/chunks/noakhali/noa_cate_18/sentence_56.wav,এটা আমাকে উত্তেজিত করছে।,noakhali,cate_18,,
sentence_57.wav,dataset/chunks/noakhali/noa_cate_18/sentence_57.wav,"আমি দুঃখিত, আমি কিছু করতে পারিনি।",noakhali,cate_18,,
sentence_58.wav,dataset/chunks/noakhali/noa_cate_18/sentence_58.wav,তুমি খুশি নাকি?,noakhali,cate_18,,
sentence_59.wav,dataset/chunks/noakhali/noa_cate_18/sentence_59.wav,আমি খুব ভীত অনুভব করছি।,noakhali,cate_18,,
sentence_60.wav,dataset/chunks/noakhali/noa_cate_18/sentence_60.wav,এটা সত্যিই দুঃখজনক।,noakhali,cate_18,,
sentence_61.wav,dataset/chunks/noakhali/noa_cate_18/sentence_61.wav,আমি রাগান্বিত হয়ে যাচ্ছি।,noakhali,cate_18,,
sentence_62.wav,dataset/chunks/noakhali/noa_cate_18/sentence_62.wav,তুমি উদ্বিগ্ন নাকি?,noakhali,cate_18,,
sentence_63.wav,dataset/chunks/noakhali/noa_cate_18/sentence_63.wav,আমি খুব আনন্দিত অনুভব করছি।,noakhali,cate_18,,
sentence_64.wav,dataset/chunks/noakhali/noa_cate_18/sentence_64.wav,এটা আমাকে হতাশ করছে।,noakhali,cate_18,,
sentence_65.wav,dataset/chunks/noakhali/noa_cate_18/sentence_65.wav,আমি শান্ত অনুভব করছি।,noakhali,cate_18,,
sentence_66.wav,dataset/chunks/noakhali/noa_cate_18/sentence_66.wav,তুমি দারুণ খুশি দেখাচ্ছো।,noakhali,cate_18,,
sentence_67.wav,dataset/chunks/noakhali/noa_cate_18/sentence_67.wav,আমি বিরক্ত অনুভব করছি।,noakhali,cate_18,,
sentence_68.wav,dataset/chunks/noakhali/noa_cate_18/sentence_68.wav,এটা আমাকে অবাক করছে।,noakhali,cate_18,,
sentence_69.wav,dataset/chunks/noakhali/noa_cate_18/sentence_69.wav,আমি উত্তেজিত হয়ে যাচ্ছি।,noakhali,cate_18,,
sentence_70.wav,dataset/chunks/noakhali/noa_cate_18/sentence_70.wav,আমি সত্যিই খুশি।,noakhali,cate_18,,
sentence_01.wav,dataset/chunks/noakhali/noa_cate_19/sentence_01.wav,আমি লোকসংগীত শুনতে ভালোবাসি।,noakhali,cate_19,SPK_29,Female
sentence_02.wav,dataset/chunks/noakhali/noa_cate_19/sentence_02.wav,তুমি কি আজ রাতে নাচ দেখতে যাবে?,noakhali,cate_19,SPK_29,Female
sentence_03.wav,dataset/chunks/noakhali/noa_cate_19/sentence_03.wav,মেলা খুব সুন্দর।,noakhali,cate_19,SPK_29,Female
sentence_04.wav,dataset/chunks/noakhali/noa_cate_19/sentence_04.wav,তুমি কি পহেলা বৈশাখ উদযাপন করছো?,noakhali,cate_19,SPK_29,Female
sentence_05.wav,dataset/chunks/noakhali/noa_cate_19/sentence_05.wav,আমি একটি লোকনৃত্য শিখছি।,noakhali,cate_19,SPK_29,Female
sentence_06.wav,dataset/chunks/noakhali/noa_cate_19/sentence_06.wav,আজ রাতে আমরা মেলায় যাচ্ছি।,noakhali,cate_19,SPK_29,Female
sentence_07.wav,dataset/chunks/noakhali/noa_cate_19/sentence_07.wav,তুমি কি বাঁশি বাজাতে পারো?,noakhali,cate_19,SPK_29,Female
sentence_08.wav,dataset/chunks/noakhali/noa_cate_19/sentence_08.wav,আমরা পুতুলনাচ দেখেছি।,noakhali,cate_19,SPK_29,Female
sentence_09.wav,dataset/chunks/noakhali/noa_cate_19/sentence_09.wav,মেলায় অনেক লোক আছে।,noakhali,cate_19,SPK_29,Female
sentence_10.wav,dataset/chunks/noakhali/noa_cate_19/sentence_10.wav,তুমি কি ঢাক বাজাতে চাও?,noakhali,cate_19,SPK_29,Female
sentence_11.wav,dataset/chunks/noakhali/noa_cate_19/sentence_11.wav,আমি নাটক দেখতে যাচ্ছি।,noakhali,cate_19,SPK_29,Female
sentence_12.wav,dataset/chunks/noakhali/noa_cate_19/sentence_12.wav,আজকে কাব্য অনুষ্ঠানে যাচ্ছি।,noakhali,cate_19,SPK_29,Female
sentence_13.wav,dataset/chunks/noakhali/noa_cate_19/sentence_13.wav,তুমি কি গান গাইতে পারো?,noakhali,cate_19,SPK_29,Female
sentence_14.wav,dataset/chunks/noakhali/noa_cate_19/sentence_14.wav,লোকনৃত্য খুব সুন্দর।,noakhali,cate_19,SPK_29,Female
sentence_15.wav,dataset/chunks/noakhali/noa_cate_19/sentence_15.wav,আমরা মেলায় পিঠা খেয়েছি।,noakhali,cate_19,SPK_29,Female
sentence_16.wav,dataset/chunks/noakhali/noa_cate_19/sentence_16.wav,তুমি কি আজকে শিল্প প্রদর্শনী দেখেছো?,noakhali,cate_19,SPK_29,Female
sentence_17.wav,dataset/chunks/noakhali/noa_cate_19/sentence_17.wav,আমি রবীন্দ্রনাথের গান শুনতে ভালোবাসি।,noakhali,cate_19,SPK_29,Female
sentence_18.wav,dataset/chunks/noakhali/noa_cate_19/sentence_18.wav,মেলায় খেলার স্টল আছে।,noakhali,cate_19,SPK_29,Female
sentence_19.wav,dataset/chunks/noakhali/noa_cate_19/sentence_19.wav,তুমি কি আজকে ঢোল বাজাচ্ছো?,noakhali,cate_19,SPK_29,Female
sentence_20.wav,dataset/chunks/noakhali/noa_cate_19/sentence_20.wav,আমরা একটি রাস্তানাটক দেখেছি।,noakhali,cate_19,SPK_29,Female
sentence_21.wav,dataset/chunks/noakhali/noa_cate_19/sentence_21.wav,মেলায় অনেক খাবার বিক্রি হচ্ছে।,noakhali,cate_19,SPK_29,Female
sentence_22.wav,dataset/chunks/noakhali/noa_cate_19/sentence_22.wav,তুমি কি আজকে লোকগীতি শোনাচ্ছো?,noakhali,cate_19,SPK_29,Female
sentence_23.wav,dataset/chunks/noakhali/noa_cate_19/sentence_23.wav,আমি নৃত্য প্রতিযোগিতায় অংশ নিচ্ছি।,noakhali,cate_19,SPK_29,Female
sentence_24.wav,dataset/chunks/noakhali/noa_cate_19/sentence_24.wav,মেলায় সাজানো হয়েছে অনেক আলোকসজ্জা।,noakhali,cate_19,SPK_29,Female
sentence_25.wav,dataset/chunks/noakhali/noa_cate_19/sentence_25.wav,তুমি কি আজকে মেলায় গিয়েছো?,noakhali,cate_19,SPK_29,Female
sentence_26.wav,dataset/chunks/noakhali/noa_cate_19/sentence_26.wav,আমরা একটি লোককাহিনী শোনেছি।,noakhali,cate_19,SPK_29,Female
sentence_27.wav,dataset/chunks/noakhali/noa_cate_19/sentence_27.wav,তুমি কি আজকে নাটক দেখেছো?,noakhali,cate_19,SPK_29,Female
sentence_28.wav,dataset/chunks/noakhali/noa_cate_19/sentence_28.wav,আমি পটচিত্র দেখতে ভালোবাসি।,noakhali,cate_19,SPK_29,Female
sentence_29.wav,dataset/chunks/noakhali/noa_cate_19/sentence_29.wav,মেলায় অনেক শিশু খেলছে।,noakhali,cate_19,SPK_29,Female
sentence_30.wav,dataset/chunks/noakhali/noa_cate_19/sentence_30.wav,তুমি কি লোকনৃত্য শিখছো?,noakhali,cate_19,SPK_29,Female
sentence_31.wav,dataset/chunks/noakhali/noa_cate_19/sentence_31.wav,আমরা পুতুলনাচ প্রদর্শনীতে গিয়েছি।,noakhali,cate_19,SPK_29,Female
sentence_32.wav,dataset/chunks/noakhali/noa_cate_19/sentence_32.wav,মেলায় গান বাজানো হচ্ছে।,noakhali,cate_19,SPK_29,Female
sentence_33.wav,dataset/chunks/noakhali/noa_cate_19/sentence_33.wav,তুমি কি শিল্পকর্ম তৈরি করছো?,noakhali,cate_19,SPK_29,Female
sentence_34.wav,dataset/chunks/noakhali/noa_cate_19/sentence_34.wav,আমি লোকসংগীত শোনাচ্ছি।,noakhali,cate_19,SPK_29,Female
sentence_35.wav,dataset/chunks/noakhali/noa_cate_19/sentence_35.wav,মেলায় খেলনা বিক্রি হচ্ছে।,noakhali,cate_19,SPK_29,Female
sentence_36.wav,dataset/chunks/noakhali/noa_cate_19/sentence_36.wav,তুমি কি আজকে পিঠা খেয়েছো?,noakhali,cate_19,SPK_29,Female
sentence_37.wav,dataset/chunks/noakhali/noa_cate_19/sentence_37.wav,আমরা নৃত্য প্রদর্শনীতে অংশ নিয়েছি।,noakhali,cate_19,SPK_29,Female
sentence_38.wav,dataset/chunks/noakhali/noa_cate_19/sentence_38.wav,মেলায় বিভিন্ন খাবার রয়েছে।,noakhali,cate_19,SPK_29,Female
sentence_39.wav,dataset/chunks/noakhali/noa_cate_19/sentence_39.wav,তুমি কি আজকে কাব্য শোনাচ্ছো?,noakhali,cate_19,SPK_29,Female
sentence_40.wav,dataset/chunks/noakhali/noa_cate_19/sentence_40.wav,আমি রবীন্দ্রনাথের গান গাইছি।,noakhali,cate_19,SPK_29,Female
sentence_41.wav,dataset/chunks/noakhali/noa_cate_19/sentence_41.wav,মেলায় রঙিন বাতি জ্বলে।,noakhali,cate_19,SPK_29,Female
sentence_42.wav,dataset/chunks/noakhali/noa_cate_19/sentence_42.wav,তুমি কি আজকে নাটক মঞ্চস্থ করছো?,noakhali,cate_19,SPK_29,Female
sentence_43.wav,dataset/chunks/noakhali/noa_cate_19/sentence_43.wav,আমরা লোকনৃত্য দেখতে যাচ্ছি।,noakhali,cate_19,SPK_29,Female
sentence_44.wav,dataset/chunks/noakhali/noa_cate_19/sentence_44.wav,মেলায় অনেক ছবি তোলা হচ্ছে।,noakhali,cate_19,SPK_29,Female
sentence_45.wav,dataset/chunks/noakhali/noa_cate_19/sentence_45.wav,তুমি কি পুতুলনাচ পছন্দ করো?,noakhali,cate_19,SPK_29,Female
sentence_46.wav,dataset/chunks/noakhali/noa_cate_19/sentence_46.wav,আমি নৃত্য প্রশিক্ষণ নিচ্ছি।,noakhali,cate_19,SPK_29,Female
sentence_47.wav,dataset/chunks/noakhali/noa_cate_19/sentence_47.wav,মেলায় লোকশিল্প প্রদর্শিত হচ্ছে।,noakhali,cate_19,SPK_29,Female
sentence_48.wav,dataset/chunks/noakhali/noa_cate_19/sentence_48.wav,তুমি কি আজকে গান শোনাচ্ছো?,noakhali,cate_19,SPK_29,Female
sentence_49.wav,dataset/chunks/noakhali/noa_cate_19/sentence_49.wav,আমরা মেলায় হস্তশিল্প কিনেছি।,noakhali,cate_19,SPK_29,Female
sentence_50.wav,dataset/chunks/noakhali/noa_cate_19/sentence_50.wav,মেলায় অনেক লোক আনন্দ করছে।,noakhali,cate_19,SPK_29,Female
sentence_51.wav,dataset/chunks/noakhali/noa_cate_19/sentence_51.wav,তুমি কি আজকে মেলার খেলা খেলেছো?,noakhali,cate_19,SPK_29,Female
sentence_52.wav,dataset/chunks/noakhali/noa_cate_19/sentence_52.wav,আমি লোকনৃত্য প্রদর্শনীতে গিয়েছি।,noakhali,cate_19,SPK_29,Female
sentence_53.wav,dataset/chunks/noakhali/noa_cate_19/sentence_53.wav,মেলায় মিষ্টি বিক্রি হচ্ছে।,noakhali,cate_19,SPK_29,Female
sentence_54.wav,dataset/chunks/noakhali/noa_cate_19/sentence_54.wav,তুমি কি আজকে রাস্তানাটক দেখেছো?,noakhali,cate_19,SPK_29,Female
sentence_55.wav,dataset/chunks/noakhali/noa_cate_19/sentence_55.wav,আমি পুতুলনাচ তৈরি করছি।,noakhali,cate_19,SPK_29,Female
sentence_56.wav,dataset/chunks/noakhali/noa_cate_19/sentence_56.wav,মেলায় বিভিন্ন নাচ প্রদর্শিত হচ্ছে।,noakhali,cate_19,SPK_29,Female
sentence_57.wav,dataset/chunks/noakhali/noa_cate_19/sentence_57.wav,তুমি কি আজকে শিল্প প্রদর্শনীতে গিয়েছো?,noakhali,cate_19,SPK_29,Female
sentence_58.wav,dataset/chunks/noakhali/noa_cate_19/sentence_58.wav,আমরা মেলায় গান শুনেছি।,noakhali,cate_19,SPK_29,Female
sentence_59.wav,dataset/chunks/noakhali/noa_cate_19/sentence_59.wav,মেলায় লোকসংগীত বাজানো হয়েছে।,noakhali,cate_19,SPK_29,Female
sentence_60.wav,dataset/chunks/noakhali/noa_cate_19/sentence_60.wav,তুমি কি আজকে পিঠা খেয়েছো?,noakhali,cate_19,SPK_29,Female
sentence_61.wav,dataset/chunks/noakhali/noa_cate_19/sentence_61.wav,আমি নৃত্য প্রশিক্ষণে অংশ নিচ্ছি।,noakhali,cate_19,SPK_29,Female
sentence_62.wav,dataset/chunks/noakhali/noa_cate_19/sentence_62.wav,মেলায় খেলা প্রদর্শনী হয়েছে।,noakhali,cate_19,SPK_29,Female
sentence_63.wav,dataset/chunks/noakhali/noa_cate_19/sentence_63.wav,তুমি কি আজকে রঙিন লাইট দেখেছো?,noakhali,cate_19,SPK_29,Female
sentence_64.wav,dataset/chunks/noakhali/noa_cate_19/sentence_64.wav,আমরা মেলায় হস্তশিল্প শিখেছি।,noakhali,cate_19,SPK_29,Female
sentence_65.wav,dataset/chunks/noakhali/noa_cate_19/sentence_65.wav,মেলায় লোককাহিনী বলা হয়েছে।,noakhali,cate_19,SPK_29,Female
sentence_66.wav,dataset/chunks/noakhali/noa_cate_19/sentence_66.wav,তুমি কি আজকে কাব্য শোনেছো?,noakhali,cate_19,SPK_29,Female
sentence_67.wav,dataset/chunks/noakhali/noa_cate_19/sentence_67.wav,আমি মেলায় গিয়েছি।,noakhali,cate_19,SPK_29,Female
sentence_68.wav,dataset/chunks/noakhali/noa_cate_19/sentence_68.wav,মেলায় নাটক প্রদর্শিত হয়েছে।,noakhali,cate_19,SPK_29,Female
sentence_69.wav,dataset/chunks/noakhali/noa_cate_19/sentence_69.wav,তুমি কি আজকে গান গেয়েছো?,noakhali,cate_19,SPK_29,Female
sentence_70.wav,dataset/chunks/noakhali/noa_cate_19/sentence_70.wav,আমরা মেলায় নাচ উপভোগ করেছি।,noakhali,cate_19,SPK_29,Female
sentence_01.wav,dataset/chunks/rangpur/ran_cate_01/sentence_01.wav,আপনি কোথা থেকে এসেছেন?,rangpur,cate_01,SPK_05,Male
sentence_02.wav,dataset/chunks/rangpur/ran_cate_01/sentence_02.wav,আপনার নাম কী?,rangpur,cate_01,SPK_05,Male
sentence_03.wav,dataset/chunks/rangpur/ran_cate_01/sentence_03.wav,আমার নাম জন।,rangpur,cate_01,SPK_05,Male
sentence_04.wav,dataset/chunks/rangpur/ran_cate_01/sentence_04.wav,আপনার সাথে পরিচিত হয়ে ভালো লাগলো।,rangpur,cate_01,SPK_05,Male
sentence_05.wav,dataset/chunks/rangpur/ran_cate_01/sentence_05.wav,আমি এই এলাকায় নতুন।,rangpur,cate_01,SPK_05,Male
sentence_06.wav,dataset/chunks/rangpur/ran_cate_01/sentence_06.wav,আপনি কি এখানে থাকেন?,rangpur,cate_01,SPK_05,Male
sentence_07.wav,dataset/chunks/rangpur/ran_cate_01/sentence_07.wav,আপনি কি প্রথমবার এখানে এসেছেন?,rangpur,cate_01,SPK_05,Male
sentence_08.wav,dataset/chunks/rangpur/ran_cate_01/sentence_08.wav,আমি বাংলাদেশে ভ্রমণে এসেছি।,rangpur,cate_01,SPK_05,Male
sentence_09.wav,dataset/chunks/rangpur/ran_cate_01/sentence_09.wav,আপনি কী করেন?,rangpur,cate_01,SPK_05,Male
sentence_10.wav,dataset/chunks/rangpur/ran_cate_01/sentence_10.wav,আমি একজন ছাত্র।,rangpur,cate_01,SPK_05,Male
sentence_11.wav,dataset/chunks/rangpur/ran_cate_01/sentence_11.wav,আপনার বাড়ি কোথায়?,rangpur,cate_01,SPK_05,Male
sentence_12.wav,dataset/chunks/rangpur/ran_cate_01/sentence_12.wav,আপনি কেমন আছেন?,rangpur,cate_01,SPK_05,Male
sentence_13.wav,dataset/chunks/rangpur/ran_cate_01/sentence_13.wav,আমি ভালো আছি।,rangpur,cate_01,SPK_05,Male
sentence_14.wav,dataset/chunks/rangpur/ran_cate_01/sentence_14.wav,অনেক দিন পর দেখা হলো।,rangpur,cate_01,SPK_05,Male
sentence_15.wav,dataset/chunks/rangpur/ran_cate_01/sentence_15.wav,আপনাকে আবার দেখে ভালো লাগছে।,rangpur,cate_01,SPK_05,Male
sentence_16.wav,dataset/chunks/rangpur/ran_cate_01/sentence_16.wav,আপনি কি আমাকে সাহায্য করতে পারবেন?,rangpur,cate_01,SPK_05,Male
sentence_17.wav,dataset/chunks/rangpur/ran_cate_01/sentence_17.wav,আপনার সাথে কথা বলে ভালো লাগছে।,rangpur,cate_01,SPK_05,Male
sentence_18.wav,dataset/chunks/rangpur/ran_cate_01/sentence_18.wav,আমি এখানে কাজের জন্য এসেছি।,rangpur,cate_01,SPK_05,Male
sentence_19.wav,dataset/chunks/rangpur/ran_cate_01/sentence_19.wav,আপনি কোন দেশ থেকে এসেছেন?,rangpur,cate_01,SPK_05,Male
sentence_20.wav,dataset/chunks/rangpur/ran_cate_01/sentence_20.wav,আমি ইংরেজি বলতে পারি।,rangpur,cate_01,SPK_05,Male
sentence_21.wav,dataset/chunks/rangpur/ran_cate_01/sentence_21.wav,আপনি কি বাংলা বলতে পারেন?,rangpur,cate_01,SPK_05,Male
sentence_22.wav,dataset/chunks/rangpur/ran_cate_01/sentence_22.wav,আমি বাংলা শিখছি।,rangpur,cate_01,SPK_05,Male
sentence_23.wav,dataset/chunks/rangpur/ran_cate_01/sentence_23.wav,ধন্যবাদ আপনাকে।,rangpur,cate_01,SPK_05,Male
sentence_24.wav,dataset/chunks/rangpur/ran_cate_01/sentence_24.wav,আপনাকে স্বাগতম।,rangpur,cate_01,SPK_05,Male
sentence_25.wav,dataset/chunks/rangpur/ran_cate_01/sentence_25.wav,আপনার বয়স কত?,rangpur,cate_01,SPK_05,Male
sentence_26.wav,dataset/chunks/rangpur/ran_cate_01/sentence_26.wav,আমি এখানে পড়াশোনা করছি।,rangpur,cate_01,SPK_05,Male
sentence_27.wav,dataset/chunks/rangpur/ran_cate_01/sentence_27.wav,আমি এই শহরটি পছন্দ করি।,rangpur,cate_01,SPK_05,Male
sentence_28.wav,dataset/chunks/rangpur/ran_cate_01/sentence_28.wav,আপনার পরিবার কেমন আছে?,rangpur,cate_01,SPK_05,Male
sentence_29.wav,dataset/chunks/rangpur/ran_cate_01/sentence_29.wav,আপনার সাথে দেখা করতে পেরে আনন্দিত।,rangpur,cate_01,SPK_05,Male
sentence_30.wav,dataset/chunks/rangpur/ran_cate_01/sentence_30.wav,আপনি কি এখানে দীর্ঘদিন থাকবেন?,rangpur,cate_01,SPK_05,Male
sentence_31.wav,dataset/chunks/rangpur/ran_cate_01/sentence_31.wav,আমি কয়েকদিনের জন্য এসেছি।,rangpur,cate_01,SPK_05,Male
sentence_32.wav,dataset/chunks/rangpur/ran_cate_01/sentence_32.wav,আপনার সাথে যোগাযোগ রাখতে চাই।,rangpur,cate_01,SPK_05,Male
sentence_33.wav,dataset/chunks/rangpur/ran_cate_01/sentence_33.wav,এটা আমার প্রথম সফর।,rangpur,cate_01,SPK_05,Male
sentence_34.wav,dataset/chunks/rangpur/ran_cate_01/sentence_34.wav,আমি আপনার দেশ সম্পর্কে জানতে চাই।,rangpur,cate_01,SPK_05,Male
sentence_35.wav,dataset/chunks/rangpur/ran_cate_01/sentence_35.wav,আপনি কোথায় কাজ করেন?,rangpur,cate_01,SPK_05,Male
sentence_36.wav,dataset/chunks/rangpur/ran_cate_01/sentence_36.wav,আপনার ফোন নম্বর দিতে পারেন?,rangpur,cate_01,SPK_05,Male
sentence_37.wav,dataset/chunks/rangpur/ran_cate_01/sentence_37.wav,আমি আপনার সাথে পরে কথা বলবো।,rangpur,cate_01,SPK_05,Male
sentence_38.wav,dataset/chunks/rangpur/ran_cate_01/sentence_38.wav,আপনাকে দেখে ভালো লাগলো।,rangpur,cate_01,SPK_05,Male
sentence_39.wav,dataset/chunks/rangpur/ran_cate_01/sentence_39.wav,আপনি কি এখানে একা এসেছেন?,rangpur,cate_01,SPK_05,Male
sentence_40.wav,dataset/chunks/rangpur/ran_cate_01/sentence_40.wav,আমি আমার বন্ধুর সাথে এসেছি।,rangpur,cate_01,SPK_05,Male
sentence_41.wav,dataset/chunks/rangpur/ran_cate_01/sentence_41.wav,আপনার পেশা কী?,rangpur,cate_01,SPK_05,Male
sentence_42.wav,dataset/chunks/rangpur/ran_cate_01/sentence_42.wav,আমি একজন শিক্ষক।,rangpur,cate_01,SPK_05,Male
sentence_43.wav,dataset/chunks/rangpur/ran_cate_01/sentence_43.wav,আপনার সাথে কাজ করতে চাই।,rangpur,cate_01,SPK_05,Male
sentence_44.wav,dataset/chunks/rangpur/ran_cate_01/sentence_44.wav,আজকে আবহাওয়া সুন্দর।,rangpur,cate_01,SPK_05,Male
sentence_45.wav,dataset/chunks/rangpur/ran_cate_01/sentence_45.wav,আপনি কি এখানে থাকেন নাকি ভ্রমণে এসেছেন?,rangpur,cate_01,SPK_05,Male
sentence_46.wav,dataset/chunks/rangpur/ran_cate_01/sentence_46.wav,আমি এই জায়গাটি প্রথমবার দেখছি।,rangpur,cate_01,SPK_05,Male
sentence_47.wav,dataset/chunks/rangpur/ran_cate_01/sentence_47.wav,আপনার সাথে পরিচয় হওয়া আমার জন্য সম্মানের।,rangpur,cate_01,SPK_05,Male
sentence_48.wav,dataset/chunks/rangpur/ran_cate_01/sentence_48.wav,আপনি কোন ভাষায় কথা বলেন?,rangpur,cate_01,SPK_05,Male
sentence_49.wav,dataset/chunks/rangpur/ran_cate_01/sentence_49.wav,আমি আপনার কাছ থেকে শিখতে চাই।,rangpur,cate_01,SPK_05,Male
sentence_50.wav,dataset/chunks/rangpur/ran_cate_01/sentence_50.wav,আমি খুব আনন্দিত।,rangpur,cate_01,SPK_05,Male
sentence_51.wav,dataset/chunks/rangpur/ran_cate_01/sentence_51.wav,আপনার দিনটি কেমন কাটছে?,rangpur,cate_01,SPK_05,Male
sentence_52.wav,dataset/chunks/rangpur/ran_cate_01/sentence_52.wav,আমি একটু দেরি করেছি।,rangpur,cate_01,SPK_05,Male
sentence_53.wav,dataset/chunks/rangpur/ran_cate_01/sentence_53.wav,আপনাকে অপেক্ষা করানোর জন্য দুঃখিত।,rangpur,cate_01,SPK_05,Male
sentence_54.wav,dataset/chunks/rangpur/ran_cate_01/sentence_54.wav,আপনার সাথে আবার দেখা হবে আশা করি।,rangpur,cate_01,SPK_05,Male
sentence_55.wav,dataset/chunks/rangpur/ran_cate_01/sentence_55.wav,আপনি কি কাছাকাছি থাকেন?,rangpur,cate_01,SPK_05,Male
sentence_56.wav,dataset/chunks/rangpur/ran_cate_01/sentence_56.wav,আমি আপনার সাহায্যের জন্য কৃতজ্ঞ।,rangpur,cate_01,SPK_05,Male
sentence_57.wav,dataset/chunks/rangpur/ran_cate_01/sentence_57.wav,আপনাকে শুভেচ্ছা জানাই।,rangpur,cate_01,SPK_05,Male
sentence_58.wav,dataset/chunks/rangpur/ran_cate_01/sentence_58.wav,আপনার দিনটি শুভ হোক।,rangpur,cate_01,SPK_05,Male
sentence_59.wav,dataset/chunks/rangpur/ran_cate_01/sentence_59.wav,আপনার সাথে কথা বলা আনন্দের ছিল।,rangpur,cate_01,SPK_05,Male
sentence_60.wav,dataset/chunks/rangpur/ran_cate_01/sentence_60.wav,আমি আপনাকে সম্মান করি।,rangpur,cate_01,SPK_05,Male
sentence_61.wav,dataset/chunks/rangpur/ran_cate_01/sentence_61.wav,আমি এখানে কাজ শুরু করেছি।,rangpur,cate_01,SPK_05,Male
sentence_62.wav,dataset/chunks/rangpur/ran_cate_01/sentence_62.wav,আপনি কখন এসেছেন?,rangpur,cate_01,SPK_05,Male
sentence_63.wav,dataset/chunks/rangpur/ran_cate_01/sentence_63.wav,আমি গতকাল এসেছি।,rangpur,cate_01,SPK_05,Male
sentence_64.wav,dataset/chunks/rangpur/ran_cate_01/sentence_64.wav,আপনি কতদিন থাকবেন?,rangpur,cate_01,SPK_05,Male
sentence_65.wav,dataset/chunks/rangpur/ran_cate_01/sentence_65.wav,আমি এক সপ্তাহ থাকবো।,rangpur,cate_01,SPK_05,Male
sentence_66.wav,dataset/chunks/rangpur/ran_cate_01/sentence_66.wav,আপনার সাথে বন্ধুত্ব করতে চাই।,rangpur,cate_01,SPK_05,Male
sentence_67.wav,dataset/chunks/rangpur/ran_cate_01/sentence_67.wav,আপনি খুব ভদ্র মানুষ।,rangpur,cate_01,SPK_05,Male
sentence_68.wav,dataset/chunks/rangpur/ran_cate_01/sentence_68.wav,আমি আপনাকে ধন্যবাদ জানাই।,rangpur,cate_01,SPK_05,Male
sentence_69.wav,dataset/chunks/rangpur/ran_cate_01/sentence_69.wav,আপনার সাথে দেখা হওয়া সৌভাগ্যের।,rangpur,cate_01,SPK_05,Male
sentence_70.wav,dataset/chunks/rangpur/ran_cate_01/sentence_70.wav,আমি আপনার সাথে আবার যোগাযোগ করবো।,rangpur,cate_01,SPK_05,Male
sentence_01.wav,dataset/chunks/rangpur/ran_cate_02/sentence_01.wav,বাস স্ট্যান্ড কোথায়?,rangpur,cate_02,SPK_05,Male
sentence_02.wav,dataset/chunks/rangpur/ran_cate_02/sentence_02.wav,এই রাস্তাটি কোথায় যায়?,rangpur,cate_02,SPK_05,Male
sentence_03.wav,dataset/chunks/rangpur/ran_cate_02/sentence_03.wav,রেলওয়ে স্টেশন কত দূরে?,rangpur,cate_02,SPK_05,Male
sentence_04.wav,dataset/chunks/rangpur/ran_cate_02/sentence_04.wav,বিমানবন্দর যাওয়ার রাস্তা কোনটি?,rangpur,cate_02,SPK_05,Male
sentence_05.wav,dataset/chunks/rangpur/ran_cate_02/sentence_05.wav,বাজারে যেতে কোন বাসে উঠবো?,rangpur,cate_02,SPK_05,Male
sentence_06.wav,dataset/chunks/rangpur/ran_cate_02/sentence_06.wav,এই বাস কি ঢাকায় যাবে?,rangpur,cate_02,SPK_05,Male
sentence_07.wav,dataset/chunks/rangpur/ran_cate_02/sentence_07.wav,ভাড়া কত?,rangpur,cate_02,SPK_05,Male
sentence_08.wav,dataset/chunks/rangpur/ran_cate_02/sentence_08.wav,রিকশার ভাড়া কত নেবেন?,rangpur,cate_02,SPK_05,Male
sentence_09.wav,dataset/chunks/rangpur/ran_cate_02/sentence_09.wav,আমাকে হাসপাতালে নিয়ে চলুন।,rangpur,cate_02,SPK_05,Male
sentence_10.wav,dataset/chunks/rangpur/ran_cate_02/sentence_10.wav,এই ট্রেন কখন ছাড়বে?,rangpur,cate_02,SPK_05,Male
sentence_11.wav,dataset/chunks/rangpur/ran_cate_02/sentence_11.wav,ট্রেন কত নম্বর প্ল্যাটফর্মে আসবে?,rangpur,cate_02,SPK_05,Male
sentence_12.wav,dataset/chunks/rangpur/ran_cate_02/sentence_12.wav,এখানে কি টিকিট কাউন্টার আছে?,rangpur,cate_02,SPK_05,Male
sentence_13.wav,dataset/chunks/rangpur/ran_cate_02/sentence_13.wav,"এক টিকিট দিন, চট্টগ্রামের জন্য।",rangpur,cate_02,SPK_05,Male
sentence_14.wav,dataset/chunks/rangpur/ran_cate_02/sentence_14.wav,বাস কখন ছাড়বে?,rangpur,cate_02,SPK_05,Male
sentence_15.wav,dataset/chunks/rangpur/ran_cate_02/sentence_15.wav,এই রাস্তায় কি যানজট হয়?,rangpur,cate_02,SPK_05,Male
sentence_16.wav,dataset/chunks/rangpur/ran_cate_02/sentence_16.wav,সোজা গেলে কি ব্যাংক পাবো?,rangpur,cate_02,SPK_05,Male
sentence_17.wav,dataset/chunks/rangpur/ran_cate_02/sentence_17.wav,ডানদিকে গেলে কি হাসপাতাল?,rangpur,cate_02,SPK_05,Male
sentence_18.wav,dataset/chunks/rangpur/ran_cate_02/sentence_18.wav,বামদিকে মোড় নিন।,rangpur,cate_02,SPK_05,Male
sentence_19.wav,dataset/chunks/rangpur/ran_cate_02/sentence_19.wav,সোজা এগিয়ে যান।,rangpur,cate_02,SPK_05,Male
sentence_20.wav,dataset/chunks/rangpur/ran_cate_02/sentence_20.wav,এই জায়গাটা কত দূরে?,rangpur,cate_02,SPK_05,Male
sentence_21.wav,dataset/chunks/rangpur/ran_cate_02/sentence_21.wav,হাঁটলে কত সময় লাগবে?,rangpur,cate_02,SPK_05,Male
sentence_22.wav,dataset/chunks/rangpur/ran_cate_02/sentence_22.wav,গাড়ি পাওয়া যাবে কোথায়?,rangpur,cate_02,SPK_05,Male
sentence_23.wav,dataset/chunks/rangpur/ran_cate_02/sentence_23.wav,এখানে কি উবার পাওয়া যায়?,rangpur,cate_02,SPK_05,Male
sentence_24.wav,dataset/chunks/rangpur/ran_cate_02/sentence_24.wav,আপনি কি আমাকে পথ দেখাতে পারবেন?,rangpur,cate_02,SPK_05,Male
sentence_25.wav,dataset/chunks/rangpur/ran_cate_02/sentence_25.wav,এই রাস্তা কি নিরাপদ?,rangpur,cate_02,SPK_05,Male
sentence_26.wav,dataset/chunks/rangpur/ran_cate_02/sentence_26.wav,এখানে কি পার্কিং আছে?,rangpur,cate_02,SPK_05,Male
sentence_27.wav,dataset/chunks/rangpur/ran_cate_02/sentence_27.wav,গাড়ি রাখার জায়গা কোথায়?,rangpur,cate_02,SPK_05,Male
sentence_28.wav,dataset/chunks/rangpur/ran_cate_02/sentence_28.wav,এই ট্রেন কি সময়মতো আসবে?,rangpur,cate_02,SPK_05,Male
sentence_29.wav,dataset/chunks/rangpur/ran_cate_02/sentence_29.wav,বাসে কি সিট খালি আছে?,rangpur,cate_02,SPK_05,Male
sentence_30.wav,dataset/chunks/rangpur/ran_cate_02/sentence_30.wav,এই বাস কি সরাসরি যাবে?,rangpur,cate_02,SPK_05,Male
sentence_31.wav,dataset/chunks/rangpur/ran_cate_02/sentence_31.wav,মাঝপথে কি নামতে পারবো?,rangpur,cate_02,SPK_05,Male
sentence_32.wav,dataset/chunks/rangpur/ran_cate_02/sentence_32.wav,আমাকে পরের স্টপে নামিয়ে দিন।,rangpur,cate_02,SPK_05,Male
sentence_33.wav,dataset/chunks/rangpur/ran_cate_02/sentence_33.wav,এই রাস্তা কি শর্টকাট?,rangpur,cate_02,SPK_05,Male
sentence_34.wav,dataset/chunks/rangpur/ran_cate_02/sentence_34.wav,এখানে কি ট্যাক্সি স্ট্যান্ড আছে?,rangpur,cate_02,SPK_05,Male
sentence_35.wav,dataset/chunks/rangpur/ran_cate_02/sentence_35.wav,গন্তব্যে পৌঁছাতে কত সময় লাগবে?,rangpur,cate_02,SPK_05,Male
sentence_36.wav,dataset/chunks/rangpur/ran_cate_02/sentence_36.wav,রিকশা কি পাওয়া যাবে?,rangpur,cate_02,SPK_05,Male
sentence_37.wav,dataset/chunks/rangpur/ran_cate_02/sentence_37.wav,ট্রেন কি দেরি করছে?,rangpur,cate_02,SPK_05,Male
sentence_38.wav,dataset/chunks/rangpur/ran_cate_02/sentence_38.wav,এই বাস কোথায় থামে?,rangpur,cate_02,SPK_05,Male
sentence_39.wav,dataset/chunks/rangpur/ran_cate_02/sentence_39.wav,আপনারা কি রাতের বাস চালান?,rangpur,cate_02,SPK_05,Male
sentence_40.wav,dataset/chunks/rangpur/ran_cate_02/sentence_40.wav,শেষ বাস কখন?,rangpur,cate_02,SPK_05,Male
sentence_41.wav,dataset/chunks/rangpur/ran_cate_02/sentence_41.wav,এই রাস্তা কি বন্ধ?,rangpur,cate_02,SPK_05,Male
sentence_42.wav,dataset/chunks/rangpur/ran_cate_02/sentence_42.wav,বিকল্প রাস্তা কোনটি?,rangpur,cate_02,SPK_05,Male
sentence_43.wav,dataset/chunks/rangpur/ran_cate_02/sentence_43.wav,এখানে কি সিগন্যাল আছে?,rangpur,cate_02,SPK_05,Male
sentence_44.wav,dataset/chunks/rangpur/ran_cate_02/sentence_44.wav,রাস্তা কি মেরামত হচ্ছে?,rangpur,cate_02,SPK_05,Male
sentence_45.wav,dataset/chunks/rangpur/ran_cate_02/sentence_45.wav,আমাকে বিশ্ববিদ্যালয়ে যেতে হবে।,rangpur,cate_02,SPK_05,Male
sentence_46.wav,dataset/chunks/rangpur/ran_cate_02/sentence_46.wav,বিশ্ববিদ্যালয়ের বাস কোথা থেকে ছাড়ে?,rangpur,cate_02,SPK_05,Male
sentence_47.wav,dataset/chunks/rangpur/ran_cate_02/sentence_47.wav,টিকিটের দাম কত?,rangpur,cate_02,SPK_05,Male
sentence_48.wav,dataset/chunks/rangpur/ran_cate_02/sentence_48.wav,এখানে কি মেট্রো স্টেশন আছে?,rangpur,cate_02,SPK_05,Male
sentence_49.wav,dataset/chunks/rangpur/ran_cate_02/sentence_49.wav,মেট্রো কখন ছাড়ে?,rangpur,cate_02,SPK_05,Male
sentence_50.wav,dataset/chunks/rangpur/ran_cate_02/sentence_50.wav,এই রাস্তা কি প্রধান সড়ক?,rangpur,cate_02,SPK_05,Male
sentence_51.wav,dataset/chunks/rangpur/ran_cate_02/sentence_51.wav,আমাকে থানায় যেতে হবে।,rangpur,cate_02,SPK_05,Male
sentence_52.wav,dataset/chunks/rangpur/ran_cate_02/sentence_52.wav,পুলিশ স্টেশন কোথায়?,rangpur,cate_02,SPK_05,Male
sentence_53.wav,dataset/chunks/rangpur/ran_cate_02/sentence_53.wav,এই এলাকায় কি বাস চলে?,rangpur,cate_02,SPK_05,Male
sentence_54.wav,dataset/chunks/rangpur/ran_cate_02/sentence_54.wav,এখানে কি সিএনজি পাওয়া যায়?,rangpur,cate_02,SPK_05,Male
sentence_55.wav,dataset/chunks/rangpur/ran_cate_02/sentence_55.wav,আমাকে দ্রুত পৌঁছাতে হবে।,rangpur,cate_02,SPK_05,Male
sentence_56.wav,dataset/chunks/rangpur/ran_cate_02/sentence_56.wav,এখানে কি ফেরি ঘাট আছে?,rangpur,cate_02,SPK_05,Male
sentence_57.wav,dataset/chunks/rangpur/ran_cate_02/sentence_57.wav,ফেরি কখন ছাড়বে?,rangpur,cate_02,SPK_05,Male
sentence_58.wav,dataset/chunks/rangpur/ran_cate_02/sentence_58.wav,নদী পার হতে কত সময় লাগবে?,rangpur,cate_02,SPK_05,Male
sentence_59.wav,dataset/chunks/rangpur/ran_cate_02/sentence_59.wav,এই ট্রেন কি এক্সপ্রেস?,rangpur,cate_02,SPK_05,Male
sentence_60.wav,dataset/chunks/rangpur/ran_cate_02/sentence_60.wav,এখানে কি বাস বদলাতে হবে?,rangpur,cate_02,SPK_05,Male
sentence_61.wav,dataset/chunks/rangpur/ran_cate_02/sentence_61.wav,এই বাস কি এয়ারকন্ডিশন্ড?,rangpur,cate_02,SPK_05,Male
sentence_62.wav,dataset/chunks/rangpur/ran_cate_02/sentence_62.wav,রাস্তায় কি টোল দিতে হয়?,rangpur,cate_02,SPK_05,Male
sentence_63.wav,dataset/chunks/rangpur/ran_cate_02/sentence_63.wav,টোল কত?,rangpur,cate_02,SPK_05,Male
sentence_64.wav,dataset/chunks/rangpur/ran_cate_02/sentence_64.wav,এখানে কি রাস্তা নিরাপদ রাতে?,rangpur,cate_02,SPK_05,Male
sentence_65.wav,dataset/chunks/rangpur/ran_cate_02/sentence_65.wav,আমি পথ হারিয়ে ফেলেছি।,rangpur,cate_02,SPK_05,Male
sentence_66.wav,dataset/chunks/rangpur/ran_cate_02/sentence_66.wav,আমাকে মানচিত্র দেখাতে পারবেন?,rangpur,cate_02,SPK_05,Male
sentence_67.wav,dataset/chunks/rangpur/ran_cate_02/sentence_67.wav,কাছাকাছি কোন হোটেল আছে?,rangpur,cate_02,SPK_05,Male
sentence_68.wav,dataset/chunks/rangpur/ran_cate_02/sentence_68.wav,এই এলাকা কি শহরের ভেতরে?,rangpur,cate_02,SPK_05,Male
sentence_69.wav,dataset/chunks/rangpur/ran_cate_02/sentence_69.wav,এখানে কি ট্রাফিক বেশি?,rangpur,cate_02,SPK_05,Male
sentence_70.wav,dataset/chunks/rangpur/ran_cate_02/sentence_70.wav,আমাকে সঠিক দিকটি বলুন।,rangpur,cate_02,SPK_05,Male
sentence_01.wav,dataset/chunks/rangpur/ran_cate_03/sentence_01.wav,এই জিনিসটির দাম কত?,rangpur,cate_03,SPK_48,Female
sentence_02.wav,dataset/chunks/rangpur/ran_cate_03/sentence_02.wav,দাম একটু কম হবে?,rangpur,cate_03,SPK_48,Female
sentence_03.wav,dataset/chunks/rangpur/ran_cate_03/sentence_03.wav,এক কেজি চাল দিন।,rangpur,cate_03,SPK_48,Female
sentence_04.wav,dataset/chunks/rangpur/ran_cate_03/sentence_04.wav,আধা কেজি চিনি দিন।,rangpur,cate_03,SPK_48,Female
sentence_05.wav,dataset/chunks/rangpur/ran_cate_03/sentence_05.wav,এটা কি দেশি পণ্য?,rangpur,cate_03,SPK_48,Female
sentence_06.wav,dataset/chunks/rangpur/ran_cate_03/sentence_06.wav,এটা কি বিদেশি পণ্য?,rangpur,cate_03,SPK_48,Female
sentence_07.wav,dataset/chunks/rangpur/ran_cate_03/sentence_07.wav,একটু ভালো মানের দেখান।,rangpur,cate_03,SPK_48,Female
sentence_08.wav,dataset/chunks/rangpur/ran_cate_03/sentence_08.wav,এর থেকে সস্তা কিছু আছে?,rangpur,cate_03,SPK_48,Female
sentence_09.wav,dataset/chunks/rangpur/ran_cate_03/sentence_09.wav,এটা খুব দামী।,rangpur,cate_03,SPK_48,Female
sentence_10.wav,dataset/chunks/rangpur/ran_cate_03/sentence_10.wav,আমি এটা কিনতে চাই।,rangpur,cate_03,SPK_48,Female
sentence_11.wav,dataset/chunks/rangpur/ran_cate_03/sentence_11.wav,আপনার কাছে কি তাজা সবজি আছে?,rangpur,cate_03,SPK_48,Female
sentence_12.wav,dataset/chunks/rangpur/ran_cate_03/sentence_12.wav,এই ফলগুলো কি আজকের?,rangpur,cate_03,SPK_48,Female
sentence_13.wav,dataset/chunks/rangpur/ran_cate_03/sentence_13.wav,এক ডজন ডিম দিন।,rangpur,cate_03,SPK_48,Female
sentence_14.wav,dataset/chunks/rangpur/ran_cate_03/sentence_14.wav,কত টাকা হলো?,rangpur,cate_03,SPK_48,Female
sentence_15.wav,dataset/chunks/rangpur/ran_cate_03/sentence_15.wav,আমি নগদ পরিশোধ করবো।,rangpur,cate_03,SPK_48,Female
sentence_16.wav,dataset/chunks/rangpur/ran_cate_03/sentence_16.wav,মোবাইল ব্যাংকিং নেওয়া হয়?,rangpur,cate_03,SPK_48,Female
sentence_17.wav,dataset/chunks/rangpur/ran_cate_03/sentence_17.wav,বিকাশে টাকা দিতে পারি?,rangpur,cate_03,SPK_48,Female
sentence_18.wav,dataset/chunks/rangpur/ran_cate_03/sentence_18.wav,একটি ব্যাগ দেবেন?,rangpur,cate_03,SPK_48,Female
sentence_19.wav,dataset/chunks/rangpur/ran_cate_03/sentence_19.wav,এই কাপড়ের রং কি উঠবে?,rangpur,cate_03,SPK_48,Female
sentence_20.wav,dataset/chunks/rangpur/ran_cate_03/sentence_20.wav,এই শার্টের অন্য সাইজ আছে?,rangpur,cate_03,SPK_48,Female
sentence_21.wav,dataset/chunks/rangpur/ran_cate_03/sentence_21.wav,ছোট সাইজ দেখান।,rangpur,cate_03,SPK_48,Female
sentence_22.wav,dataset/chunks/rangpur/ran_cate_03/sentence_22.wav,বড় সাইজ আছে?,rangpur,cate_03,SPK_48,Female
sentence_23.wav,dataset/chunks/rangpur/ran_cate_03/sentence_23.wav,আমি নীল রঙেরটি চাই।,rangpur,cate_03,SPK_48,Female
sentence_24.wav,dataset/chunks/rangpur/ran_cate_03/sentence_24.wav,অন্য রং আছে?,rangpur,cate_03,SPK_48,Female
sentence_25.wav,dataset/chunks/rangpur/ran_cate_03/sentence_25.wav,এটা কি আসল পণ্য?,rangpur,cate_03,SPK_48,Female
sentence_26.wav,dataset/chunks/rangpur/ran_cate_03/sentence_26.wav,গ্যারান্টি আছে?,rangpur,cate_03,SPK_48,Female
sentence_27.wav,dataset/chunks/rangpur/ran_cate_03/sentence_27.wav,রসিদ দিন।,rangpur,cate_03,SPK_48,Female
sentence_28.wav,dataset/chunks/rangpur/ran_cate_03/sentence_28.wav,আমি পরে এসে নেব।,rangpur,cate_03,SPK_48,Female
sentence_29.wav,dataset/chunks/rangpur/ran_cate_03/sentence_29.wav,এটা কি ছাড়ে দেওয়া যাবে?,rangpur,cate_03,SPK_48,Female
sentence_30.wav,dataset/chunks/rangpur/ran_cate_03/sentence_30.wav,আজ কি কোনো অফার আছে?,rangpur,cate_03,SPK_48,Female
sentence_31.wav,dataset/chunks/rangpur/ran_cate_03/sentence_31.wav,আমি পাইকারি কিনতে চাই।,rangpur,cate_03,SPK_48,Female
sentence_32.wav,dataset/chunks/rangpur/ran_cate_03/sentence_32.wav,পাইকারি দাম কত?,rangpur,cate_03,SPK_48,Female
sentence_33.wav,dataset/chunks/rangpur/ran_cate_03/sentence_33.wav,এই পণ্যটি নতুন এসেছে?,rangpur,cate_03,SPK_48,Female
sentence_34.wav,dataset/chunks/rangpur/ran_cate_03/sentence_34.wav,এর মেয়াদ কতদিন?,rangpur,cate_03,SPK_48,Female
sentence_35.wav,dataset/chunks/rangpur/ran_cate_03/sentence_35.wav,এই ওষুধের মেয়াদ শেষ হয়েছে?,rangpur,cate_03,SPK_48,Female
sentence_36.wav,dataset/chunks/rangpur/ran_cate_03/sentence_36.wav,আমাকে ভালো মানের চাল দিন।,rangpur,cate_03,SPK_48,Female
sentence_37.wav,dataset/chunks/rangpur/ran_cate_03/sentence_37.wav,এই মাছটি কি তাজা?,rangpur,cate_03,SPK_48,Female
sentence_38.wav,dataset/chunks/rangpur/ran_cate_03/sentence_38.wav,এই মাংস কত কেজি?,rangpur,cate_03,SPK_48,Female
sentence_39.wav,dataset/chunks/rangpur/ran_cate_03/sentence_39.wav,এক কেজির কম হবে না।,rangpur,cate_03,SPK_48,Female
sentence_40.wav,dataset/chunks/rangpur/ran_cate_03/sentence_40.wav,একটু কম করে দিন।,rangpur,cate_03,SPK_48,Female
sentence_41.wav,dataset/chunks/rangpur/ran_cate_03/sentence_41.wav,আমি দরদাম করতে চাই।,rangpur,cate_03,SPK_48,Female
sentence_42.wav,dataset/chunks/rangpur/ran_cate_03/sentence_42.wav,চূড়ান্ত দাম কত?,rangpur,cate_03,SPK_48,Female
sentence_43.wav,dataset/chunks/rangpur/ran_cate_03/sentence_43.wav,এই জুতাটি কি টেকসই?,rangpur,cate_03,SPK_48,Female
sentence_44.wav,dataset/chunks/rangpur/ran_cate_03/sentence_44.wav,এই মোবাইলের দাম কত?,rangpur,cate_03,SPK_48,Female
sentence_45.wav,dataset/chunks/rangpur/ran_cate_03/sentence_45.wav,এই ফোনে কি গ্যারান্টি আছে?,rangpur,cate_03,SPK_48,Female
sentence_46.wav,dataset/chunks/rangpur/ran_cate_03/sentence_46.wav,চার্জারটি আলাদা কিনতে হবে?,rangpur,cate_03,SPK_48,Female
sentence_47.wav,dataset/chunks/rangpur/ran_cate_03/sentence_47.wav,এটি কি ক্যাশ অন ডেলিভারি?,rangpur,cate_03,SPK_48,Female
sentence_48.wav,dataset/chunks/rangpur/ran_cate_03/sentence_48.wav,আমি অর্ডার দিতে চাই।,rangpur,cate_03,SPK_48,Female
sentence_49.wav,dataset/chunks/rangpur/ran_cate_03/sentence_49.wav,পণ্যটি কখন ডেলিভারি হবে?,rangpur,cate_03,SPK_48,Female
sentence_50.wav,dataset/chunks/rangpur/ran_cate_03/sentence_50.wav,এই দোকান কখন বন্ধ হয়?,rangpur,cate_03,SPK_48,Female
sentence_51.wav,dataset/chunks/rangpur/ran_cate_03/sentence_51.wav,আমি একটা উপহার কিনতে চাই।,rangpur,cate_03,SPK_48,Female
sentence_52.wav,dataset/chunks/rangpur/ran_cate_03/sentence_52.wav,উপহার মোড়ানো হবে?,rangpur,cate_03,SPK_48,Female
sentence_53.wav,dataset/chunks/rangpur/ran_cate_03/sentence_53.wav,এটি কি ফেরত দেওয়া যাবে?,rangpur,cate_03,SPK_48,Female
sentence_54.wav,dataset/chunks/rangpur/ran_cate_03/sentence_54.wav,রিটার্ন পলিসি কী?,rangpur,cate_03,SPK_48,Female
sentence_55.wav,dataset/chunks/rangpur/ran_cate_03/sentence_55.wav,এই কাপড়টি খুব সুন্দর।,rangpur,cate_03,SPK_48,Female
sentence_56.wav,dataset/chunks/rangpur/ran_cate_03/sentence_56.wav,এটি কি কটন?,rangpur,cate_03,SPK_48,Female
sentence_57.wav,dataset/chunks/rangpur/ran_cate_03/sentence_57.wav,এই পণ্যটি কোথায় তৈরি?,rangpur,cate_03,SPK_48,Female
sentence_58.wav,dataset/chunks/rangpur/ran_cate_03/sentence_58.wav,এটি কি ছাড়ে বিক্রি হচ্ছে?,rangpur,cate_03,SPK_48,Female
sentence_59.wav,dataset/chunks/rangpur/ran_cate_03/sentence_59.wav,আমি আরও কিছু দেখতে চাই।,rangpur,cate_03,SPK_48,Female
sentence_60.wav,dataset/chunks/rangpur/ran_cate_03/sentence_60.wav,আপনার দোকানে কি কার্ড নেওয়া হয়?,rangpur,cate_03,SPK_48,Female
sentence_61.wav,dataset/chunks/rangpur/ran_cate_03/sentence_61.wav,মোট বিল কত হলো?,rangpur,cate_03,SPK_48,Female
sentence_62.wav,dataset/chunks/rangpur/ran_cate_03/sentence_62.wav,আমি টাকা ভাঙাতে চাই।,rangpur,cate_03,SPK_48,Female
sentence_63.wav,dataset/chunks/rangpur/ran_cate_03/sentence_63.wav,ছোট নোট আছে?,rangpur,cate_03,SPK_48,Female
sentence_64.wav,dataset/chunks/rangpur/ran_cate_03/sentence_64.wav,এই ফলগুলো ওজন করে দিন।,rangpur,cate_03,SPK_48,Female
sentence_65.wav,dataset/chunks/rangpur/ran_cate_03/sentence_65.wav,এক কেজির একটু কম দিন।,rangpur,cate_03,SPK_48,Female
sentence_66.wav,dataset/chunks/rangpur/ran_cate_03/sentence_66.wav,আজকে বাজারে ভিড় বেশি।,rangpur,cate_03,SPK_48,Female
sentence_67.wav,dataset/chunks/rangpur/ran_cate_03/sentence_67.wav,দাম কেন এত বেশি?,rangpur,cate_03,SPK_48,Female
sentence_68.wav,dataset/chunks/rangpur/ran_cate_03/sentence_68.wav,কাল কি দাম কম হবে?,rangpur,cate_03,SPK_48,Female
sentence_69.wav,dataset/chunks/rangpur/ran_cate_03/sentence_69.wav,আমি নিয়মিত ক্রেতা।,rangpur,cate_03,SPK_48,Female
sentence_70.wav,dataset/chunks/rangpur/ran_cate_03/sentence_70.wav,আবার আসবো।,rangpur,cate_03,SPK_48,Female
sentence_01.wav,dataset/chunks/rangpur/ran_cate_04/sentence_01.wav,আমি একটি টেবিল বুক করতে চাই।,rangpur,cate_04,SPK_15,Male
sentence_02.wav,dataset/chunks/rangpur/ran_cate_04/sentence_02.wav,দুই জনের জন্য একটি টেবিল দিন।,rangpur,cate_04,SPK_15,Male
sentence_03.wav,dataset/chunks/rangpur/ran_cate_04/sentence_03.wav,মেনু কার্ডটি দিন।,rangpur,cate_04,SPK_15,Male
sentence_04.wav,dataset/chunks/rangpur/ran_cate_04/sentence_04.wav,আজকের বিশেষ খাবার কী?,rangpur,cate_04,SPK_15,Male
sentence_05.wav,dataset/chunks/rangpur/ran_cate_04/sentence_05.wav,আমি ভাত ও মুরগির মাংস চাই।,rangpur,cate_04,SPK_15,Male
sentence_06.wav,dataset/chunks/rangpur/ran_cate_04/sentence_06.wav,এই খাবারটি ঝাল কি?,rangpur,cate_04,SPK_15,Male
sentence_07.wav,dataset/chunks/rangpur/ran_cate_04/sentence_07.wav,কম ঝাল করে দিন।,rangpur,cate_04,SPK_15,Male
sentence_08.wav,dataset/chunks/rangpur/ran_cate_04/sentence_08.wav,আমি নিরামিষ খাবার চাই।,rangpur,cate_04,SPK_15,Male
sentence_09.wav,dataset/chunks/rangpur/ran_cate_04/sentence_09.wav,এখানে কি হালাল খাবার পাওয়া যায়?,rangpur,cate_04,SPK_15,Male
sentence_10.wav,dataset/chunks/rangpur/ran_cate_04/sentence_10.wav,পানি দিন।,rangpur,cate_04,SPK_15,Male
sentence_11.wav,dataset/chunks/rangpur/ran_cate_04/sentence_11.wav,ঠান্ডা পানি আছে?,rangpur,cate_04,SPK_15,Male
sentence_12.wav,dataset/chunks/rangpur/ran_cate_04/sentence_12.wav,একটি কোমল পানীয় দিন।,rangpur,cate_04,SPK_15,Male
sentence_13.wav,dataset/chunks/rangpur/ran_cate_04/sentence_13.wav,এই খাবারটি খুব সুস্বাদু।,rangpur,cate_04,SPK_15,Male
sentence_14.wav,dataset/chunks/rangpur/ran_cate_04/sentence_14.wav,খাবারটি খুব লবণাক্ত।,rangpur,cate_04,SPK_15,Male
sentence_15.wav,dataset/chunks/rangpur/ran_cate_04/sentence_15.wav,বিল দিন।,rangpur,cate_04,SPK_15,Male
sentence_16.wav,dataset/chunks/rangpur/ran_cate_04/sentence_16.wav,আমি নগদে পরিশোধ করবো।,rangpur,cate_04,SPK_15,Male
sentence_17.wav,dataset/chunks/rangpur/ran_cate_04/sentence_17.wav,কার্ডে পরিশোধ করা যাবে?,rangpur,cate_04,SPK_15,Male
sentence_18.wav,dataset/chunks/rangpur/ran_cate_04/sentence_18.wav,খাবারটি কতক্ষণে আসবে?,rangpur,cate_04,SPK_15,Male
sentence_19.wav,dataset/chunks/rangpur/ran_cate_04/sentence_19.wav,আরেকটি প্লেট দিন।,rangpur,cate_04,SPK_15,Male
sentence_20.wav,dataset/chunks/rangpur/ran_cate_04/sentence_20.wav,চামচ ও কাঁটা দিন।,rangpur,cate_04,SPK_15,Male
sentence_21.wav,dataset/chunks/rangpur/ran_cate_04/sentence_21.wav,এখানে কি ওয়াইফাই আছে?,rangpur,cate_04,SPK_15,Male
sentence_22.wav,dataset/chunks/rangpur/ran_cate_04/sentence_22.wav,ওয়াইফাই পাসওয়ার্ড কী?,rangpur,cate_04,SPK_15,Male
sentence_23.wav,dataset/chunks/rangpur/ran_cate_04/sentence_23.wav,খাবারটি প্যাকেট করে দিন।,rangpur,cate_04,SPK_15,Male
sentence_24.wav,dataset/chunks/rangpur/ran_cate_04/sentence_24.wav,আমি বাসায় নিয়ে যাব।,rangpur,cate_04,SPK_15,Male
sentence_25.wav,dataset/chunks/rangpur/ran_cate_04/sentence_25.wav,একটি কফি দিন।,rangpur,cate_04,SPK_15,Male
sentence_26.wav,dataset/chunks/rangpur/ran_cate_04/sentence_26.wav,চা আছে?,rangpur,cate_04,SPK_15,Male
sentence_27.wav,dataset/chunks/rangpur/ran_cate_04/sentence_27.wav,দুধ চা দিন।,rangpur,cate_04,SPK_15,Male
sentence_28.wav,dataset/chunks/rangpur/ran_cate_04/sentence_28.wav,চিনি ছাড়া চা দিন।,rangpur,cate_04,SPK_15,Male
sentence_29.wav,dataset/chunks/rangpur/ran_cate_04/sentence_29.wav,এখানে কি ব্রেকফাস্ট পাওয়া যায়?,rangpur,cate_04,SPK_15,Male
sentence_30.wav,dataset/chunks/rangpur/ran_cate_04/sentence_30.wav,দুপুরের খাবার কখন শুরু হয়?,rangpur,cate_04,SPK_15,Male
sentence_31.wav,dataset/chunks/rangpur/ran_cate_04/sentence_31.wav,রাতের খাবার কখন পরিবেশন করা হয়?,rangpur,cate_04,SPK_15,Male
sentence_32.wav,dataset/chunks/rangpur/ran_cate_04/sentence_32.wav,আমি মাছের তরকারি চাই।,rangpur,cate_04,SPK_15,Male
sentence_33.wav,dataset/chunks/rangpur/ran_cate_04/sentence_33.wav,গরুর মাংস আছে?,rangpur,cate_04,SPK_15,Male
sentence_34.wav,dataset/chunks/rangpur/ran_cate_04/sentence_34.wav,এই স্যুপটি গরম কি?,rangpur,cate_04,SPK_15,Male
sentence_35.wav,dataset/chunks/rangpur/ran_cate_04/sentence_35.wav,একটু লেবু দিন।,rangpur,cate_04,SPK_15,Male
sentence_36.wav,dataset/chunks/rangpur/ran_cate_04/sentence_36.wav,এই রেস্টুরেন্ট খুব পরিষ্কার।,rangpur,cate_04,SPK_15,Male
sentence_37.wav,dataset/chunks/rangpur/ran_cate_04/sentence_37.wav,পরিবেশটি খুব সুন্দর।,rangpur,cate_04,SPK_15,Male
sentence_38.wav,dataset/chunks/rangpur/ran_cate_04/sentence_38.wav,খাবার পরিবেশন দ্রুত হয়েছে।,rangpur,cate_04,SPK_15,Male
sentence_39.wav,dataset/chunks/rangpur/ran_cate_04/sentence_39.wav,খাবার পরিবেশন দেরিতে হয়েছে।,rangpur,cate_04,SPK_15,Male
sentence_40.wav,dataset/chunks/rangpur/ran_cate_04/sentence_40.wav,আর কিছু লাগবে?,rangpur,cate_04,SPK_15,Male
sentence_41.wav,dataset/chunks/rangpur/ran_cate_04/sentence_41.wav,আমি আরও ভাত চাই।,rangpur,cate_04,SPK_15,Male
sentence_42.wav,dataset/chunks/rangpur/ran_cate_04/sentence_42.wav,একটু ঝোল দিন।,rangpur,cate_04,SPK_15,Male
sentence_43.wav,dataset/chunks/rangpur/ran_cate_04/sentence_43.wav,এটি কি তাজা রান্না?,rangpur,cate_04,SPK_15,Male
sentence_44.wav,dataset/chunks/rangpur/ran_cate_04/sentence_44.wav,এখানে কি পরিবার নিয়ে বসা যায়?,rangpur,cate_04,SPK_15,Male
sentence_45.wav,dataset/chunks/rangpur/ran_cate_04/sentence_45.wav,শিশুদের জন্য আলাদা চেয়ার আছে?,rangpur,cate_04,SPK_15,Male
sentence_46.wav,dataset/chunks/rangpur/ran_cate_04/sentence_46.wav,খাবারটি খুব গরম।,rangpur,cate_04,SPK_15,Male
sentence_47.wav,dataset/chunks/rangpur/ran_cate_04/sentence_47.wav,এটি খুব ঠান্ডা।,rangpur,cate_04,SPK_15,Male
sentence_48.wav,dataset/chunks/rangpur/ran_cate_04/sentence_48.wav,এখানে কি অনলাইনে অর্ডার করা যায়?,rangpur,cate_04,SPK_15,Male
sentence_49.wav,dataset/chunks/rangpur/ran_cate_04/sentence_49.wav,ডেলিভারি কত সময় লাগে?,rangpur,cate_04,SPK_15,Male
sentence_50.wav,dataset/chunks/rangpur/ran_cate_04/sentence_50.wav,এই খাবারটির দাম কত?,rangpur,cate_04,SPK_15,Male
sentence_51.wav,dataset/chunks/rangpur/ran_cate_04/sentence_51.wav,আমি অল্প পরিমাণ চাই।,rangpur,cate_04,SPK_15,Male
sentence_52.wav,dataset/chunks/rangpur/ran_cate_04/sentence_52.wav,বড় পরিমাণ দিন।,rangpur,cate_04,SPK_15,Male
sentence_53.wav,dataset/chunks/rangpur/ran_cate_04/sentence_53.wav,এই খাবারটি খুব মিষ্টি।,rangpur,cate_04,SPK_15,Male
sentence_54.wav,dataset/chunks/rangpur/ran_cate_04/sentence_54.wav,এটি কি ঝাল কম করা যাবে?,rangpur,cate_04,SPK_15,Male
sentence_55.wav,dataset/chunks/rangpur/ran_cate_04/sentence_55.wav,আরেক গ্লাস পানি দিন।,rangpur,cate_04,SPK_15,Male
sentence_56.wav,dataset/chunks/rangpur/ran_cate_04/sentence_56.wav,আমি ধন্যবাদ জানাই।,rangpur,cate_04,SPK_15,Male
sentence_57.wav,dataset/chunks/rangpur/ran_cate_04/sentence_57.wav,পরিষেবা খুব ভালো ছিল।,rangpur,cate_04,SPK_15,Male
sentence_58.wav,dataset/chunks/rangpur/ran_cate_04/sentence_58.wav,পরিষেবা উন্নত করা দরকার।,rangpur,cate_04,SPK_15,Male
sentence_59.wav,dataset/chunks/rangpur/ran_cate_04/sentence_59.wav,আমি এই রেস্টুরেন্টটি পছন্দ করি।,rangpur,cate_04,SPK_15,Male
sentence_60.wav,dataset/chunks/rangpur/ran_cate_04/sentence_60.wav,এটি কি এয়ার কন্ডিশনড?,rangpur,cate_04,SPK_15,Male
sentence_61.wav,dataset/chunks/rangpur/ran_cate_04/sentence_61.wav,বাইরে বসার ব্যবস্থা আছে?,rangpur,cate_04,SPK_15,Male
sentence_62.wav,dataset/chunks/rangpur/ran_cate_04/sentence_62.wav,খাবারে অ্যালার্জির উপাদান আছে?,rangpur,cate_04,SPK_15,Male
sentence_63.wav,dataset/chunks/rangpur/ran_cate_04/sentence_63.wav,আমি বাদাম খেতে পারি না।,rangpur,cate_04,SPK_15,Male
sentence_64.wav,dataset/chunks/rangpur/ran_cate_04/sentence_64.wav,এটি কি গ্লুটেন মুক্ত?,rangpur,cate_04,SPK_15,Male
sentence_65.wav,dataset/chunks/rangpur/ran_cate_04/sentence_65.wav,আমাকে একটি ন্যাপকিন দিন।,rangpur,cate_04,SPK_15,Male
sentence_66.wav,dataset/chunks/rangpur/ran_cate_04/sentence_66.wav,খাবার খুব ভালো লেগেছে।,rangpur,cate_04,SPK_15,Male
sentence_67.wav,dataset/chunks/rangpur/ran_cate_04/sentence_67.wav,আবার আসবো।,rangpur,cate_04,SPK_15,Male
sentence_68.wav,dataset/chunks/rangpur/ran_cate_04/sentence_68.wav,এখানে কি বুফে আছে?,rangpur,cate_04,SPK_15,Male
sentence_69.wav,dataset/chunks/rangpur/ran_cate_04/sentence_69.wav,বুফের দাম কত?,rangpur,cate_04,SPK_15,Male
sentence_70.wav,dataset/chunks/rangpur/ran_cate_04/sentence_70.wav,"ধন্যবাদ, বিদায়।",rangpur,cate_04,SPK_15,Male
sentence_01.wav,dataset/chunks/rangpur/ran_cate_05/sentence_01.wav,আমি বাংলাদেশের কিছু দর্শনীয় স্থান দেখতে চাই।,rangpur,cate_05,SPK_15,Male
sentence_02.wav,dataset/chunks/rangpur/ran_cate_05/sentence_02.wav,এই জায়গাটি কখন খোলা থাকে?,rangpur,cate_05,SPK_15,Male
sentence_03.wav,dataset/chunks/rangpur/ran_cate_05/sentence_03.wav,টিকিটের দাম কত?,rangpur,cate_05,SPK_15,Male
sentence_04.wav,dataset/chunks/rangpur/ran_cate_05/sentence_04.wav,আমাকে একটি গাইড দরকার।,rangpur,cate_05,SPK_15,Male
sentence_05.wav,dataset/chunks/rangpur/ran_cate_05/sentence_05.wav,আমরা গ্রুপে ঘুরতে এসেছি।,rangpur,cate_05,SPK_15,Male
sentence_06.wav,dataset/chunks/rangpur/ran_cate_05/sentence_06.wav,ছবি তোলা যাবে কি?,rangpur,cate_05,SPK_15,Male
sentence_07.wav,dataset/chunks/rangpur/ran_cate_05/sentence_07.wav,এই দর্শনীয় স্থানটি খুব সুন্দর।,rangpur,cate_05,SPK_15,Male
sentence_08.wav,dataset/chunks/rangpur/ran_cate_05/sentence_08.wav,আমাকে মানচিত্র দেখান।,rangpur,cate_05,SPK_15,Male
sentence_09.wav,dataset/chunks/rangpur/ran_cate_05/sentence_09.wav,আমি সকাল ১০টায় পৌঁছেছি।,rangpur,cate_05,SPK_15,Male
sentence_10.wav,dataset/chunks/rangpur/ran_cate_05/sentence_10.wav,পর্যটকরা এখানে খুব বেশি।,rangpur,cate_05,SPK_15,Male
sentence_11.wav,dataset/chunks/rangpur/ran_cate_05/sentence_11.wav,আমাকে হোটেলের ঠিকানা দিন।,rangpur,cate_05,SPK_15,Male
sentence_12.wav,dataset/chunks/rangpur/ran_cate_05/sentence_12.wav,এই জায়গায় কি খাবার পাওয়া যায়?,rangpur,cate_05,SPK_15,Male
sentence_13.wav,dataset/chunks/rangpur/ran_cate_05/sentence_13.wav,আমরা তিন ঘণ্টা থাকবো।,rangpur,cate_05,SPK_15,Male
sentence_14.wav,dataset/chunks/rangpur/ran_cate_05/sentence_14.wav,জলের পাশে ছবি তুলুন।,rangpur,cate_05,SPK_15,Male
sentence_15.wav,dataset/chunks/rangpur/ran_cate_05/sentence_15.wav,সুন্দর দিকটি দেখুন।,rangpur,cate_05,SPK_15,Male
sentence_16.wav,dataset/chunks/rangpur/ran_cate_05/sentence_16.wav,আমাদের গাইড কি বাংলায় কথা বলতে পারে?,rangpur,cate_05,SPK_15,Male
sentence_17.wav,dataset/chunks/rangpur/ran_cate_05/sentence_17.wav,পার্কিং এর জায়গা কোথায়?,rangpur,cate_05,SPK_15,Male
sentence_18.wav,dataset/chunks/rangpur/ran_cate_05/sentence_18.wav,এখানে কি নৌকা ভাড়া পাওয়া যায়?,rangpur,cate_05,SPK_15,Male
sentence_19.wav,dataset/chunks/rangpur/ran_cate_05/sentence_19.wav,আমি নদীর উপর ভ্রমণ করতে চাই।,rangpur,cate_05,SPK_15,Male
sentence_20.wav,dataset/chunks/rangpur/ran_cate_05/sentence_20.wav,আমাদের আরও তথ্য দরকার।,rangpur,cate_05,SPK_15,Male
sentence_21.wav,dataset/chunks/rangpur/ran_cate_05/sentence_21.wav,এই জায়গাটি ইতিহাসে গুরুত্বপূর্ণ।,rangpur,cate_05,SPK_15,Male
sentence_22.wav,dataset/chunks/rangpur/ran_cate_05/sentence_22.wav,আপনি কি গাইড সার্ভিস করেন?,rangpur,cate_05,SPK_15,Male
sentence_23.wav,dataset/chunks/rangpur/ran_cate_05/sentence_23.wav,আমি সকালবেলা আবার আসব।,rangpur,cate_05,SPK_15,Male
sentence_24.wav,dataset/chunks/rangpur/ran_cate_05/sentence_24.wav,আমাকে দুইজনের জন্য টিকিট দিন।,rangpur,cate_05,SPK_15,Male
sentence_25.wav,dataset/chunks/rangpur/ran_cate_05/sentence_25.wav,এখানে কি কোনো ছাড় আছে?,rangpur,cate_05,SPK_15,Male
sentence_26.wav,dataset/chunks/rangpur/ran_cate_05/sentence_26.wav,আমাদের ছবি তুলতে সাহায্য করুন।,rangpur,cate_05,SPK_15,Male
sentence_27.wav,dataset/chunks/rangpur/ran_cate_05/sentence_27.wav,এই দিক দিয়ে হাঁটুন।,rangpur,cate_05,SPK_15,Male
sentence_28.wav,dataset/chunks/rangpur/ran_cate_05/sentence_28.wav,দর্শকরা এখানে অনেক ছবি তুলছে।,rangpur,cate_05,SPK_15,Male
sentence_29.wav,dataset/chunks/rangpur/ran_cate_05/sentence_29.wav,আমি মিউজিয়াম ঘুরতে চাই।,rangpur,cate_05,SPK_15,Male
sentence_30.wav,dataset/chunks/rangpur/ran_cate_05/sentence_30.wav,রেস্টুরেন্টটি খুব কাছে।,rangpur,cate_05,SPK_15,Male
sentence_31.wav,dataset/chunks/rangpur/ran_cate_05/sentence_31.wav,আমরা পিকনিক করতে এসেছি।,rangpur,cate_05,SPK_15,Male
sentence_32.wav,dataset/chunks/rangpur/ran_cate_05/sentence_32.wav,এই জায়গার ইতিহাস জানতে চাই।,rangpur,cate_05,SPK_15,Male
sentence_33.wav,dataset/chunks/rangpur/ran_cate_05/sentence_33.wav,বিকেলের দিকে ছবি তুলুন।,rangpur,cate_05,SPK_15,Male
sentence_34.wav,dataset/chunks/rangpur/ran_cate_05/sentence_34.wav,আমার বন্ধু মানচিত্র পড়তে পারছে না।,rangpur,cate_05,SPK_15,Male
sentence_35.wav,dataset/chunks/rangpur/ran_cate_05/sentence_35.wav,এখানে কি গাইড পাওয়া যাবে?,rangpur,cate_05,SPK_15,Male
sentence_36.wav,dataset/chunks/rangpur/ran_cate_05/sentence_36.wav,আমরা পাহাড় দেখতে চাই।,rangpur,cate_05,SPK_15,Male
sentence_37.wav,dataset/chunks/rangpur/ran_cate_05/sentence_37.wav,সৈকত খুব সুন্দর।,rangpur,cate_05,SPK_15,Male
sentence_38.wav,dataset/chunks/rangpur/ran_cate_05/sentence_38.wav,জলস্রোতের ছবি তোলা উচিত।,rangpur,cate_05,SPK_15,Male
sentence_39.wav,dataset/chunks/rangpur/ran_cate_05/sentence_39.wav,গাইড কি আমাদের পথে নিয়ে যাবে?,rangpur,cate_05,SPK_15,Male
sentence_40.wav,dataset/chunks/rangpur/ran_cate_05/sentence_40.wav,আমরা সকাল ৮টায় বের হব।,rangpur,cate_05,SPK_15,Male
sentence_41.wav,dataset/chunks/rangpur/ran_cate_05/sentence_41.wav,এখানে কি টিকেট ছাড়া প্রবেশ সম্ভব?,rangpur,cate_05,SPK_15,Male
sentence_42.wav,dataset/chunks/rangpur/ran_cate_05/sentence_42.wav,ভ্রমণকারীরা খুব আনন্দ করছে।,rangpur,cate_05,SPK_15,Male
sentence_43.wav,dataset/chunks/rangpur/ran_cate_05/sentence_43.wav,আমি এখানে শপিং করতে চাই।,rangpur,cate_05,SPK_15,Male
sentence_44.wav,dataset/chunks/rangpur/ran_cate_05/sentence_44.wav,এই দিকটি খুব রোমাঞ্চকর।,rangpur,cate_05,SPK_15,Male
sentence_45.wav,dataset/chunks/rangpur/ran_cate_05/sentence_45.wav,আমাদের গাইড রাতের দিকে ফেরার সময় বলে।,rangpur,cate_05,SPK_15,Male
sentence_46.wav,dataset/chunks/rangpur/ran_cate_05/sentence_46.wav,ছবি তোলার জন্য আলো ঠিক আছে।,rangpur,cate_05,SPK_15,Male
sentence_47.wav,dataset/chunks/rangpur/ran_cate_05/sentence_47.wav,আমাদের গাইড নদের উপর নৌকা ভাড়া দেখিয়েছে।,rangpur,cate_05,SPK_15,Male
sentence_48.wav,dataset/chunks/rangpur/ran_cate_05/sentence_48.wav,এখানে কি কোনো মিউজিয়াম আছে?,rangpur,cate_05,SPK_15,Male
sentence_49.wav,dataset/chunks/rangpur/ran_cate_05/sentence_49.wav,আমরা পাহাড়ে ট্রেক করতে চাই।,rangpur,cate_05,SPK_15,Male
sentence_50.wav,dataset/chunks/rangpur/ran_cate_05/sentence_50.wav,এই স্থানের ইতিহাস অনেক পুরনো।,rangpur,cate_05,SPK_15,Male
sentence_51.wav,dataset/chunks/rangpur/ran_cate_05/sentence_51.wav,আমাদের ছবি তুলতে সময় লাগছে।,rangpur,cate_05,SPK_15,Male
sentence_52.wav,dataset/chunks/rangpur/ran_cate_05/sentence_52.wav,আমি সুভর্ণভূমি দেখতে চাই।,rangpur,cate_05,SPK_15,Male
sentence_53.wav,dataset/chunks/rangpur/ran_cate_05/sentence_53.wav,ট্রিপটি খুব মজার।,rangpur,cate_05,SPK_15,Male
sentence_54.wav,dataset/chunks/rangpur/ran_cate_05/sentence_54.wav,আমাদের হোটেল থেকে খুব দূরে নয়।,rangpur,cate_05,SPK_15,Male
sentence_55.wav,dataset/chunks/rangpur/ran_cate_05/sentence_55.wav,আমরা সকালে যাওয়ার পরিকল্পনা করেছি।,rangpur,cate_05,SPK_15,Male
sentence_56.wav,dataset/chunks/rangpur/ran_cate_05/sentence_56.wav,দিক নির্দেশনা অনুসরণ করুন।,rangpur,cate_05,SPK_15,Male
sentence_57.wav,dataset/chunks/rangpur/ran_cate_05/sentence_57.wav,দর্শনার্থীরা গাইডের কথা শুনছে।,rangpur,cate_05,SPK_15,Male
sentence_58.wav,dataset/chunks/rangpur/ran_cate_05/sentence_58.wav,আমি পোর্ট্রেট ছবি তুলতে চাই।,rangpur,cate_05,SPK_15,Male
sentence_59.wav,dataset/chunks/rangpur/ran_cate_05/sentence_59.wav,এখানে পর্যটন তথ্য কেন্দ্র আছে।,rangpur,cate_05,SPK_15,Male
sentence_60.wav,dataset/chunks/rangpur/ran_cate_05/sentence_60.wav,আমরা গ্রুপ ছবি তুলব।,rangpur,cate_05,SPK_15,Male
sentence_61.wav,dataset/chunks/rangpur/ran_cate_05/sentence_61.wav,আমাদের আরও কিছু সময় দরকার।,rangpur,cate_05,SPK_15,Male
sentence_62.wav,dataset/chunks/rangpur/ran_cate_05/sentence_62.wav,নদীর পাশে হাঁটতে চাই।,rangpur,cate_05,SPK_15,Male
sentence_63.wav,dataset/chunks/rangpur/ran_cate_05/sentence_63.wav,গাইড আমাদের নৌকায় নিয়ে যাবে।,rangpur,cate_05,SPK_15,Male
sentence_64.wav,dataset/chunks/rangpur/ran_cate_05/sentence_64.wav,এখানে ঝর্ণার ছবি তোলা যেতে পারে।,rangpur,cate_05,SPK_15,Male
sentence_65.wav,dataset/chunks/rangpur/ran_cate_05/sentence_65.wav,আমরা সব দর্শনীয় স্থান ঘুরে দেখব।,rangpur,cate_05,SPK_15,Male
sentence_66.wav,dataset/chunks/rangpur/ran_cate_05/sentence_66.wav,এই জায়গাটি খুব শান্ত।,rangpur,cate_05,SPK_15,Male
sentence_67.wav,dataset/chunks/rangpur/ran_cate_05/sentence_67.wav,আমি রাতের ভ্রমণ পছন্দ করি।,rangpur,cate_05,SPK_15,Male
sentence_68.wav,dataset/chunks/rangpur/ran_cate_05/sentence_68.wav,আমাদের হোটেল থেকে বাসস্ট্যান্ড দূরে নয়।,rangpur,cate_05,SPK_15,Male
sentence_69.wav,dataset/chunks/rangpur/ran_cate_05/sentence_69.wav,আমরা সকালের দিকে ছবি তুলব।,rangpur,cate_05,SPK_15,Male
sentence_70.wav,dataset/chunks/rangpur/ran_cate_05/sentence_70.wav,এই জায়গা সত্যিই স্মরণীয়।,rangpur,cate_05,SPK_15,Male
sentence_01.wav,dataset/chunks/rangpur/ran_cate_06/sentence_01.wav,আমার মাথা ব্যথা করছে।,rangpur,cate_06,SPK_48,Female
sentence_02.wav,dataset/chunks/rangpur/ran_cate_06/sentence_02.wav,কাছাকাছি হাসপাতাল কোথায়?,rangpur,cate_06,SPK_48,Female
sentence_03.wav,dataset/chunks/rangpur/ran_cate_06/sentence_03.wav,ডাক্তারের জন্য কীভাবে অ্যাপয়েন্টমেন্ট নেব?,rangpur,cate_06,SPK_48,Female
sentence_04.wav,dataset/chunks/rangpur/ran_cate_06/sentence_04.wav,আমাকে একটি ওষুধের দোকান দেখান।,rangpur,cate_06,SPK_48,Female
sentence_05.wav,dataset/chunks/rangpur/ran_cate_06/sentence_05.wav,আমি জ্বর অনুভব করছি।,rangpur,cate_06,SPK_48,Female
sentence_06.wav,dataset/chunks/rangpur/ran_cate_06/sentence_06.wav,আমি দুর্ঘটনার শিকার হয়েছি।,rangpur,cate_06,SPK_48,Female
sentence_07.wav,dataset/chunks/rangpur/ran_cate_06/sentence_07.wav,হাসপাতালে কত সময় লাগবে পৌঁছাতে?,rangpur,cate_06,SPK_48,Female
sentence_08.wav,dataset/chunks/rangpur/ran_cate_06/sentence_08.wav,আমার পায়ে চোট লেগেছে।,rangpur,cate_06,SPK_48,Female
sentence_09.wav,dataset/chunks/rangpur/ran_cate_06/sentence_09.wav,আমাকে হাসপাতালে নিয়ে যান।,rangpur,cate_06,SPK_48,Female
sentence_10.wav,dataset/chunks/rangpur/ran_cate_06/sentence_10.wav,আমি শ্বাসকষ্ট অনুভব করছি।,rangpur,cate_06,SPK_48,Female
sentence_11.wav,dataset/chunks/rangpur/ran_cate_06/sentence_11.wav,আমাকে দ্রুত সাহায্য করুন।,rangpur,cate_06,SPK_48,Female
sentence_12.wav,dataset/chunks/rangpur/ran_cate_06/sentence_12.wav,ডাক্তার কখন উপস্থিত থাকবেন?,rangpur,cate_06,SPK_48,Female
sentence_13.wav,dataset/chunks/rangpur/ran_cate_06/sentence_13.wav,আমার শিশু অসুস্থ।,rangpur,cate_06,SPK_48,Female
sentence_14.wav,dataset/chunks/rangpur/ran_cate_06/sentence_14.wav,আমার পেটে ব্যথা করছে।,rangpur,cate_06,SPK_48,Female
sentence_15.wav,dataset/chunks/rangpur/ran_cate_06/sentence_15.wav,ওষুধের নাম কী?,rangpur,cate_06,SPK_48,Female
sentence_16.wav,dataset/chunks/rangpur/ran_cate_06/sentence_16.wav,আমি ধমনীতে ব্যথা অনুভব করছি।,rangpur,cate_06,SPK_48,Female
sentence_17.wav,dataset/chunks/rangpur/ran_cate_06/sentence_17.wav,এটি কি জরুরি অবস্থা?,rangpur,cate_06,SPK_48,Female
sentence_18.wav,dataset/chunks/rangpur/ran_cate_06/sentence_18.wav,আমি অলস লাগছে।,rangpur,cate_06,SPK_48,Female
sentence_19.wav,dataset/chunks/rangpur/ran_cate_06/sentence_19.wav,আমার চোখে সমস্যা হচ্ছে।,rangpur,cate_06,SPK_48,Female
sentence_20.wav,dataset/chunks/rangpur/ran_cate_06/sentence_20.wav,ডাক্তার কি বাংলা বলতে পারেন?,rangpur,cate_06,SPK_48,Female
sentence_21.wav,dataset/chunks/rangpur/ran_cate_06/sentence_21.wav,আমি অ্যালার্জি আক্রান্ত।,rangpur,cate_06,SPK_48,Female
sentence_22.wav,dataset/chunks/rangpur/ran_cate_06/sentence_22.wav,আমার সর্দি কাশি আছে।,rangpur,cate_06,SPK_48,Female
sentence_23.wav,dataset/chunks/rangpur/ran_cate_06/sentence_23.wav,হাসপাতালে কি ভিড় বেশি?,rangpur,cate_06,SPK_48,Female
sentence_24.wav,dataset/chunks/rangpur/ran_cate_06/sentence_24.wav,আমাকে একটি ব্যান্ডেজ দিন।,rangpur,cate_06,SPK_48,Female
sentence_25.wav,dataset/chunks/rangpur/ran_cate_06/sentence_25.wav,আমার দাঁতে ব্যথা করছে।,rangpur,cate_06,SPK_48,Female
sentence_26.wav,dataset/chunks/rangpur/ran_cate_06/sentence_26.wav,এখানে কি জরুরি ওষুধ পাওয়া যায়?,rangpur,cate_06,SPK_48,Female
sentence_27.wav,dataset/chunks/rangpur/ran_cate_06/sentence_27.wav,"আমি অসুস্থ, আমার বিশ্রাম প্রয়োজন।",rangpur,cate_06,SPK_48,Female
sentence_28.wav,dataset/chunks/rangpur/ran_cate_06/sentence_28.wav,আপনার ওষুধের পরিমাণ কত?,rangpur,cate_06,SPK_48,Female
sentence_29.wav,dataset/chunks/rangpur/ran_cate_06/sentence_29.wav,আমার পায়ে জ্বালা অনুভব হচ্ছে।,rangpur,cate_06,SPK_48,Female
sentence_30.wav,dataset/chunks/rangpur/ran_cate_06/sentence_30.wav,হাসপাতালে কি ডাক্তার সারাদিন থাকে?,rangpur,cate_06,SPK_48,Female
sentence_31.wav,dataset/chunks/rangpur/ran_cate_06/sentence_31.wav,আমাকে দ্রুত ট্যাক্সি দিন।,rangpur,cate_06,SPK_48,Female
sentence_32.wav,dataset/chunks/rangpur/ran_cate_06/sentence_32.wav,আমি গলা ব্যথা অনুভব করছি।,rangpur,cate_06,SPK_48,Female
sentence_33.wav,dataset/chunks/rangpur/ran_cate_06/sentence_33.wav,আমার হাতে কাটা গেছে।,rangpur,cate_06,SPK_48,Female
sentence_34.wav,dataset/chunks/rangpur/ran_cate_06/sentence_34.wav,এখানে কি স্বাস্থ্য পরীক্ষা করা যায়?,rangpur,cate_06,SPK_48,Female
sentence_35.wav,dataset/chunks/rangpur/ran_cate_06/sentence_35.wav,আমার পেট খারাপ লাগছে।,rangpur,cate_06,SPK_48,Female
sentence_36.wav,dataset/chunks/rangpur/ran_cate_06/sentence_36.wav,আমার চুল পড়ছে।,rangpur,cate_06,SPK_48,Female
sentence_37.wav,dataset/chunks/rangpur/ran_cate_06/sentence_37.wav,কি ওষুধ খাবো?,rangpur,cate_06,SPK_48,Female
sentence_38.wav,dataset/chunks/rangpur/ran_cate_06/sentence_38.wav,আমার শ্বাসনালি ব্যথা করছে।,rangpur,cate_06,SPK_48,Female
sentence_39.wav,dataset/chunks/rangpur/ran_cate_06/sentence_39.wav,আমার ডায়াবেটিস আছে।,rangpur,cate_06,SPK_48,Female
sentence_40.wav,dataset/chunks/rangpur/ran_cate_06/sentence_40.wav,আমাকে ইনজেকশন দেওয়া দরকার।,rangpur,cate_06,SPK_48,Female
sentence_41.wav,dataset/chunks/rangpur/ran_cate_06/sentence_41.wav,আমাকে ব্যথা উপশমের জন্য কিছু দিন।,rangpur,cate_06,SPK_48,Female
sentence_42.wav,dataset/chunks/rangpur/ran_cate_06/sentence_42.wav,আমি দুর্বল লাগছি।,rangpur,cate_06,SPK_48,Female
sentence_43.wav,dataset/chunks/rangpur/ran_cate_06/sentence_43.wav,আমার নাক দিয়ে রক্ত পড়ছে।,rangpur,cate_06,SPK_48,Female
sentence_44.wav,dataset/chunks/rangpur/ran_cate_06/sentence_44.wav,ডাক্তার কি এখন ফ্রি আছেন?,rangpur,cate_06,SPK_48,Female
sentence_45.wav,dataset/chunks/rangpur/ran_cate_06/sentence_45.wav,আমার বুক ব্যথা করছে।,rangpur,cate_06,SPK_48,Female
sentence_46.wav,dataset/chunks/rangpur/ran_cate_06/sentence_46.wav,আমার চোখ লাল হয়ে গেছে।,rangpur,cate_06,SPK_48,Female
sentence_47.wav,dataset/chunks/rangpur/ran_cate_06/sentence_47.wav,কি টেস্ট করাতে হবে?,rangpur,cate_06,SPK_48,Female
sentence_48.wav,dataset/chunks/rangpur/ran_cate_06/sentence_48.wav,আমি বুকধড় ধড় করছি।,rangpur,cate_06,SPK_48,Female
sentence_49.wav,dataset/chunks/rangpur/ran_cate_06/sentence_49.wav,হাসপাতালে কি অ্যাম্বুল্যান্স আছে?,rangpur,cate_06,SPK_48,Female
sentence_50.wav,dataset/chunks/rangpur/ran_cate_06/sentence_50.wav,আমার চামড়ায় চুলকানি হচ্ছে।,rangpur,cate_06,SPK_48,Female
sentence_51.wav,dataset/chunks/rangpur/ran_cate_06/sentence_51.wav,ওষুধটি কখন খাবো?,rangpur,cate_06,SPK_48,Female
sentence_52.wav,dataset/chunks/rangpur/ran_cate_06/sentence_52.wav,আমার কানে ব্যথা করছে।,rangpur,cate_06,SPK_48,Female
sentence_53.wav,dataset/chunks/rangpur/ran_cate_06/sentence_53.wav,আমাকে রক্ত পরীক্ষা করাতে হবে।,rangpur,cate_06,SPK_48,Female
sentence_54.wav,dataset/chunks/rangpur/ran_cate_06/sentence_54.wav,আমি গরমে অসুস্থ।,rangpur,cate_06,SPK_48,Female
sentence_55.wav,dataset/chunks/rangpur/ran_cate_06/sentence_55.wav,আমার দাঁতের ইনফেকশন হয়েছে।,rangpur,cate_06,SPK_48,Female
sentence_56.wav,dataset/chunks/rangpur/ran_cate_06/sentence_56.wav,এখানে কি স্যালাইন দেওয়া হয়?,rangpur,cate_06,SPK_48,Female
sentence_57.wav,dataset/chunks/rangpur/ran_cate_06/sentence_57.wav,আমার পায়ের আঙুল ফোলা গেছে।,rangpur,cate_06,SPK_48,Female
sentence_58.wav,dataset/chunks/rangpur/ran_cate_06/sentence_58.wav,আমাকে ব্যথানাশক দিন।,rangpur,cate_06,SPK_48,Female
sentence_59.wav,dataset/chunks/rangpur/ran_cate_06/sentence_59.wav,কি খেলে সুস্থতা হবে?,rangpur,cate_06,SPK_48,Female
sentence_60.wav,dataset/chunks/rangpur/ran_cate_06/sentence_60.wav,আমি মাথা ঘোরাতে লাগছে।,rangpur,cate_06,SPK_48,Female
sentence_61.wav,dataset/chunks/rangpur/ran_cate_06/sentence_61.wav,হাসপাতালে কি ডাক্তার রাতেও থাকেন?,rangpur,cate_06,SPK_48,Female
sentence_62.wav,dataset/chunks/rangpur/ran_cate_06/sentence_62.wav,আমার গলার প্রদাহ আছে।,rangpur,cate_06,SPK_48,Female
sentence_63.wav,dataset/chunks/rangpur/ran_cate_06/sentence_63.wav,আমার শরীরে জ্বালা অনুভূত হচ্ছে।,rangpur,cate_06,SPK_48,Female
sentence_64.wav,dataset/chunks/rangpur/ran_cate_06/sentence_64.wav,আমাকে ওষুধের রিসিপি দিন।,rangpur,cate_06,SPK_48,Female
sentence_65.wav,dataset/chunks/rangpur/ran_cate_06/sentence_65.wav,কি ওষুধ বেশি কার্যকর?,rangpur,cate_06,SPK_48,Female
sentence_66.wav,dataset/chunks/rangpur/ran_cate_06/sentence_66.wav,আমার গায়ে র‍্যাশ হয়েছে।,rangpur,cate_06,SPK_48,Female
sentence_67.wav,dataset/chunks/rangpur/ran_cate_06/sentence_67.wav,আমি পায়ে ব্যথা অনুভব করছি।,rangpur,cate_06,SPK_48,Female
sentence_68.wav,dataset/chunks/rangpur/ran_cate_06/sentence_68.wav,হাসপাতালে কি অ্যাপয়েন্টমেন্ট লাগবে?,rangpur,cate_06,SPK_48,Female
sentence_69.wav,dataset/chunks/rangpur/ran_cate_06/sentence_69.wav,আমাকে দ্রুত দেখুন।,rangpur,cate_06,SPK_48,Female
sentence_70.wav,dataset/chunks/rangpur/ran_cate_06/sentence_70.wav,আমার পেট খুব ব্যথা করছে।,rangpur,cate_06,SPK_48,Female
sentence_01.wav,dataset/chunks/rangpur/ran_cate_07/sentence_01.wav,আপনার পরিবারে কয়জন সদস্য আছে?,rangpur,cate_07,SPK_09,Male
sentence_02.wav,dataset/chunks/rangpur/ran_cate_07/sentence_02.wav,আমার বাবা একজন শিক্ষক।,rangpur,cate_07,SPK_09,Male
sentence_03.wav,dataset/chunks/rangpur/ran_cate_07/sentence_03.wav,আপনি কোথায় বড় হয়েছেন?,rangpur,cate_07,SPK_09,Male
sentence_04.wav,dataset/chunks/rangpur/ran_cate_07/sentence_04.wav,আমার মা ঘরে থাকেন।,rangpur,cate_07,SPK_09,Male
sentence_05.wav,dataset/chunks/rangpur/ran_cate_07/sentence_05.wav,আপনার ভাইবোন আছে কি?,rangpur,cate_07,SPK_09,Male
sentence_06.wav,dataset/chunks/rangpur/ran_cate_07/sentence_06.wav,আমার এক ভাই ও দুই বোন আছে।,rangpur,cate_07,SPK_09,Male
sentence_07.wav,dataset/chunks/rangpur/ran_cate_07/sentence_07.wav,আমরা একসাথে ভ্রমণ করতে ভালোবাসি।,rangpur,cate_07,SPK_09,Male
sentence_08.wav,dataset/chunks/rangpur/ran_cate_07/sentence_08.wav,আপনার পছন্দের খাবার কী?,rangpur,cate_07,SPK_09,Male
sentence_09.wav,dataset/chunks/rangpur/ran_cate_07/sentence_09.wav,আমার ছোট বোন স্কুলে পড়ে।,rangpur,cate_07,SPK_09,Male
sentence_10.wav,dataset/chunks/rangpur/ran_cate_07/sentence_10.wav,আপনার বাবা কোথায় কাজ করেন?,rangpur,cate_07,SPK_09,Male
sentence_11.wav,dataset/chunks/rangpur/ran_cate_07/sentence_11.wav,আমার পরিবার সব সময় একসাথে খেতে বসে।,rangpur,cate_07,SPK_09,Male
sentence_12.wav,dataset/chunks/rangpur/ran_cate_07/sentence_12.wav,আপনার মা কি রান্না করতে ভালোবাসেন?,rangpur,cate_07,SPK_09,Male
sentence_13.wav,dataset/chunks/rangpur/ran_cate_07/sentence_13.wav,আমরা প্রতি বছর ঈদে মিলিত হই।,rangpur,cate_07,SPK_09,Male
sentence_14.wav,dataset/chunks/rangpur/ran_cate_07/sentence_14.wav,আপনার পছন্দের ছুটি কী?,rangpur,cate_07,SPK_09,Male
sentence_15.wav,dataset/chunks/rangpur/ran_cate_07/sentence_15.wav,আমার বাবা সকালবেলা হাঁটতে যান।,rangpur,cate_07,SPK_09,Male
sentence_16.wav,dataset/chunks/rangpur/ran_cate_07/sentence_16.wav,আপনার পরিবারে কারা রয়েছেন?,rangpur,cate_07,SPK_09,Male
sentence_17.wav,dataset/chunks/rangpur/ran_cate_07/sentence_17.wav,আমার দাদা আমাদের সঙ্গে থাকে।,rangpur,cate_07,SPK_09,Male
sentence_18.wav,dataset/chunks/rangpur/ran_cate_07/sentence_18.wav,আপনি কি বিবাহিত?,rangpur,cate_07,SPK_09,Male
sentence_19.wav,dataset/chunks/rangpur/ran_cate_07/sentence_19.wav,আমি বিবাহিত এবং আমার দুই সন্তান আছে।,rangpur,cate_07,SPK_09,Male
sentence_20.wav,dataset/chunks/rangpur/ran_cate_07/sentence_20.wav,আপনার বোন কি বিশ্ববিদ্যালয়ে পড়ে?,rangpur,cate_07,SPK_09,Male
sentence_21.wav,dataset/chunks/rangpur/ran_cate_07/sentence_21.wav,আমরা রোববার একসাথে সিনেমা দেখি।,rangpur,cate_07,SPK_09,Male
sentence_22.wav,dataset/chunks/rangpur/ran_cate_07/sentence_22.wav,আপনার পছন্দের পরিবারের অনুষ্ঠান কোনটি?,rangpur,cate_07,SPK_09,Male
sentence_23.wav,dataset/chunks/rangpur/ran_cate_07/sentence_23.wav,আমার বাবা মা আমাদের জন্য খুব যত্নশীল।,rangpur,cate_07,SPK_09,Male
sentence_24.wav,dataset/chunks/rangpur/ran_cate_07/sentence_24.wav,আপনার শিশুরা স্কুলে ভালো করছে কি?,rangpur,cate_07,SPK_09,Male
sentence_25.wav,dataset/chunks/rangpur/ran_cate_07/sentence_25.wav,আমার পরিবারের সবাই স্বাস্থ্যকর জীবনযাপন করে।,rangpur,cate_07,SPK_09,Male
sentence_26.wav,dataset/chunks/rangpur/ran_cate_07/sentence_26.wav,আপনি কোথায় বেড়ে উঠেছেন?,rangpur,cate_07,SPK_09,Male
sentence_27.wav,dataset/chunks/rangpur/ran_cate_07/sentence_27.wav,আমার পরিবার গ্রামে থাকে।,rangpur,cate_07,SPK_09,Male
sentence_28.wav,dataset/chunks/rangpur/ran_cate_07/sentence_28.wav,আপনার বাবা কি বিদেশে কাজ করেন?,rangpur,cate_07,SPK_09,Male
sentence_29.wav,dataset/chunks/rangpur/ran_cate_07/sentence_29.wav,আমি আমার পরিবারের সঙ্গে ছুটিতে যাই।,rangpur,cate_07,SPK_09,Male
sentence_30.wav,dataset/chunks/rangpur/ran_cate_07/sentence_30.wav,আপনার পরিবারে ছোট ছোট ভাইবোন আছে কি?,rangpur,cate_07,SPK_09,Male
sentence_31.wav,dataset/chunks/rangpur/ran_cate_07/sentence_31.wav,আমার ভাই ফুটবল খেলে।,rangpur,cate_07,SPK_09,Male
sentence_32.wav,dataset/chunks/rangpur/ran_cate_07/sentence_32.wav,আপনার মা কি কাজ করেন?,rangpur,cate_07,SPK_09,Male
sentence_33.wav,dataset/chunks/rangpur/ran_cate_07/sentence_33.wav,আমরা প্রতি সপ্তাহে একসাথে খাবার করি।,rangpur,cate_07,SPK_09,Male
sentence_34.wav,dataset/chunks/rangpur/ran_cate_07/sentence_34.wav,আপনার বাবা কি বাসায় থাকেন?,rangpur,cate_07,SPK_09,Male
sentence_35.wav,dataset/chunks/rangpur/ran_cate_07/sentence_35.wav,আমার পরিবারে সবাই একে অপরকে সাহায্য করে।,rangpur,cate_07,SPK_09,Male
sentence_36.wav,dataset/chunks/rangpur/ran_cate_07/sentence_36.wav,আপনি কত বছর ধরে বিবাহিত?,rangpur,cate_07,SPK_09,Male
sentence_37.wav,dataset/chunks/rangpur/ran_cate_07/sentence_37.wav,আমার বোন চিকিৎসা পড়াশোনা করছে।,rangpur,cate_07,SPK_09,Male
sentence_38.wav,dataset/chunks/rangpur/ran_cate_07/sentence_38.wav,আপনার বাবা মা কি এখনও কাজ করেন?,rangpur,cate_07,SPK_09,Male
sentence_39.wav,dataset/chunks/rangpur/ran_cate_07/sentence_39.wav,আমরা সবাই একসাথে হোলিডে যাই।,rangpur,cate_07,SPK_09,Male
sentence_40.wav,dataset/chunks/rangpur/ran_cate_07/sentence_40.wav,আপনার সন্তানদের নাম কী?,rangpur,cate_07,SPK_09,Male
sentence_41.wav,dataset/chunks/rangpur/ran_cate_07/sentence_41.wav,আমার ছেলে ফুটবল খেলতে ভালোবাসে।,rangpur,cate_07,SPK_09,Male
sentence_42.wav,dataset/chunks/rangpur/ran_cate_07/sentence_42.wav,আপনার পরিবারের বয়সী সদস্যরা কি সক্রিয়?,rangpur,cate_07,SPK_09,Male
sentence_43.wav,dataset/chunks/rangpur/ran_cate_07/sentence_43.wav,আমি আমার পরিবারের সঙ্গে সিনেমা দেখতে যাই।,rangpur,cate_07,SPK_09,Male
sentence_44.wav,dataset/chunks/rangpur/ran_cate_07/sentence_44.wav,আপনার মা কি রান্না ভালো করেন?,rangpur,cate_07,SPK_09,Male
sentence_45.wav,dataset/chunks/rangpur/ran_cate_07/sentence_45.wav,আমার বাবা সকালবেলা সংবাদ পড়েন।,rangpur,cate_07,SPK_09,Male
sentence_46.wav,dataset/chunks/rangpur/ran_cate_07/sentence_46.wav,আপনার বোনের পছন্দের কাজ কী?,rangpur,cate_07,SPK_09,Male
sentence_47.wav,dataset/chunks/rangpur/ran_cate_07/sentence_47.wav,আমরা বড়দিন একসাথে উদযাপন করি।,rangpur,cate_07,SPK_09,Male
sentence_48.wav,dataset/chunks/rangpur/ran_cate_07/sentence_48.wav,আমার পরিবারে কেউ বিদেশে থাকে।,rangpur,cate_07,SPK_09,Male
sentence_49.wav,dataset/chunks/rangpur/ran_cate_07/sentence_49.wav,আপনার পরিবারের সদস্যরা কি সুস্থ আছে?,rangpur,cate_07,SPK_09,Male
sentence_50.wav,dataset/chunks/rangpur/ran_cate_07/sentence_50.wav,আমি পরিবারকে খুব ভালোবাসি।,rangpur,cate_07,SPK_09,Male
sentence_51.wav,dataset/chunks/rangpur/ran_cate_07/sentence_51.wav,আপনার ভাইবোন কি আপনার সাথে থাকে?,rangpur,cate_07,SPK_09,Male
sentence_52.wav,dataset/chunks/rangpur/ran_cate_07/sentence_52.wav,আমার বাবা মা গ্রামের বাড়িতে থাকেন।,rangpur,cate_07,SPK_09,Male
sentence_53.wav,dataset/chunks/rangpur/ran_cate_07/sentence_53.wav,আমরা একসাথে খেলা করি।,rangpur,cate_07,SPK_09,Male
sentence_54.wav,dataset/chunks/rangpur/ran_cate_07/sentence_54.wav,আপনার পরিবারে কেউ চাকরিতে আছেন কি?,rangpur,cate_07,SPK_09,Male
sentence_55.wav,dataset/chunks/rangpur/ran_cate_07/sentence_55.wav,আমি আমার পরিবারের জন্য সব করি।,rangpur,cate_07,SPK_09,Male
sentence_56.wav,dataset/chunks/rangpur/ran_cate_07/sentence_56.wav,আপনার বাবা মা কি অবসরপ্রাপ্ত?,rangpur,cate_07,SPK_09,Male
sentence_57.wav,dataset/chunks/rangpur/ran_cate_07/sentence_57.wav,আমরা হোলিডেতে গ্রামের বাড়িতে যাই।,rangpur,cate_07,SPK_09,Male
sentence_58.wav,dataset/chunks/rangpur/ran_cate_07/sentence_58.wav,আমার ছোট ভাই স্কুলে ভালো করছে।,rangpur,cate_07,SPK_09,Male
sentence_59.wav,dataset/chunks/rangpur/ran_cate_07/sentence_59.wav,আপনার পরিবার কত ঘনিষ্ঠ?,rangpur,cate_07,SPK_09,Male
sentence_60.wav,dataset/chunks/rangpur/ran_cate_07/sentence_60.wav,আমরা প্রতি মাসে একসাথে বেড়াতে যাই।,rangpur,cate_07,SPK_09,Male
sentence_61.wav,dataset/chunks/rangpur/ran_cate_07/sentence_61.wav,আমার মা গল্প শুনাতে ভালোবাসেন।,rangpur,cate_07,SPK_09,Male
sentence_62.wav,dataset/chunks/rangpur/ran_cate_07/sentence_62.wav,আপনার বাবা কি কখনও ভ্রমণে যান?,rangpur,cate_07,SPK_09,Male
sentence_63.wav,dataset/chunks/rangpur/ran_cate_07/sentence_63.wav,আমি আমার পরিবারকে সব সময় সাহায্য করি।,rangpur,cate_07,SPK_09,Male
sentence_64.wav,dataset/chunks/rangpur/ran_cate_07/sentence_64.wav,আপনার ভাইবোন কি একে অপরকে সাহায্য করে?,rangpur,cate_07,SPK_09,Male
sentence_65.wav,dataset/chunks/rangpur/ran_cate_07/sentence_65.wav,আমরা পরিবারে জন্মদিন উদযাপন করি।,rangpur,cate_07,SPK_09,Male
sentence_66.wav,dataset/chunks/rangpur/ran_cate_07/sentence_66.wav,আমার পরিবারের সঙ্গে সময় কাটানো ভালো লাগে।,rangpur,cate_07,SPK_09,Male
sentence_67.wav,dataset/chunks/rangpur/ran_cate_07/sentence_67.wav,আপনার মা বাবা কি একসাথে আছেন?,rangpur,cate_07,SPK_09,Male
sentence_68.wav,dataset/chunks/rangpur/ran_cate_07/sentence_68.wav,আমার বাবা খুব কঠোর কিন্তু ভালো মানুষ।,rangpur,cate_07,SPK_09,Male
sentence_69.wav,dataset/chunks/rangpur/ran_cate_07/sentence_69.wav,আমরা পারিবারিক ছবি তুলি।,rangpur,cate_07,SPK_09,Male
sentence_70.wav,dataset/chunks/rangpur/ran_cate_07/sentence_70.wav,আমি আমার পরিবারের সুখের জন্য কাজ করি।,rangpur,cate_07,SPK_09,Male
sentence_01.wav,dataset/chunks/rangpur/ran_cate_08/sentence_01.wav,এই বছর ধানের ফলন কেমন হবে?,rangpur,cate_08,SPK_18,Male
sentence_02.wav,dataset/chunks/rangpur/ran_cate_08/sentence_02.wav,আমি মাছ চাষ শুরু করতে চাই।,rangpur,cate_08,SPK_18,Male
sentence_03.wav,dataset/chunks/rangpur/ran_cate_08/sentence_03.wav,বৃষ্টিপাত ঠিক আছে কি?,rangpur,cate_08,SPK_18,Male
sentence_04.wav,dataset/chunks/rangpur/ran_cate_08/sentence_04.wav,জমি প্রস্তুত করা হয়েছে।,rangpur,cate_08,SPK_18,Male
sentence_05.wav,dataset/chunks/rangpur/ran_cate_08/sentence_05.wav,ধানের বীজ কত লাগবে?,rangpur,cate_08,SPK_18,Male
sentence_06.wav,dataset/chunks/rangpur/ran_cate_08/sentence_06.wav,কীটনাশক প্রয়োগ করতে হবে।,rangpur,cate_08,SPK_18,Male
sentence_07.wav,dataset/chunks/rangpur/ran_cate_08/sentence_07.wav,আমি সবজি চাষ করি।,rangpur,cate_08,SPK_18,Male
sentence_08.wav,dataset/chunks/rangpur/ran_cate_08/sentence_08.wav,মাছের পুকুর কত বড়?,rangpur,cate_08,SPK_18,Male
sentence_09.wav,dataset/chunks/rangpur/ran_cate_08/sentence_09.wav,আমার ধান ভালোভাবে ফলন করছে।,rangpur,cate_08,SPK_18,Male
sentence_10.wav,dataset/chunks/rangpur/ran_cate_08/sentence_10.wav,সার দেওয়া হয়েছে।,rangpur,cate_08,SPK_18,Male
sentence_11.wav,dataset/chunks/rangpur/ran_cate_08/sentence_11.wav,কৃষকের জন্য কি সহায়তা আছে?,rangpur,cate_08,SPK_18,Male
sentence_12.wav,dataset/chunks/rangpur/ran_cate_08/sentence_12.wav,গবাদি পশুদের খাওয়ানো হয়েছে।,rangpur,cate_08,SPK_18,Male
sentence_13.wav,dataset/chunks/rangpur/ran_cate_08/sentence_13.wav,আবহাওয়া কেমন থাকবে?,rangpur,cate_08,SPK_18,Male
sentence_14.wav,dataset/chunks/rangpur/ran_cate_08/sentence_14.wav,বৃষ্টির অভাব ধানের জন্য ক্ষতিকর।,rangpur,cate_08,SPK_18,Male
sentence_15.wav,dataset/chunks/rangpur/ran_cate_08/sentence_15.wav,পুকুরে পানি পরীক্ষা করা হয়েছে।,rangpur,cate_08,SPK_18,Male
sentence_16.wav,dataset/chunks/rangpur/ran_cate_08/sentence_16.wav,আমি নতুন সার প্রয়োগ করব।,rangpur,cate_08,SPK_18,Male
sentence_17.wav,dataset/chunks/rangpur/ran_cate_08/sentence_17.wav,কীটপতঙ্গ ধ্বংস করতে হবে।,rangpur,cate_08,SPK_18,Male
sentence_18.wav,dataset/chunks/rangpur/ran_cate_08/sentence_18.wav,ধানের বীজ ভালো মানের কিনুন।,rangpur,cate_08,SPK_18,Male
sentence_19.wav,dataset/chunks/rangpur/ran_cate_08/sentence_19.wav,সবজি খুব দ্রুত বড় হচ্ছে।,rangpur,cate_08,SPK_18,Male
sentence_20.wav,dataset/chunks/rangpur/ran_cate_08/sentence_20.wav,মাছের পুকুরে খাবার দিন।,rangpur,cate_08,SPK_18,Male
sentence_21.wav,dataset/chunks/rangpur/ran_cate_08/sentence_21.wav,জমিতে আগাছা কাটা হয়েছে।,rangpur,cate_08,SPK_18,Male
sentence_22.wav,dataset/chunks/rangpur/ran_cate_08/sentence_22.wav,আমি নতুন পুকুর খনন করেছি।,rangpur,cate_08,SPK_18,Male
sentence_23.wav,dataset/chunks/rangpur/ran_cate_08/sentence_23.wav,এই ফসলের জন্য কত সার লাগবে?,rangpur,cate_08,SPK_18,Male
sentence_24.wav,dataset/chunks/rangpur/ran_cate_08/sentence_24.wav,গরু খুব ভালো অবস্থায় আছে।,rangpur,cate_08,SPK_18,Male
sentence_25.wav,dataset/chunks/rangpur/ran_cate_08/sentence_25.wav,ধান কেটে সংগ্রহ করা হয়েছে।,rangpur,cate_08,SPK_18,Male
sentence_26.wav,dataset/chunks/rangpur/ran_cate_08/sentence_26.wav,আমরা সবজি বাজারে বিক্রি করি।,rangpur,cate_08,SPK_18,Male
sentence_27.wav,dataset/chunks/rangpur/ran_cate_08/sentence_27.wav,মাটি পরীক্ষা করা হয়েছে।,rangpur,cate_08,SPK_18,Male
sentence_28.wav,dataset/chunks/rangpur/ran_cate_08/sentence_28.wav,পোকামাকড়ের আক্রমণ হয়েছে।,rangpur,cate_08,SPK_18,Male
sentence_29.wav,dataset/chunks/rangpur/ran_cate_08/sentence_29.wav,মাছের পুকুর পরিষ্কার করুন।,rangpur,cate_08,SPK_18,Male
sentence_30.wav,dataset/chunks/rangpur/ran_cate_08/sentence_30.wav,আমরা সার ও বীজ কিনব।,rangpur,cate_08,SPK_18,Male
sentence_31.wav,dataset/chunks/rangpur/ran_cate_08/sentence_31.wav,গবাদি পশুদের স্বাস্থ্য পরীক্ষা করা হয়েছে।,rangpur,cate_08,SPK_18,Male
sentence_32.wav,dataset/chunks/rangpur/ran_cate_08/sentence_32.wav,ধানের ফলন ভাল হয়েছে।,rangpur,cate_08,SPK_18,Male
sentence_33.wav,dataset/chunks/rangpur/ran_cate_08/sentence_33.wav,আমি নতুন চারা রোপণ করব।,rangpur,cate_08,SPK_18,Male
sentence_34.wav,dataset/chunks/rangpur/ran_cate_08/sentence_34.wav,আবহাওয়া পরিবর্তনশীল।,rangpur,cate_08,SPK_18,Male
sentence_35.wav,dataset/chunks/rangpur/ran_cate_08/sentence_35.wav,পুকুরে পানি কমে গেছে।,rangpur,cate_08,SPK_18,Male
sentence_36.wav,dataset/chunks/rangpur/ran_cate_08/sentence_36.wav,আমরা নতুন সার পরীক্ষা করব।,rangpur,cate_08,SPK_18,Male
sentence_37.wav,dataset/chunks/rangpur/ran_cate_08/sentence_37.wav,কি মাছের প্রজাতি ভালো ফলন দিচ্ছে?,rangpur,cate_08,SPK_18,Male
sentence_38.wav,dataset/chunks/rangpur/ran_cate_08/sentence_38.wav,জমি উর্বর।,rangpur,cate_08,SPK_18,Male
sentence_39.wav,dataset/chunks/rangpur/ran_cate_08/sentence_39.wav,ফসল রক্ষা করতে কী ব্যবস্থা নেওয়া হয়েছে?,rangpur,cate_08,SPK_18,Male
sentence_40.wav,dataset/chunks/rangpur/ran_cate_08/sentence_40.wav,আমরা গবাদি পশু বিক্রি করব।,rangpur,cate_08,SPK_18,Male
sentence_41.wav,dataset/chunks/rangpur/ran_cate_08/sentence_41.wav,ধানের ফসল শুকিয়ে গেছে।,rangpur,cate_08,SPK_18,Male
sentence_42.wav,dataset/chunks/rangpur/ran_cate_08/sentence_42.wav,পুকুরে নতুন মাছ ছাড়া হয়েছে।,rangpur,cate_08,SPK_18,Male
sentence_43.wav,dataset/chunks/rangpur/ran_cate_08/sentence_43.wav,আবহাওয়া খুব খারাপ।,rangpur,cate_08,SPK_18,Male
sentence_44.wav,dataset/chunks/rangpur/ran_cate_08/sentence_44.wav,আমরা সবজি রোপণ শুরু করেছি।,rangpur,cate_08,SPK_18,Male
sentence_45.wav,dataset/chunks/rangpur/ran_cate_08/sentence_45.wav,মাটির আর্দ্রতা ঠিক আছে কি?,rangpur,cate_08,SPK_18,Male
sentence_46.wav,dataset/chunks/rangpur/ran_cate_08/sentence_46.wav,সার দেওয়ার পর পানি দিন।,rangpur,cate_08,SPK_18,Male
sentence_47.wav,dataset/chunks/rangpur/ran_cate_08/sentence_47.wav,কীটনাশক কত দিন পর প্রয়োগ করতে হবে?,rangpur,cate_08,SPK_18,Male
sentence_48.wav,dataset/chunks/rangpur/ran_cate_08/sentence_48.wav,আমার ধান এখনও সবুজ।,rangpur,cate_08,SPK_18,Male
sentence_49.wav,dataset/chunks/rangpur/ran_cate_08/sentence_49.wav,গবাদি পশুদের জন্য খোরাক প্রস্তুত।,rangpur,cate_08,SPK_18,Male
sentence_50.wav,dataset/chunks/rangpur/ran_cate_08/sentence_50.wav,পুকুরের পানি পরীক্ষা করুন।,rangpur,cate_08,SPK_18,Male
sentence_51.wav,dataset/chunks/rangpur/ran_cate_08/sentence_51.wav,বৃষ্টি হলে ফসলের জন্য ভালো হবে।,rangpur,cate_08,SPK_18,Male
sentence_52.wav,dataset/chunks/rangpur/ran_cate_08/sentence_52.wav,আমরা নতুন সার প্রয়োগ করব।,rangpur,cate_08,SPK_18,Male
sentence_53.wav,dataset/chunks/rangpur/ran_cate_08/sentence_53.wav,কি সময়ে ধান কাটা উচিত?,rangpur,cate_08,SPK_18,Male
sentence_54.wav,dataset/chunks/rangpur/ran_cate_08/sentence_54.wav,পোকামাকড় ধ্বংস করা হয়েছে।,rangpur,cate_08,SPK_18,Male
sentence_55.wav,dataset/chunks/rangpur/ran_cate_08/sentence_55.wav,আমরা ফসল বিক্রি করব।,rangpur,cate_08,SPK_18,Male
sentence_56.wav,dataset/chunks/rangpur/ran_cate_08/sentence_56.wav,গবাদি পশুদের জন্য চিকিৎসা প্রয়োজন।,rangpur,cate_08,SPK_18,Male
sentence_57.wav,dataset/chunks/rangpur/ran_cate_08/sentence_57.wav,মাছের পুকুরে বেশি পানি ঢালুন।,rangpur,cate_08,SPK_18,Male
sentence_58.wav,dataset/chunks/rangpur/ran_cate_08/sentence_58.wav,আমরা কৃষি প্রদর্শনীতে যাব।,rangpur,cate_08,SPK_18,Male
sentence_59.wav,dataset/chunks/rangpur/ran_cate_08/sentence_59.wav,ধানের চারা ভালোভাবে জন্ম নিয়েছে।,rangpur,cate_08,SPK_18,Male
sentence_60.wav,dataset/chunks/rangpur/ran_cate_08/sentence_60.wav,ফসলের জন্য পানি দেওয়া হচ্ছে।,rangpur,cate_08,SPK_18,Male
sentence_61.wav,dataset/chunks/rangpur/ran_cate_08/sentence_61.wav,পোকামাকড়ের আক্রমণ কমে গেছে।,rangpur,cate_08,SPK_18,Male
sentence_62.wav,dataset/chunks/rangpur/ran_cate_08/sentence_62.wav,আমরা নতুন চারা কিনব।,rangpur,cate_08,SPK_18,Male
sentence_63.wav,dataset/chunks/rangpur/ran_cate_08/sentence_63.wav,কি মাছের খাদ্য ভালো ফলন দিচ্ছে?,rangpur,cate_08,SPK_18,Male
sentence_64.wav,dataset/chunks/rangpur/ran_cate_08/sentence_64.wav,জমি খুব উর্বর।,rangpur,cate_08,SPK_18,Male
sentence_65.wav,dataset/chunks/rangpur/ran_cate_08/sentence_65.wav,পুকুরের পানি পরিষ্কার রাখা হয়েছে।,rangpur,cate_08,SPK_18,Male
sentence_66.wav,dataset/chunks/rangpur/ran_cate_08/sentence_66.wav,আমি ধানের ক্ষেতে যাচ্ছি।,rangpur,cate_08,SPK_18,Male
sentence_67.wav,dataset/chunks/rangpur/ran_cate_08/sentence_67.wav,ফসল রক্ষা করতে কৃষক সতর্ক।,rangpur,cate_08,SPK_18,Male
sentence_68.wav,dataset/chunks/rangpur/ran_cate_08/sentence_68.wav,আমরা গবাদি পশু বিক্রির পরিকল্পনা করেছি।,rangpur,cate_08,SPK_18,Male
sentence_69.wav,dataset/chunks/rangpur/ran_cate_08/sentence_69.wav,ধানের ক্ষেতে জৈব সার প্রয়োগ করা হয়েছে।,rangpur,cate_08,SPK_18,Male
sentence_70.wav,dataset/chunks/rangpur/ran_cate_08/sentence_70.wav,আমাদের পুকুরে নতুন মাছ এসেছে।,rangpur,cate_08,SPK_18,Male
sentence_01.wav,dataset/chunks/rangpur/ran_cate_09/sentence_01.wav,আজ খুব গরম।,rangpur,cate_09,SPK_18,Male
sentence_02.wav,dataset/chunks/rangpur/ran_cate_09/sentence_02.wav,কাল বৃষ্টি হবে কি?,rangpur,cate_09,SPK_18,Male
sentence_03.wav,dataset/chunks/rangpur/ran_cate_09/sentence_03.wav,বাতাস কেমন চলছে?,rangpur,cate_09,SPK_18,Male
sentence_04.wav,dataset/chunks/rangpur/ran_cate_09/sentence_04.wav,আজ সূর্য ভালোভাবে উঠেছে।,rangpur,cate_09,SPK_18,Male
sentence_05.wav,dataset/chunks/rangpur/ran_cate_09/sentence_05.wav,তাপমাত্রা কত?,rangpur,cate_09,SPK_18,Male
sentence_06.wav,dataset/chunks/rangpur/ran_cate_09/sentence_06.wav,আজ মেঘলা দিন।,rangpur,cate_09,SPK_18,Male
sentence_07.wav,dataset/chunks/rangpur/ran_cate_09/sentence_07.wav,বাতাস খুব ঠান্ডা।,rangpur,cate_09,SPK_18,Male
sentence_08.wav,dataset/chunks/rangpur/ran_cate_09/sentence_08.wav,আজ দিনের আলো সুন্দর।,rangpur,cate_09,SPK_18,Male
sentence_09.wav,dataset/chunks/rangpur/ran_cate_09/sentence_09.wav,ঝড় আসছে কি?,rangpur,cate_09,SPK_18,Male
sentence_10.wav,dataset/chunks/rangpur/ran_cate_09/sentence_10.wav,আজ রাত খুব ঠান্ডা।,rangpur,cate_09,SPK_18,Male
sentence_11.wav,dataset/chunks/rangpur/ran_cate_09/sentence_11.wav,আকাশ পরিষ্কার।,rangpur,cate_09,SPK_18,Male
sentence_12.wav,dataset/chunks/rangpur/ran_cate_09/sentence_12.wav,বৃষ্টি শুরু হয়েছে।,rangpur,cate_09,SPK_18,Male
sentence_13.wav,dataset/chunks/rangpur/ran_cate_09/sentence_13.wav,তাপমাত্রা বেশি হলে গরম লাগবে।,rangpur,cate_09,SPK_18,Male
sentence_14.wav,dataset/chunks/rangpur/ran_cate_09/sentence_14.wav,ধুলোবালি কেটে গেছে।,rangpur,cate_09,SPK_18,Male
sentence_15.wav,dataset/chunks/rangpur/ran_cate_09/sentence_15.wav,জলবায়ু পরিবর্তন হচ্ছে।,rangpur,cate_09,SPK_18,Male
sentence_16.wav,dataset/chunks/rangpur/ran_cate_09/sentence_16.wav,আজ সূর্য ঝলমল করছে।,rangpur,cate_09,SPK_18,Male
sentence_17.wav,dataset/chunks/rangpur/ran_cate_09/sentence_17.wav,বাতাস কি বেশি তীব্র?,rangpur,cate_09,SPK_18,Male
sentence_18.wav,dataset/chunks/rangpur/ran_cate_09/sentence_18.wav,আজ দিনের তাপমাত্রা ৩৫°সেলসিয়াস।,rangpur,cate_09,SPK_18,Male
sentence_19.wav,dataset/chunks/rangpur/ran_cate_09/sentence_19.wav,আকাশে সবুজ মেঘ।,rangpur,cate_09,SPK_18,Male
sentence_20.wav,dataset/chunks/rangpur/ran_cate_09/sentence_20.wav,বৃষ্টির পর মাটি ভিজে গেছে।,rangpur,cate_09,SPK_18,Male
sentence_21.wav,dataset/chunks/rangpur/ran_cate_09/sentence_21.wav,আজ খুব আর্দ্রতা আছে।,rangpur,cate_09,SPK_18,Male
sentence_22.wav,dataset/chunks/rangpur/ran_cate_09/sentence_22.wav,কি ধরনের আবহাওয়া আপনার পছন্দ?,rangpur,cate_09,SPK_18,Male
sentence_23.wav,dataset/chunks/rangpur/ran_cate_09/sentence_23.wav,সূর্যাস্ত খুব সুন্দর হয়েছে।,rangpur,cate_09,SPK_18,Male
sentence_24.wav,dataset/chunks/rangpur/ran_cate_09/sentence_24.wav,আগামীকাল খুব ঠান্ডা হবে।,rangpur,cate_09,SPK_18,Male
sentence_25.wav,dataset/chunks/rangpur/ran_cate_09/sentence_25.wav,ঝড়ের পূর্বাভাস আছে।,rangpur,cate_09,SPK_18,Male
sentence_26.wav,dataset/chunks/rangpur/ran_cate_09/sentence_26.wav,বাতাসের দিক পরিবর্তিত হয়েছে।,rangpur,cate_09,SPK_18,Male
sentence_27.wav,dataset/chunks/rangpur/ran_cate_09/sentence_27.wav,আকাশে সূর্যোদয় দেখা যাচ্ছে।,rangpur,cate_09,SPK_18,Male
sentence_28.wav,dataset/chunks/rangpur/ran_cate_09/sentence_28.wav,আজ রাতের আকাশে তারা দেখা যাচ্ছে।,rangpur,cate_09,SPK_18,Male
sentence_29.wav,dataset/chunks/rangpur/ran_cate_09/sentence_29.wav,বাতাসে তীব্রতা আছে কি?,rangpur,cate_09,SPK_18,Male
sentence_30.wav,dataset/chunks/rangpur/ran_cate_09/sentence_30.wav,গ্রীষ্মকাল খুব গরম।,rangpur,cate_09,SPK_18,Male
sentence_31.wav,dataset/chunks/rangpur/ran_cate_09/sentence_31.wav,শীতকাল খুব ঠান্ডা।,rangpur,cate_09,SPK_18,Male
sentence_32.wav,dataset/chunks/rangpur/ran_cate_09/sentence_32.wav,আজকের আর্দ্রতা কেমন?,rangpur,cate_09,SPK_18,Male
sentence_33.wav,dataset/chunks/rangpur/ran_cate_09/sentence_33.wav,মেঘ কেটে গেছে।,rangpur,cate_09,SPK_18,Male
sentence_34.wav,dataset/chunks/rangpur/ran_cate_09/sentence_34.wav,ঝড়ের সময় বাইরে যাবেন না।,rangpur,cate_09,SPK_18,Male
sentence_35.wav,dataset/chunks/rangpur/ran_cate_09/sentence_35.wav,আজকের আকাশ নীল।,rangpur,cate_09,SPK_18,Male
sentence_36.wav,dataset/chunks/rangpur/ran_cate_09/sentence_36.wav,বাতাসে ধুলো আছে।,rangpur,cate_09,SPK_18,Male
sentence_37.wav,dataset/chunks/rangpur/ran_cate_09/sentence_37.wav,বৃষ্টির পর সবুজ গাছ আরও সুন্দর।,rangpur,cate_09,SPK_18,Male
sentence_38.wav,dataset/chunks/rangpur/ran_cate_09/sentence_38.wav,আজ খুব ধোঁয়া আছে।,rangpur,cate_09,SPK_18,Male
sentence_39.wav,dataset/chunks/rangpur/ran_cate_09/sentence_39.wav,আগামীকাল বৃষ্টি হবে কি?,rangpur,cate_09,SPK_18,Male
sentence_40.wav,dataset/chunks/rangpur/ran_cate_09/sentence_40.wav,আজ দুপুরে তাপমাত্রা কম।,rangpur,cate_09,SPK_18,Male
sentence_41.wav,dataset/chunks/rangpur/ran_cate_09/sentence_41.wav,সূর্য আকাশে উজ্জ্বল।,rangpur,cate_09,SPK_18,Male
sentence_42.wav,dataset/chunks/rangpur/ran_cate_09/sentence_42.wav,আজ বাতাস একটু ঠান্ডা।,rangpur,cate_09,SPK_18,Male
sentence_43.wav,dataset/chunks/rangpur/ran_cate_09/sentence_43.wav,ঝড়ের সময় কি precautions নিতে হবে?,rangpur,cate_09,SPK_18,Male
sentence_44.wav,dataset/chunks/rangpur/ran_cate_09/sentence_44.wav,আজকের আবহাওয়া স্বাভাবিক।,rangpur,cate_09,SPK_18,Male
sentence_45.wav,dataset/chunks/rangpur/ran_cate_09/sentence_45.wav,বৃষ্টি হলে রাস্তা ভিজে যাবে।,rangpur,cate_09,SPK_18,Male
sentence_46.wav,dataset/chunks/rangpur/ran_cate_09/sentence_46.wav,হাওয়া খুব নরম।,rangpur,cate_09,SPK_18,Male
sentence_47.wav,dataset/chunks/rangpur/ran_cate_09/sentence_47.wav,আজ সূর্য উঠার সময় দেরি হয়েছে।,rangpur,cate_09,SPK_18,Male
sentence_48.wav,dataset/chunks/rangpur/ran_cate_09/sentence_48.wav,আবহাওয়া রিপোর্ট কি হয়েছে?,rangpur,cate_09,SPK_18,Male
sentence_49.wav,dataset/chunks/rangpur/ran_cate_09/sentence_49.wav,আজকের তাপমাত্রা বেশী।,rangpur,cate_09,SPK_18,Male
sentence_50.wav,dataset/chunks/rangpur/ran_cate_09/sentence_50.wav,রাতে খুব ঠান্ডা হবে।,rangpur,cate_09,SPK_18,Male
sentence_51.wav,dataset/chunks/rangpur/ran_cate_09/sentence_51.wav,গ্রীষ্মের দিন দীর্ঘ।,rangpur,cate_09,SPK_18,Male
sentence_52.wav,dataset/chunks/rangpur/ran_cate_09/sentence_52.wav,শীতের রাত ছোট।,rangpur,cate_09,SPK_18,Male
sentence_53.wav,dataset/chunks/rangpur/ran_cate_09/sentence_53.wav,ঝড়ের কারণে বিদ্যুৎ চলে গেছে।,rangpur,cate_09,SPK_18,Male
sentence_54.wav,dataset/chunks/rangpur/ran_cate_09/sentence_54.wav,মেঘলা দিনে ছবি তোলা ভালো।,rangpur,cate_09,SPK_18,Male
sentence_55.wav,dataset/chunks/rangpur/ran_cate_09/sentence_55.wav,বাতাসে আর্দ্রতা বেশি।,rangpur,cate_09,SPK_18,Male
sentence_56.wav,dataset/chunks/rangpur/ran_cate_09/sentence_56.wav,কি ধরনের বাতাস চলছে?,rangpur,cate_09,SPK_18,Male
sentence_57.wav,dataset/chunks/rangpur/ran_cate_09/sentence_57.wav,আজ রাতের আকাশ পরিষ্কার।,rangpur,cate_09,SPK_18,Male
sentence_58.wav,dataset/chunks/rangpur/ran_cate_09/sentence_58.wav,বৃষ্টিপাত কম।,rangpur,cate_09,SPK_18,Male
sentence_59.wav,dataset/chunks/rangpur/ran_cate_09/sentence_59.wav,আগামীকাল তাপমাত্রা বাড়বে।,rangpur,cate_09,SPK_18,Male
sentence_60.wav,dataset/chunks/rangpur/ran_cate_09/sentence_60.wav,ঝড়ের সময় সড়ক নিরাপদ নয়।,rangpur,cate_09,SPK_18,Male
sentence_61.wav,dataset/chunks/rangpur/ran_cate_09/sentence_61.wav,আজ হালকা বৃষ্টি হচ্ছে।,rangpur,cate_09,SPK_18,Male
sentence_62.wav,dataset/chunks/rangpur/ran_cate_09/sentence_62.wav,বাতাসের তীব্রতা কমেছে।,rangpur,cate_09,SPK_18,Male
sentence_63.wav,dataset/chunks/rangpur/ran_cate_09/sentence_63.wav,আজকের সূর্যাস্ত সুন্দর।,rangpur,cate_09,SPK_18,Male
sentence_64.wav,dataset/chunks/rangpur/ran_cate_09/sentence_64.wav,কি সময়ে বৃষ্টি হবে?,rangpur,cate_09,SPK_18,Male
sentence_65.wav,dataset/chunks/rangpur/ran_cate_09/sentence_65.wav,আকাশে মেঘ অনেক।,rangpur,cate_09,SPK_18,Male
sentence_66.wav,dataset/chunks/rangpur/ran_cate_09/sentence_66.wav,আজ খুব শীতল দিন।,rangpur,cate_09,SPK_18,Male
sentence_67.wav,dataset/chunks/rangpur/ran_cate_09/sentence_67.wav,বাতাসের দিক পূর্ব।,rangpur,cate_09,SPK_18,Male
sentence_68.wav,dataset/chunks/rangpur/ran_cate_09/sentence_68.wav,হঠাৎ ঝড় এসেছে।,rangpur,cate_09,SPK_18,Male
sentence_69.wav,dataset/chunks/rangpur/ran_cate_09/sentence_69.wav,আজ খুব রৌদ্রজ্জ্বল।,rangpur,cate_09,SPK_18,Male
sentence_70.wav,dataset/chunks/rangpur/ran_cate_09/sentence_70.wav,আগামীকাল হালকা বাতাস থাকবে।,rangpur,cate_09,SPK_18,Male
sentence_01.wav,dataset/chunks/rangpur/ran_cate_10/sentence_01.wav,আপনি কিভাবে পহেলা বৈশাখ উদযাপন করেন?,rangpur,cate_10,SPK_42,Female
sentence_02.wav,dataset/chunks/rangpur/ran_cate_10/sentence_02.wav,আমি পহেলা বৈশাখে নতুন জামা পরি।,rangpur,cate_10,SPK_42,Female
sentence_03.wav,dataset/chunks/rangpur/ran_cate_10/sentence_03.wav,আমাদের গ্রামে ঈদ খুব বড় উৎসব।,rangpur,cate_10,SPK_42,Female
sentence_04.wav,dataset/chunks/rangpur/ran_cate_10/sentence_04.wav,আপনি পূজা কিভাবে পালন করেন?,rangpur,cate_10,SPK_42,Female
sentence_05.wav,dataset/chunks/rangpur/ran_cate_10/sentence_05.wav,আমরা দুর্গাপূজা দেখতে যাই।,rangpur,cate_10,SPK_42,Female
sentence_06.wav,dataset/chunks/rangpur/ran_cate_10/sentence_06.wav,আমার পরিবার নববর্ষ উদযাপন করে।,rangpur,cate_10,SPK_42,Female
sentence_07.wav,dataset/chunks/rangpur/ran_cate_10/sentence_07.wav,কি ধরনের খাবার উৎসবে থাকে?,rangpur,cate_10,SPK_42,Female
sentence_08.wav,dataset/chunks/rangpur/ran_cate_10/sentence_08.wav,আমরা ঈদের দিনে গিয়ে কার্ড দিই।,rangpur,cate_10,SPK_42,Female
sentence_09.wav,dataset/chunks/rangpur/ran_cate_10/sentence_09.wav,পহেলা বৈশাখে আমরা বাজারে যাই।,rangpur,cate_10,SPK_42,Female
sentence_10.wav,dataset/chunks/rangpur/ran_cate_10/sentence_10.wav,আমরা পহেলা বৈশাখে রঙিন পোশাক পরি।,rangpur,cate_10,SPK_42,Female
sentence_11.wav,dataset/chunks/rangpur/ran_cate_10/sentence_11.wav,হোলি আমাদের বন্ধুদের সঙ্গে খেলা হয়।,rangpur,cate_10,SPK_42,Female
sentence_12.wav,dataset/chunks/rangpur/ran_cate_10/sentence_12.wav,উৎসবে কি ধরনের গান বাজে?,rangpur,cate_10,SPK_42,Female
sentence_13.wav,dataset/chunks/rangpur/ran_cate_10/sentence_13.wav,আমরা লালবসন্ত উৎসব পালন করি।,rangpur,cate_10,SPK_42,Female
sentence_14.wav,dataset/chunks/rangpur/ran_cate_10/sentence_14.wav,আমাদের গ্রামে বর্ষবরণ খুব উৎসবমুখর।,rangpur,cate_10,SPK_42,Female
sentence_15.wav,dataset/chunks/rangpur/ran_cate_10/sentence_15.wav,পহেলা বৈশাখে নতুন বছরের জন্য শুভেচ্ছা বিনিময় করি।,rangpur,cate_10,SPK_42,Female
sentence_16.wav,dataset/chunks/rangpur/ran_cate_10/sentence_16.wav,আমরা ঈদে পরিবারের সঙ্গে ভ্রমণ করি।,rangpur,cate_10,SPK_42,Female
sentence_17.wav,dataset/chunks/rangpur/ran_cate_10/sentence_17.wav,দুর্গাপূজায় মন্দিরে ফুল সাজানো হয়।,rangpur,cate_10,SPK_42,Female
sentence_18.wav,dataset/chunks/rangpur/ran_cate_10/sentence_18.wav,কি ধরনের পোশাক উৎসবে পরা হয়?,rangpur,cate_10,SPK_42,Female
sentence_19.wav,dataset/chunks/rangpur/ran_cate_10/sentence_19.wav,নববর্ষে আমরা মিষ্টি খাই।,rangpur,cate_10,SPK_42,Female
sentence_20.wav,dataset/chunks/rangpur/ran_cate_10/sentence_20.wav,আমরা ঈদের সকালে নতুন জামা পরি।,rangpur,cate_10,SPK_42,Female
sentence_21.wav,dataset/chunks/rangpur/ran_cate_10/sentence_21.wav,পূজার সময় মন্দিরে ভিড় থাকে।,rangpur,cate_10,SPK_42,Female
sentence_22.wav,dataset/chunks/rangpur/ran_cate_10/sentence_22.wav,পহেলা বৈশাখে আমরা পার্কে যাই।,rangpur,cate_10,SPK_42,Female
sentence_23.wav,dataset/chunks/rangpur/ran_cate_10/sentence_23.wav,হোলিতে রঙ ব্যবহার করা হয়।,rangpur,cate_10,SPK_42,Female
sentence_24.wav,dataset/chunks/rangpur/ran_cate_10/sentence_24.wav,আমরা ভোরে পূজার অর্ঘ্য দিই।,rangpur,cate_10,SPK_42,Female
sentence_25.wav,dataset/chunks/rangpur/ran_cate_10/sentence_25.wav,ঈদে আমরা একে অপরকে শুভেচ্ছা জানাই।,rangpur,cate_10,SPK_42,Female
sentence_26.wav,dataset/chunks/rangpur/ran_cate_10/sentence_26.wav,উৎসবের জন্য নতুন সাজসজ্জা করা হয়েছে।,rangpur,cate_10,SPK_42,Female
sentence_27.wav,dataset/chunks/rangpur/ran_cate_10/sentence_27.wav,আমরা নববর্ষে গান গাই।,rangpur,cate_10,SPK_42,Female
sentence_28.wav,dataset/chunks/rangpur/ran_cate_10/sentence_28.wav,দুর্গাপূজায় কুমারী পূজা হয়।,rangpur,cate_10,SPK_42,Female
sentence_29.wav,dataset/chunks/rangpur/ran_cate_10/sentence_29.wav,কি ধরনের খেলাধুলা উৎসবে হয়?,rangpur,cate_10,SPK_42,Female
sentence_30.wav,dataset/chunks/rangpur/ran_cate_10/sentence_30.wav,আমরা হোলিতে একে অপরকে রঙ দিই।,rangpur,cate_10,SPK_42,Female
sentence_31.wav,dataset/chunks/rangpur/ran_cate_10/sentence_31.wav,উৎসবে আমরা নাচ গান করি।,rangpur,cate_10,SPK_42,Female
sentence_32.wav,dataset/chunks/rangpur/ran_cate_10/sentence_32.wav,ঈদের দিনে বাজারে ভিড় হয়।,rangpur,cate_10,SPK_42,Female
sentence_33.wav,dataset/chunks/rangpur/ran_cate_10/sentence_33.wav,পহেলা বৈশাখে আমরা মেলা দেখতে যাই।,rangpur,cate_10,SPK_42,Female
sentence_34.wav,dataset/chunks/rangpur/ran_cate_10/sentence_34.wav,নববর্ষে আমরা নতুন পরিকল্পনা করি।,rangpur,cate_10,SPK_42,Female
sentence_35.wav,dataset/chunks/rangpur/ran_cate_10/sentence_35.wav,দুর্গাপূজায় মন্দিরে আলোকসজ্জা করা হয়।,rangpur,cate_10,SPK_42,Female
sentence_36.wav,dataset/chunks/rangpur/ran_cate_10/sentence_36.wav,হোলিতে আমরা বন্ধুদের সঙ্গে মজা করি।,rangpur,cate_10,SPK_42,Female
sentence_37.wav,dataset/chunks/rangpur/ran_cate_10/sentence_37.wav,কি ধরনের খাবার পূজায় পরিবেশিত হয়?,rangpur,cate_10,SPK_42,Female
sentence_38.wav,dataset/chunks/rangpur/ran_cate_10/sentence_38.wav,আমরা নববর্ষে পরিবারকে উপহার দেই।,rangpur,cate_10,SPK_42,Female
sentence_39.wav,dataset/chunks/rangpur/ran_cate_10/sentence_39.wav,ঈদের সকালে আমরা মসজিদে যাই।,rangpur,cate_10,SPK_42,Female
sentence_40.wav,dataset/chunks/rangpur/ran_cate_10/sentence_40.wav,উৎসবে আমরা traditional পোশাক পরি।,rangpur,cate_10,SPK_42,Female
sentence_41.wav,dataset/chunks/rangpur/ran_cate_10/sentence_41.wav,পহেলা বৈশাখে আমরা রঙিন মিছিল করি।,rangpur,cate_10,SPK_42,Female
sentence_42.wav,dataset/chunks/rangpur/ran_cate_10/sentence_42.wav,হোলিতে আমরা বিভিন্ন রঙের জল ব্যবহার করি।,rangpur,cate_10,SPK_42,Female
sentence_43.wav,dataset/chunks/rangpur/ran_cate_10/sentence_43.wav,নববর্ষের অনুষ্ঠানে গান বাজানো হয়।,rangpur,cate_10,SPK_42,Female
sentence_44.wav,dataset/chunks/rangpur/ran_cate_10/sentence_44.wav,আমরা ঈদের দিনে প্রিয়জনের সঙ্গে খাবার খাই।,rangpur,cate_10,SPK_42,Female
sentence_45.wav,dataset/chunks/rangpur/ran_cate_10/sentence_45.wav,দুর্গাপূজায় প্রতিমা সাজানো হয়।,rangpur,cate_10,SPK_42,Female
sentence_46.wav,dataset/chunks/rangpur/ran_cate_10/sentence_46.wav,উৎসবে আমরা সবাই একসাথে আনন্দ করি।,rangpur,cate_10,SPK_42,Female
sentence_47.wav,dataset/chunks/rangpur/ran_cate_10/sentence_47.wav,পহেলা বৈশাখে নতুন বছরের শুরু হয়।,rangpur,cate_10,SPK_42,Female
sentence_48.wav,dataset/chunks/rangpur/ran_cate_10/sentence_48.wav,নববর্ষে আমরা খোলা আকাশের নিচে অনুষ্ঠান করি।,rangpur,cate_10,SPK_42,Female
sentence_49.wav,dataset/chunks/rangpur/ran_cate_10/sentence_49.wav,ঈদে আমরা একে অপরকে উপহার দেই।,rangpur,cate_10,SPK_42,Female
sentence_50.wav,dataset/chunks/rangpur/ran_cate_10/sentence_50.wav,হোলিতে শিশুদের আনন্দ বেশি।,rangpur,cate_10,SPK_42,Female
sentence_51.wav,dataset/chunks/rangpur/ran_cate_10/sentence_51.wav,আমরা পহেলা বৈশাখে রঙিন পুতুল তৈরি করি।,rangpur,cate_10,SPK_42,Female
sentence_52.wav,dataset/chunks/rangpur/ran_cate_10/sentence_52.wav,দুর্গাপূজায় মন্দিরে ভক্তদের ভিড় থাকে।,rangpur,cate_10,SPK_42,Female
sentence_53.wav,dataset/chunks/rangpur/ran_cate_10/sentence_53.wav,নববর্ষের দিনে আমরা traditional খাবার খাই।,rangpur,cate_10,SPK_42,Female
sentence_54.wav,dataset/chunks/rangpur/ran_cate_10/sentence_54.wav,হোলিতে আমরা গান বাজাই।,rangpur,cate_10,SPK_42,Female
sentence_55.wav,dataset/chunks/rangpur/ran_cate_10/sentence_55.wav,ঈদে আমরা পরিবারের সঙ্গে আনন্দ করি।,rangpur,cate_10,SPK_42,Female
sentence_56.wav,dataset/chunks/rangpur/ran_cate_10/sentence_56.wav,পহেলা বৈশাখে আমরা বাজার থেকে খাবার কিনি।,rangpur,cate_10,SPK_42,Female
sentence_57.wav,dataset/chunks/rangpur/ran_cate_10/sentence_57.wav,নববর্ষে আমরা cultural অনুষ্ঠানে অংশ নিই।,rangpur,cate_10,SPK_42,Female
sentence_58.wav,dataset/chunks/rangpur/ran_cate_10/sentence_58.wav,দুর্গাপূজায় আমরা মেলা দেখি।,rangpur,cate_10,SPK_42,Female
sentence_59.wav,dataset/chunks/rangpur/ran_cate_10/sentence_59.wav,হোলিতে আমরা একে অপরকে মিষ্টি দিই।,rangpur,cate_10,SPK_42,Female
sentence_60.wav,dataset/chunks/rangpur/ran_cate_10/sentence_60.wav,আমরা পহেলা বৈশাখে traditional নাচ করি।,rangpur,cate_10,SPK_42,Female
sentence_61.wav,dataset/chunks/rangpur/ran_cate_10/sentence_61.wav,নববর্ষে আমরা নতুন বছরের জন্য প্রার্থনা করি।,rangpur,cate_10,SPK_42,Female
sentence_62.wav,dataset/chunks/rangpur/ran_cate_10/sentence_62.wav,ঈদের সকালে আমরা মসজিদে যাওয়া শুরু করি।,rangpur,cate_10,SPK_42,Female
sentence_63.wav,dataset/chunks/rangpur/ran_cate_10/sentence_63.wav,হোলিতে আমরা বন্ধুদের সঙ্গে আনন্দ করি।,rangpur,cate_10,SPK_42,Female
sentence_64.wav,dataset/chunks/rangpur/ran_cate_10/sentence_64.wav,পহেলা বৈশাখে আমাদের গ্রামে মেলা হয়।,rangpur,cate_10,SPK_42,Female
sentence_65.wav,dataset/chunks/rangpur/ran_cate_10/sentence_65.wav,নববর্ষের অনুষ্ঠান সকাল থেকে শুরু হয়।,rangpur,cate_10,SPK_42,Female
sentence_66.wav,dataset/chunks/rangpur/ran_cate_10/sentence_66.wav,দুর্গাপূজায় শিশুদের জন্য খেলা হয়।,rangpur,cate_10,SPK_42,Female
sentence_67.wav,dataset/chunks/rangpur/ran_cate_10/sentence_67.wav,হোলিতে আমরা রঙিন পাউডার ব্যবহার করি।,rangpur,cate_10,SPK_42,Female
sentence_68.wav,dataset/chunks/rangpur/ran_cate_10/sentence_68.wav,ঈদে আমরা গ্রামের বাড়িতে যাই।,rangpur,cate_10,SPK_42,Female
sentence_69.wav,dataset/chunks/rangpur/ran_cate_10/sentence_69.wav,পহেলা বৈশাখে আমরা নতুন বছরের জন্য সুইট খাই।,rangpur,cate_10,SPK_42,Female
sentence_70.wav,dataset/chunks/rangpur/ran_cate_10/sentence_70.wav,নববর্ষে আমরা সকলের সঙ্গে আনন্দ ভাগ করি।,rangpur,cate_10,SPK_42,Female
sentence_01.wav,dataset/chunks/rangpur/ran_cate_11/sentence_01.wav,আপনার পরীক্ষা কবে?,rangpur,cate_11,SPK_42,Female
sentence_02.wav,dataset/chunks/rangpur/ran_cate_11/sentence_02.wav,আমি সকাল ৯টায় স্কুলে যাই।,rangpur,cate_11,SPK_42,Female
sentence_03.wav,dataset/chunks/rangpur/ran_cate_11/sentence_03.wav,আজ কোন বিষয়ের ক্লাস আছে?,rangpur,cate_11,SPK_42,Female
sentence_04.wav,dataset/chunks/rangpur/ran_cate_11/sentence_04.wav,আমি গণিত পড়াশোনা করছি।,rangpur,cate_11,SPK_42,Female
sentence_05.wav,dataset/chunks/rangpur/ran_cate_11/sentence_05.wav,আপনার শিক্ষক কে?,rangpur,cate_11,SPK_42,Female
sentence_06.wav,dataset/chunks/rangpur/ran_cate_11/sentence_06.wav,আমার ক্লাস খুব ছোট।,rangpur,cate_11,SPK_42,Female
sentence_07.wav,dataset/chunks/rangpur/ran_cate_11/sentence_07.wav,পরীক্ষা কঠিন হবে কি?,rangpur,cate_11,SPK_42,Female
sentence_08.wav,dataset/chunks/rangpur/ran_cate_11/sentence_08.wav,আমি আজ বাংলা পরীক্ষা দিচ্ছি।,rangpur,cate_11,SPK_42,Female
sentence_09.wav,dataset/chunks/rangpur/ran_cate_11/sentence_09.wav,আপনি কোন কলেজে পড়েন?,rangpur,cate_11,SPK_42,Female
sentence_10.wav,dataset/chunks/rangpur/ran_cate_11/sentence_10.wav,আমার বন্ধু বিজ্ঞান পড়ে।,rangpur,cate_11,SPK_42,Female
sentence_11.wav,dataset/chunks/rangpur/ran_cate_11/sentence_11.wav,আমরা স্কুলে প্রতিদিন ৬ ঘণ্টা পড়ি।,rangpur,cate_11,SPK_42,Female
sentence_12.wav,dataset/chunks/rangpur/ran_cate_11/sentence_12.wav,আপনার হোমওয়ার্ক শেষ হয়েছে কি?,rangpur,cate_11,SPK_42,Female
sentence_13.wav,dataset/chunks/rangpur/ran_cate_11/sentence_13.wav,আমি ইতিহাস পড়তে ভালোবাসি।,rangpur,cate_11,SPK_42,Female
sentence_14.wav,dataset/chunks/rangpur/ran_cate_11/sentence_14.wav,আপনার শিক্ষক ক্লাসে কঠোর কি?,rangpur,cate_11,SPK_42,Female
sentence_15.wav,dataset/chunks/rangpur/ran_cate_11/sentence_15.wav,আমরা লাইব্রেরিতে বই পড়ি।,rangpur,cate_11,SPK_42,Female
sentence_16.wav,dataset/chunks/rangpur/ran_cate_11/sentence_16.wav,পরীক্ষা কত নম্বরের?,rangpur,cate_11,SPK_42,Female
sentence_17.wav,dataset/chunks/rangpur/ran_cate_11/sentence_17.wav,আমার সহপাঠী খুব স্মার্ট।,rangpur,cate_11,SPK_42,Female
sentence_18.wav,dataset/chunks/rangpur/ran_cate_11/sentence_18.wav,আপনি কোন বিষয়ে দুর্বল?,rangpur,cate_11,SPK_42,Female
sentence_19.wav,dataset/chunks/rangpur/ran_cate_11/sentence_19.wav,আমি প্রতিদিন ইংরেজি অনুশীলন করি।,rangpur,cate_11,SPK_42,Female
sentence_20.wav,dataset/chunks/rangpur/ran_cate_11/sentence_20.wav,শিক্ষক আজ নতুন পাঠ শেখালেন।,rangpur,cate_11,SPK_42,Female
sentence_21.wav,dataset/chunks/rangpur/ran_cate_11/sentence_21.wav,আপনার ক্লাসের সময়সূচি কি?,rangpur,cate_11,SPK_42,Female
sentence_22.wav,dataset/chunks/rangpur/ran_cate_11/sentence_22.wav,আমি পরীক্ষার জন্য প্রস্তুতি নিচ্ছি।,rangpur,cate_11,SPK_42,Female
sentence_23.wav,dataset/chunks/rangpur/ran_cate_11/sentence_23.wav,আমরা বিজ্ঞান ল্যাবে পরীক্ষা করি।,rangpur,cate_11,SPK_42,Female
sentence_24.wav,dataset/chunks/rangpur/ran_cate_11/sentence_24.wav,আপনার স্কুলের নাম কি?,rangpur,cate_11,SPK_42,Female
sentence_25.wav,dataset/chunks/rangpur/ran_cate_11/sentence_25.wav,আমার প্রিয় শিক্ষক খুব সহায়ক।,rangpur,cate_11,SPK_42,Female
sentence_26.wav,dataset/chunks/rangpur/ran_cate_11/sentence_26.wav,আমরা গ্রুপ স্টাডি করি।,rangpur,cate_11,SPK_42,Female
sentence_27.wav,dataset/chunks/rangpur/ran_cate_11/sentence_27.wav,আপনি কোন বিষয়ে ভালো?,rangpur,cate_11,SPK_42,Female
sentence_28.wav,dataset/chunks/rangpur/ran_cate_11/sentence_28.wav,আমি নতুন বিষয় শিখতে ভালোবাসি।,rangpur,cate_11,SPK_42,Female
sentence_29.wav,dataset/chunks/rangpur/ran_cate_11/sentence_29.wav,পরীক্ষা শেষ হলে আমরা ছুটি পাই।,rangpur,cate_11,SPK_42,Female
sentence_30.wav,dataset/chunks/rangpur/ran_cate_11/sentence_30.wav,আমার স্কুলে বড় লাইব্রেরি আছে।,rangpur,cate_11,SPK_42,Female
sentence_31.wav,dataset/chunks/rangpur/ran_cate_11/sentence_31.wav,আপনার ক্লাসের সংখ্যা কত?,rangpur,cate_11,SPK_42,Female
sentence_32.wav,dataset/chunks/rangpur/ran_cate_11/sentence_32.wav,আমি প্রতিদিন সকালে পড়াশোনা করি।,rangpur,cate_11,SPK_42,Female
sentence_33.wav,dataset/chunks/rangpur/ran_cate_11/sentence_33.wav,শিক্ষক আজ গণিতের সমস্যা দেখালেন।,rangpur,cate_11,SPK_42,Female
sentence_34.wav,dataset/chunks/rangpur/ran_cate_11/sentence_34.wav,আপনার সহপাঠী কি সাহায্য করছে?,rangpur,cate_11,SPK_42,Female
sentence_35.wav,dataset/chunks/rangpur/ran_cate_11/sentence_35.wav,আমি পরীক্ষার জন্য নোট তৈরি করছি।,rangpur,cate_11,SPK_42,Female
sentence_36.wav,dataset/chunks/rangpur/ran_cate_11/sentence_36.wav,আমরা স্কুলে বিভিন্ন কার্যক্রম করি।,rangpur,cate_11,SPK_42,Female
sentence_37.wav,dataset/chunks/rangpur/ran_cate_11/sentence_37.wav,আপনার শিক্ষক কি ভালো ব্যাখ্যা করেন?,rangpur,cate_11,SPK_42,Female
sentence_38.wav,dataset/chunks/rangpur/ran_cate_11/sentence_38.wav,আমি ইংরেজি বলার অনুশীলন করি।,rangpur,cate_11,SPK_42,Female
sentence_39.wav,dataset/chunks/rangpur/ran_cate_11/sentence_39.wav,আজ ক্লাসে প্র্যাকটিক্যাল হয়েছে।,rangpur,cate_11,SPK_42,Female
sentence_40.wav,dataset/chunks/rangpur/ran_cate_11/sentence_40.wav,আপনার হোমওয়ার্ক কত পৃষ্ঠা?,rangpur,cate_11,SPK_42,Female
sentence_41.wav,dataset/chunks/rangpur/ran_cate_11/sentence_41.wav,আমি পরীক্ষার জন্য প্রশ্ন সমাধান করছি।,rangpur,cate_11,SPK_42,Female
sentence_42.wav,dataset/chunks/rangpur/ran_cate_11/sentence_42.wav,আমরা স্কুলে বার্ষিক ক্রীড়া প্রতিযোগিতা করি।,rangpur,cate_11,SPK_42,Female
sentence_43.wav,dataset/chunks/rangpur/ran_cate_11/sentence_43.wav,আপনার শিক্ষক কি কখনও দেরি করেন?,rangpur,cate_11,SPK_42,Female
sentence_44.wav,dataset/chunks/rangpur/ran_cate_11/sentence_44.wav,আমি নতুন বই কিনেছি।,rangpur,cate_11,SPK_42,Female
sentence_45.wav,dataset/chunks/rangpur/ran_cate_11/sentence_45.wav,ক্লাসে সবাই খুব মনোযোগী।,rangpur,cate_11,SPK_42,Female
sentence_46.wav,dataset/chunks/rangpur/ran_cate_11/sentence_46.wav,আপনার স্কুলের সময়সূচি কি?,rangpur,cate_11,SPK_42,Female
sentence_47.wav,dataset/chunks/rangpur/ran_cate_11/sentence_47.wav,আমরা পরীক্ষার জন্য গ্রুপ স্টাডি করি।,rangpur,cate_11,SPK_42,Female
sentence_48.wav,dataset/chunks/rangpur/ran_cate_11/sentence_48.wav,শিক্ষক আজ বিজ্ঞান পাঠ করলেন।,rangpur,cate_11,SPK_42,Female
sentence_49.wav,dataset/chunks/rangpur/ran_cate_11/sentence_49.wav,আপনার প্রিয় বিষয় কোনটি?,rangpur,cate_11,SPK_42,Female
sentence_50.wav,dataset/chunks/rangpur/ran_cate_11/sentence_50.wav,আমি প্রতিদিন রাতে পড়াশোনা করি।,rangpur,cate_11,SPK_42,Female
sentence_51.wav,dataset/chunks/rangpur/ran_cate_11/sentence_51.wav,আমরা লাইব্রেরিতে নতুন বই দেখেছি।,rangpur,cate_11,SPK_42,Female
sentence_52.wav,dataset/chunks/rangpur/ran_cate_11/sentence_52.wav,শিক্ষক আজ পরীক্ষা নেওয়ার পরিকল্পনা করেছেন।,rangpur,cate_11,SPK_42,Female
sentence_53.wav,dataset/chunks/rangpur/ran_cate_11/sentence_53.wav,আপনার স্কুলের ছুটি কখন?,rangpur,cate_11,SPK_42,Female
sentence_54.wav,dataset/chunks/rangpur/ran_cate_11/sentence_54.wav,আমি পরীক্ষার জন্য নোটগুলি পুনরায় পড়ছি।,rangpur,cate_11,SPK_42,Female
sentence_55.wav,dataset/chunks/rangpur/ran_cate_11/sentence_55.wav,আমরা ক্লাসে project কাজ করছি।,rangpur,cate_11,SPK_42,Female
sentence_56.wav,dataset/chunks/rangpur/ran_cate_11/sentence_56.wav,আপনার সহপাঠী কি সক্রিয়?,rangpur,cate_11,SPK_42,Female
sentence_57.wav,dataset/chunks/rangpur/ran_cate_11/sentence_57.wav,আমি আজ শিক্ষকের সঙ্গে কথা বলেছি।,rangpur,cate_11,SPK_42,Female
sentence_58.wav,dataset/chunks/rangpur/ran_cate_11/sentence_58.wav,স্কুলে আমরা বিভিন্ন cultural অনুষ্ঠান করি।,rangpur,cate_11,SPK_42,Female
sentence_59.wav,dataset/chunks/rangpur/ran_cate_11/sentence_59.wav,আপনার ক্লাসে কত শিক্ষক আছেন?,rangpur,cate_11,SPK_42,Female
sentence_60.wav,dataset/chunks/rangpur/ran_cate_11/sentence_60.wav,আমি প্রতিদিন নতুন শব্দ শিখি।,rangpur,cate_11,SPK_42,Female
sentence_61.wav,dataset/chunks/rangpur/ran_cate_11/sentence_61.wav,পরীক্ষা শেষ হলে আমরা আনন্দ করি।,rangpur,cate_11,SPK_42,Female
sentence_62.wav,dataset/chunks/rangpur/ran_cate_11/sentence_62.wav,শিক্ষক আজ হোমওয়ার্ক দেখেছেন।,rangpur,cate_11,SPK_42,Female
sentence_63.wav,dataset/chunks/rangpur/ran_cate_11/sentence_63.wav,আপনার স্কুলে কত লাইব্রেরি আছে?,rangpur,cate_11,SPK_42,Female
sentence_64.wav,dataset/chunks/rangpur/ran_cate_11/sentence_64.wav,আমরা প্রতিদিন ক্লাসে active থাকি।,rangpur,cate_11,SPK_42,Female
sentence_65.wav,dataset/chunks/rangpur/ran_cate_11/sentence_65.wav,আমি পরীক্ষার জন্য extra practice করি।,rangpur,cate_11,SPK_42,Female
sentence_66.wav,dataset/chunks/rangpur/ran_cate_11/sentence_66.wav,শিক্ষক নতুন প্রশ্ন দেখিয়েছেন।,rangpur,cate_11,SPK_42,Female
sentence_67.wav,dataset/chunks/rangpur/ran_cate_11/sentence_67.wav,আপনার স্কুলের বার্ষিক পরীক্ষা কখন?,rangpur,cate_11,SPK_42,Female
sentence_68.wav,dataset/chunks/rangpur/ran_cate_11/sentence_68.wav,আমি শিক্ষকের পরামর্শ অনুসরণ করি।,rangpur,cate_11,SPK_42,Female
sentence_69.wav,dataset/chunks/rangpur/ran_cate_11/sentence_69.wav,আমরা প্রতিদিন assignment করি।,rangpur,cate_11,SPK_42,Female
sentence_70.wav,dataset/chunks/rangpur/ran_cate_11/sentence_70.wav,আপনার প্রিয় শিক্ষক কে?,rangpur,cate_11,SPK_42,Female
sentence_01.wav,dataset/chunks/rangpur/ran_cate_12/sentence_01.wav,আজকের মিটিং কবে?,rangpur,cate_12,SPK_45,Female
sentence_02.wav,dataset/chunks/rangpur/ran_cate_12/sentence_02.wav,আমি আমার রিপোর্ট প্রস্তুত করেছি।,rangpur,cate_12,SPK_45,Female
sentence_03.wav,dataset/chunks/rangpur/ran_cate_12/sentence_03.wav,অফিসে সময়মতো পৌঁছানো উচিত।,rangpur,cate_12,SPK_45,Female
sentence_04.wav,dataset/chunks/rangpur/ran_cate_12/sentence_04.wav,আপনার সহকর্মী কি সাহায্য করছে?,rangpur,cate_12,SPK_45,Female
sentence_05.wav,dataset/chunks/rangpur/ran_cate_12/sentence_05.wav,আমরা নতুন প্রকল্প শুরু করছি।,rangpur,cate_12,SPK_45,Female
sentence_06.wav,dataset/chunks/rangpur/ran_cate_12/sentence_06.wav,আজ অফিসে কি কাজ আছে?,rangpur,cate_12,SPK_45,Female
sentence_07.wav,dataset/chunks/rangpur/ran_cate_12/sentence_07.wav,আমার কম্পিউটারে সমস্যা হয়েছে।,rangpur,cate_12,SPK_45,Female
sentence_08.wav,dataset/chunks/rangpur/ran_cate_12/sentence_08.wav,মিটিংটি কত সময়ের জন্য?,rangpur,cate_12,SPK_45,Female
sentence_09.wav,dataset/chunks/rangpur/ran_cate_12/sentence_09.wav,আমি প্রেজেন্টেশন প্রস্তুত করছি।,rangpur,cate_12,SPK_45,Female
sentence_10.wav,dataset/chunks/rangpur/ran_cate_12/sentence_10.wav,আপনি কোন দপ্তরে কাজ করেন?,rangpur,cate_12,SPK_45,Female
sentence_11.wav,dataset/chunks/rangpur/ran_cate_12/sentence_11.wav,অফিসের সময়সূচি কি?,rangpur,cate_12,SPK_45,Female
sentence_12.wav,dataset/chunks/rangpur/ran_cate_12/sentence_12.wav,আমি নতুন কর্মচারী প্রশিক্ষণ দিচ্ছি।,rangpur,cate_12,SPK_45,Female
sentence_13.wav,dataset/chunks/rangpur/ran_cate_12/sentence_13.wav,আজ অফিসে তদারকি করা হয়েছে।,rangpur,cate_12,SPK_45,Female
sentence_14.wav,dataset/chunks/rangpur/ran_cate_12/sentence_14.wav,আমরা ক্লায়েন্টের সঙ্গে মিটিং করেছি।,rangpur,cate_12,SPK_45,Female
sentence_15.wav,dataset/chunks/rangpur/ran_cate_12/sentence_15.wav,আমার ল্যাপটপ কাজ করছে না।,rangpur,cate_12,SPK_45,Female
sentence_16.wav,dataset/chunks/rangpur/ran_cate_12/sentence_16.wav,অফিসের কাজ শেষ হয়েছে।,rangpur,cate_12,SPK_45,Female
sentence_17.wav,dataset/chunks/rangpur/ran_cate_12/sentence_17.wav,কি ধরনের রিপোর্ট আজ জমা দিতে হবে?,rangpur,cate_12,SPK_45,Female
sentence_18.wav,dataset/chunks/rangpur/ran_cate_12/sentence_18.wav,আমি ইমেইল পাঠাচ্ছি।,rangpur,cate_12,SPK_45,Female
sentence_19.wav,dataset/chunks/rangpur/ran_cate_12/sentence_19.wav,অফিসে নতুন নীতি প্রয়োগ করা হয়েছে।,rangpur,cate_12,SPK_45,Female
sentence_20.wav,dataset/chunks/rangpur/ran_cate_12/sentence_20.wav,আপনার সহকর্মী punctual কি?,rangpur,cate_12,SPK_45,Female
sentence_21.wav,dataset/chunks/rangpur/ran_cate_12/sentence_21.wav,আমরা অফিসে কাজ ভাগ করেছি।,rangpur,cate_12,SPK_45,Female
sentence_22.wav,dataset/chunks/rangpur/ran_cate_12/sentence_22.wav,আজ অফিসে কি মিটিং আছে?,rangpur,cate_12,SPK_45,Female
sentence_23.wav,dataset/chunks/rangpur/ran_cate_12/sentence_23.wav,আমি ক্লায়েন্টের জন্য ডকুমেন্ট তৈরি করছি।,rangpur,cate_12,SPK_45,Female
sentence_24.wav,dataset/chunks/rangpur/ran_cate_12/sentence_24.wav,অফিসের বাতাস ভালো নেই।,rangpur,cate_12,SPK_45,Female
sentence_25.wav,dataset/chunks/rangpur/ran_cate_12/sentence_25.wav,আমরা নতুন সফটওয়্যার ব্যবহার করছি।,rangpur,cate_12,SPK_45,Female
sentence_26.wav,dataset/chunks/rangpur/ran_cate_12/sentence_26.wav,কি কাজ দ্রুত শেষ করতে হবে?,rangpur,cate_12,SPK_45,Female
sentence_27.wav,dataset/chunks/rangpur/ran_cate_12/sentence_27.wav,আমার ডেস্কে অনেক নথি আছে।,rangpur,cate_12,SPK_45,Female
sentence_28.wav,dataset/chunks/rangpur/ran_cate_12/sentence_28.wav,অফিসে আজ নতুন অতিথি এসেছেন।,rangpur,cate_12,SPK_45,Female
sentence_29.wav,dataset/chunks/rangpur/ran_cate_12/sentence_29.wav,আমরা টিম মিটিং করছি।,rangpur,cate_12,SPK_45,Female
sentence_30.wav,dataset/chunks/rangpur/ran_cate_12/sentence_30.wav,আপনার কাজের অগ্রগতি কেমন?,rangpur,cate_12,SPK_45,Female
sentence_31.wav,dataset/chunks/rangpur/ran_cate_12/sentence_31.wav,আমি নতুন প্রকল্পের পরিকল্পনা করছি।,rangpur,cate_12,SPK_45,Female
sentence_32.wav,dataset/chunks/rangpur/ran_cate_12/sentence_32.wav,আজ অফিসে অনেক কাজ হয়েছে।,rangpur,cate_12,SPK_45,Female
sentence_33.wav,dataset/chunks/rangpur/ran_cate_12/sentence_33.wav,আমি ইমেইল চেক করছি।,rangpur,cate_12,SPK_45,Female
sentence_34.wav,dataset/chunks/rangpur/ran_cate_12/sentence_34.wav,অফিসের কম্পিউটার আপডেট হয়েছে।,rangpur,cate_12,SPK_45,Female
sentence_35.wav,dataset/chunks/rangpur/ran_cate_12/sentence_35.wav,আপনি আজ কোন দপ্তরে কাজ করছেন?,rangpur,cate_12,SPK_45,Female
sentence_36.wav,dataset/chunks/rangpur/ran_cate_12/sentence_36.wav,আমরা নতুন টিম মিটিং শুরু করেছি।,rangpur,cate_12,SPK_45,Female
sentence_37.wav,dataset/chunks/rangpur/ran_cate_12/sentence_37.wav,কি ধরনের রিপোর্ট শেষ হয়েছে?,rangpur,cate_12,SPK_45,Female
sentence_38.wav,dataset/chunks/rangpur/ran_cate_12/sentence_38.wav,আমি অফিসের জন্য প্রেজেন্টেশন তৈরি করেছি।,rangpur,cate_12,SPK_45,Female
sentence_39.wav,dataset/chunks/rangpur/ran_cate_12/sentence_39.wav,আমাদের টিমে নতুন সদস্য যোগ হয়েছে।,rangpur,cate_12,SPK_45,Female
sentence_40.wav,dataset/chunks/rangpur/ran_cate_12/sentence_40.wav,অফিসের কাজের মান খুব ভালো।,rangpur,cate_12,SPK_45,Female
sentence_41.wav,dataset/chunks/rangpur/ran_cate_12/sentence_41.wav,আজ অফিসে কি মিটিং শিডিউল আছে?,rangpur,cate_12,SPK_45,Female
sentence_42.wav,dataset/chunks/rangpur/ran_cate_12/sentence_42.wav,আমি অফিসের ডকুমেন্ট স্ক্যান করছি।,rangpur,cate_12,SPK_45,Female
sentence_43.wav,dataset/chunks/rangpur/ran_cate_12/sentence_43.wav,আপনার সহকর্মী কি ব্যস্ত?,rangpur,cate_12,SPK_45,Female
sentence_44.wav,dataset/chunks/rangpur/ran_cate_12/sentence_44.wav,আমরা অফিসে নথি আপডেট করেছি।,rangpur,cate_12,SPK_45,Female
sentence_45.wav,dataset/chunks/rangpur/ran_cate_12/sentence_45.wav,আজ টিমের সঙ্গে আলোচনা হয়েছে।,rangpur,cate_12,SPK_45,Female
sentence_46.wav,dataset/chunks/rangpur/ran_cate_12/sentence_46.wav,আমি নতুন কর্মচারীর প্রশিক্ষণ দিচ্ছি।,rangpur,cate_12,SPK_45,Female
sentence_47.wav,dataset/chunks/rangpur/ran_cate_12/sentence_47.wav,অফিসে নতুন নীতি প্রয়োগ করা হয়েছে।,rangpur,cate_12,SPK_45,Female
sentence_48.wav,dataset/chunks/rangpur/ran_cate_12/sentence_48.wav,আমার কম্পিউটার হ্যাং করেছে।,rangpur,cate_12,SPK_45,Female
sentence_49.wav,dataset/chunks/rangpur/ran_cate_12/sentence_49.wav,আমরা ক্লায়েন্টের কাছে প্রজেক্ট প্রেজেন্ট করেছি।,rangpur,cate_12,SPK_45,Female
sentence_50.wav,dataset/chunks/rangpur/ran_cate_12/sentence_50.wav,আপনার অফিসের সময়সূচি কি?,rangpur,cate_12,SPK_45,Female
sentence_51.wav,dataset/chunks/rangpur/ran_cate_12/sentence_51.wav,আমি আজ নতুন কাজ শিখছি।,rangpur,cate_12,SPK_45,Female
sentence_52.wav,dataset/chunks/rangpur/ran_cate_12/sentence_52.wav,অফিসে নিরাপত্তা ব্যবস্থা ভালো।,rangpur,cate_12,SPK_45,Female
sentence_53.wav,dataset/chunks/rangpur/ran_cate_12/sentence_53.wav,আমরা অফিসে নতুন টুল ব্যবহার করছি।,rangpur,cate_12,SPK_45,Female
sentence_54.wav,dataset/chunks/rangpur/ran_cate_12/sentence_54.wav,আপনার টিম কি প্রস্তুত?,rangpur,cate_12,SPK_45,Female
sentence_55.wav,dataset/chunks/rangpur/ran_cate_12/sentence_55.wav,আমি অফিসে অনেক নথি সাজাচ্ছি।,rangpur,cate_12,SPK_45,Female
sentence_56.wav,dataset/chunks/rangpur/ran_cate_12/sentence_56.wav,আজ অফিসে নতুন প্রকল্পের আলোচনা হয়েছে।,rangpur,cate_12,SPK_45,Female
sentence_57.wav,dataset/chunks/rangpur/ran_cate_12/sentence_57.wav,আমি আজ টিম মিটিং নিয়ে ব্যস্ত।,rangpur,cate_12,SPK_45,Female
sentence_58.wav,dataset/chunks/rangpur/ran_cate_12/sentence_58.wav,অফিসে নতুন সফটওয়্যার ইনস্টল করা হয়েছে।,rangpur,cate_12,SPK_45,Female
sentence_59.wav,dataset/chunks/rangpur/ran_cate_12/sentence_59.wav,কি ধরনের অফিস কাজ শেষ করতে হবে?,rangpur,cate_12,SPK_45,Female
sentence_60.wav,dataset/chunks/rangpur/ran_cate_12/sentence_60.wav,আমি ক্লায়েন্টের জন্য ডকুমেন্ট প্রস্তুত করছি।,rangpur,cate_12,SPK_45,Female
sentence_61.wav,dataset/chunks/rangpur/ran_cate_12/sentence_61.wav,অফিসে আজ অনেক ইমেইল এসেছে।,rangpur,cate_12,SPK_45,Female
sentence_62.wav,dataset/chunks/rangpur/ran_cate_12/sentence_62.wav,আমাদের টিমের সদস্য সক্রিয়।,rangpur,cate_12,SPK_45,Female
sentence_63.wav,dataset/chunks/rangpur/ran_cate_12/sentence_63.wav,আমি অফিসে নতুন প্রকল্প পরিকল্পনা করছি।,rangpur,cate_12,SPK_45,Female
sentence_64.wav,dataset/chunks/rangpur/ran_cate_12/sentence_64.wav,আজ অফিসে অনেক visitors এসেছে।,rangpur,cate_12,SPK_45,Female
sentence_65.wav,dataset/chunks/rangpur/ran_cate_12/sentence_65.wav,অফিসে meeting room প্রস্তুত।,rangpur,cate_12,SPK_45,Female
sentence_66.wav,dataset/chunks/rangpur/ran_cate_12/sentence_66.wav,আমি অফিসের জন্য রিপোর্ট তৈরি করেছি।,rangpur,cate_12,SPK_45,Female
sentence_67.wav,dataset/chunks/rangpur/ran_cate_12/sentence_67.wav,আমরা নতুন guidelines মেনে চলছি।,rangpur,cate_12,SPK_45,Female
sentence_68.wav,dataset/chunks/rangpur/ran_cate_12/sentence_68.wav,অফিসে কাজের চাপ বেশি।,rangpur,cate_12,SPK_45,Female
sentence_69.wav,dataset/chunks/rangpur/ran_cate_12/sentence_69.wav,আমি ক্লায়েন্টের সাথে discussion করেছি।,rangpur,cate_12,SPK_45,Female
sentence_70.wav,dataset/chunks/rangpur/ran_cate_12/sentence_70.wav,আমাদের অফিসের পরিবেশ খুব ভালো।,rangpur,cate_12,SPK_45,Female
sentence_01.wav,dataset/chunks/rangpur/ran_cate_13/sentence_01.wav,এই ফোনের দাম কত?,rangpur,cate_13,SPK_45,Female
sentence_02.wav,dataset/chunks/rangpur/ran_cate_13/sentence_02.wav,আমি নতুন ল্যাপটপ কিনতে চাই।,rangpur,cate_13,SPK_45,Female
sentence_03.wav,dataset/chunks/rangpur/ran_cate_13/sentence_03.wav,এই চার্জার কি original?,rangpur,cate_13,SPK_45,Female
sentence_04.wav,dataset/chunks/rangpur/ran_cate_13/sentence_04.wav,SIM কার্ড কীভাবে নিতে হবে?,rangpur,cate_13,SPK_45,Female
sentence_05.wav,dataset/chunks/rangpur/ran_cate_13/sentence_05.wav,এই ফোনের warranty কত দিন?,rangpur,cate_13,SPK_45,Female
sentence_06.wav,dataset/chunks/rangpur/ran_cate_13/sentence_06.wav,আমি একটা হেডফোন চাই।,rangpur,cate_13,SPK_45,Female
sentence_07.wav,dataset/chunks/rangpur/ran_cate_13/sentence_07.wav,এই ফোনে camera ভালো কি?,rangpur,cate_13,SPK_45,Female
sentence_08.wav,dataset/chunks/rangpur/ran_cate_13/sentence_08.wav,আপনার দোকানে laptop আছে কি?,rangpur,cate_13,SPK_45,Female
sentence_09.wav,dataset/chunks/rangpur/ran_cate_13/sentence_09.wav,এই চার্জার কত voltage?,rangpur,cate_13,SPK_45,Female
sentence_10.wav,dataset/chunks/rangpur/ran_cate_13/sentence_10.wav,আমি ফোন comparison করতে চাই।,rangpur,cate_13,SPK_45,Female
sentence_11.wav,dataset/chunks/rangpur/ran_cate_13/sentence_11.wav,এই ফোনের color কোনটি আছে?,rangpur,cate_13,SPK_45,Female
sentence_12.wav,dataset/chunks/rangpur/ran_cate_13/sentence_12.wav,SIM card activate করতে কত সময় লাগে?,rangpur,cate_13,SPK_45,Female
sentence_13.wav,dataset/chunks/rangpur/ran_cate_13/sentence_13.wav,এই ফোনের storage কত GB?,rangpur,cate_13,SPK_45,Female
sentence_14.wav,dataset/chunks/rangpur/ran_cate_13/sentence_14.wav,আমি power bank চাই।,rangpur,cate_13,SPK_45,Female
sentence_15.wav,dataset/chunks/rangpur/ran_cate_13/sentence_15.wav,ফোনে নতুন app install করতে পারি কি?,rangpur,cate_13,SPK_45,Female
sentence_16.wav,dataset/chunks/rangpur/ran_cate_13/sentence_16.wav,এই দোকানে accessories পাওয়া যায়?,rangpur,cate_13,SPK_45,Female
sentence_17.wav,dataset/chunks/rangpur/ran_cate_13/sentence_17.wav,এই laptop lightweight কি?,rangpur,cate_13,SPK_45,Female
sentence_18.wav,dataset/chunks/rangpur/ran_cate_13/sentence_18.wav,ফোনের screen protector বিক্রি হয় কি?,rangpur,cate_13,SPK_45,Female
sentence_19.wav,dataset/chunks/rangpur/ran_cate_13/sentence_19.wav,SIM card recharge করা যায় কি?,rangpur,cate_13,SPK_45,Female
sentence_20.wav,dataset/chunks/rangpur/ran_cate_13/sentence_20.wav,আমি refurbished phone কিনতে চাই না।,rangpur,cate_13,SPK_45,Female
sentence_21.wav,dataset/chunks/rangpur/ran_cate_13/sentence_21.wav,ফোনের battery কতক্ষণ চলে?,rangpur,cate_13,SPK_45,Female
sentence_22.wav,dataset/chunks/rangpur/ran_cate_13/sentence_22.wav,আমি এই smartwatch কিনতে চাই।,rangpur,cate_13,SPK_45,Female
sentence_23.wav,dataset/chunks/rangpur/ran_cate_13/sentence_23.wav,ফোনের brand কোনটি?,rangpur,cate_13,SPK_45,Female
sentence_24.wav,dataset/chunks/rangpur/ran_cate_13/sentence_24.wav,এই charger fast charging support করে কি?,rangpur,cate_13,SPK_45,Female
sentence_25.wav,dataset/chunks/rangpur/ran_cate_13/sentence_25.wav,আমি laptop comparison দেখতে চাই।,rangpur,cate_13,SPK_45,Female
sentence_26.wav,dataset/chunks/rangpur/ran_cate_13/sentence_26.wav,ফোনের memory card slot আছে কি?,rangpur,cate_13,SPK_45,Female
sentence_27.wav,dataset/chunks/rangpur/ran_cate_13/sentence_27.wav,SIM card registration করতে কি লাগবে?,rangpur,cate_13,SPK_45,Female
sentence_28.wav,dataset/chunks/rangpur/ran_cate_13/sentence_28.wav,আমি wireless earphones চাই।,rangpur,cate_13,SPK_45,Female
sentence_29.wav,dataset/chunks/rangpur/ran_cate_13/sentence_29.wav,এই phone case waterproof কি?,rangpur,cate_13,SPK_45,Female
sentence_30.wav,dataset/chunks/rangpur/ran_cate_13/sentence_30.wav,আপনার দোকানে projector আছে কি?,rangpur,cate_13,SPK_45,Female
sentence_31.wav,dataset/chunks/rangpur/ran_cate_13/sentence_31.wav,ফোনের software update হয়েছে কি?,rangpur,cate_13,SPK_45,Female
sentence_32.wav,dataset/chunks/rangpur/ran_cate_13/sentence_32.wav,আমি gaming laptop দেখতে চাই।,rangpur,cate_13,SPK_45,Female
sentence_33.wav,dataset/chunks/rangpur/ran_cate_13/sentence_33.wav,ফোনে dual SIM support আছে কি?,rangpur,cate_13,SPK_45,Female
sentence_34.wav,dataset/chunks/rangpur/ran_cate_13/sentence_34.wav,এই power bank কত mAh?,rangpur,cate_13,SPK_45,Female
sentence_35.wav,dataset/chunks/rangpur/ran_cate_13/sentence_35.wav,আমি Bluetooth speaker কিনতে চাই।,rangpur,cate_13,SPK_45,Female
sentence_36.wav,dataset/chunks/rangpur/ran_cate_13/sentence_36.wav,ফোনের price negotiable কি?,rangpur,cate_13,SPK_45,Female
sentence_37.wav,dataset/chunks/rangpur/ran_cate_13/sentence_37.wav,আমি USB cable চাই।,rangpur,cate_13,SPK_45,Female
sentence_38.wav,dataset/chunks/rangpur/ran_cate_13/sentence_38.wav,এই tablet lightweight কি?,rangpur,cate_13,SPK_45,Female
sentence_39.wav,dataset/chunks/rangpur/ran_cate_13/sentence_39.wav,SIM card portability করতে পারি কি?,rangpur,cate_13,SPK_45,Female
sentence_40.wav,dataset/chunks/rangpur/ran_cate_13/sentence_40.wav,ফোনের warranty card আছে কি?,rangpur,cate_13,SPK_45,Female
sentence_41.wav,dataset/chunks/rangpur/ran_cate_13/sentence_41.wav,আমি refurbished laptop চাই না।,rangpur,cate_13,SPK_45,Female
sentence_42.wav,dataset/chunks/rangpur/ran_cate_13/sentence_42.wav,ফোনের charger original কি?,rangpur,cate_13,SPK_45,Female
sentence_43.wav,dataset/chunks/rangpur/ran_cate_13/sentence_43.wav,আমি tablet accessories চাই।,rangpur,cate_13,SPK_45,Female
sentence_44.wav,dataset/chunks/rangpur/ran_cate_13/sentence_44.wav,ফোনের camera resolution কত?,rangpur,cate_13,SPK_45,Female
sentence_45.wav,dataset/chunks/rangpur/ran_cate_13/sentence_45.wav,আমি portable hard drive চাই।,rangpur,cate_13,SPK_45,Female
sentence_46.wav,dataset/chunks/rangpur/ran_cate_13/sentence_46.wav,ফোনে earphone jack আছে কি?,rangpur,cate_13,SPK_45,Female
sentence_47.wav,dataset/chunks/rangpur/ran_cate_13/sentence_47.wav,SIM card online recharge করা যায় কি?,rangpur,cate_13,SPK_45,Female
sentence_48.wav,dataset/chunks/rangpur/ran_cate_13/sentence_48.wav,আমি laptop bag কিনতে চাই।,rangpur,cate_13,SPK_45,Female
sentence_49.wav,dataset/chunks/rangpur/ran_cate_13/sentence_49.wav,ফোনের display কত inch?,rangpur,cate_13,SPK_45,Female
sentence_50.wav,dataset/chunks/rangpur/ran_cate_13/sentence_50.wav,আমি smart home device কিনতে চাই।,rangpur,cate_13,SPK_45,Female
sentence_51.wav,dataset/chunks/rangpur/ran_cate_13/sentence_51.wav,এই charger compatible কি?,rangpur,cate_13,SPK_45,Female
sentence_52.wav,dataset/chunks/rangpur/ran_cate_13/sentence_52.wav,ফোনের processor কত GHz?,rangpur,cate_13,SPK_45,Female
sentence_53.wav,dataset/chunks/rangpur/ran_cate_13/sentence_53.wav,আমি wireless mouse চাই।,rangpur,cate_13,SPK_45,Female
sentence_54.wav,dataset/chunks/rangpur/ran_cate_13/sentence_54.wav,ফোনের screen size বড় কি?,rangpur,cate_13,SPK_45,Female
sentence_55.wav,dataset/chunks/rangpur/ran_cate_13/sentence_55.wav,SIM card balance check করতে পারি কি?,rangpur,cate_13,SPK_45,Female
sentence_56.wav,dataset/chunks/rangpur/ran_cate_13/sentence_56.wav,আমি laptop stand চাই।,rangpur,cate_13,SPK_45,Female
sentence_57.wav,dataset/chunks/rangpur/ran_cate_13/sentence_57.wav,ফোনে fingerprint sensor আছে কি?,rangpur,cate_13,SPK_45,Female
sentence_58.wav,dataset/chunks/rangpur/ran_cate_13/sentence_58.wav,আমি external keyboard চাই।,rangpur,cate_13,SPK_45,Female
sentence_59.wav,dataset/chunks/rangpur/ran_cate_13/sentence_59.wav,ফোনের battery replace করতে হয় কি?,rangpur,cate_13,SPK_45,Female
sentence_60.wav,dataset/chunks/rangpur/ran_cate_13/sentence_60.wav,আমি smartwatch strap চাই।,rangpur,cate_13,SPK_45,Female
sentence_61.wav,dataset/chunks/rangpur/ran_cate_13/sentence_61.wav,ফোনের price range কি?,rangpur,cate_13,SPK_45,Female
sentence_62.wav,dataset/chunks/rangpur/ran_cate_13/sentence_62.wav,আমি gaming console কিনতে চাই।,rangpur,cate_13,SPK_45,Female
sentence_63.wav,dataset/chunks/rangpur/ran_cate_13/sentence_63.wav,ফোনে dual camera আছে কি?,rangpur,cate_13,SPK_45,Female
sentence_64.wav,dataset/chunks/rangpur/ran_cate_13/sentence_64.wav,আমি USB hub চাই।,rangpur,cate_13,SPK_45,Female
sentence_65.wav,dataset/chunks/rangpur/ran_cate_13/sentence_65.wav,ফোনের warranty কত বছর?,rangpur,cate_13,SPK_45,Female
sentence_66.wav,dataset/chunks/rangpur/ran_cate_13/sentence_66.wav,আমি laptop charger চাই।,rangpur,cate_13,SPK_45,Female
sentence_67.wav,dataset/chunks/rangpur/ran_cate_13/sentence_67.wav,ফোনের weight কত?,rangpur,cate_13,SPK_45,Female
sentence_68.wav,dataset/chunks/rangpur/ran_cate_13/sentence_68.wav,আমি HDMI cable চাই।,rangpur,cate_13,SPK_45,Female
sentence_69.wav,dataset/chunks/rangpur/ran_cate_13/sentence_69.wav,ফোনের software version আপডেট হয়েছে কি?,rangpur,cate_13,SPK_45,Female
sentence_70.wav,dataset/chunks/rangpur/ran_cate_13/sentence_70.wav,আমি smart speaker কিনতে চাই।,rangpur,cate_13,SPK_45,Female
sentence_01.wav,dataset/chunks/rangpur/ran_cate_14/sentence_01.wav,অনুগ্রহ করে দরজা বন্ধ করবেন।,rangpur,cate_14,SPK_21,Male
sentence_02.wav,dataset/chunks/rangpur/ran_cate_14/sentence_02.wav,দয়া করে আমাকে সাহায্য করুন।,rangpur,cate_14,SPK_21,Male
sentence_03.wav,dataset/chunks/rangpur/ran_cate_14/sentence_03.wav,আপনি কি আমাকে বইটা দিতে পারেন?,rangpur,cate_14,SPK_21,Male
sentence_04.wav,dataset/chunks/rangpur/ran_cate_14/sentence_04.wav,অনুগ্রহ করে ধীরে কথা বলুন।,rangpur,cate_14,SPK_21,Male
sentence_05.wav,dataset/chunks/rangpur/ran_cate_14/sentence_05.wav,দয়া করে এখানে বসুন।,rangpur,cate_14,SPK_21,Male
sentence_06.wav,dataset/chunks/rangpur/ran_cate_14/sentence_06.wav,আপনি কি আমার জন্য অপেক্ষা করতে পারেন?,rangpur,cate_14,SPK_21,Male
sentence_07.wav,dataset/chunks/rangpur/ran_cate_14/sentence_07.wav,অনুগ্রহ করে আবার বলুন।,rangpur,cate_14,SPK_21,Male
sentence_08.wav,dataset/chunks/rangpur/ran_cate_14/sentence_08.wav,আপনি কি আমাকে রাস্তা দেখাতে পারেন?,rangpur,cate_14,SPK_21,Male
sentence_09.wav,dataset/chunks/rangpur/ran_cate_14/sentence_09.wav,দয়া করে ফোন ব্যবহার করবেন না।,rangpur,cate_14,SPK_21,Male
sentence_10.wav,dataset/chunks/rangpur/ran_cate_14/sentence_10.wav,আপনি কি আমার জন্য এটি কিনতে পারবেন?,rangpur,cate_14,SPK_21,Male
sentence_11.wav,dataset/chunks/rangpur/ran_cate_14/sentence_11.wav,অনুগ্রহ করে আমাকে মনে করিয়ে দিন।,rangpur,cate_14,SPK_21,Male
sentence_12.wav,dataset/chunks/rangpur/ran_cate_14/sentence_12.wav,আপনি কি আমাকে ছবি তুলতে সাহায্য করবেন?,rangpur,cate_14,SPK_21,Male
sentence_13.wav,dataset/chunks/rangpur/ran_cate_14/sentence_13.wav,দয়া করে আমাকে অপেক্ষা করতে দিন।,rangpur,cate_14,SPK_21,Male
sentence_14.wav,dataset/chunks/rangpur/ran_cate_14/sentence_14.wav,অনুগ্রহ করে দরজা খুলে দিন।,rangpur,cate_14,SPK_21,Male
sentence_15.wav,dataset/chunks/rangpur/ran_cate_14/sentence_15.wav,আপনি কি আমার জন্য কাজটি করতে পারেন?,rangpur,cate_14,SPK_21,Male
sentence_16.wav,dataset/chunks/rangpur/ran_cate_14/sentence_16.wav,দয়া করে শব্দ কমান।,rangpur,cate_14,SPK_21,Male
sentence_17.wav,dataset/chunks/rangpur/ran_cate_14/sentence_17.wav,আপনি কি আমাকে জিজ্ঞাসা করতে পারবেন?,rangpur,cate_14,SPK_21,Male
sentence_18.wav,dataset/chunks/rangpur/ran_cate_14/sentence_18.wav,অনুগ্রহ করে আমাকে আসতে দিন।,rangpur,cate_14,SPK_21,Male
sentence_19.wav,dataset/chunks/rangpur/ran_cate_14/sentence_19.wav,আপনি কি আমার সঙ্গে কথা বলবেন?,rangpur,cate_14,SPK_21,Male
sentence_20.wav,dataset/chunks/rangpur/ran_cate_14/sentence_20.wav,দয়া করে আমার দিকে তাকান।,rangpur,cate_14,SPK_21,Male
sentence_21.wav,dataset/chunks/rangpur/ran_cate_14/sentence_21.wav,অনুগ্রহ করে আমাকে সময় দিন।,rangpur,cate_14,SPK_21,Male
sentence_22.wav,dataset/chunks/rangpur/ran_cate_14/sentence_22.wav,আপনি কি আমাকে সাহায্য করতে পারেন?,rangpur,cate_14,SPK_21,Male
sentence_23.wav,dataset/chunks/rangpur/ran_cate_14/sentence_23.wav,দয়া করে আমাকে এটি বোঝান।,rangpur,cate_14,SPK_21,Male
sentence_24.wav,dataset/chunks/rangpur/ran_cate_14/sentence_24.wav,অনুগ্রহ করে এটিকে ধরুন।,rangpur,cate_14,SPK_21,Male
sentence_25.wav,dataset/chunks/rangpur/ran_cate_14/sentence_25.wav,আপনি কি আমাকে তথ্য দিতে পারেন?,rangpur,cate_14,SPK_21,Male
sentence_26.wav,dataset/chunks/rangpur/ran_cate_14/sentence_26.wav,দয়া করে এখানে আসুন।,rangpur,cate_14,SPK_21,Male
sentence_27.wav,dataset/chunks/rangpur/ran_cate_14/sentence_27.wav,অনুগ্রহ করে আমাকে অপেক্ষা করতে বলুন।,rangpur,cate_14,SPK_21,Male
sentence_28.wav,dataset/chunks/rangpur/ran_cate_14/sentence_28.wav,আপনি কি আমাকে রাস্তা দেখাবেন?,rangpur,cate_14,SPK_21,Male
sentence_29.wav,dataset/chunks/rangpur/ran_cate_14/sentence_29.wav,দয়া করে আমার জন্য অপেক্ষা করুন।,rangpur,cate_14,SPK_21,Male
sentence_30.wav,dataset/chunks/rangpur/ran_cate_14/sentence_30.wav,অনুগ্রহ করে আমাকে সাহায্য করতে বলুন।,rangpur,cate_14,SPK_21,Male
sentence_31.wav,dataset/chunks/rangpur/ran_cate_14/sentence_31.wav,আপনি কি আমার জন্য এটি আনবেন?,rangpur,cate_14,SPK_21,Male
sentence_32.wav,dataset/chunks/rangpur/ran_cate_14/sentence_32.wav,দয়া করে আমাকে বসতে দিন।,rangpur,cate_14,SPK_21,Male
sentence_33.wav,dataset/chunks/rangpur/ran_cate_14/sentence_33.wav,অনুগ্রহ করে আমাকে এটি দেখান।,rangpur,cate_14,SPK_21,Male
sentence_34.wav,dataset/chunks/rangpur/ran_cate_14/sentence_34.wav,আপনি কি আমার সঙ্গে খাবেন?,rangpur,cate_14,SPK_21,Male
sentence_35.wav,dataset/chunks/rangpur/ran_cate_14/sentence_35.wav,দয়া করে ধৈর্য ধরুন।,rangpur,cate_14,SPK_21,Male
sentence_36.wav,dataset/chunks/rangpur/ran_cate_14/sentence_36.wav,অনুগ্রহ করে আমাকে ফোন দিন।,rangpur,cate_14,SPK_21,Male
sentence_37.wav,dataset/chunks/rangpur/ran_cate_14/sentence_37.wav,আপনি কি আমার জন্য অপেক্ষা করবেন?,rangpur,cate_14,SPK_21,Male
sentence_38.wav,dataset/chunks/rangpur/ran_cate_14/sentence_38.wav,দয়া করে এটি খুলুন।,rangpur,cate_14,SPK_21,Male
sentence_39.wav,dataset/chunks/rangpur/ran_cate_14/sentence_39.wav,অনুগ্রহ করে এটি বন্ধ করুন।,rangpur,cate_14,SPK_21,Male
sentence_40.wav,dataset/chunks/rangpur/ran_cate_14/sentence_40.wav,আপনি কি আমাকে নির্দেশ দিতে পারেন?,rangpur,cate_14,SPK_21,Male
sentence_41.wav,dataset/chunks/rangpur/ran_cate_14/sentence_41.wav,দয়া করে আমার কথা শোনুন।,rangpur,cate_14,SPK_21,Male
sentence_42.wav,dataset/chunks/rangpur/ran_cate_14/sentence_42.wav,অনুগ্রহ করে আমাকে সময় দিন।,rangpur,cate_14,SPK_21,Male
sentence_43.wav,dataset/chunks/rangpur/ran_cate_14/sentence_43.wav,আপনি কি আমার জন্য এটি আনবেন?,rangpur,cate_14,SPK_21,Male
sentence_44.wav,dataset/chunks/rangpur/ran_cate_14/sentence_44.wav,দয়া করে আমাকে সাহায্য করতে বলুন।,rangpur,cate_14,SPK_21,Male
sentence_45.wav,dataset/chunks/rangpur/ran_cate_14/sentence_45.wav,অনুগ্রহ করে আমাকে অনুমতি দিন।,rangpur,cate_14,SPK_21,Male
sentence_46.wav,dataset/chunks/rangpur/ran_cate_14/sentence_46.wav,আপনি কি আমাকে রাস্তা দেখাবেন?,rangpur,cate_14,SPK_21,Male
sentence_47.wav,dataset/chunks/rangpur/ran_cate_14/sentence_47.wav,দয়া করে এখানে বসুন।,rangpur,cate_14,SPK_21,Male
sentence_48.wav,dataset/chunks/rangpur/ran_cate_14/sentence_48.wav,অনুগ্রহ করে এটি নিন।,rangpur,cate_14,SPK_21,Male
sentence_49.wav,dataset/chunks/rangpur/ran_cate_14/sentence_49.wav,আপনি কি আমাকে এটি দেবেন?,rangpur,cate_14,SPK_21,Male
sentence_50.wav,dataset/chunks/rangpur/ran_cate_14/sentence_50.wav,দয়া করে আমাকে সঙ্গে নিয়ে যান।,rangpur,cate_14,SPK_21,Male
sentence_51.wav,dataset/chunks/rangpur/ran_cate_14/sentence_51.wav,অনুগ্রহ করে আমাকে বলুন।,rangpur,cate_14,SPK_21,Male
sentence_52.wav,dataset/chunks/rangpur/ran_cate_14/sentence_52.wav,আপনি কি আমার জন্য অপেক্ষা করতে পারবেন?,rangpur,cate_14,SPK_21,Male
sentence_53.wav,dataset/chunks/rangpur/ran_cate_14/sentence_53.wav,দয়া করে এটি পরীক্ষা করুন।,rangpur,cate_14,SPK_21,Male
sentence_54.wav,dataset/chunks/rangpur/ran_cate_14/sentence_54.wav,অনুগ্রহ করে আমাকে এটি লিখে দিন।,rangpur,cate_14,SPK_21,Male
sentence_55.wav,dataset/chunks/rangpur/ran_cate_14/sentence_55.wav,আপনি কি আমার জন্য এটি করতে পারেন?,rangpur,cate_14,SPK_21,Male
sentence_56.wav,dataset/chunks/rangpur/ran_cate_14/sentence_56.wav,দয়া করে আমার সঙ্গে যোগাযোগ করুন।,rangpur,cate_14,SPK_21,Male
sentence_57.wav,dataset/chunks/rangpur/ran_cate_14/sentence_57.wav,অনুগ্রহ করে আমাকে সহায়তা করুন।,rangpur,cate_14,SPK_21,Male
sentence_58.wav,dataset/chunks/rangpur/ran_cate_14/sentence_58.wav,আপনি কি আমাকে এটি দেখাবেন?,rangpur,cate_14,SPK_21,Male
sentence_59.wav,dataset/chunks/rangpur/ran_cate_14/sentence_59.wav,দয়া করে আমার জন্য অপেক্ষা করুন।,rangpur,cate_14,SPK_21,Male
sentence_60.wav,dataset/chunks/rangpur/ran_cate_14/sentence_60.wav,অনুগ্রহ করে আমাকে সাহায্য করুন।,rangpur,cate_14,SPK_21,Male
sentence_61.wav,dataset/chunks/rangpur/ran_cate_14/sentence_61.wav,আপনি কি আমাকে সাহায্য করবেন?,rangpur,cate_14,SPK_21,Male
sentence_62.wav,dataset/chunks/rangpur/ran_cate_14/sentence_62.wav,দয়া করে আমাকে এটি বুঝতে দিন।,rangpur,cate_14,SPK_21,Male
sentence_63.wav,dataset/chunks/rangpur/ran_cate_14/sentence_63.wav,অনুগ্রহ করে এটি রাখুন।,rangpur,cate_14,SPK_21,Male
sentence_64.wav,dataset/chunks/rangpur/ran_cate_14/sentence_64.wav,আপনি কি আমাকে অনুমতি দেবেন?,rangpur,cate_14,SPK_21,Male
sentence_65.wav,dataset/chunks/rangpur/ran_cate_14/sentence_65.wav,দয়া করে আমাকে এটি আনতে দিন।,rangpur,cate_14,SPK_21,Male
sentence_66.wav,dataset/chunks/rangpur/ran_cate_14/sentence_66.wav,অনুগ্রহ করে আমাকে নির্দেশ দিন।,rangpur,cate_14,SPK_21,Male
sentence_67.wav,dataset/chunks/rangpur/ran_cate_14/sentence_67.wav,আপনি কি আমাকে এটি আনবেন?,rangpur,cate_14,SPK_21,Male
sentence_68.wav,dataset/chunks/rangpur/ran_cate_14/sentence_68.wav,দয়া করে আমাকে সাহায্য করতে বলুন।,rangpur,cate_14,SPK_21,Male
sentence_69.wav,dataset/chunks/rangpur/ran_cate_14/sentence_69.wav,অনুগ্রহ করে এটি আমার জন্য রাখুন।,rangpur,cate_14,SPK_21,Male
sentence_70.wav,dataset/chunks/rangpur/ran_cate_14/sentence_70.wav,আপনি কি আমার জন্য অপেক্ষা করতে পারবেন?,rangpur,cate_14,SPK_21,Male
sentence_01.wav,dataset/chunks/rangpur/ran_cate_15/sentence_01.wav,আমি সকাল ৬টায় উঠি।,rangpur,cate_15,SPK_21,Male
sentence_02.wav,dataset/chunks/rangpur/ran_cate_15/sentence_02.wav,তুমি কি বাজারে যাচ্ছো?,rangpur,cate_15,SPK_21,Male
sentence_03.wav,dataset/chunks/rangpur/ran_cate_15/sentence_03.wav,আমি ভাত রান্না করছি।,rangpur,cate_15,SPK_21,Male
sentence_04.wav,dataset/chunks/rangpur/ran_cate_15/sentence_04.wav,আমরা প্রতিদিন হাঁটতে যাই।,rangpur,cate_15,SPK_21,Male
sentence_05.wav,dataset/chunks/rangpur/ran_cate_15/sentence_05.wav,তুমি কি আজ শপিং করতে যাবে?,rangpur,cate_15,SPK_21,Male
sentence_06.wav,dataset/chunks/rangpur/ran_cate_15/sentence_06.wav,আমি ব্যাগ প্যাক করছি।,rangpur,cate_15,SPK_21,Male
sentence_07.wav,dataset/chunks/rangpur/ran_cate_15/sentence_07.wav,তুমি কি সকালে নাশতা করেছো?,rangpur,cate_15,SPK_21,Male
sentence_08.wav,dataset/chunks/rangpur/ran_cate_15/sentence_08.wav,আমি লন্ড্রি করছি।,rangpur,cate_15,SPK_21,Male
sentence_09.wav,dataset/chunks/rangpur/ran_cate_15/sentence_09.wav,তুমি কি সিনেমা দেখতে যাবে?,rangpur,cate_15,SPK_21,Male
sentence_10.wav,dataset/chunks/rangpur/ran_cate_15/sentence_10.wav,আমি বই পড়ছি।,rangpur,cate_15,SPK_21,Male
sentence_11.wav,dataset/chunks/rangpur/ran_cate_15/sentence_11.wav,তুমি কি চা খাবে?,rangpur,cate_15,SPK_21,Male
sentence_12.wav,dataset/chunks/rangpur/ran_cate_15/sentence_12.wav,আমি বাসায় ক্লিনিং করছি।,rangpur,cate_15,SPK_21,Male
sentence_13.wav,dataset/chunks/rangpur/ran_cate_15/sentence_13.wav,তুমি কি বাজারে নতুন সবজি পেয়েছো?,rangpur,cate_15,SPK_21,Male
sentence_14.wav,dataset/chunks/rangpur/ran_cate_15/sentence_14.wav,আমি শুতে যাচ্ছি।,rangpur,cate_15,SPK_21,Male
sentence_15.wav,dataset/chunks/rangpur/ran_cate_15/sentence_15.wav,আমরা সকালে দৌড়াচ্ছি।,rangpur,cate_15,SPK_21,Male
sentence_16.wav,dataset/chunks/rangpur/ran_cate_15/sentence_16.wav,তুমি কি কাজ শেষ করেছো?,rangpur,cate_15,SPK_21,Male
sentence_17.wav,dataset/chunks/rangpur/ran_cate_15/sentence_17.wav,আমি দুপুরের খাবার খাচ্ছি।,rangpur,cate_15,SPK_21,Male
sentence_18.wav,dataset/chunks/rangpur/ran_cate_15/sentence_18.wav,তুমি কি কুকিং করতে জানো?,rangpur,cate_15,SPK_21,Male
sentence_19.wav,dataset/chunks/rangpur/ran_cate_15/sentence_19.wav,আমি দোকান যাচ্ছি।,rangpur,cate_15,SPK_21,Male
sentence_20.wav,dataset/chunks/rangpur/ran_cate_15/sentence_20.wav,তুমি কি আজ বাড়িতে থাকছো?,rangpur,cate_15,SPK_21,Male
sentence_21.wav,dataset/chunks/rangpur/ran_cate_15/sentence_21.wav,আমি টিভি দেখছি।,rangpur,cate_15,SPK_21,Male
sentence_22.wav,dataset/chunks/rangpur/ran_cate_15/sentence_22.wav,তুমি কি সাইকেল চালাচ্ছো?,rangpur,cate_15,SPK_21,Male
sentence_23.wav,dataset/chunks/rangpur/ran_cate_15/sentence_23.wav,আমি জামাকাপড় ধরছি।,rangpur,cate_15,SPK_21,Male
sentence_24.wav,dataset/chunks/rangpur/ran_cate_15/sentence_24.wav,তুমি কি বাজার থেকে দুধ এনেছো?,rangpur,cate_15,SPK_21,Male
sentence_25.wav,dataset/chunks/rangpur/ran_cate_15/sentence_25.wav,আমি রাতে ঘুমাতে যাচ্ছি।,rangpur,cate_15,SPK_21,Male
sentence_26.wav,dataset/chunks/rangpur/ran_cate_15/sentence_26.wav,তুমি কি সকাল ৭টায় উঠে আসবে?,rangpur,cate_15,SPK_21,Male
sentence_27.wav,dataset/chunks/rangpur/ran_cate_15/sentence_27.wav,আমি রান্নাঘরে কাজ করছি।,rangpur,cate_15,SPK_21,Male
sentence_28.wav,dataset/chunks/rangpur/ran_cate_15/sentence_28.wav,তুমি কি বাজারে কোন মাংস কিনেছো?,rangpur,cate_15,SPK_21,Male
sentence_29.wav,dataset/chunks/rangpur/ran_cate_15/sentence_29.wav,আমি দুপুরে বিশ্রাম নিচ্ছি।,rangpur,cate_15,SPK_21,Male
sentence_30.wav,dataset/chunks/rangpur/ran_cate_15/sentence_30.wav,তুমি কি সন্ধ্যায় হাঁটবে?,rangpur,cate_15,SPK_21,Male
sentence_31.wav,dataset/chunks/rangpur/ran_cate_15/sentence_31.wav,আমি কফি বানাচ্ছি।,rangpur,cate_15,SPK_21,Male
sentence_32.wav,dataset/chunks/rangpur/ran_cate_15/sentence_32.wav,তুমি কি নিত্যদিন সকালে জগিং করো?,rangpur,cate_15,SPK_21,Male
sentence_33.wav,dataset/chunks/rangpur/ran_cate_15/sentence_33.wav,আমি দুধ ফুটাচ্ছি।,rangpur,cate_15,SPK_21,Male
sentence_34.wav,dataset/chunks/rangpur/ran_cate_15/sentence_34.wav,তুমি কি চা খেতে চাও?,rangpur,cate_15,SPK_21,Male
sentence_35.wav,dataset/chunks/rangpur/ran_cate_15/sentence_35.wav,আমি বাজারে যাচ্ছি।,rangpur,cate_15,SPK_21,Male
sentence_36.wav,dataset/chunks/rangpur/ran_cate_15/sentence_36.wav,তুমি কি বই পড়ছো?,rangpur,cate_15,SPK_21,Male
sentence_37.wav,dataset/chunks/rangpur/ran_cate_15/sentence_37.wav,আমি বাড়ি ঝাড়ু দিচ্ছি।,rangpur,cate_15,SPK_21,Male
sentence_38.wav,dataset/chunks/rangpur/ran_cate_15/sentence_38.wav,তুমি কি দুপুরের খাবার খেয়েছো?,rangpur,cate_15,SPK_21,Male
sentence_39.wav,dataset/chunks/rangpur/ran_cate_15/sentence_39.wav,আমি সবজি কাটছি।,rangpur,cate_15,SPK_21,Male
sentence_40.wav,dataset/chunks/rangpur/ran_cate_15/sentence_40.wav,তুমি কি রাতে শুবে?,rangpur,cate_15,SPK_21,Male
sentence_41.wav,dataset/chunks/rangpur/ran_cate_15/sentence_41.wav,আমি কলম ও কাগজ সাজাচ্ছি।,rangpur,cate_15,SPK_21,Male
sentence_42.wav,dataset/chunks/rangpur/ran_cate_15/sentence_42.wav,তুমি কি আজ রান্না করছো?,rangpur,cate_15,SPK_21,Male
sentence_43.wav,dataset/chunks/rangpur/ran_cate_15/sentence_43.wav,আমি কাপড় ধুয়ে শুকাচ্ছি।,rangpur,cate_15,SPK_21,Male
sentence_44.wav,dataset/chunks/rangpur/ran_cate_15/sentence_44.wav,তুমি কি বাজারে নতুন ফল এনেছো?,rangpur,cate_15,SPK_21,Male
sentence_45.wav,dataset/chunks/rangpur/ran_cate_15/sentence_45.wav,আমি সকালের নাশতা খাচ্ছি।,rangpur,cate_15,SPK_21,Male
sentence_46.wav,dataset/chunks/rangpur/ran_cate_15/sentence_46.wav,তুমি কি আজ ঘুম বেশি করেছো?,rangpur,cate_15,SPK_21,Male
sentence_47.wav,dataset/chunks/rangpur/ran_cate_15/sentence_47.wav,আমি খাবার টেবিলে বসছি।,rangpur,cate_15,SPK_21,Male
sentence_48.wav,dataset/chunks/rangpur/ran_cate_15/sentence_48.wav,তুমি কি বাইরে যাচ্ছো?,rangpur,cate_15,SPK_21,Male
sentence_49.wav,dataset/chunks/rangpur/ran_cate_15/sentence_49.wav,আমি ফ্রিজে খাবার রাখছি।,rangpur,cate_15,SPK_21,Male
sentence_50.wav,dataset/chunks/rangpur/ran_cate_15/sentence_50.wav,তুমি কি বাজারে যাবার আগে তালিকা লিখেছো?,rangpur,cate_15,SPK_21,Male
sentence_51.wav,dataset/chunks/rangpur/ran_cate_15/sentence_51.wav,আমি সকালে ব্যায়াম করছি।,rangpur,cate_15,SPK_21,Male
sentence_52.wav,dataset/chunks/rangpur/ran_cate_15/sentence_52.wav,তুমি কি দুপুরে ঘুমাবে?,rangpur,cate_15,SPK_21,Male
sentence_53.wav,dataset/chunks/rangpur/ran_cate_15/sentence_53.wav,আমি কাপড় ধরছি।,rangpur,cate_15,SPK_21,Male
sentence_54.wav,dataset/chunks/rangpur/ran_cate_15/sentence_54.wav,তুমি কি রান্না শেষ করেছো?,rangpur,cate_15,SPK_21,Male
sentence_55.wav,dataset/chunks/rangpur/ran_cate_15/sentence_55.wav,আমি বাজার থেকে শাক-সবজি এনেছি।,rangpur,cate_15,SPK_21,Male
sentence_56.wav,dataset/chunks/rangpur/ran_cate_15/sentence_56.wav,তুমি কি ঘরে কাজ করছো?,rangpur,cate_15,SPK_21,Male
sentence_57.wav,dataset/chunks/rangpur/ran_cate_15/sentence_57.wav,আমি দুপুরে চা খাচ্ছি।,rangpur,cate_15,SPK_21,Male
sentence_58.wav,dataset/chunks/rangpur/ran_cate_15/sentence_58.wav,তুমি কি রাতের খাবার খাবে?,rangpur,cate_15,SPK_21,Male
sentence_59.wav,dataset/chunks/rangpur/ran_cate_15/sentence_59.wav,আমি সকালের লিস্ট অনুযায়ী কাজ করছি।,rangpur,cate_15,SPK_21,Male
sentence_60.wav,dataset/chunks/rangpur/ran_cate_15/sentence_60.wav,তুমি কি বাজার থেকে দুধ এনেছো?,rangpur,cate_15,SPK_21,Male
sentence_61.wav,dataset/chunks/rangpur/ran_cate_15/sentence_61.wav,আমি সকালে উঠে হাঁটতে যাই।,rangpur,cate_15,SPK_21,Male
sentence_62.wav,dataset/chunks/rangpur/ran_cate_15/sentence_62.wav,তুমি কি ফ্রিজ খোলেছো?,rangpur,cate_15,SPK_21,Male
sentence_63.wav,dataset/chunks/rangpur/ran_cate_15/sentence_63.wav,আমি বালিশ ধরছি।,rangpur,cate_15,SPK_21,Male
sentence_64.wav,dataset/chunks/rangpur/ran_cate_15/sentence_64.wav,তুমি কি রান্না করতে চাও?,rangpur,cate_15,SPK_21,Male
sentence_65.wav,dataset/chunks/rangpur/ran_cate_15/sentence_65.wav,আমি কাপড় লন্ড্রি করছি।,rangpur,cate_15,SPK_21,Male
sentence_66.wav,dataset/chunks/rangpur/ran_cate_15/sentence_66.wav,তুমি কি বাজারে নতুন রুটি কিনেছো?,rangpur,cate_15,SPK_21,Male
sentence_67.wav,dataset/chunks/rangpur/ran_cate_15/sentence_67.wav,আমি রাতের খাবার প্রস্তুত করছি।,rangpur,cate_15,SPK_21,Male
sentence_68.wav,dataset/chunks/rangpur/ran_cate_15/sentence_68.wav,তুমি কি শপিং করতে যাচ্ছো?,rangpur,cate_15,SPK_21,Male
sentence_69.wav,dataset/chunks/rangpur/ran_cate_15/sentence_69.wav,আমি খোলা আকাশের নিচে হাঁটছি।,rangpur,cate_15,SPK_21,Male
sentence_70.wav,dataset/chunks/rangpur/ran_cate_15/sentence_70.wav,তুমি কি আজ সকাল থেকে ব্যস্ত?,rangpur,cate_15,SPK_21,Male
sentence_01.wav,dataset/chunks/rangpur/ran_cate_16/sentence_01.wav,আমার ফোন কাজ করছে না।,rangpur,cate_16,SPK_24,Male
sentence_02.wav,dataset/chunks/rangpur/ran_cate_16/sentence_02.wav,বাস ধীর গতিতে চলছে।,rangpur,cate_16,SPK_24,Male
sentence_03.wav,dataset/chunks/rangpur/ran_cate_16/sentence_03.wav,আমি বিল ঠিকমত পাইনি।,rangpur,cate_16,SPK_24,Male
sentence_04.wav,dataset/chunks/rangpur/ran_cate_16/sentence_04.wav,পানির চাপ খুব কম।,rangpur,cate_16,SPK_24,Male
sentence_05.wav,dataset/chunks/rangpur/ran_cate_16/sentence_05.wav,ইন্টারনেট সংযোগ স্থিতিশীল নয়।,rangpur,cate_16,SPK_24,Male
sentence_06.wav,dataset/chunks/rangpur/ran_cate_16/sentence_06.wav,দোকানে সব পণ্য শেষ।,rangpur,cate_16,SPK_24,Male
sentence_07.wav,dataset/chunks/rangpur/ran_cate_16/sentence_07.wav,বাতি জ্বলে না।,rangpur,cate_16,SPK_24,Male
sentence_08.wav,dataset/chunks/rangpur/ran_cate_16/sentence_08.wav,আমি চা খুব গরম পেয়েছি।,rangpur,cate_16,SPK_24,Male
sentence_09.wav,dataset/chunks/rangpur/ran_cate_16/sentence_09.wav,রিকশা খুব দেরি করছে।,rangpur,cate_16,SPK_24,Male
sentence_10.wav,dataset/chunks/rangpur/ran_cate_16/sentence_10.wav,লিফট বন্ধ।,rangpur,cate_16,SPK_24,Male
sentence_11.wav,dataset/chunks/rangpur/ran_cate_16/sentence_11.wav,আমার অ্যাপ্লিকেশন ক্র্যাশ করছে।,rangpur,cate_16,SPK_24,Male
sentence_12.wav,dataset/chunks/rangpur/ran_cate_16/sentence_12.wav,এই গাড়ি তেল টপ আপ করছে না।,rangpur,cate_16,SPK_24,Male
sentence_13.wav,dataset/chunks/rangpur/ran_cate_16/sentence_13.wav,বাসে অনেক ভিড়।,rangpur,cate_16,SPK_24,Male
sentence_14.wav,dataset/chunks/rangpur/ran_cate_16/sentence_14.wav,আমি খাবার ঠিকমত পাইনি।,rangpur,cate_16,SPK_24,Male
sentence_15.wav,dataset/chunks/rangpur/ran_cate_16/sentence_15.wav,রাস্তায় অনেক ধুলো।,rangpur,cate_16,SPK_24,Male
sentence_16.wav,dataset/chunks/rangpur/ran_cate_16/sentence_16.wav,আমার কম্পিউটার হ্যাং করেছে।,rangpur,cate_16,SPK_24,Male
sentence_17.wav,dataset/chunks/rangpur/ran_cate_16/sentence_17.wav,ফোনের ব্যাটারি দ্রুত শেষ হচ্ছে।,rangpur,cate_16,SPK_24,Male
sentence_18.wav,dataset/chunks/rangpur/ran_cate_16/sentence_18.wav,দোকানের হেডফোন খারাপ।,rangpur,cate_16,SPK_24,Male
sentence_19.wav,dataset/chunks/rangpur/ran_cate_16/sentence_19.wav,রিকশাচালক দেরি করছে।,rangpur,cate_16,SPK_24,Male
sentence_20.wav,dataset/chunks/rangpur/ran_cate_16/sentence_20.wav,পানির ট্যাংক ফাঁকা।,rangpur,cate_16,SPK_24,Male
sentence_21.wav,dataset/chunks/rangpur/ran_cate_16/sentence_21.wav,বাসে এয়ার কন্ডিশনার কাজ করছে না।,rangpur,cate_16,SPK_24,Male
sentence_22.wav,dataset/chunks/rangpur/ran_cate_16/sentence_22.wav,আমার Wi-Fi কানেকশন গড়বড়।,rangpur,cate_16,SPK_24,Male
sentence_23.wav,dataset/chunks/rangpur/ran_cate_16/sentence_23.wav,দোকানের কাস্টমার সার্ভিস খারাপ।,rangpur,cate_16,SPK_24,Male
sentence_24.wav,dataset/chunks/rangpur/ran_cate_16/sentence_24.wav,বাতি ঠিকমত জ্বলে না।,rangpur,cate_16,SPK_24,Male
sentence_25.wav,dataset/chunks/rangpur/ran_cate_16/sentence_25.wav,খাবারের স্বাদ খারাপ।,rangpur,cate_16,SPK_24,Male
sentence_26.wav,dataset/chunks/rangpur/ran_cate_16/sentence_26.wav,লিফট খুব ধীরে চলছে।,rangpur,cate_16,SPK_24,Male
sentence_27.wav,dataset/chunks/rangpur/ran_cate_16/sentence_27.wav,আমার মোবাইল চার্জ হচ্ছে না।,rangpur,cate_16,SPK_24,Male
sentence_28.wav,dataset/chunks/rangpur/ran_cate_16/sentence_28.wav,বাসের ভাড়া বেশি।,rangpur,cate_16,SPK_24,Male
sentence_29.wav,dataset/chunks/rangpur/ran_cate_16/sentence_29.wav,দোকানে পণ্য ভালো মানের নয়।,rangpur,cate_16,SPK_24,Male
sentence_30.wav,dataset/chunks/rangpur/ran_cate_16/sentence_30.wav,রাস্তায় যানজট বেশি।,rangpur,cate_16,SPK_24,Male
sentence_31.wav,dataset/chunks/rangpur/ran_cate_16/sentence_31.wav,আমি আমার টিকেট হারিয়েছি।,rangpur,cate_16,SPK_24,Male
sentence_32.wav,dataset/chunks/rangpur/ran_cate_16/sentence_32.wav,খাবারের পরিমাণ কম।,rangpur,cate_16,SPK_24,Male
sentence_33.wav,dataset/chunks/rangpur/ran_cate_16/sentence_33.wav,আমার কম্পিউটার ধীরগতিতে চলছে।,rangpur,cate_16,SPK_24,Male
sentence_34.wav,dataset/chunks/rangpur/ran_cate_16/sentence_34.wav,রিকশা খুব পুরোনো।,rangpur,cate_16,SPK_24,Male
sentence_35.wav,dataset/chunks/rangpur/ran_cate_16/sentence_35.wav,দোকানে নতুন পণ্য নেই।,rangpur,cate_16,SPK_24,Male
sentence_36.wav,dataset/chunks/rangpur/ran_cate_16/sentence_36.wav,ফোনের সিম কাজ করছে না।,rangpur,cate_16,SPK_24,Male
sentence_37.wav,dataset/chunks/rangpur/ran_cate_16/sentence_37.wav,বাসে বসার জায়গা নেই।,rangpur,cate_16,SPK_24,Male
sentence_38.wav,dataset/chunks/rangpur/ran_cate_16/sentence_38.wav,পানির স্বাদ খারাপ।,rangpur,cate_16,SPK_24,Male
sentence_39.wav,dataset/chunks/rangpur/ran_cate_16/sentence_39.wav,লিফটে শব্দ করছে।,rangpur,cate_16,SPK_24,Male
sentence_40.wav,dataset/chunks/rangpur/ran_cate_16/sentence_40.wav,দোকানের দাম বেশি।,rangpur,cate_16,SPK_24,Male
sentence_41.wav,dataset/chunks/rangpur/ran_cate_16/sentence_41.wav,খাবারের স্বাদ পরিবর্তন হয়েছে।,rangpur,cate_16,SPK_24,Male
sentence_42.wav,dataset/chunks/rangpur/ran_cate_16/sentence_42.wav,আমার ল্যাপটপ হ্যাং করছে।,rangpur,cate_16,SPK_24,Male
sentence_43.wav,dataset/chunks/rangpur/ran_cate_16/sentence_43.wav,বাসে লোকজন অনেক।,rangpur,cate_16,SPK_24,Male
sentence_44.wav,dataset/chunks/rangpur/ran_cate_16/sentence_44.wav,রাস্তায় খোলা গর্ত।,rangpur,cate_16,SPK_24,Male
sentence_45.wav,dataset/chunks/rangpur/ran_cate_16/sentence_45.wav,দোকানে কোনো বিক্রয়কর্মী নেই।,rangpur,cate_16,SPK_24,Male
sentence_46.wav,dataset/chunks/rangpur/ran_cate_16/sentence_46.wav,আমার ফোন ব্যাটারি নষ্ট।,rangpur,cate_16,SPK_24,Male
sentence_47.wav,dataset/chunks/rangpur/ran_cate_16/sentence_47.wav,খাবার খুব ঠান্ডা।,rangpur,cate_16,SPK_24,Male
sentence_48.wav,dataset/chunks/rangpur/ran_cate_16/sentence_48.wav,লিফট খুব দ্রুত চলেছে।,rangpur,cate_16,SPK_24,Male
sentence_49.wav,dataset/chunks/rangpur/ran_cate_16/sentence_49.wav,রিকশা বাসার সামনে দাঁড়ায় না।,rangpur,cate_16,SPK_24,Male
sentence_50.wav,dataset/chunks/rangpur/ran_cate_16/sentence_50.wav,দোকানে পরিষ্কার নেই।,rangpur,cate_16,SPK_24,Male
sentence_51.wav,dataset/chunks/rangpur/ran_cate_16/sentence_51.wav,বাস স্ট্যান্ড দূরে।,rangpur,cate_16,SPK_24,Male
sentence_52.wav,dataset/chunks/rangpur/ran_cate_16/sentence_52.wav,আমার কম্পিউটার হঠাৎ বন্ধ হয়ে গেছে।,rangpur,cate_16,SPK_24,Male
sentence_53.wav,dataset/chunks/rangpur/ran_cate_16/sentence_53.wav,ফোনে নেটওয়ার্ক নেই।,rangpur,cate_16,SPK_24,Male
sentence_54.wav,dataset/chunks/rangpur/ran_cate_16/sentence_54.wav,খাবারের স্বাদ ভালো নয়।,rangpur,cate_16,SPK_24,Male
sentence_55.wav,dataset/chunks/rangpur/ran_cate_16/sentence_55.wav,লিফট লক হয়ে গেছে।,rangpur,cate_16,SPK_24,Male
sentence_56.wav,dataset/chunks/rangpur/ran_cate_16/sentence_56.wav,দোকানের হেডফোন ব্রেক।,rangpur,cate_16,SPK_24,Male
sentence_57.wav,dataset/chunks/rangpur/ran_cate_16/sentence_57.wav,রিকশাচালক রাস্তায় নেই।,rangpur,cate_16,SPK_24,Male
sentence_58.wav,dataset/chunks/rangpur/ran_cate_16/sentence_58.wav,বাসে শীত নেই।,rangpur,cate_16,SPK_24,Male
sentence_59.wav,dataset/chunks/rangpur/ran_cate_16/sentence_59.wav,আমার ফোন হ্যাং করছে।,rangpur,cate_16,SPK_24,Male
sentence_60.wav,dataset/chunks/rangpur/ran_cate_16/sentence_60.wav,দোকানে সঠিক দাম নেই।,rangpur,cate_16,SPK_24,Male
sentence_61.wav,dataset/chunks/rangpur/ran_cate_16/sentence_61.wav,খাবারের স্বাদ খুব ঝাল।,rangpur,cate_16,SPK_24,Male
sentence_62.wav,dataset/chunks/rangpur/ran_cate_16/sentence_62.wav,লিফট বেজে যাচ্ছে।,rangpur,cate_16,SPK_24,Male
sentence_63.wav,dataset/chunks/rangpur/ran_cate_16/sentence_63.wav,আমার ল্যাপটপ কাজ করছে না।,rangpur,cate_16,SPK_24,Male
sentence_64.wav,dataset/chunks/rangpur/ran_cate_16/sentence_64.wav,দোকানের পণ্য ভাঙা।,rangpur,cate_16,SPK_24,Male
sentence_65.wav,dataset/chunks/rangpur/ran_cate_16/sentence_65.wav,রিকশা দূরে গেছে।,rangpur,cate_16,SPK_24,Male
sentence_66.wav,dataset/chunks/rangpur/ran_cate_16/sentence_66.wav,বাস সময়মতো আসেনি।,rangpur,cate_16,SPK_24,Male
sentence_67.wav,dataset/chunks/rangpur/ran_cate_16/sentence_67.wav,আমার মোবাইল নেটওয়ার্ক নেই।,rangpur,cate_16,SPK_24,Male
sentence_68.wav,dataset/chunks/rangpur/ran_cate_16/sentence_68.wav,দোকানের সার্ভিস খারাপ।,rangpur,cate_16,SPK_24,Male
sentence_69.wav,dataset/chunks/rangpur/ran_cate_16/sentence_69.wav,খাবারের পরিমাণ কম।,rangpur,cate_16,SPK_24,Male
sentence_70.wav,dataset/chunks/rangpur/ran_cate_16/sentence_70.wav,লিফট খুব ধীরে চলছে।,rangpur,cate_16,SPK_24,Male
sentence_01.wav,dataset/chunks/rangpur/ran_cate_17/sentence_01.wav,আমি একটি নতুন ব্যাংক অ্যাকাউন্ট খুলতে চাই।,rangpur,cate_17,SPK_24,Male
sentence_02.wav,dataset/chunks/rangpur/ran_cate_17/sentence_02.wav,আমার অ্যাকাউন্ট ব্যালেন্স কত?,rangpur,cate_17,SPK_24,Male
sentence_03.wav,dataset/chunks/rangpur/ran_cate_17/sentence_03.wav,আমি টাকা পাঠাতে চাই।,rangpur,cate_17,SPK_24,Male
sentence_04.wav,dataset/chunks/rangpur/ran_cate_17/sentence_04.wav,ATM কার্ড কোথায় পাব?,rangpur,cate_17,SPK_24,Male
sentence_05.wav,dataset/chunks/rangpur/ran_cate_17/sentence_05.wav,আমি বিকাশে টাকা পাঠাতে চাই।,rangpur,cate_17,SPK_24,Male
sentence_06.wav,dataset/chunks/rangpur/ran_cate_17/sentence_06.wav,চেক জমা দিতে হবে কি?,rangpur,cate_17,SPK_24,Male
sentence_07.wav,dataset/chunks/rangpur/ran_cate_17/sentence_07.wav,ব্যাংকের সময়সূচি কী?,rangpur,cate_17,SPK_24,Male
sentence_08.wav,dataset/chunks/rangpur/ran_cate_17/sentence_08.wav,আমি একটি লোন নিতে চাই।,rangpur,cate_17,SPK_24,Male
sentence_09.wav,dataset/chunks/rangpur/ran_cate_17/sentence_09.wav,ATM কাজ করছে না।,rangpur,cate_17,SPK_24,Male
sentence_10.wav,dataset/chunks/rangpur/ran_cate_17/sentence_10.wav,আমি অনলাইন ব্যাংকিং করতে চাই।,rangpur,cate_17,SPK_24,Male
sentence_11.wav,dataset/chunks/rangpur/ran_cate_17/sentence_11.wav,আমার অ্যাকাউন্টে টাকা ঢুকেনি।,rangpur,cate_17,SPK_24,Male
sentence_12.wav,dataset/chunks/rangpur/ran_cate_17/sentence_12.wav,ব্যাংক খোলা আছে কি?,rangpur,cate_17,SPK_24,Male
sentence_13.wav,dataset/chunks/rangpur/ran_cate_17/sentence_13.wav,আমি একটি ডেবিট কার্ড চাই।,rangpur,cate_17,SPK_24,Male
sentence_14.wav,dataset/chunks/rangpur/ran_cate_17/sentence_14.wav,বিকাশে ট্রান্সফার সফল হয়েছে কি?,rangpur,cate_17,SPK_24,Male
sentence_15.wav,dataset/chunks/rangpur/ran_cate_17/sentence_15.wav,আমি ক্রেডিট কার্ড আবেদন করতে চাই।,rangpur,cate_17,SPK_24,Male
sentence_16.wav,dataset/chunks/rangpur/ran_cate_17/sentence_16.wav,ATM থেকে কত টাকা তুলতে পারি?,rangpur,cate_17,SPK_24,Male
sentence_17.wav,dataset/chunks/rangpur/ran_cate_17/sentence_17.wav,আমার পিন ভুল হয়েছে।,rangpur,cate_17,SPK_24,Male
sentence_18.wav,dataset/chunks/rangpur/ran_cate_17/sentence_18.wav,ব্যাংক ফি কত?,rangpur,cate_17,SPK_24,Male
sentence_19.wav,dataset/chunks/rangpur/ran_cate_17/sentence_19.wav,আমি চেকবই চাই।,rangpur,cate_17,SPK_24,Male
sentence_20.wav,dataset/chunks/rangpur/ran_cate_17/sentence_20.wav,বিকাশে লেনদেন কতক্ষণ সময় নেয়?,rangpur,cate_17,SPK_24,Male
sentence_21.wav,dataset/chunks/rangpur/ran_cate_17/sentence_21.wav,আমি টাকা তুলতে চাই।,rangpur,cate_17,SPK_24,Male
sentence_22.wav,dataset/chunks/rangpur/ran_cate_17/sentence_22.wav,আমার অ্যাকাউন্ট ব্লক হয়েছে।,rangpur,cate_17,SPK_24,Male
sentence_23.wav,dataset/chunks/rangpur/ran_cate_17/sentence_23.wav,ব্যাংকিং সেবা ভালো কি?,rangpur,cate_17,SPK_24,Male
sentence_24.wav,dataset/chunks/rangpur/ran_cate_17/sentence_24.wav,আমি ফান্ড ট্রান্সফার করতে চাই।,rangpur,cate_17,SPK_24,Male
sentence_25.wav,dataset/chunks/rangpur/ran_cate_17/sentence_25.wav,ATM কোথায় আছে?,rangpur,cate_17,SPK_24,Male
sentence_26.wav,dataset/chunks/rangpur/ran_cate_17/sentence_26.wav,আমার ডেবিট কার্ড হারিয়েছে।,rangpur,cate_17,SPK_24,Male
sentence_27.wav,dataset/chunks/rangpur/ran_cate_17/sentence_27.wav,আমি বিকাশ ব্যালেন্স চেক করতে চাই।,rangpur,cate_17,SPK_24,Male
sentence_28.wav,dataset/chunks/rangpur/ran_cate_17/sentence_28.wav,ব্যাংক অ্যাকাউন্ট কতদিনে খোলা হয়?,rangpur,cate_17,SPK_24,Male
sentence_29.wav,dataset/chunks/rangpur/ran_cate_17/sentence_29.wav,আমি মোবাইল ব্যাংকিং ব্যবহার করতে চাই।,rangpur,cate_17,SPK_24,Male
sentence_30.wav,dataset/chunks/rangpur/ran_cate_17/sentence_30.wav,আমি টাকা পাঠিয়েছি কিন্তু পাওয়া যায়নি।,rangpur,cate_17,SPK_24,Male
sentence_31.wav,dataset/chunks/rangpur/ran_cate_17/sentence_31.wav,আমি লোন পরিশোধ করতে চাই।,rangpur,cate_17,SPK_24,Male
sentence_32.wav,dataset/chunks/rangpur/ran_cate_17/sentence_32.wav,ATM থেকে টাকা তুলতে সমস্যা।,rangpur,cate_17,SPK_24,Male
sentence_33.wav,dataset/chunks/rangpur/ran_cate_17/sentence_33.wav,ব্যাংকের চেক অনুমোদিত হয়েছে কি?,rangpur,cate_17,SPK_24,Male
sentence_34.wav,dataset/chunks/rangpur/ran_cate_17/sentence_34.wav,আমি বিকাশে টাকা জমা দিতে চাই।,rangpur,cate_17,SPK_24,Male
sentence_35.wav,dataset/chunks/rangpur/ran_cate_17/sentence_35.wav,আমার ক্রেডিট কার্ড লিমিট কত?,rangpur,cate_17,SPK_24,Male
sentence_36.wav,dataset/chunks/rangpur/ran_cate_17/sentence_36.wav,আমি ব্যাংক খোলা আছে কিনা জানতে চাই।,rangpur,cate_17,SPK_24,Male
sentence_37.wav,dataset/chunks/rangpur/ran_cate_17/sentence_37.wav,আমার অ্যাকাউন্ট নম্বর ভুল।,rangpur,cate_17,SPK_24,Male
sentence_38.wav,dataset/chunks/rangpur/ran_cate_17/sentence_38.wav,আমি ফান্ড রিসিভ করতে পারছি না।,rangpur,cate_17,SPK_24,Male
sentence_39.wav,dataset/chunks/rangpur/ran_cate_17/sentence_39.wav,ব্যাংক সেবা ধীর।,rangpur,cate_17,SPK_24,Male
sentence_40.wav,dataset/chunks/rangpur/ran_cate_17/sentence_40.wav,আমি বিকাশের পিন পরিবর্তন করতে চাই।,rangpur,cate_17,SPK_24,Male
sentence_41.wav,dataset/chunks/rangpur/ran_cate_17/sentence_41.wav,আমি একটি ট্রান্সফার করতে চাই।,rangpur,cate_17,SPK_24,Male
sentence_42.wav,dataset/chunks/rangpur/ran_cate_17/sentence_42.wav,ব্যাংকের কনসাল্ট্যান্ট কোথায় আছে?,rangpur,cate_17,SPK_24,Male
sentence_43.wav,dataset/chunks/rangpur/ran_cate_17/sentence_43.wav,আমার অ্যাকাউন্টে লেনদেন দেখা যায় না।,rangpur,cate_17,SPK_24,Male
sentence_44.wav,dataset/chunks/rangpur/ran_cate_17/sentence_44.wav,আমি নতুন ATM কার্ড চাই।,rangpur,cate_17,SPK_24,Male
sentence_45.wav,dataset/chunks/rangpur/ran_cate_17/sentence_45.wav,বিকাশে লেনদেন বাতিল হয়েছে।,rangpur,cate_17,SPK_24,Male
sentence_46.wav,dataset/chunks/rangpur/ran_cate_17/sentence_46.wav,ব্যাংকের চেক যাচাই হয়েছে কি?,rangpur,cate_17,SPK_24,Male
sentence_47.wav,dataset/chunks/rangpur/ran_cate_17/sentence_47.wav,আমি ফান্ড ট্রান্সফার করতে পারছি না।,rangpur,cate_17,SPK_24,Male
sentence_48.wav,dataset/chunks/rangpur/ran_cate_17/sentence_48.wav,আমার অ্যাকাউন্টে টাকা কমেছে।,rangpur,cate_17,SPK_24,Male
sentence_49.wav,dataset/chunks/rangpur/ran_cate_17/sentence_49.wav,আমি লোন স্ট্যাটাস জানতে চাই।,rangpur,cate_17,SPK_24,Male
sentence_50.wav,dataset/chunks/rangpur/ran_cate_17/sentence_50.wav,ATM খুব ব্যস্ত।,rangpur,cate_17,SPK_24,Male
sentence_51.wav,dataset/chunks/rangpur/ran_cate_17/sentence_51.wav,আমি বিকাশে নতুন নাম্বার রেজিস্টার করতে চাই।,rangpur,cate_17,SPK_24,Male
sentence_52.wav,dataset/chunks/rangpur/ran_cate_17/sentence_52.wav,ব্যাংকের ফি খুব বেশি।,rangpur,cate_17,SPK_24,Male
sentence_53.wav,dataset/chunks/rangpur/ran_cate_17/sentence_53.wav,আমি অনলাইন পেমেন্ট করতে চাই।,rangpur,cate_17,SPK_24,Male
sentence_54.wav,dataset/chunks/rangpur/ran_cate_17/sentence_54.wav,আমার অ্যাকাউন্টে লেনদেন বন্ধ।,rangpur,cate_17,SPK_24,Male
sentence_55.wav,dataset/chunks/rangpur/ran_cate_17/sentence_55.wav,আমি চেক জমা দিতে পারছি না।,rangpur,cate_17,SPK_24,Male
sentence_56.wav,dataset/chunks/rangpur/ran_cate_17/sentence_56.wav,বিকাশে টাকা স্থানান্তর করতে সমস্যা।,rangpur,cate_17,SPK_24,Male
sentence_57.wav,dataset/chunks/rangpur/ran_cate_17/sentence_57.wav,ব্যাংকের সময়সূচি পরিবর্তন হয়েছে।,rangpur,cate_17,SPK_24,Male
sentence_58.wav,dataset/chunks/rangpur/ran_cate_17/sentence_58.wav,আমি ক্রেডিট কার্ড একটিভ করতে চাই।,rangpur,cate_17,SPK_24,Male
sentence_59.wav,dataset/chunks/rangpur/ran_cate_17/sentence_59.wav,আমার লোন অ্যাপ্লিকেশন পেন্ডিং আছে।,rangpur,cate_17,SPK_24,Male
sentence_60.wav,dataset/chunks/rangpur/ran_cate_17/sentence_60.wav,ATM থেকে লেনদেন বাতিল হয়েছে।,rangpur,cate_17,SPK_24,Male
sentence_61.wav,dataset/chunks/rangpur/ran_cate_17/sentence_61.wav,আমি বিকাশে টাকা রিফান্ড চাই।,rangpur,cate_17,SPK_24,Male
sentence_62.wav,dataset/chunks/rangpur/ran_cate_17/sentence_62.wav,ব্যাংকের সার্ভিস খারাপ।,rangpur,cate_17,SPK_24,Male
sentence_63.wav,dataset/chunks/rangpur/ran_cate_17/sentence_63.wav,আমি আমার অ্যাকাউন্ট বন্ধ করতে চাই।,rangpur,cate_17,SPK_24,Male
sentence_64.wav,dataset/chunks/rangpur/ran_cate_17/sentence_64.wav,আমার ডেবিট কার্ড ব্লক হয়েছে।,rangpur,cate_17,SPK_24,Male
sentence_65.wav,dataset/chunks/rangpur/ran_cate_17/sentence_65.wav,আমি ফান্ড রিসিভ করতে পারছি না।,rangpur,cate_17,SPK_24,Male
sentence_66.wav,dataset/chunks/rangpur/ran_cate_17/sentence_66.wav,ব্যাংকের লাইন অনেক লম্বা।,rangpur,cate_17,SPK_24,Male
sentence_67.wav,dataset/chunks/rangpur/ran_cate_17/sentence_67.wav,আমি ক্রেডিট কার্ড বন্ধ করতে চাই।,rangpur,cate_17,SPK_24,Male
sentence_68.wav,dataset/chunks/rangpur/ran_cate_17/sentence_68.wav,আমার অ্যাকাউন্টে টাকা জমা হয়নি।,rangpur,cate_17,SPK_24,Male
sentence_69.wav,dataset/chunks/rangpur/ran_cate_17/sentence_69.wav,আমি বিকাশে লেনদেনের হিস্ট্রি দেখতে চাই।,rangpur,cate_17,SPK_24,Male
sentence_70.wav,dataset/chunks/rangpur/ran_cate_17/sentence_70.wav,ব্যাংকের লোন প্রক্রিয়া ধীর।,rangpur,cate_17,SPK_24,Male
sentence_01.wav,dataset/chunks/rangpur/ran_cate_18/sentence_01.wav,আমি খুব খুশি।,rangpur,cate_18,SPK_49,Female
sentence_02.wav,dataset/chunks/rangpur/ran_cate_18/sentence_02.wav,তুমি কীভাবে অনুভব করছো?,rangpur,cate_18,SPK_49,Female
sentence_03.wav,dataset/chunks/rangpur/ran_cate_18/sentence_03.wav,আমি দুঃখিত।,rangpur,cate_18,SPK_49,Female
sentence_04.wav,dataset/chunks/rangpur/ran_cate_18/sentence_04.wav,এটা সত্যিই দুঃখজনক।,rangpur,cate_18,SPK_49,Female
sentence_05.wav,dataset/chunks/rangpur/ran_cate_18/sentence_05.wav,আমি রাগান্বিত।,rangpur,cate_18,SPK_49,Female
sentence_06.wav,dataset/chunks/rangpur/ran_cate_18/sentence_06.wav,তুমি কেন রাগ করছো?,rangpur,cate_18,SPK_49,Female
sentence_07.wav,dataset/chunks/rangpur/ran_cate_18/sentence_07.wav,আমি উত্তেজিত।,rangpur,cate_18,SPK_49,Female
sentence_08.wav,dataset/chunks/rangpur/ran_cate_18/sentence_08.wav,এটা আমার জন্য আশ্চর্যজনক।,rangpur,cate_18,SPK_49,Female
sentence_09.wav,dataset/chunks/rangpur/ran_cate_18/sentence_09.wav,আমি ভীত।,rangpur,cate_18,SPK_49,Female
sentence_10.wav,dataset/chunks/rangpur/ran_cate_18/sentence_10.wav,তুমি কেন ভয় পাচ্ছো?,rangpur,cate_18,SPK_49,Female
sentence_11.wav,dataset/chunks/rangpur/ran_cate_18/sentence_11.wav,আমি দারুণ খুশি।,rangpur,cate_18,SPK_49,Female
sentence_12.wav,dataset/chunks/rangpur/ran_cate_18/sentence_12.wav,এটা সত্যিই আমাকে কষ্ট দিচ্ছে।,rangpur,cate_18,SPK_49,Female
sentence_13.wav,dataset/chunks/rangpur/ran_cate_18/sentence_13.wav,আমি হতাশ।,rangpur,cate_18,SPK_49,Female
sentence_14.wav,dataset/chunks/rangpur/ran_cate_18/sentence_14.wav,তুমি খুব আনন্দিত দেখাচ্ছো।,rangpur,cate_18,SPK_49,Female
sentence_15.wav,dataset/chunks/rangpur/ran_cate_18/sentence_15.wav,আমি অবাক।,rangpur,cate_18,SPK_49,Female
sentence_16.wav,dataset/chunks/rangpur/ran_cate_18/sentence_16.wav,এটা আমার জন্য দুঃসংবাদ।,rangpur,cate_18,SPK_49,Female
sentence_17.wav,dataset/chunks/rangpur/ran_cate_18/sentence_17.wav,আমি খুব দুঃখিত।,rangpur,cate_18,SPK_49,Female
sentence_18.wav,dataset/chunks/rangpur/ran_cate_18/sentence_18.wav,তুমি কি খুশি?,rangpur,cate_18,SPK_49,Female
sentence_19.wav,dataset/chunks/rangpur/ran_cate_18/sentence_19.wav,আমি উত্তেজিত অনুভব করছি।,rangpur,cate_18,SPK_49,Female
sentence_20.wav,dataset/chunks/rangpur/ran_cate_18/sentence_20.wav,আমি রাগান্বিত হয়ে যাচ্ছি।,rangpur,cate_18,SPK_49,Female
sentence_21.wav,dataset/chunks/rangpur/ran_cate_18/sentence_21.wav,এটা সত্যিই অবাক করা।,rangpur,cate_18,SPK_49,Female
sentence_22.wav,dataset/chunks/rangpur/ran_cate_18/sentence_22.wav,"আমি দুঃখিত, এটা আমার দোষ।",rangpur,cate_18,SPK_49,Female
sentence_23.wav,dataset/chunks/rangpur/ran_cate_18/sentence_23.wav,তুমি কেমন অনুভব করছো?,rangpur,cate_18,SPK_49,Female
sentence_24.wav,dataset/chunks/rangpur/ran_cate_18/sentence_24.wav,আমি শান্ত।,rangpur,cate_18,SPK_49,Female
sentence_25.wav,dataset/chunks/rangpur/ran_cate_18/sentence_25.wav,এটা আমাকে আনন্দিত করছে।,rangpur,cate_18,SPK_49,Female
sentence_26.wav,dataset/chunks/rangpur/ran_cate_18/sentence_26.wav,আমি চিন্তিত।,rangpur,cate_18,SPK_49,Female
sentence_27.wav,dataset/chunks/rangpur/ran_cate_18/sentence_27.wav,আমি হতাশ হয়ে যাচ্ছি।,rangpur,cate_18,SPK_49,Female
sentence_28.wav,dataset/chunks/rangpur/ran_cate_18/sentence_28.wav,তুমি রাগান্বিত না তো?,rangpur,cate_18,SPK_49,Female
sentence_29.wav,dataset/chunks/rangpur/ran_cate_18/sentence_29.wav,আমি সত্যিই আনন্দিত।,rangpur,cate_18,SPK_49,Female
sentence_30.wav,dataset/chunks/rangpur/ran_cate_18/sentence_30.wav,এটা আমাকে বিরক্ত করছে।,rangpur,cate_18,SPK_49,Female
sentence_31.wav,dataset/chunks/rangpur/ran_cate_18/sentence_31.wav,আমি অবাক হয়ে গেলাম।,rangpur,cate_18,SPK_49,Female
sentence_32.wav,dataset/chunks/rangpur/ran_cate_18/sentence_32.wav,আমি খুব ভীত।,rangpur,cate_18,SPK_49,Female
sentence_33.wav,dataset/chunks/rangpur/ran_cate_18/sentence_33.wav,তুমি আনন্দিত দেখাচ্ছো।,rangpur,cate_18,SPK_49,Female
sentence_34.wav,dataset/chunks/rangpur/ran_cate_18/sentence_34.wav,আমি হতাশ অনুভব করছি।,rangpur,cate_18,SPK_49,Female
sentence_35.wav,dataset/chunks/rangpur/ran_cate_18/sentence_35.wav,আমি রাগান্বিত হয়ে গিয়েছি।,rangpur,cate_18,SPK_49,Female
sentence_36.wav,dataset/chunks/rangpur/ran_cate_18/sentence_36.wav,এটা আমাকে আনন্দ দিচ্ছে।,rangpur,cate_18,SPK_49,Female
sentence_37.wav,dataset/chunks/rangpur/ran_cate_18/sentence_37.wav,আমি উদ্বিগ্ন।,rangpur,cate_18,SPK_49,Female
sentence_38.wav,dataset/chunks/rangpur/ran_cate_18/sentence_38.wav,তুমি কেন দুঃখিত?,rangpur,cate_18,SPK_49,Female
sentence_39.wav,dataset/chunks/rangpur/ran_cate_18/sentence_39.wav,আমি খুব খুশি অনুভব করছি।,rangpur,cate_18,SPK_49,Female
sentence_40.wav,dataset/chunks/rangpur/ran_cate_18/sentence_40.wav,এটা সত্যিই বিরক্তিকর।,rangpur,cate_18,SPK_49,Female
sentence_41.wav,dataset/chunks/rangpur/ran_cate_18/sentence_41.wav,আমি আশ্চর্য।,rangpur,cate_18,SPK_49,Female
sentence_42.wav,dataset/chunks/rangpur/ran_cate_18/sentence_42.wav,তুমি ভয় পাচ্ছো কেন?,rangpur,cate_18,SPK_49,Female
sentence_43.wav,dataset/chunks/rangpur/ran_cate_18/sentence_43.wav,আমি খুব আনন্দিত।,rangpur,cate_18,SPK_49,Female
sentence_44.wav,dataset/chunks/rangpur/ran_cate_18/sentence_44.wav,এটা আমাকে দুঃখিত করছে।,rangpur,cate_18,SPK_49,Female
sentence_45.wav,dataset/chunks/rangpur/ran_cate_18/sentence_45.wav,আমি রাগ অনুভব করছি।,rangpur,cate_18,SPK_49,Female
sentence_46.wav,dataset/chunks/rangpur/ran_cate_18/sentence_46.wav,তুমি উত্তেজিত নাকি?,rangpur,cate_18,SPK_49,Female
sentence_47.wav,dataset/chunks/rangpur/ran_cate_18/sentence_47.wav,আমি অবাক হয়ে যাচ্ছি।,rangpur,cate_18,SPK_49,Female
sentence_48.wav,dataset/chunks/rangpur/ran_cate_18/sentence_48.wav,এটা সত্যিই দারুণ।,rangpur,cate_18,SPK_49,Female
sentence_49.wav,dataset/chunks/rangpur/ran_cate_18/sentence_49.wav,আমি শান্ত অনুভব করছি।,rangpur,cate_18,SPK_49,Female
sentence_50.wav,dataset/chunks/rangpur/ran_cate_18/sentence_50.wav,তুমি দুঃখিত নাকি?,rangpur,cate_18,SPK_49,Female
sentence_51.wav,dataset/chunks/rangpur/ran_cate_18/sentence_51.wav,আমি খুব চিন্তিত।,rangpur,cate_18,SPK_49,Female
sentence_52.wav,dataset/chunks/rangpur/ran_cate_18/sentence_52.wav,এটা আমাকে বিরক্ত করছে।,rangpur,cate_18,SPK_49,Female
sentence_53.wav,dataset/chunks/rangpur/ran_cate_18/sentence_53.wav,আমি আনন্দ অনুভব করছি।,rangpur,cate_18,SPK_49,Female
sentence_54.wav,dataset/chunks/rangpur/ran_cate_18/sentence_54.wav,তুমি রাগান্বিত নাকি?,rangpur,cate_18,SPK_49,Female
sentence_55.wav,dataset/chunks/rangpur/ran_cate_18/sentence_55.wav,আমি আশ্চর্য অনুভব করছি।,rangpur,cate_18,SPK_49,Female
sentence_56.wav,dataset/chunks/rangpur/ran_cate_18/sentence_56.wav,এটা আমাকে উত্তেজিত করছে।,rangpur,cate_18,SPK_49,Female
sentence_57.wav,dataset/chunks/rangpur/ran_cate_18/sentence_57.wav,"আমি দুঃখিত, আমি কিছু করতে পারিনি।",rangpur,cate_18,SPK_49,Female
sentence_58.wav,dataset/chunks/rangpur/ran_cate_18/sentence_58.wav,তুমি খুশি নাকি?,rangpur,cate_18,SPK_49,Female
sentence_59.wav,dataset/chunks/rangpur/ran_cate_18/sentence_59.wav,আমি খুব ভীত অনুভব করছি।,rangpur,cate_18,SPK_49,Female
sentence_60.wav,dataset/chunks/rangpur/ran_cate_18/sentence_60.wav,এটা সত্যিই দুঃখজনক।,rangpur,cate_18,SPK_49,Female
sentence_61.wav,dataset/chunks/rangpur/ran_cate_18/sentence_61.wav,আমি রাগান্বিত হয়ে যাচ্ছি।,rangpur,cate_18,SPK_49,Female
sentence_62.wav,dataset/chunks/rangpur/ran_cate_18/sentence_62.wav,তুমি উদ্বিগ্ন নাকি?,rangpur,cate_18,SPK_49,Female
sentence_63.wav,dataset/chunks/rangpur/ran_cate_18/sentence_63.wav,আমি খুব আনন্দিত অনুভব করছি।,rangpur,cate_18,SPK_49,Female
sentence_64.wav,dataset/chunks/rangpur/ran_cate_18/sentence_64.wav,এটা আমাকে হতাশ করছে।,rangpur,cate_18,SPK_49,Female
sentence_65.wav,dataset/chunks/rangpur/ran_cate_18/sentence_65.wav,আমি শান্ত অনুভব করছি।,rangpur,cate_18,SPK_49,Female
sentence_66.wav,dataset/chunks/rangpur/ran_cate_18/sentence_66.wav,তুমি দারুণ খুশি দেখাচ্ছো।,rangpur,cate_18,SPK_49,Female
sentence_67.wav,dataset/chunks/rangpur/ran_cate_18/sentence_67.wav,আমি বিরক্ত অনুভব করছি।,rangpur,cate_18,SPK_49,Female
sentence_68.wav,dataset/chunks/rangpur/ran_cate_18/sentence_68.wav,এটা আমাকে অবাক করছে।,rangpur,cate_18,SPK_49,Female
sentence_69.wav,dataset/chunks/rangpur/ran_cate_18/sentence_69.wav,আমি উত্তেজিত হয়ে যাচ্ছি।,rangpur,cate_18,SPK_49,Female
sentence_70.wav,dataset/chunks/rangpur/ran_cate_18/sentence_70.wav,আমি সত্যিই খুশি।,rangpur,cate_18,SPK_49,Female
sentence_01.wav,dataset/chunks/rangpur/ran_cate_19/sentence_01.wav,আমি লোকসংগীত শুনতে ভালোবাসি।,rangpur,cate_19,SPK_49,Female
sentence_02.wav,dataset/chunks/rangpur/ran_cate_19/sentence_02.wav,তুমি কি আজ রাতে নাচ দেখতে যাবে?,rangpur,cate_19,SPK_49,Female
sentence_03.wav,dataset/chunks/rangpur/ran_cate_19/sentence_03.wav,মেলা খুব সুন্দর।,rangpur,cate_19,SPK_49,Female
sentence_04.wav,dataset/chunks/rangpur/ran_cate_19/sentence_04.wav,তুমি কি পহেলা বৈশাখ উদযাপন করছো?,rangpur,cate_19,SPK_49,Female
sentence_05.wav,dataset/chunks/rangpur/ran_cate_19/sentence_05.wav,আমি একটি লোকনৃত্য শিখছি।,rangpur,cate_19,SPK_49,Female
sentence_06.wav,dataset/chunks/rangpur/ran_cate_19/sentence_06.wav,আজ রাতে আমরা মেলায় যাচ্ছি।,rangpur,cate_19,SPK_49,Female
sentence_07.wav,dataset/chunks/rangpur/ran_cate_19/sentence_07.wav,তুমি কি বাঁশি বাজাতে পারো?,rangpur,cate_19,SPK_49,Female
sentence_08.wav,dataset/chunks/rangpur/ran_cate_19/sentence_08.wav,আমরা পুতুলনাচ দেখেছি।,rangpur,cate_19,SPK_49,Female
sentence_09.wav,dataset/chunks/rangpur/ran_cate_19/sentence_09.wav,মেলায় অনেক লোক আছে।,rangpur,cate_19,SPK_49,Female
sentence_10.wav,dataset/chunks/rangpur/ran_cate_19/sentence_10.wav,তুমি কি ঢাক বাজাতে চাও?,rangpur,cate_19,SPK_49,Female
sentence_11.wav,dataset/chunks/rangpur/ran_cate_19/sentence_11.wav,আমি নাটক দেখতে যাচ্ছি।,rangpur,cate_19,SPK_49,Female
sentence_12.wav,dataset/chunks/rangpur/ran_cate_19/sentence_12.wav,আজকে কাব্য অনুষ্ঠানে যাচ্ছি।,rangpur,cate_19,SPK_49,Female
sentence_13.wav,dataset/chunks/rangpur/ran_cate_19/sentence_13.wav,তুমি কি গান গাইতে পারো?,rangpur,cate_19,SPK_49,Female
sentence_14.wav,dataset/chunks/rangpur/ran_cate_19/sentence_14.wav,লোকনৃত্য খুব সুন্দর।,rangpur,cate_19,SPK_49,Female
sentence_15.wav,dataset/chunks/rangpur/ran_cate_19/sentence_15.wav,আমরা মেলায় পিঠা খেয়েছি।,rangpur,cate_19,SPK_49,Female
sentence_16.wav,dataset/chunks/rangpur/ran_cate_19/sentence_16.wav,তুমি কি আজকে শিল্প প্রদর্শনী দেখেছো?,rangpur,cate_19,SPK_49,Female
sentence_17.wav,dataset/chunks/rangpur/ran_cate_19/sentence_17.wav,আমি রবীন্দ্রনাথের গান শুনতে ভালোবাসি।,rangpur,cate_19,SPK_49,Female
sentence_18.wav,dataset/chunks/rangpur/ran_cate_19/sentence_18.wav,মেলায় খেলার স্টল আছে।,rangpur,cate_19,SPK_49,Female
sentence_19.wav,dataset/chunks/rangpur/ran_cate_19/sentence_19.wav,তুমি কি আজকে ঢোল বাজাচ্ছো?,rangpur,cate_19,SPK_49,Female
sentence_20.wav,dataset/chunks/rangpur/ran_cate_19/sentence_20.wav,আমরা একটি রাস্তানাটক দেখেছি।,rangpur,cate_19,SPK_49,Female
sentence_21.wav,dataset/chunks/rangpur/ran_cate_19/sentence_21.wav,মেলায় অনেক খাবার বিক্রি হচ্ছে।,rangpur,cate_19,SPK_49,Female
sentence_22.wav,dataset/chunks/rangpur/ran_cate_19/sentence_22.wav,তুমি কি আজকে লোকগীতি শোনাচ্ছো?,rangpur,cate_19,SPK_49,Female
sentence_23.wav,dataset/chunks/rangpur/ran_cate_19/sentence_23.wav,আমি নৃত্য প্রতিযোগিতায় অংশ নিচ্ছি।,rangpur,cate_19,SPK_49,Female
sentence_24.wav,dataset/chunks/rangpur/ran_cate_19/sentence_24.wav,মেলায় সাজানো হয়েছে অনেক আলোকসজ্জা।,rangpur,cate_19,SPK_49,Female
sentence_25.wav,dataset/chunks/rangpur/ran_cate_19/sentence_25.wav,তুমি কি আজকে মেলায় গিয়েছো?,rangpur,cate_19,SPK_49,Female
sentence_26.wav,dataset/chunks/rangpur/ran_cate_19/sentence_26.wav,আমরা একটি লোককাহিনী শোনেছি।,rangpur,cate_19,SPK_49,Female
sentence_27.wav,dataset/chunks/rangpur/ran_cate_19/sentence_27.wav,তুমি কি আজকে নাটক দেখেছো?,rangpur,cate_19,SPK_49,Female
sentence_28.wav,dataset/chunks/rangpur/ran_cate_19/sentence_28.wav,আমি পটচিত্র দেখতে ভালোবাসি।,rangpur,cate_19,SPK_49,Female
sentence_29.wav,dataset/chunks/rangpur/ran_cate_19/sentence_29.wav,মেলায় অনেক শিশু খেলছে।,rangpur,cate_19,SPK_49,Female
sentence_30.wav,dataset/chunks/rangpur/ran_cate_19/sentence_30.wav,তুমি কি লোকনৃত্য শিখছো?,rangpur,cate_19,SPK_49,Female
sentence_31.wav,dataset/chunks/rangpur/ran_cate_19/sentence_31.wav,আমরা পুতুলনাচ প্রদর্শনীতে গিয়েছি।,rangpur,cate_19,SPK_49,Female
sentence_32.wav,dataset/chunks/rangpur/ran_cate_19/sentence_32.wav,মেলায় গান বাজানো হচ্ছে।,rangpur,cate_19,SPK_49,Female
sentence_33.wav,dataset/chunks/rangpur/ran_cate_19/sentence_33.wav,তুমি কি শিল্পকর্ম তৈরি করছো?,rangpur,cate_19,SPK_49,Female
sentence_34.wav,dataset/chunks/rangpur/ran_cate_19/sentence_34.wav,আমি লোকসংগীত শোনাচ্ছি।,rangpur,cate_19,SPK_49,Female
sentence_35.wav,dataset/chunks/rangpur/ran_cate_19/sentence_35.wav,মেলায় খেলনা বিক্রি হচ্ছে।,rangpur,cate_19,SPK_49,Female
sentence_36.wav,dataset/chunks/rangpur/ran_cate_19/sentence_36.wav,তুমি কি আজকে পিঠা খেয়েছো?,rangpur,cate_19,SPK_49,Female
sentence_37.wav,dataset/chunks/rangpur/ran_cate_19/sentence_37.wav,আমরা নৃত্য প্রদর্শনীতে অংশ নিয়েছি।,rangpur,cate_19,SPK_49,Female
sentence_38.wav,dataset/chunks/rangpur/ran_cate_19/sentence_38.wav,মেলায় বিভিন্ন খাবার রয়েছে।,rangpur,cate_19,SPK_49,Female
sentence_39.wav,dataset/chunks/rangpur/ran_cate_19/sentence_39.wav,তুমি কি আজকে কাব্য শোনাচ্ছো?,rangpur,cate_19,SPK_49,Female
sentence_40.wav,dataset/chunks/rangpur/ran_cate_19/sentence_40.wav,আমি রবীন্দ্রনাথের গান গাইছি।,rangpur,cate_19,SPK_49,Female
sentence_41.wav,dataset/chunks/rangpur/ran_cate_19/sentence_41.wav,মেলায় রঙিন বাতি জ্বলে।,rangpur,cate_19,SPK_49,Female
sentence_42.wav,dataset/chunks/rangpur/ran_cate_19/sentence_42.wav,তুমি কি আজকে নাটক মঞ্চস্থ করছো?,rangpur,cate_19,SPK_49,Female
sentence_43.wav,dataset/chunks/rangpur/ran_cate_19/sentence_43.wav,আমরা লোকনৃত্য দেখতে যাচ্ছি।,rangpur,cate_19,SPK_49,Female
sentence_44.wav,dataset/chunks/rangpur/ran_cate_19/sentence_44.wav,মেলায় অনেক ছবি তোলা হচ্ছে।,rangpur,cate_19,SPK_49,Female
sentence_45.wav,dataset/chunks/rangpur/ran_cate_19/sentence_45.wav,তুমি কি পুতুলনাচ পছন্দ করো?,rangpur,cate_19,SPK_49,Female
sentence_46.wav,dataset/chunks/rangpur/ran_cate_19/sentence_46.wav,আমি নৃত্য প্রশিক্ষণ নিচ্ছি।,rangpur,cate_19,SPK_49,Female
sentence_47.wav,dataset/chunks/rangpur/ran_cate_19/sentence_47.wav,মেলায় লোকশিল্প প্রদর্শিত হচ্ছে।,rangpur,cate_19,SPK_49,Female
sentence_48.wav,dataset/chunks/rangpur/ran_cate_19/sentence_48.wav,তুমি কি আজকে গান শোনাচ্ছো?,rangpur,cate_19,SPK_49,Female
sentence_49.wav,dataset/chunks/rangpur/ran_cate_19/sentence_49.wav,আমরা মেলায় হস্তশিল্প কিনেছি।,rangpur,cate_19,SPK_49,Female
sentence_50.wav,dataset/chunks/rangpur/ran_cate_19/sentence_50.wav,মেলায় অনেক লোক আনন্দ করছে।,rangpur,cate_19,SPK_49,Female
sentence_51.wav,dataset/chunks/rangpur/ran_cate_19/sentence_51.wav,তুমি কি আজকে মেলার খেলা খেলেছো?,rangpur,cate_19,SPK_49,Female
sentence_52.wav,dataset/chunks/rangpur/ran_cate_19/sentence_52.wav,আমি লোকনৃত্য প্রদর্শনীতে গিয়েছি।,rangpur,cate_19,SPK_49,Female
sentence_53.wav,dataset/chunks/rangpur/ran_cate_19/sentence_53.wav,মেলায় মিষ্টি বিক্রি হচ্ছে।,rangpur,cate_19,SPK_49,Female
sentence_54.wav,dataset/chunks/rangpur/ran_cate_19/sentence_54.wav,তুমি কি আজকে রাস্তানাটক দেখেছো?,rangpur,cate_19,SPK_49,Female
sentence_55.wav,dataset/chunks/rangpur/ran_cate_19/sentence_55.wav,আমি পুতুলনাচ তৈরি করছি।,rangpur,cate_19,SPK_49,Female
sentence_56.wav,dataset/chunks/rangpur/ran_cate_19/sentence_56.wav,মেলায় বিভিন্ন নাচ প্রদর্শিত হচ্ছে।,rangpur,cate_19,SPK_49,Female
sentence_57.wav,dataset/chunks/rangpur/ran_cate_19/sentence_57.wav,তুমি কি আজকে শিল্প প্রদর্শনীতে গিয়েছো?,rangpur,cate_19,SPK_49,Female
sentence_58.wav,dataset/chunks/rangpur/ran_cate_19/sentence_58.wav,আমরা মেলায় গান শুনেছি।,rangpur,cate_19,SPK_49,Female
sentence_59.wav,dataset/chunks/rangpur/ran_cate_19/sentence_59.wav,মেলায় লোকসংগীত বাজানো হয়েছে।,rangpur,cate_19,SPK_49,Female
sentence_60.wav,dataset/chunks/rangpur/ran_cate_19/sentence_60.wav,তুমি কি আজকে পিঠা খেয়েছো?,rangpur,cate_19,SPK_49,Female
sentence_61.wav,dataset/chunks/rangpur/ran_cate_19/sentence_61.wav,আমি নৃত্য প্রশিক্ষণে অংশ নিচ্ছি।,rangpur,cate_19,SPK_49,Female
sentence_62.wav,dataset/chunks/rangpur/ran_cate_19/sentence_62.wav,মেলায় খেলা প্রদর্শনী হয়েছে।,rangpur,cate_19,SPK_49,Female
sentence_63.wav,dataset/chunks/rangpur/ran_cate_19/sentence_63.wav,তুমি কি আজকে রঙিন লাইট দেখেছো?,rangpur,cate_19,SPK_49,Female
sentence_64.wav,dataset/chunks/rangpur/ran_cate_19/sentence_64.wav,আমরা মেলায় হস্তশিল্প শিখেছি।,rangpur,cate_19,SPK_49,Female
sentence_65.wav,dataset/chunks/rangpur/ran_cate_19/sentence_65.wav,মেলায় লোককাহিনী বলা হয়েছে।,rangpur,cate_19,SPK_49,Female
sentence_66.wav,dataset/chunks/rangpur/ran_cate_19/sentence_66.wav,তুমি কি আজকে কাব্য শোনেছো?,rangpur,cate_19,SPK_49,Female
sentence_67.wav,dataset/chunks/rangpur/ran_cate_19/sentence_67.wav,আমি মেলায় গিয়েছি।,rangpur,cate_19,SPK_49,Female
sentence_68.wav,dataset/chunks/rangpur/ran_cate_19/sentence_68.wav,মেলায় নাটক প্রদর্শিত হয়েছে।,rangpur,cate_19,SPK_49,Female
sentence_69.wav,dataset/chunks/rangpur/ran_cate_19/sentence_69.wav,তুমি কি আজকে গান গেয়েছো?,rangpur,cate_19,SPK_49,Female
sentence_70.wav,dataset/chunks/rangpur/ran_cate_19/sentence_70.wav,আমরা মেলায় নাচ উপভোগ করেছি।,rangpur,cate_19,SPK_49,Female
sentence_01.wav,dataset/chunks/sylhet/syl_cate_01/sentence_01.wav,আপনি কোথা থেকে এসেছেন?,sylhet,cate_01,SPK_14,Male
sentence_02.wav,dataset/chunks/sylhet/syl_cate_01/sentence_02.wav,আপনার নাম কী?,sylhet,cate_01,SPK_14,Male
sentence_03.wav,dataset/chunks/sylhet/syl_cate_01/sentence_03.wav,আমার নাম জন।,sylhet,cate_01,SPK_14,Male
sentence_04.wav,dataset/chunks/sylhet/syl_cate_01/sentence_04.wav,আপনার সাথে পরিচিত হয়ে ভালো লাগলো।,sylhet,cate_01,SPK_14,Male
sentence_05.wav,dataset/chunks/sylhet/syl_cate_01/sentence_05.wav,আমি এই এলাকায় নতুন।,sylhet,cate_01,SPK_14,Male
sentence_06.wav,dataset/chunks/sylhet/syl_cate_01/sentence_06.wav,আপনি কি এখানে থাকেন?,sylhet,cate_01,SPK_14,Male
sentence_07.wav,dataset/chunks/sylhet/syl_cate_01/sentence_07.wav,আপনি কি প্রথমবার এখানে এসেছেন?,sylhet,cate_01,SPK_14,Male
sentence_08.wav,dataset/chunks/sylhet/syl_cate_01/sentence_08.wav,আমি বাংলাদেশে ভ্রমণে এসেছি।,sylhet,cate_01,SPK_14,Male
sentence_09.wav,dataset/chunks/sylhet/syl_cate_01/sentence_09.wav,আপনি কী করেন?,sylhet,cate_01,SPK_14,Male
sentence_10.wav,dataset/chunks/sylhet/syl_cate_01/sentence_10.wav,আমি একজন ছাত্র।,sylhet,cate_01,SPK_14,Male
sentence_11.wav,dataset/chunks/sylhet/syl_cate_01/sentence_11.wav,আপনার বাড়ি কোথায়?,sylhet,cate_01,SPK_14,Male
sentence_12.wav,dataset/chunks/sylhet/syl_cate_01/sentence_12.wav,আপনি কেমন আছেন?,sylhet,cate_01,SPK_14,Male
sentence_13.wav,dataset/chunks/sylhet/syl_cate_01/sentence_13.wav,আমি ভালো আছি।,sylhet,cate_01,SPK_14,Male
sentence_14.wav,dataset/chunks/sylhet/syl_cate_01/sentence_14.wav,অনেক দিন পর দেখা হলো।,sylhet,cate_01,SPK_14,Male
sentence_15.wav,dataset/chunks/sylhet/syl_cate_01/sentence_15.wav,আপনাকে আবার দেখে ভালো লাগছে।,sylhet,cate_01,SPK_14,Male
sentence_16.wav,dataset/chunks/sylhet/syl_cate_01/sentence_16.wav,আপনি কি আমাকে সাহায্য করতে পারবেন?,sylhet,cate_01,SPK_14,Male
sentence_17.wav,dataset/chunks/sylhet/syl_cate_01/sentence_17.wav,আপনার সাথে কথা বলে ভালো লাগছে।,sylhet,cate_01,SPK_14,Male
sentence_18.wav,dataset/chunks/sylhet/syl_cate_01/sentence_18.wav,আমি এখানে কাজের জন্য এসেছি।,sylhet,cate_01,SPK_14,Male
sentence_19.wav,dataset/chunks/sylhet/syl_cate_01/sentence_19.wav,আপনি কোন দেশ থেকে এসেছেন?,sylhet,cate_01,SPK_14,Male
sentence_20.wav,dataset/chunks/sylhet/syl_cate_01/sentence_20.wav,আমি ইংরেজি বলতে পারি।,sylhet,cate_01,SPK_14,Male
sentence_21.wav,dataset/chunks/sylhet/syl_cate_01/sentence_21.wav,আপনি কি বাংলা বলতে পারেন?,sylhet,cate_01,SPK_14,Male
sentence_22.wav,dataset/chunks/sylhet/syl_cate_01/sentence_22.wav,আমি বাংলা শিখছি।,sylhet,cate_01,SPK_14,Male
sentence_23.wav,dataset/chunks/sylhet/syl_cate_01/sentence_23.wav,ধন্যবাদ আপনাকে।,sylhet,cate_01,SPK_14,Male
sentence_24.wav,dataset/chunks/sylhet/syl_cate_01/sentence_24.wav,আপনাকে স্বাগতম।,sylhet,cate_01,SPK_14,Male
sentence_25.wav,dataset/chunks/sylhet/syl_cate_01/sentence_25.wav,আপনার বয়স কত?,sylhet,cate_01,SPK_14,Male
sentence_26.wav,dataset/chunks/sylhet/syl_cate_01/sentence_26.wav,আমি এখানে পড়াশোনা করছি।,sylhet,cate_01,SPK_14,Male
sentence_27.wav,dataset/chunks/sylhet/syl_cate_01/sentence_27.wav,আমি এই শহরটি পছন্দ করি।,sylhet,cate_01,SPK_14,Male
sentence_28.wav,dataset/chunks/sylhet/syl_cate_01/sentence_28.wav,আপনার পরিবার কেমন আছে?,sylhet,cate_01,SPK_14,Male
sentence_29.wav,dataset/chunks/sylhet/syl_cate_01/sentence_29.wav,আপনার সাথে দেখা করতে পেরে আনন্দিত।,sylhet,cate_01,SPK_14,Male
sentence_30.wav,dataset/chunks/sylhet/syl_cate_01/sentence_30.wav,আপনি কি এখানে দীর্ঘদিন থাকবেন?,sylhet,cate_01,SPK_14,Male
sentence_31.wav,dataset/chunks/sylhet/syl_cate_01/sentence_31.wav,আমি কয়েকদিনের জন্য এসেছি।,sylhet,cate_01,SPK_14,Male
sentence_32.wav,dataset/chunks/sylhet/syl_cate_01/sentence_32.wav,আপনার সাথে যোগাযোগ রাখতে চাই।,sylhet,cate_01,SPK_14,Male
sentence_33.wav,dataset/chunks/sylhet/syl_cate_01/sentence_33.wav,এটা আমার প্রথম সফর।,sylhet,cate_01,SPK_14,Male
sentence_34.wav,dataset/chunks/sylhet/syl_cate_01/sentence_34.wav,আমি আপনার দেশ সম্পর্কে জানতে চাই।,sylhet,cate_01,SPK_14,Male
sentence_35.wav,dataset/chunks/sylhet/syl_cate_01/sentence_35.wav,আপনি কোথায় কাজ করেন?,sylhet,cate_01,SPK_14,Male
sentence_36.wav,dataset/chunks/sylhet/syl_cate_01/sentence_36.wav,আপনার ফোন নম্বর দিতে পারেন?,sylhet,cate_01,SPK_14,Male
sentence_37.wav,dataset/chunks/sylhet/syl_cate_01/sentence_37.wav,আমি আপনার সাথে পরে কথা বলবো।,sylhet,cate_01,SPK_14,Male
sentence_38.wav,dataset/chunks/sylhet/syl_cate_01/sentence_38.wav,আপনাকে দেখে ভালো লাগলো।,sylhet,cate_01,SPK_14,Male
sentence_39.wav,dataset/chunks/sylhet/syl_cate_01/sentence_39.wav,আপনি কি এখানে একা এসেছেন?,sylhet,cate_01,SPK_14,Male
sentence_40.wav,dataset/chunks/sylhet/syl_cate_01/sentence_40.wav,আমি আমার বন্ধুর সাথে এসেছি।,sylhet,cate_01,SPK_14,Male
sentence_41.wav,dataset/chunks/sylhet/syl_cate_01/sentence_41.wav,আপনার পেশা কী?,sylhet,cate_01,SPK_14,Male
sentence_42.wav,dataset/chunks/sylhet/syl_cate_01/sentence_42.wav,আমি একজন শিক্ষক।,sylhet,cate_01,SPK_14,Male
sentence_43.wav,dataset/chunks/sylhet/syl_cate_01/sentence_43.wav,আপনার সাথে কাজ করতে চাই।,sylhet,cate_01,SPK_14,Male
sentence_44.wav,dataset/chunks/sylhet/syl_cate_01/sentence_44.wav,আজকে আবহাওয়া সুন্দর।,sylhet,cate_01,SPK_14,Male
sentence_45.wav,dataset/chunks/sylhet/syl_cate_01/sentence_45.wav,আপনি কি এখানে থাকেন নাকি ভ্রমণে এসেছেন?,sylhet,cate_01,SPK_14,Male
sentence_46.wav,dataset/chunks/sylhet/syl_cate_01/sentence_46.wav,আমি এই জায়গাটি প্রথমবার দেখছি।,sylhet,cate_01,SPK_14,Male
sentence_47.wav,dataset/chunks/sylhet/syl_cate_01/sentence_47.wav,আপনার সাথে পরিচয় হওয়া আমার জন্য সম্মানের।,sylhet,cate_01,SPK_14,Male
sentence_48.wav,dataset/chunks/sylhet/syl_cate_01/sentence_48.wav,আপনি কোন ভাষায় কথা বলেন?,sylhet,cate_01,SPK_14,Male
sentence_49.wav,dataset/chunks/sylhet/syl_cate_01/sentence_49.wav,আমি আপনার কাছ থেকে শিখতে চাই।,sylhet,cate_01,SPK_14,Male
sentence_50.wav,dataset/chunks/sylhet/syl_cate_01/sentence_50.wav,আমি খুব আনন্দিত।,sylhet,cate_01,SPK_14,Male
sentence_51.wav,dataset/chunks/sylhet/syl_cate_01/sentence_51.wav,আপনার দিনটি কেমন কাটছে?,sylhet,cate_01,SPK_14,Male
sentence_52.wav,dataset/chunks/sylhet/syl_cate_01/sentence_52.wav,আমি একটু দেরি করেছি।,sylhet,cate_01,SPK_14,Male
sentence_53.wav,dataset/chunks/sylhet/syl_cate_01/sentence_53.wav,আপনাকে অপেক্ষা করানোর জন্য দুঃখিত।,sylhet,cate_01,SPK_14,Male
sentence_54.wav,dataset/chunks/sylhet/syl_cate_01/sentence_54.wav,আপনার সাথে আবার দেখা হবে আশা করি।,sylhet,cate_01,SPK_14,Male
sentence_55.wav,dataset/chunks/sylhet/syl_cate_01/sentence_55.wav,আপনি কি কাছাকাছি থাকেন?,sylhet,cate_01,SPK_14,Male
sentence_56.wav,dataset/chunks/sylhet/syl_cate_01/sentence_56.wav,আমি আপনার সাহায্যের জন্য কৃতজ্ঞ।,sylhet,cate_01,SPK_14,Male
sentence_57.wav,dataset/chunks/sylhet/syl_cate_01/sentence_57.wav,আপনাকে শুভেচ্ছা জানাই।,sylhet,cate_01,SPK_14,Male
sentence_58.wav,dataset/chunks/sylhet/syl_cate_01/sentence_58.wav,আপনার দিনটি শুভ হোক।,sylhet,cate_01,SPK_14,Male
sentence_59.wav,dataset/chunks/sylhet/syl_cate_01/sentence_59.wav,আপনার সাথে কথা বলা আনন্দের ছিল।,sylhet,cate_01,SPK_14,Male
sentence_60.wav,dataset/chunks/sylhet/syl_cate_01/sentence_60.wav,আমি আপনাকে সম্মান করি।,sylhet,cate_01,SPK_14,Male
sentence_61.wav,dataset/chunks/sylhet/syl_cate_01/sentence_61.wav,আমি এখানে কাজ শুরু করেছি।,sylhet,cate_01,SPK_14,Male
sentence_62.wav,dataset/chunks/sylhet/syl_cate_01/sentence_62.wav,আপনি কখন এসেছেন?,sylhet,cate_01,SPK_14,Male
sentence_63.wav,dataset/chunks/sylhet/syl_cate_01/sentence_63.wav,আমি গতকাল এসেছি।,sylhet,cate_01,SPK_14,Male
sentence_64.wav,dataset/chunks/sylhet/syl_cate_01/sentence_64.wav,আপনি কতদিন থাকবেন?,sylhet,cate_01,SPK_14,Male
sentence_65.wav,dataset/chunks/sylhet/syl_cate_01/sentence_65.wav,আমি এক সপ্তাহ থাকবো।,sylhet,cate_01,SPK_14,Male
sentence_66.wav,dataset/chunks/sylhet/syl_cate_01/sentence_66.wav,আপনার সাথে বন্ধুত্ব করতে চাই।,sylhet,cate_01,SPK_14,Male
sentence_67.wav,dataset/chunks/sylhet/syl_cate_01/sentence_67.wav,আপনি খুব ভদ্র মানুষ।,sylhet,cate_01,SPK_14,Male
sentence_68.wav,dataset/chunks/sylhet/syl_cate_01/sentence_68.wav,আমি আপনাকে ধন্যবাদ জানাই।,sylhet,cate_01,SPK_14,Male
sentence_69.wav,dataset/chunks/sylhet/syl_cate_01/sentence_69.wav,আপনার সাথে দেখা হওয়া সৌভাগ্যের।,sylhet,cate_01,SPK_14,Male
sentence_70.wav,dataset/chunks/sylhet/syl_cate_01/sentence_70.wav,আমি আপনার সাথে আবার যোগাযোগ করবো।,sylhet,cate_01,SPK_14,Male
sentence_01.wav,dataset/chunks/sylhet/syl_cate_02/sentence_01.wav,বাস স্ট্যান্ড কোথায়?,sylhet,cate_02,SPK_14,Male
sentence_02.wav,dataset/chunks/sylhet/syl_cate_02/sentence_02.wav,এই রাস্তাটি কোথায় যায়?,sylhet,cate_02,SPK_14,Male
sentence_03.wav,dataset/chunks/sylhet/syl_cate_02/sentence_03.wav,রেলওয়ে স্টেশন কত দূরে?,sylhet,cate_02,SPK_14,Male
sentence_04.wav,dataset/chunks/sylhet/syl_cate_02/sentence_04.wav,বিমানবন্দর যাওয়ার রাস্তা কোনটি?,sylhet,cate_02,SPK_14,Male
sentence_05.wav,dataset/chunks/sylhet/syl_cate_02/sentence_05.wav,বাজারে যেতে কোন বাসে উঠবো?,sylhet,cate_02,SPK_14,Male
sentence_06.wav,dataset/chunks/sylhet/syl_cate_02/sentence_06.wav,এই বাস কি ঢাকায় যাবে?,sylhet,cate_02,SPK_14,Male
sentence_07.wav,dataset/chunks/sylhet/syl_cate_02/sentence_07.wav,ভাড়া কত?,sylhet,cate_02,SPK_14,Male
sentence_08.wav,dataset/chunks/sylhet/syl_cate_02/sentence_08.wav,রিকশার ভাড়া কত নেবেন?,sylhet,cate_02,SPK_14,Male
sentence_09.wav,dataset/chunks/sylhet/syl_cate_02/sentence_09.wav,আমাকে হাসপাতালে নিয়ে চলুন।,sylhet,cate_02,SPK_14,Male
sentence_10.wav,dataset/chunks/sylhet/syl_cate_02/sentence_10.wav,এই ট্রেন কখন ছাড়বে?,sylhet,cate_02,SPK_14,Male
sentence_11.wav,dataset/chunks/sylhet/syl_cate_02/sentence_11.wav,ট্রেন কত নম্বর প্ল্যাটফর্মে আসবে?,sylhet,cate_02,SPK_14,Male
sentence_12.wav,dataset/chunks/sylhet/syl_cate_02/sentence_12.wav,এখানে কি টিকিট কাউন্টার আছে?,sylhet,cate_02,SPK_14,Male
sentence_13.wav,dataset/chunks/sylhet/syl_cate_02/sentence_13.wav,"এক টিকিট দিন, চট্টগ্রামের জন্য।",sylhet,cate_02,SPK_14,Male
sentence_14.wav,dataset/chunks/sylhet/syl_cate_02/sentence_14.wav,বাস কখন ছাড়বে?,sylhet,cate_02,SPK_14,Male
sentence_15.wav,dataset/chunks/sylhet/syl_cate_02/sentence_15.wav,এই রাস্তায় কি যানজট হয়?,sylhet,cate_02,SPK_14,Male
sentence_16.wav,dataset/chunks/sylhet/syl_cate_02/sentence_16.wav,সোজা গেলে কি ব্যাংক পাবো?,sylhet,cate_02,SPK_14,Male
sentence_17.wav,dataset/chunks/sylhet/syl_cate_02/sentence_17.wav,ডানদিকে গেলে কি হাসপাতাল?,sylhet,cate_02,SPK_14,Male
sentence_18.wav,dataset/chunks/sylhet/syl_cate_02/sentence_18.wav,বামদিকে মোড় নিন।,sylhet,cate_02,SPK_14,Male
sentence_19.wav,dataset/chunks/sylhet/syl_cate_02/sentence_19.wav,সোজা এগিয়ে যান।,sylhet,cate_02,SPK_14,Male
sentence_20.wav,dataset/chunks/sylhet/syl_cate_02/sentence_20.wav,এই জায়গাটা কত দূরে?,sylhet,cate_02,SPK_14,Male
sentence_21.wav,dataset/chunks/sylhet/syl_cate_02/sentence_21.wav,হাঁটলে কত সময় লাগবে?,sylhet,cate_02,SPK_14,Male
sentence_22.wav,dataset/chunks/sylhet/syl_cate_02/sentence_22.wav,গাড়ি পাওয়া যাবে কোথায়?,sylhet,cate_02,SPK_14,Male
sentence_23.wav,dataset/chunks/sylhet/syl_cate_02/sentence_23.wav,এখানে কি উবার পাওয়া যায়?,sylhet,cate_02,SPK_14,Male
sentence_24.wav,dataset/chunks/sylhet/syl_cate_02/sentence_24.wav,আপনি কি আমাকে পথ দেখাতে পারবেন?,sylhet,cate_02,SPK_14,Male
sentence_25.wav,dataset/chunks/sylhet/syl_cate_02/sentence_25.wav,এই রাস্তা কি নিরাপদ?,sylhet,cate_02,SPK_14,Male
sentence_26.wav,dataset/chunks/sylhet/syl_cate_02/sentence_26.wav,এখানে কি পার্কিং আছে?,sylhet,cate_02,SPK_14,Male
sentence_27.wav,dataset/chunks/sylhet/syl_cate_02/sentence_27.wav,গাড়ি রাখার জায়গা কোথায়?,sylhet,cate_02,SPK_14,Male
sentence_28.wav,dataset/chunks/sylhet/syl_cate_02/sentence_28.wav,এই ট্রেন কি সময়মতো আসবে?,sylhet,cate_02,SPK_14,Male
sentence_29.wav,dataset/chunks/sylhet/syl_cate_02/sentence_29.wav,বাসে কি সিট খালি আছে?,sylhet,cate_02,SPK_14,Male
sentence_30.wav,dataset/chunks/sylhet/syl_cate_02/sentence_30.wav,এই বাস কি সরাসরি যাবে?,sylhet,cate_02,SPK_14,Male
sentence_31.wav,dataset/chunks/sylhet/syl_cate_02/sentence_31.wav,মাঝপথে কি নামতে পারবো?,sylhet,cate_02,SPK_14,Male
sentence_32.wav,dataset/chunks/sylhet/syl_cate_02/sentence_32.wav,আমাকে পরের স্টপে নামিয়ে দিন।,sylhet,cate_02,SPK_14,Male
sentence_33.wav,dataset/chunks/sylhet/syl_cate_02/sentence_33.wav,এই রাস্তা কি শর্টকাট?,sylhet,cate_02,SPK_14,Male
sentence_34.wav,dataset/chunks/sylhet/syl_cate_02/sentence_34.wav,এখানে কি ট্যাক্সি স্ট্যান্ড আছে?,sylhet,cate_02,SPK_14,Male
sentence_35.wav,dataset/chunks/sylhet/syl_cate_02/sentence_35.wav,গন্তব্যে পৌঁছাতে কত সময় লাগবে?,sylhet,cate_02,SPK_14,Male
sentence_36.wav,dataset/chunks/sylhet/syl_cate_02/sentence_36.wav,রিকশা কি পাওয়া যাবে?,sylhet,cate_02,SPK_14,Male
sentence_37.wav,dataset/chunks/sylhet/syl_cate_02/sentence_37.wav,ট্রেন কি দেরি করছে?,sylhet,cate_02,SPK_14,Male
sentence_38.wav,dataset/chunks/sylhet/syl_cate_02/sentence_38.wav,এই বাস কোথায় থামে?,sylhet,cate_02,SPK_14,Male
sentence_39.wav,dataset/chunks/sylhet/syl_cate_02/sentence_39.wav,আপনারা কি রাতের বাস চালান?,sylhet,cate_02,SPK_14,Male
sentence_40.wav,dataset/chunks/sylhet/syl_cate_02/sentence_40.wav,শেষ বাস কখন?,sylhet,cate_02,SPK_14,Male
sentence_41.wav,dataset/chunks/sylhet/syl_cate_02/sentence_41.wav,এই রাস্তা কি বন্ধ?,sylhet,cate_02,SPK_14,Male
sentence_42.wav,dataset/chunks/sylhet/syl_cate_02/sentence_42.wav,বিকল্প রাস্তা কোনটি?,sylhet,cate_02,SPK_14,Male
sentence_43.wav,dataset/chunks/sylhet/syl_cate_02/sentence_43.wav,এখানে কি সিগন্যাল আছে?,sylhet,cate_02,SPK_14,Male
sentence_44.wav,dataset/chunks/sylhet/syl_cate_02/sentence_44.wav,রাস্তা কি মেরামত হচ্ছে?,sylhet,cate_02,SPK_14,Male
sentence_45.wav,dataset/chunks/sylhet/syl_cate_02/sentence_45.wav,আমাকে বিশ্ববিদ্যালয়ে যেতে হবে।,sylhet,cate_02,SPK_14,Male
sentence_46.wav,dataset/chunks/sylhet/syl_cate_02/sentence_46.wav,বিশ্ববিদ্যালয়ের বাস কোথা থেকে ছাড়ে?,sylhet,cate_02,SPK_14,Male
sentence_47.wav,dataset/chunks/sylhet/syl_cate_02/sentence_47.wav,টিকিটের দাম কত?,sylhet,cate_02,SPK_14,Male
sentence_48.wav,dataset/chunks/sylhet/syl_cate_02/sentence_48.wav,এখানে কি মেট্রো স্টেশন আছে?,sylhet,cate_02,SPK_14,Male
sentence_49.wav,dataset/chunks/sylhet/syl_cate_02/sentence_49.wav,মেট্রো কখন ছাড়ে?,sylhet,cate_02,SPK_14,Male
sentence_50.wav,dataset/chunks/sylhet/syl_cate_02/sentence_50.wav,এই রাস্তা কি প্রধান সড়ক?,sylhet,cate_02,SPK_14,Male
sentence_51.wav,dataset/chunks/sylhet/syl_cate_02/sentence_51.wav,আমাকে থানায় যেতে হবে।,sylhet,cate_02,SPK_14,Male
sentence_52.wav,dataset/chunks/sylhet/syl_cate_02/sentence_52.wav,পুলিশ স্টেশন কোথায়?,sylhet,cate_02,SPK_14,Male
sentence_53.wav,dataset/chunks/sylhet/syl_cate_02/sentence_53.wav,এই এলাকায় কি বাস চলে?,sylhet,cate_02,SPK_14,Male
sentence_54.wav,dataset/chunks/sylhet/syl_cate_02/sentence_54.wav,এখানে কি সিএনজি পাওয়া যায়?,sylhet,cate_02,SPK_14,Male
sentence_55.wav,dataset/chunks/sylhet/syl_cate_02/sentence_55.wav,আমাকে দ্রুত পৌঁছাতে হবে।,sylhet,cate_02,SPK_14,Male
sentence_56.wav,dataset/chunks/sylhet/syl_cate_02/sentence_56.wav,এখানে কি ফেরি ঘাট আছে?,sylhet,cate_02,SPK_14,Male
sentence_57.wav,dataset/chunks/sylhet/syl_cate_02/sentence_57.wav,ফেরি কখন ছাড়বে?,sylhet,cate_02,SPK_14,Male
sentence_58.wav,dataset/chunks/sylhet/syl_cate_02/sentence_58.wav,নদী পার হতে কত সময় লাগবে?,sylhet,cate_02,SPK_14,Male
sentence_59.wav,dataset/chunks/sylhet/syl_cate_02/sentence_59.wav,এই ট্রেন কি এক্সপ্রেস?,sylhet,cate_02,SPK_14,Male
sentence_60.wav,dataset/chunks/sylhet/syl_cate_02/sentence_60.wav,এখানে কি বাস বদলাতে হবে?,sylhet,cate_02,SPK_14,Male
sentence_61.wav,dataset/chunks/sylhet/syl_cate_02/sentence_61.wav,এই বাস কি এয়ারকন্ডিশন্ড?,sylhet,cate_02,SPK_14,Male
sentence_62.wav,dataset/chunks/sylhet/syl_cate_02/sentence_62.wav,রাস্তায় কি টোল দিতে হয়?,sylhet,cate_02,SPK_14,Male
sentence_63.wav,dataset/chunks/sylhet/syl_cate_02/sentence_63.wav,টোল কত?,sylhet,cate_02,SPK_14,Male
sentence_64.wav,dataset/chunks/sylhet/syl_cate_02/sentence_64.wav,এখানে কি রাস্তা নিরাপদ রাতে?,sylhet,cate_02,SPK_14,Male
sentence_65.wav,dataset/chunks/sylhet/syl_cate_02/sentence_65.wav,আমি পথ হারিয়ে ফেলেছি।,sylhet,cate_02,SPK_14,Male
sentence_66.wav,dataset/chunks/sylhet/syl_cate_02/sentence_66.wav,আমাকে মানচিত্র দেখাতে পারবেন?,sylhet,cate_02,SPK_14,Male
sentence_67.wav,dataset/chunks/sylhet/syl_cate_02/sentence_67.wav,কাছাকাছি কোন হোটেল আছে?,sylhet,cate_02,SPK_14,Male
sentence_68.wav,dataset/chunks/sylhet/syl_cate_02/sentence_68.wav,এই এলাকা কি শহরের ভেতরে?,sylhet,cate_02,SPK_14,Male
sentence_69.wav,dataset/chunks/sylhet/syl_cate_02/sentence_69.wav,এখানে কি ট্রাফিক বেশি?,sylhet,cate_02,SPK_14,Male
sentence_70.wav,dataset/chunks/sylhet/syl_cate_02/sentence_70.wav,আমাকে সঠিক দিকটি বলুন।,sylhet,cate_02,SPK_14,Male
sentence_01.wav,dataset/chunks/sylhet/syl_cate_03/sentence_01.wav,এই জিনিসটির দাম কত?,sylhet,cate_03,SPK_17,Male
sentence_02.wav,dataset/chunks/sylhet/syl_cate_03/sentence_02.wav,দাম একটু কম হবে?,sylhet,cate_03,SPK_17,Male
sentence_03.wav,dataset/chunks/sylhet/syl_cate_03/sentence_03.wav,এক কেজি চাল দিন।,sylhet,cate_03,SPK_17,Male
sentence_04.wav,dataset/chunks/sylhet/syl_cate_03/sentence_04.wav,আধা কেজি চিনি দিন।,sylhet,cate_03,SPK_17,Male
sentence_05.wav,dataset/chunks/sylhet/syl_cate_03/sentence_05.wav,এটা কি দেশি পণ্য?,sylhet,cate_03,SPK_17,Male
sentence_06.wav,dataset/chunks/sylhet/syl_cate_03/sentence_06.wav,এটা কি বিদেশি পণ্য?,sylhet,cate_03,SPK_17,Male
sentence_07.wav,dataset/chunks/sylhet/syl_cate_03/sentence_07.wav,একটু ভালো মানের দেখান।,sylhet,cate_03,SPK_17,Male
sentence_08.wav,dataset/chunks/sylhet/syl_cate_03/sentence_08.wav,এর থেকে সস্তা কিছু আছে?,sylhet,cate_03,SPK_17,Male
sentence_09.wav,dataset/chunks/sylhet/syl_cate_03/sentence_09.wav,এটা খুব দামী।,sylhet,cate_03,SPK_17,Male
sentence_10.wav,dataset/chunks/sylhet/syl_cate_03/sentence_10.wav,আমি এটা কিনতে চাই।,sylhet,cate_03,SPK_17,Male
sentence_11.wav,dataset/chunks/sylhet/syl_cate_03/sentence_11.wav,আপনার কাছে কি তাজা সবজি আছে?,sylhet,cate_03,SPK_17,Male
sentence_12.wav,dataset/chunks/sylhet/syl_cate_03/sentence_12.wav,এই ফলগুলো কি আজকের?,sylhet,cate_03,SPK_17,Male
sentence_13.wav,dataset/chunks/sylhet/syl_cate_03/sentence_13.wav,এক ডজন ডিম দিন।,sylhet,cate_03,SPK_17,Male
sentence_14.wav,dataset/chunks/sylhet/syl_cate_03/sentence_14.wav,কত টাকা হলো?,sylhet,cate_03,SPK_17,Male
sentence_15.wav,dataset/chunks/sylhet/syl_cate_03/sentence_15.wav,আমি নগদ পরিশোধ করবো।,sylhet,cate_03,SPK_17,Male
sentence_16.wav,dataset/chunks/sylhet/syl_cate_03/sentence_16.wav,মোবাইল ব্যাংকিং নেওয়া হয়?,sylhet,cate_03,SPK_17,Male
sentence_17.wav,dataset/chunks/sylhet/syl_cate_03/sentence_17.wav,বিকাশে টাকা দিতে পারি?,sylhet,cate_03,SPK_17,Male
sentence_18.wav,dataset/chunks/sylhet/syl_cate_03/sentence_18.wav,একটি ব্যাগ দেবেন?,sylhet,cate_03,SPK_17,Male
sentence_19.wav,dataset/chunks/sylhet/syl_cate_03/sentence_19.wav,এই কাপড়ের রং কি উঠবে?,sylhet,cate_03,SPK_17,Male
sentence_20.wav,dataset/chunks/sylhet/syl_cate_03/sentence_20.wav,এই শার্টের অন্য সাইজ আছে?,sylhet,cate_03,SPK_17,Male
sentence_21.wav,dataset/chunks/sylhet/syl_cate_03/sentence_21.wav,ছোট সাইজ দেখান।,sylhet,cate_03,SPK_17,Male
sentence_22.wav,dataset/chunks/sylhet/syl_cate_03/sentence_22.wav,বড় সাইজ আছে?,sylhet,cate_03,SPK_17,Male
sentence_23.wav,dataset/chunks/sylhet/syl_cate_03/sentence_23.wav,আমি নীল রঙেরটি চাই।,sylhet,cate_03,SPK_17,Male
sentence_24.wav,dataset/chunks/sylhet/syl_cate_03/sentence_24.wav,অন্য রং আছে?,sylhet,cate_03,SPK_17,Male
sentence_25.wav,dataset/chunks/sylhet/syl_cate_03/sentence_25.wav,এটা কি আসল পণ্য?,sylhet,cate_03,SPK_17,Male
sentence_26.wav,dataset/chunks/sylhet/syl_cate_03/sentence_26.wav,গ্যারান্টি আছে?,sylhet,cate_03,SPK_17,Male
sentence_27.wav,dataset/chunks/sylhet/syl_cate_03/sentence_27.wav,রসিদ দিন।,sylhet,cate_03,SPK_17,Male
sentence_28.wav,dataset/chunks/sylhet/syl_cate_03/sentence_28.wav,আমি পরে এসে নেব।,sylhet,cate_03,SPK_17,Male
sentence_29.wav,dataset/chunks/sylhet/syl_cate_03/sentence_29.wav,এটা কি ছাড়ে দেওয়া যাবে?,sylhet,cate_03,SPK_17,Male
sentence_30.wav,dataset/chunks/sylhet/syl_cate_03/sentence_30.wav,আজ কি কোনো অফার আছে?,sylhet,cate_03,SPK_17,Male
sentence_31.wav,dataset/chunks/sylhet/syl_cate_03/sentence_31.wav,আমি পাইকারি কিনতে চাই।,sylhet,cate_03,SPK_17,Male
sentence_32.wav,dataset/chunks/sylhet/syl_cate_03/sentence_32.wav,পাইকারি দাম কত?,sylhet,cate_03,SPK_17,Male
sentence_33.wav,dataset/chunks/sylhet/syl_cate_03/sentence_33.wav,এই পণ্যটি নতুন এসেছে?,sylhet,cate_03,SPK_17,Male
sentence_34.wav,dataset/chunks/sylhet/syl_cate_03/sentence_34.wav,এর মেয়াদ কতদিন?,sylhet,cate_03,SPK_17,Male
sentence_35.wav,dataset/chunks/sylhet/syl_cate_03/sentence_35.wav,এই ওষুধের মেয়াদ শেষ হয়েছে?,sylhet,cate_03,SPK_17,Male
sentence_36.wav,dataset/chunks/sylhet/syl_cate_03/sentence_36.wav,আমাকে ভালো মানের চাল দিন।,sylhet,cate_03,SPK_17,Male
sentence_37.wav,dataset/chunks/sylhet/syl_cate_03/sentence_37.wav,এই মাছটি কি তাজা?,sylhet,cate_03,SPK_17,Male
sentence_38.wav,dataset/chunks/sylhet/syl_cate_03/sentence_38.wav,এই মাংস কত কেজি?,sylhet,cate_03,SPK_17,Male
sentence_39.wav,dataset/chunks/sylhet/syl_cate_03/sentence_39.wav,এক কেজির কম হবে না।,sylhet,cate_03,SPK_17,Male
sentence_40.wav,dataset/chunks/sylhet/syl_cate_03/sentence_40.wav,একটু কম করে দিন।,sylhet,cate_03,SPK_17,Male
sentence_41.wav,dataset/chunks/sylhet/syl_cate_03/sentence_41.wav,আমি দরদাম করতে চাই।,sylhet,cate_03,SPK_17,Male
sentence_42.wav,dataset/chunks/sylhet/syl_cate_03/sentence_42.wav,চূড়ান্ত দাম কত?,sylhet,cate_03,SPK_17,Male
sentence_43.wav,dataset/chunks/sylhet/syl_cate_03/sentence_43.wav,এই জুতাটি কি টেকসই?,sylhet,cate_03,SPK_17,Male
sentence_44.wav,dataset/chunks/sylhet/syl_cate_03/sentence_44.wav,এই মোবাইলের দাম কত?,sylhet,cate_03,SPK_17,Male
sentence_45.wav,dataset/chunks/sylhet/syl_cate_03/sentence_45.wav,এই ফোনে কি গ্যারান্টি আছে?,sylhet,cate_03,SPK_17,Male
sentence_46.wav,dataset/chunks/sylhet/syl_cate_03/sentence_46.wav,চার্জারটি আলাদা কিনতে হবে?,sylhet,cate_03,SPK_17,Male
sentence_47.wav,dataset/chunks/sylhet/syl_cate_03/sentence_47.wav,এটি কি ক্যাশ অন ডেলিভারি?,sylhet,cate_03,SPK_17,Male
sentence_48.wav,dataset/chunks/sylhet/syl_cate_03/sentence_48.wav,আমি অর্ডার দিতে চাই।,sylhet,cate_03,SPK_17,Male
sentence_49.wav,dataset/chunks/sylhet/syl_cate_03/sentence_49.wav,পণ্যটি কখন ডেলিভারি হবে?,sylhet,cate_03,SPK_17,Male
sentence_50.wav,dataset/chunks/sylhet/syl_cate_03/sentence_50.wav,এই দোকান কখন বন্ধ হয়?,sylhet,cate_03,SPK_17,Male
sentence_51.wav,dataset/chunks/sylhet/syl_cate_03/sentence_51.wav,আমি একটা উপহার কিনতে চাই।,sylhet,cate_03,SPK_17,Male
sentence_52.wav,dataset/chunks/sylhet/syl_cate_03/sentence_52.wav,উপহার মোড়ানো হবে?,sylhet,cate_03,SPK_17,Male
sentence_53.wav,dataset/chunks/sylhet/syl_cate_03/sentence_53.wav,এটি কি ফেরত দেওয়া যাবে?,sylhet,cate_03,SPK_17,Male
sentence_54.wav,dataset/chunks/sylhet/syl_cate_03/sentence_54.wav,রিটার্ন পলিসি কী?,sylhet,cate_03,SPK_17,Male
sentence_55.wav,dataset/chunks/sylhet/syl_cate_03/sentence_55.wav,এই কাপড়টি খুব সুন্দর।,sylhet,cate_03,SPK_17,Male
sentence_56.wav,dataset/chunks/sylhet/syl_cate_03/sentence_56.wav,এটি কি কটন?,sylhet,cate_03,SPK_17,Male
sentence_57.wav,dataset/chunks/sylhet/syl_cate_03/sentence_57.wav,এই পণ্যটি কোথায় তৈরি?,sylhet,cate_03,SPK_17,Male
sentence_58.wav,dataset/chunks/sylhet/syl_cate_03/sentence_58.wav,এটি কি ছাড়ে বিক্রি হচ্ছে?,sylhet,cate_03,SPK_17,Male
sentence_59.wav,dataset/chunks/sylhet/syl_cate_03/sentence_59.wav,আমি আরও কিছু দেখতে চাই।,sylhet,cate_03,SPK_17,Male
sentence_60.wav,dataset/chunks/sylhet/syl_cate_03/sentence_60.wav,আপনার দোকানে কি কার্ড নেওয়া হয়?,sylhet,cate_03,SPK_17,Male
sentence_61.wav,dataset/chunks/sylhet/syl_cate_03/sentence_61.wav,মোট বিল কত হলো?,sylhet,cate_03,SPK_17,Male
sentence_62.wav,dataset/chunks/sylhet/syl_cate_03/sentence_62.wav,আমি টাকা ভাঙাতে চাই।,sylhet,cate_03,SPK_17,Male
sentence_63.wav,dataset/chunks/sylhet/syl_cate_03/sentence_63.wav,ছোট নোট আছে?,sylhet,cate_03,SPK_17,Male
sentence_64.wav,dataset/chunks/sylhet/syl_cate_03/sentence_64.wav,এই ফলগুলো ওজন করে দিন।,sylhet,cate_03,SPK_17,Male
sentence_65.wav,dataset/chunks/sylhet/syl_cate_03/sentence_65.wav,এক কেজির একটু কম দিন।,sylhet,cate_03,SPK_17,Male
sentence_66.wav,dataset/chunks/sylhet/syl_cate_03/sentence_66.wav,আজকে বাজারে ভিড় বেশি।,sylhet,cate_03,SPK_17,Male
sentence_67.wav,dataset/chunks/sylhet/syl_cate_03/sentence_67.wav,দাম কেন এত বেশি?,sylhet,cate_03,SPK_17,Male
sentence_68.wav,dataset/chunks/sylhet/syl_cate_03/sentence_68.wav,কাল কি দাম কম হবে?,sylhet,cate_03,SPK_17,Male
sentence_69.wav,dataset/chunks/sylhet/syl_cate_03/sentence_69.wav,আমি নিয়মিত ক্রেতা।,sylhet,cate_03,SPK_17,Male
sentence_70.wav,dataset/chunks/sylhet/syl_cate_03/sentence_70.wav,আবার আসবো।,sylhet,cate_03,SPK_17,Male
sentence_01.wav,dataset/chunks/sylhet/syl_cate_04/sentence_01.wav,আমি একটি টেবিল বুক করতে চাই।,sylhet,cate_04,SPK_17,Male
sentence_02.wav,dataset/chunks/sylhet/syl_cate_04/sentence_02.wav,দুই জনের জন্য একটি টেবিল দিন।,sylhet,cate_04,SPK_17,Male
sentence_03.wav,dataset/chunks/sylhet/syl_cate_04/sentence_03.wav,মেনু কার্ডটি দিন।,sylhet,cate_04,SPK_17,Male
sentence_04.wav,dataset/chunks/sylhet/syl_cate_04/sentence_04.wav,আজকের বিশেষ খাবার কী?,sylhet,cate_04,SPK_17,Male
sentence_05.wav,dataset/chunks/sylhet/syl_cate_04/sentence_05.wav,আমি ভাত ও মুরগির মাংস চাই।,sylhet,cate_04,SPK_17,Male
sentence_06.wav,dataset/chunks/sylhet/syl_cate_04/sentence_06.wav,এই খাবারটি ঝাল কি?,sylhet,cate_04,SPK_17,Male
sentence_07.wav,dataset/chunks/sylhet/syl_cate_04/sentence_07.wav,কম ঝাল করে দিন।,sylhet,cate_04,SPK_17,Male
sentence_08.wav,dataset/chunks/sylhet/syl_cate_04/sentence_08.wav,আমি নিরামিষ খাবার চাই।,sylhet,cate_04,SPK_17,Male
sentence_09.wav,dataset/chunks/sylhet/syl_cate_04/sentence_09.wav,এখানে কি হালাল খাবার পাওয়া যায়?,sylhet,cate_04,SPK_17,Male
sentence_10.wav,dataset/chunks/sylhet/syl_cate_04/sentence_10.wav,পানি দিন।,sylhet,cate_04,SPK_17,Male
sentence_11.wav,dataset/chunks/sylhet/syl_cate_04/sentence_11.wav,ঠান্ডা পানি আছে?,sylhet,cate_04,SPK_17,Male
sentence_12.wav,dataset/chunks/sylhet/syl_cate_04/sentence_12.wav,একটি কোমল পানীয় দিন।,sylhet,cate_04,SPK_17,Male
sentence_13.wav,dataset/chunks/sylhet/syl_cate_04/sentence_13.wav,এই খাবারটি খুব সুস্বাদু।,sylhet,cate_04,SPK_17,Male
sentence_14.wav,dataset/chunks/sylhet/syl_cate_04/sentence_14.wav,খাবারটি খুব লবণাক্ত।,sylhet,cate_04,SPK_17,Male
sentence_15.wav,dataset/chunks/sylhet/syl_cate_04/sentence_15.wav,বিল দিন।,sylhet,cate_04,SPK_17,Male
sentence_16.wav,dataset/chunks/sylhet/syl_cate_04/sentence_16.wav,আমি নগদে পরিশোধ করবো।,sylhet,cate_04,SPK_17,Male
sentence_17.wav,dataset/chunks/sylhet/syl_cate_04/sentence_17.wav,কার্ডে পরিশোধ করা যাবে?,sylhet,cate_04,SPK_17,Male
sentence_18.wav,dataset/chunks/sylhet/syl_cate_04/sentence_18.wav,খাবারটি কতক্ষণে আসবে?,sylhet,cate_04,SPK_17,Male
sentence_19.wav,dataset/chunks/sylhet/syl_cate_04/sentence_19.wav,আরেকটি প্লেট দিন।,sylhet,cate_04,SPK_17,Male
sentence_20.wav,dataset/chunks/sylhet/syl_cate_04/sentence_20.wav,চামচ ও কাঁটা দিন।,sylhet,cate_04,SPK_17,Male
sentence_21.wav,dataset/chunks/sylhet/syl_cate_04/sentence_21.wav,এখানে কি ওয়াইফাই আছে?,sylhet,cate_04,SPK_17,Male
sentence_22.wav,dataset/chunks/sylhet/syl_cate_04/sentence_22.wav,ওয়াইফাই পাসওয়ার্ড কী?,sylhet,cate_04,SPK_17,Male
sentence_23.wav,dataset/chunks/sylhet/syl_cate_04/sentence_23.wav,খাবারটি প্যাকেট করে দিন।,sylhet,cate_04,SPK_17,Male
sentence_24.wav,dataset/chunks/sylhet/syl_cate_04/sentence_24.wav,আমি বাসায় নিয়ে যাব।,sylhet,cate_04,SPK_17,Male
sentence_25.wav,dataset/chunks/sylhet/syl_cate_04/sentence_25.wav,একটি কফি দিন।,sylhet,cate_04,SPK_17,Male
sentence_26.wav,dataset/chunks/sylhet/syl_cate_04/sentence_26.wav,চা আছে?,sylhet,cate_04,SPK_17,Male
sentence_27.wav,dataset/chunks/sylhet/syl_cate_04/sentence_27.wav,দুধ চা দিন।,sylhet,cate_04,SPK_17,Male
sentence_28.wav,dataset/chunks/sylhet/syl_cate_04/sentence_28.wav,চিনি ছাড়া চা দিন।,sylhet,cate_04,SPK_17,Male
sentence_29.wav,dataset/chunks/sylhet/syl_cate_04/sentence_29.wav,এখানে কি ব্রেকফাস্ট পাওয়া যায়?,sylhet,cate_04,SPK_17,Male
sentence_30.wav,dataset/chunks/sylhet/syl_cate_04/sentence_30.wav,দুপুরের খাবার কখন শুরু হয়?,sylhet,cate_04,SPK_17,Male
sentence_31.wav,dataset/chunks/sylhet/syl_cate_04/sentence_31.wav,রাতের খাবার কখন পরিবেশন করা হয়?,sylhet,cate_04,SPK_17,Male
sentence_32.wav,dataset/chunks/sylhet/syl_cate_04/sentence_32.wav,আমি মাছের তরকারি চাই।,sylhet,cate_04,SPK_17,Male
sentence_33.wav,dataset/chunks/sylhet/syl_cate_04/sentence_33.wav,গরুর মাংস আছে?,sylhet,cate_04,SPK_17,Male
sentence_34.wav,dataset/chunks/sylhet/syl_cate_04/sentence_34.wav,এই স্যুপটি গরম কি?,sylhet,cate_04,SPK_17,Male
sentence_35.wav,dataset/chunks/sylhet/syl_cate_04/sentence_35.wav,একটু লেবু দিন।,sylhet,cate_04,SPK_17,Male
sentence_36.wav,dataset/chunks/sylhet/syl_cate_04/sentence_36.wav,এই রেস্টুরেন্ট খুব পরিষ্কার।,sylhet,cate_04,SPK_17,Male
sentence_37.wav,dataset/chunks/sylhet/syl_cate_04/sentence_37.wav,পরিবেশটি খুব সুন্দর।,sylhet,cate_04,SPK_17,Male
sentence_38.wav,dataset/chunks/sylhet/syl_cate_04/sentence_38.wav,খাবার পরিবেশন দ্রুত হয়েছে।,sylhet,cate_04,SPK_17,Male
sentence_39.wav,dataset/chunks/sylhet/syl_cate_04/sentence_39.wav,খাবার পরিবেশন দেরিতে হয়েছে।,sylhet,cate_04,SPK_17,Male
sentence_40.wav,dataset/chunks/sylhet/syl_cate_04/sentence_40.wav,আর কিছু লাগবে?,sylhet,cate_04,SPK_17,Male
sentence_41.wav,dataset/chunks/sylhet/syl_cate_04/sentence_41.wav,আমি আরও ভাত চাই।,sylhet,cate_04,SPK_17,Male
sentence_42.wav,dataset/chunks/sylhet/syl_cate_04/sentence_42.wav,একটু ঝোল দিন।,sylhet,cate_04,SPK_17,Male
sentence_43.wav,dataset/chunks/sylhet/syl_cate_04/sentence_43.wav,এটি কি তাজা রান্না?,sylhet,cate_04,SPK_17,Male
sentence_44.wav,dataset/chunks/sylhet/syl_cate_04/sentence_44.wav,এখানে কি পরিবার নিয়ে বসা যায়?,sylhet,cate_04,SPK_17,Male
sentence_45.wav,dataset/chunks/sylhet/syl_cate_04/sentence_45.wav,শিশুদের জন্য আলাদা চেয়ার আছে?,sylhet,cate_04,SPK_17,Male
sentence_46.wav,dataset/chunks/sylhet/syl_cate_04/sentence_46.wav,খাবারটি খুব গরম।,sylhet,cate_04,SPK_17,Male
sentence_47.wav,dataset/chunks/sylhet/syl_cate_04/sentence_47.wav,এটি খুব ঠান্ডা।,sylhet,cate_04,SPK_17,Male
sentence_48.wav,dataset/chunks/sylhet/syl_cate_04/sentence_48.wav,এখানে কি অনলাইনে অর্ডার করা যায়?,sylhet,cate_04,SPK_17,Male
sentence_49.wav,dataset/chunks/sylhet/syl_cate_04/sentence_49.wav,ডেলিভারি কত সময় লাগে?,sylhet,cate_04,SPK_17,Male
sentence_50.wav,dataset/chunks/sylhet/syl_cate_04/sentence_50.wav,এই খাবারটির দাম কত?,sylhet,cate_04,SPK_17,Male
sentence_51.wav,dataset/chunks/sylhet/syl_cate_04/sentence_51.wav,আমি অল্প পরিমাণ চাই।,sylhet,cate_04,SPK_17,Male
sentence_52.wav,dataset/chunks/sylhet/syl_cate_04/sentence_52.wav,বড় পরিমাণ দিন।,sylhet,cate_04,SPK_17,Male
sentence_53.wav,dataset/chunks/sylhet/syl_cate_04/sentence_53.wav,এই খাবারটি খুব মিষ্টি।,sylhet,cate_04,SPK_17,Male
sentence_54.wav,dataset/chunks/sylhet/syl_cate_04/sentence_54.wav,এটি কি ঝাল কম করা যাবে?,sylhet,cate_04,SPK_17,Male
sentence_55.wav,dataset/chunks/sylhet/syl_cate_04/sentence_55.wav,আরেক গ্লাস পানি দিন।,sylhet,cate_04,SPK_17,Male
sentence_56.wav,dataset/chunks/sylhet/syl_cate_04/sentence_56.wav,আমি ধন্যবাদ জানাই।,sylhet,cate_04,SPK_17,Male
sentence_57.wav,dataset/chunks/sylhet/syl_cate_04/sentence_57.wav,পরিষেবা খুব ভালো ছিল।,sylhet,cate_04,SPK_17,Male
sentence_58.wav,dataset/chunks/sylhet/syl_cate_04/sentence_58.wav,পরিষেবা উন্নত করা দরকার।,sylhet,cate_04,SPK_17,Male
sentence_59.wav,dataset/chunks/sylhet/syl_cate_04/sentence_59.wav,আমি এই রেস্টুরেন্টটি পছন্দ করি।,sylhet,cate_04,SPK_17,Male
sentence_60.wav,dataset/chunks/sylhet/syl_cate_04/sentence_60.wav,এটি কি এয়ার কন্ডিশনড?,sylhet,cate_04,SPK_17,Male
sentence_61.wav,dataset/chunks/sylhet/syl_cate_04/sentence_61.wav,বাইরে বসার ব্যবস্থা আছে?,sylhet,cate_04,SPK_17,Male
sentence_62.wav,dataset/chunks/sylhet/syl_cate_04/sentence_62.wav,খাবারে অ্যালার্জির উপাদান আছে?,sylhet,cate_04,SPK_17,Male
sentence_63.wav,dataset/chunks/sylhet/syl_cate_04/sentence_63.wav,আমি বাদাম খেতে পারি না।,sylhet,cate_04,SPK_17,Male
sentence_64.wav,dataset/chunks/sylhet/syl_cate_04/sentence_64.wav,এটি কি গ্লুটেন মুক্ত?,sylhet,cate_04,SPK_17,Male
sentence_65.wav,dataset/chunks/sylhet/syl_cate_04/sentence_65.wav,আমাকে একটি ন্যাপকিন দিন।,sylhet,cate_04,SPK_17,Male
sentence_66.wav,dataset/chunks/sylhet/syl_cate_04/sentence_66.wav,খাবার খুব ভালো লেগেছে।,sylhet,cate_04,SPK_17,Male
sentence_67.wav,dataset/chunks/sylhet/syl_cate_04/sentence_67.wav,আবার আসবো।,sylhet,cate_04,SPK_17,Male
sentence_68.wav,dataset/chunks/sylhet/syl_cate_04/sentence_68.wav,এখানে কি বুফে আছে?,sylhet,cate_04,SPK_17,Male
sentence_69.wav,dataset/chunks/sylhet/syl_cate_04/sentence_69.wav,বুফের দাম কত?,sylhet,cate_04,SPK_17,Male
sentence_70.wav,dataset/chunks/sylhet/syl_cate_04/sentence_70.wav,"ধন্যবাদ, বিদায়।",sylhet,cate_04,SPK_17,Male
sentence_01.wav,dataset/chunks/sylhet/syl_cate_05/sentence_01.wav,আমি বাংলাদেশের কিছু দর্শনীয় স্থান দেখতে চাই।,sylhet,cate_05,SPK_44,Female
sentence_02.wav,dataset/chunks/sylhet/syl_cate_05/sentence_02.wav,এই জায়গাটি কখন খোলা থাকে?,sylhet,cate_05,SPK_44,Female
sentence_03.wav,dataset/chunks/sylhet/syl_cate_05/sentence_03.wav,টিকিটের দাম কত?,sylhet,cate_05,SPK_44,Female
sentence_04.wav,dataset/chunks/sylhet/syl_cate_05/sentence_04.wav,আমাকে একটি গাইড দরকার।,sylhet,cate_05,SPK_44,Female
sentence_05.wav,dataset/chunks/sylhet/syl_cate_05/sentence_05.wav,আমরা গ্রুপে ঘুরতে এসেছি।,sylhet,cate_05,SPK_44,Female
sentence_06.wav,dataset/chunks/sylhet/syl_cate_05/sentence_06.wav,ছবি তোলা যাবে কি?,sylhet,cate_05,SPK_44,Female
sentence_07.wav,dataset/chunks/sylhet/syl_cate_05/sentence_07.wav,এই দর্শনীয় স্থানটি খুব সুন্দর।,sylhet,cate_05,SPK_44,Female
sentence_08.wav,dataset/chunks/sylhet/syl_cate_05/sentence_08.wav,আমাকে মানচিত্র দেখান।,sylhet,cate_05,SPK_44,Female
sentence_09.wav,dataset/chunks/sylhet/syl_cate_05/sentence_09.wav,আমি সকাল ১০টায় পৌঁছেছি।,sylhet,cate_05,SPK_44,Female
sentence_10.wav,dataset/chunks/sylhet/syl_cate_05/sentence_10.wav,পর্যটকরা এখানে খুব বেশি।,sylhet,cate_05,SPK_44,Female
sentence_11.wav,dataset/chunks/sylhet/syl_cate_05/sentence_11.wav,আমাকে হোটেলের ঠিকানা দিন।,sylhet,cate_05,SPK_44,Female
sentence_12.wav,dataset/chunks/sylhet/syl_cate_05/sentence_12.wav,এই জায়গায় কি খাবার পাওয়া যায়?,sylhet,cate_05,SPK_44,Female
sentence_13.wav,dataset/chunks/sylhet/syl_cate_05/sentence_13.wav,আমরা তিন ঘণ্টা থাকবো।,sylhet,cate_05,SPK_44,Female
sentence_14.wav,dataset/chunks/sylhet/syl_cate_05/sentence_14.wav,জলের পাশে ছবি তুলুন।,sylhet,cate_05,SPK_44,Female
sentence_15.wav,dataset/chunks/sylhet/syl_cate_05/sentence_15.wav,সুন্দর দিকটি দেখুন।,sylhet,cate_05,SPK_44,Female
sentence_16.wav,dataset/chunks/sylhet/syl_cate_05/sentence_16.wav,আমাদের গাইড কি বাংলায় কথা বলতে পারে?,sylhet,cate_05,SPK_44,Female
sentence_17.wav,dataset/chunks/sylhet/syl_cate_05/sentence_17.wav,পার্কিং এর জায়গা কোথায়?,sylhet,cate_05,SPK_44,Female
sentence_18.wav,dataset/chunks/sylhet/syl_cate_05/sentence_18.wav,এখানে কি নৌকা ভাড়া পাওয়া যায়?,sylhet,cate_05,SPK_44,Female
sentence_19.wav,dataset/chunks/sylhet/syl_cate_05/sentence_19.wav,আমি নদীর উপর ভ্রমণ করতে চাই।,sylhet,cate_05,SPK_44,Female
sentence_20.wav,dataset/chunks/sylhet/syl_cate_05/sentence_20.wav,আমাদের আরও তথ্য দরকার।,sylhet,cate_05,SPK_44,Female
sentence_21.wav,dataset/chunks/sylhet/syl_cate_05/sentence_21.wav,এই জায়গাটি ইতিহাসে গুরুত্বপূর্ণ।,sylhet,cate_05,SPK_44,Female
sentence_22.wav,dataset/chunks/sylhet/syl_cate_05/sentence_22.wav,আপনি কি গাইড সার্ভিস করেন?,sylhet,cate_05,SPK_44,Female
sentence_23.wav,dataset/chunks/sylhet/syl_cate_05/sentence_23.wav,আমি সকালবেলা আবার আসব।,sylhet,cate_05,SPK_44,Female
sentence_24.wav,dataset/chunks/sylhet/syl_cate_05/sentence_24.wav,আমাকে দুইজনের জন্য টিকিট দিন।,sylhet,cate_05,SPK_44,Female
sentence_25.wav,dataset/chunks/sylhet/syl_cate_05/sentence_25.wav,এখানে কি কোনো ছাড় আছে?,sylhet,cate_05,SPK_44,Female
sentence_26.wav,dataset/chunks/sylhet/syl_cate_05/sentence_26.wav,আমাদের ছবি তুলতে সাহায্য করুন।,sylhet,cate_05,SPK_44,Female
sentence_27.wav,dataset/chunks/sylhet/syl_cate_05/sentence_27.wav,এই দিক দিয়ে হাঁটুন।,sylhet,cate_05,SPK_44,Female
sentence_28.wav,dataset/chunks/sylhet/syl_cate_05/sentence_28.wav,দর্শকরা এখানে অনেক ছবি তুলছে।,sylhet,cate_05,SPK_44,Female
sentence_29.wav,dataset/chunks/sylhet/syl_cate_05/sentence_29.wav,আমি মিউজিয়াম ঘুরতে চাই।,sylhet,cate_05,SPK_44,Female
sentence_30.wav,dataset/chunks/sylhet/syl_cate_05/sentence_30.wav,রেস্টুরেন্টটি খুব কাছে।,sylhet,cate_05,SPK_44,Female
sentence_31.wav,dataset/chunks/sylhet/syl_cate_05/sentence_31.wav,আমরা পিকনিক করতে এসেছি।,sylhet,cate_05,SPK_44,Female
sentence_32.wav,dataset/chunks/sylhet/syl_cate_05/sentence_32.wav,এই জায়গার ইতিহাস জানতে চাই।,sylhet,cate_05,SPK_44,Female
sentence_33.wav,dataset/chunks/sylhet/syl_cate_05/sentence_33.wav,বিকেলের দিকে ছবি তুলুন।,sylhet,cate_05,SPK_44,Female
sentence_34.wav,dataset/chunks/sylhet/syl_cate_05/sentence_34.wav,আমার বন্ধু মানচিত্র পড়তে পারছে না।,sylhet,cate_05,SPK_44,Female
sentence_35.wav,dataset/chunks/sylhet/syl_cate_05/sentence_35.wav,এখানে কি গাইড পাওয়া যাবে?,sylhet,cate_05,SPK_44,Female
sentence_36.wav,dataset/chunks/sylhet/syl_cate_05/sentence_36.wav,আমরা পাহাড় দেখতে চাই।,sylhet,cate_05,SPK_44,Female
sentence_37.wav,dataset/chunks/sylhet/syl_cate_05/sentence_37.wav,সৈকত খুব সুন্দর।,sylhet,cate_05,SPK_44,Female
sentence_38.wav,dataset/chunks/sylhet/syl_cate_05/sentence_38.wav,জলস্রোতের ছবি তোলা উচিত।,sylhet,cate_05,SPK_44,Female
sentence_39.wav,dataset/chunks/sylhet/syl_cate_05/sentence_39.wav,গাইড কি আমাদের পথে নিয়ে যাবে?,sylhet,cate_05,SPK_44,Female
sentence_40.wav,dataset/chunks/sylhet/syl_cate_05/sentence_40.wav,আমরা সকাল ৮টায় বের হব।,sylhet,cate_05,SPK_44,Female
sentence_41.wav,dataset/chunks/sylhet/syl_cate_05/sentence_41.wav,এখানে কি টিকেট ছাড়া প্রবেশ সম্ভব?,sylhet,cate_05,SPK_44,Female
sentence_42.wav,dataset/chunks/sylhet/syl_cate_05/sentence_42.wav,ভ্রমণকারীরা খুব আনন্দ করছে।,sylhet,cate_05,SPK_44,Female
sentence_43.wav,dataset/chunks/sylhet/syl_cate_05/sentence_43.wav,আমি এখানে শপিং করতে চাই।,sylhet,cate_05,SPK_44,Female
sentence_44.wav,dataset/chunks/sylhet/syl_cate_05/sentence_44.wav,এই দিকটি খুব রোমাঞ্চকর।,sylhet,cate_05,SPK_44,Female
sentence_45.wav,dataset/chunks/sylhet/syl_cate_05/sentence_45.wav,আমাদের গাইড রাতের দিকে ফেরার সময় বলে।,sylhet,cate_05,SPK_44,Female
sentence_46.wav,dataset/chunks/sylhet/syl_cate_05/sentence_46.wav,ছবি তোলার জন্য আলো ঠিক আছে।,sylhet,cate_05,SPK_44,Female
sentence_47.wav,dataset/chunks/sylhet/syl_cate_05/sentence_47.wav,আমাদের গাইড নদের উপর নৌকা ভাড়া দেখিয়েছে।,sylhet,cate_05,SPK_44,Female
sentence_48.wav,dataset/chunks/sylhet/syl_cate_05/sentence_48.wav,এখানে কি কোনো মিউজিয়াম আছে?,sylhet,cate_05,SPK_44,Female
sentence_49.wav,dataset/chunks/sylhet/syl_cate_05/sentence_49.wav,আমরা পাহাড়ে ট্রেক করতে চাই।,sylhet,cate_05,SPK_44,Female
sentence_50.wav,dataset/chunks/sylhet/syl_cate_05/sentence_50.wav,এই স্থানের ইতিহাস অনেক পুরনো।,sylhet,cate_05,SPK_44,Female
sentence_51.wav,dataset/chunks/sylhet/syl_cate_05/sentence_51.wav,আমাদের ছবি তুলতে সময় লাগছে।,sylhet,cate_05,SPK_44,Female
sentence_52.wav,dataset/chunks/sylhet/syl_cate_05/sentence_52.wav,আমি সুভর্ণভূমি দেখতে চাই।,sylhet,cate_05,SPK_44,Female
sentence_53.wav,dataset/chunks/sylhet/syl_cate_05/sentence_53.wav,ট্রিপটি খুব মজার।,sylhet,cate_05,SPK_44,Female
sentence_54.wav,dataset/chunks/sylhet/syl_cate_05/sentence_54.wav,আমাদের হোটেল থেকে খুব দূরে নয়।,sylhet,cate_05,SPK_44,Female
sentence_55.wav,dataset/chunks/sylhet/syl_cate_05/sentence_55.wav,আমরা সকালে যাওয়ার পরিকল্পনা করেছি।,sylhet,cate_05,SPK_44,Female
sentence_56.wav,dataset/chunks/sylhet/syl_cate_05/sentence_56.wav,দিক নির্দেশনা অনুসরণ করুন।,sylhet,cate_05,SPK_44,Female
sentence_57.wav,dataset/chunks/sylhet/syl_cate_05/sentence_57.wav,দর্শনার্থীরা গাইডের কথা শুনছে।,sylhet,cate_05,SPK_44,Female
sentence_58.wav,dataset/chunks/sylhet/syl_cate_05/sentence_58.wav,আমি পোর্ট্রেট ছবি তুলতে চাই।,sylhet,cate_05,SPK_44,Female
sentence_59.wav,dataset/chunks/sylhet/syl_cate_05/sentence_59.wav,এখানে পর্যটন তথ্য কেন্দ্র আছে।,sylhet,cate_05,SPK_44,Female
sentence_60.wav,dataset/chunks/sylhet/syl_cate_05/sentence_60.wav,আমরা গ্রুপ ছবি তুলব।,sylhet,cate_05,SPK_44,Female
sentence_61.wav,dataset/chunks/sylhet/syl_cate_05/sentence_61.wav,আমাদের আরও কিছু সময় দরকার।,sylhet,cate_05,SPK_44,Female
sentence_62.wav,dataset/chunks/sylhet/syl_cate_05/sentence_62.wav,নদীর পাশে হাঁটতে চাই।,sylhet,cate_05,SPK_44,Female
sentence_63.wav,dataset/chunks/sylhet/syl_cate_05/sentence_63.wav,গাইড আমাদের নৌকায় নিয়ে যাবে।,sylhet,cate_05,SPK_44,Female
sentence_64.wav,dataset/chunks/sylhet/syl_cate_05/sentence_64.wav,এখানে ঝর্ণার ছবি তোলা যেতে পারে।,sylhet,cate_05,SPK_44,Female
sentence_65.wav,dataset/chunks/sylhet/syl_cate_05/sentence_65.wav,আমরা সব দর্শনীয় স্থান ঘুরে দেখব।,sylhet,cate_05,SPK_44,Female
sentence_66.wav,dataset/chunks/sylhet/syl_cate_05/sentence_66.wav,এই জায়গাটি খুব শান্ত।,sylhet,cate_05,SPK_44,Female
sentence_67.wav,dataset/chunks/sylhet/syl_cate_05/sentence_67.wav,আমি রাতের ভ্রমণ পছন্দ করি।,sylhet,cate_05,SPK_44,Female
sentence_68.wav,dataset/chunks/sylhet/syl_cate_05/sentence_68.wav,আমাদের হোটেল থেকে বাসস্ট্যান্ড দূরে নয়।,sylhet,cate_05,SPK_44,Female
sentence_69.wav,dataset/chunks/sylhet/syl_cate_05/sentence_69.wav,আমরা সকালের দিকে ছবি তুলব।,sylhet,cate_05,SPK_44,Female
sentence_70.wav,dataset/chunks/sylhet/syl_cate_05/sentence_70.wav,এই জায়গা সত্যিই স্মরণীয়।,sylhet,cate_05,SPK_44,Female
sentence_01.wav,dataset/chunks/sylhet/syl_cate_06/sentence_01.wav,আমার মাথা ব্যথা করছে।,sylhet,cate_06,SPK_44,Female
sentence_02.wav,dataset/chunks/sylhet/syl_cate_06/sentence_02.wav,কাছাকাছি হাসপাতাল কোথায়?,sylhet,cate_06,SPK_44,Female
sentence_03.wav,dataset/chunks/sylhet/syl_cate_06/sentence_03.wav,ডাক্তারের জন্য কীভাবে অ্যাপয়েন্টমেন্ট নেব?,sylhet,cate_06,SPK_44,Female
sentence_04.wav,dataset/chunks/sylhet/syl_cate_06/sentence_04.wav,আমাকে একটি ওষুধের দোকান দেখান।,sylhet,cate_06,SPK_44,Female
sentence_05.wav,dataset/chunks/sylhet/syl_cate_06/sentence_05.wav,আমি জ্বর অনুভব করছি।,sylhet,cate_06,SPK_44,Female
sentence_06.wav,dataset/chunks/sylhet/syl_cate_06/sentence_06.wav,আমি দুর্ঘটনার শিকার হয়েছি।,sylhet,cate_06,SPK_44,Female
sentence_07.wav,dataset/chunks/sylhet/syl_cate_06/sentence_07.wav,হাসপাতালে কত সময় লাগবে পৌঁছাতে?,sylhet,cate_06,SPK_44,Female
sentence_08.wav,dataset/chunks/sylhet/syl_cate_06/sentence_08.wav,আমার পায়ে চোট লেগেছে।,sylhet,cate_06,SPK_44,Female
sentence_09.wav,dataset/chunks/sylhet/syl_cate_06/sentence_09.wav,আমাকে হাসপাতালে নিয়ে যান।,sylhet,cate_06,SPK_44,Female
sentence_10.wav,dataset/chunks/sylhet/syl_cate_06/sentence_10.wav,আমি শ্বাসকষ্ট অনুভব করছি।,sylhet,cate_06,SPK_44,Female
sentence_11.wav,dataset/chunks/sylhet/syl_cate_06/sentence_11.wav,আমাকে দ্রুত সাহায্য করুন।,sylhet,cate_06,SPK_44,Female
sentence_12.wav,dataset/chunks/sylhet/syl_cate_06/sentence_12.wav,ডাক্তার কখন উপস্থিত থাকবেন?,sylhet,cate_06,SPK_44,Female
sentence_13.wav,dataset/chunks/sylhet/syl_cate_06/sentence_13.wav,আমার শিশু অসুস্থ।,sylhet,cate_06,SPK_44,Female
sentence_14.wav,dataset/chunks/sylhet/syl_cate_06/sentence_14.wav,আমার পেটে ব্যথা করছে।,sylhet,cate_06,SPK_44,Female
sentence_15.wav,dataset/chunks/sylhet/syl_cate_06/sentence_15.wav,ওষুধের নাম কী?,sylhet,cate_06,SPK_44,Female
sentence_16.wav,dataset/chunks/sylhet/syl_cate_06/sentence_16.wav,আমি ধমনীতে ব্যথা অনুভব করছি।,sylhet,cate_06,SPK_44,Female
sentence_17.wav,dataset/chunks/sylhet/syl_cate_06/sentence_17.wav,এটি কি জরুরি অবস্থা?,sylhet,cate_06,SPK_44,Female
sentence_18.wav,dataset/chunks/sylhet/syl_cate_06/sentence_18.wav,আমি অলস লাগছে।,sylhet,cate_06,SPK_44,Female
sentence_19.wav,dataset/chunks/sylhet/syl_cate_06/sentence_19.wav,আমার চোখে সমস্যা হচ্ছে।,sylhet,cate_06,SPK_44,Female
sentence_20.wav,dataset/chunks/sylhet/syl_cate_06/sentence_20.wav,ডাক্তার কি বাংলা বলতে পারেন?,sylhet,cate_06,SPK_44,Female
sentence_21.wav,dataset/chunks/sylhet/syl_cate_06/sentence_21.wav,আমি অ্যালার্জি আক্রান্ত।,sylhet,cate_06,SPK_44,Female
sentence_22.wav,dataset/chunks/sylhet/syl_cate_06/sentence_22.wav,আমার সর্দি কাশি আছে।,sylhet,cate_06,SPK_44,Female
sentence_23.wav,dataset/chunks/sylhet/syl_cate_06/sentence_23.wav,হাসপাতালে কি ভিড় বেশি?,sylhet,cate_06,SPK_44,Female
sentence_24.wav,dataset/chunks/sylhet/syl_cate_06/sentence_24.wav,আমাকে একটি ব্যান্ডেজ দিন।,sylhet,cate_06,SPK_44,Female
sentence_25.wav,dataset/chunks/sylhet/syl_cate_06/sentence_25.wav,আমার দাঁতে ব্যথা করছে।,sylhet,cate_06,SPK_44,Female
sentence_26.wav,dataset/chunks/sylhet/syl_cate_06/sentence_26.wav,এখানে কি জরুরি ওষুধ পাওয়া যায়?,sylhet,cate_06,SPK_44,Female
sentence_27.wav,dataset/chunks/sylhet/syl_cate_06/sentence_27.wav,"আমি অসুস্থ, আমার বিশ্রাম প্রয়োজন।",sylhet,cate_06,SPK_44,Female
sentence_28.wav,dataset/chunks/sylhet/syl_cate_06/sentence_28.wav,আপনার ওষুধের পরিমাণ কত?,sylhet,cate_06,SPK_44,Female
sentence_29.wav,dataset/chunks/sylhet/syl_cate_06/sentence_29.wav,আমার পায়ে জ্বালা অনুভব হচ্ছে।,sylhet,cate_06,SPK_44,Female
sentence_30.wav,dataset/chunks/sylhet/syl_cate_06/sentence_30.wav,হাসপাতালে কি ডাক্তার সারাদিন থাকে?,sylhet,cate_06,SPK_44,Female
sentence_31.wav,dataset/chunks/sylhet/syl_cate_06/sentence_31.wav,আমাকে দ্রুত ট্যাক্সি দিন।,sylhet,cate_06,SPK_44,Female
sentence_32.wav,dataset/chunks/sylhet/syl_cate_06/sentence_32.wav,আমি গলা ব্যথা অনুভব করছি।,sylhet,cate_06,SPK_44,Female
sentence_33.wav,dataset/chunks/sylhet/syl_cate_06/sentence_33.wav,আমার হাতে কাটা গেছে।,sylhet,cate_06,SPK_44,Female
sentence_34.wav,dataset/chunks/sylhet/syl_cate_06/sentence_34.wav,এখানে কি স্বাস্থ্য পরীক্ষা করা যায়?,sylhet,cate_06,SPK_44,Female
sentence_35.wav,dataset/chunks/sylhet/syl_cate_06/sentence_35.wav,আমার পেট খারাপ লাগছে।,sylhet,cate_06,SPK_44,Female
sentence_36.wav,dataset/chunks/sylhet/syl_cate_06/sentence_36.wav,আমার চুল পড়ছে।,sylhet,cate_06,SPK_44,Female
sentence_37.wav,dataset/chunks/sylhet/syl_cate_06/sentence_37.wav,কি ওষুধ খাবো?,sylhet,cate_06,SPK_44,Female
sentence_38.wav,dataset/chunks/sylhet/syl_cate_06/sentence_38.wav,আমার শ্বাসনালি ব্যথা করছে।,sylhet,cate_06,SPK_44,Female
sentence_39.wav,dataset/chunks/sylhet/syl_cate_06/sentence_39.wav,আমার ডায়াবেটিস আছে।,sylhet,cate_06,SPK_44,Female
sentence_40.wav,dataset/chunks/sylhet/syl_cate_06/sentence_40.wav,আমাকে ইনজেকশন দেওয়া দরকার।,sylhet,cate_06,SPK_44,Female
sentence_41.wav,dataset/chunks/sylhet/syl_cate_06/sentence_41.wav,আমাকে ব্যথা উপশমের জন্য কিছু দিন।,sylhet,cate_06,SPK_44,Female
sentence_42.wav,dataset/chunks/sylhet/syl_cate_06/sentence_42.wav,আমি দুর্বল লাগছি।,sylhet,cate_06,SPK_44,Female
sentence_43.wav,dataset/chunks/sylhet/syl_cate_06/sentence_43.wav,আমার নাক দিয়ে রক্ত পড়ছে।,sylhet,cate_06,SPK_44,Female
sentence_44.wav,dataset/chunks/sylhet/syl_cate_06/sentence_44.wav,ডাক্তার কি এখন ফ্রি আছেন?,sylhet,cate_06,SPK_44,Female
sentence_45.wav,dataset/chunks/sylhet/syl_cate_06/sentence_45.wav,আমার বুক ব্যথা করছে।,sylhet,cate_06,SPK_44,Female
sentence_46.wav,dataset/chunks/sylhet/syl_cate_06/sentence_46.wav,আমার চোখ লাল হয়ে গেছে।,sylhet,cate_06,SPK_44,Female
sentence_47.wav,dataset/chunks/sylhet/syl_cate_06/sentence_47.wav,কি টেস্ট করাতে হবে?,sylhet,cate_06,SPK_44,Female
sentence_48.wav,dataset/chunks/sylhet/syl_cate_06/sentence_48.wav,আমি বুকধড় ধড় করছি।,sylhet,cate_06,SPK_44,Female
sentence_49.wav,dataset/chunks/sylhet/syl_cate_06/sentence_49.wav,হাসপাতালে কি অ্যাম্বুল্যান্স আছে?,sylhet,cate_06,SPK_44,Female
sentence_50.wav,dataset/chunks/sylhet/syl_cate_06/sentence_50.wav,আমার চামড়ায় চুলকানি হচ্ছে।,sylhet,cate_06,SPK_44,Female
sentence_51.wav,dataset/chunks/sylhet/syl_cate_06/sentence_51.wav,ওষুধটি কখন খাবো?,sylhet,cate_06,SPK_44,Female
sentence_52.wav,dataset/chunks/sylhet/syl_cate_06/sentence_52.wav,আমার কানে ব্যথা করছে।,sylhet,cate_06,SPK_44,Female
sentence_53.wav,dataset/chunks/sylhet/syl_cate_06/sentence_53.wav,আমাকে রক্ত পরীক্ষা করাতে হবে।,sylhet,cate_06,SPK_44,Female
sentence_54.wav,dataset/chunks/sylhet/syl_cate_06/sentence_54.wav,আমি গরমে অসুস্থ।,sylhet,cate_06,SPK_44,Female
sentence_55.wav,dataset/chunks/sylhet/syl_cate_06/sentence_55.wav,আমার দাঁতের ইনফেকশন হয়েছে।,sylhet,cate_06,SPK_44,Female
sentence_56.wav,dataset/chunks/sylhet/syl_cate_06/sentence_56.wav,এখানে কি স্যালাইন দেওয়া হয়?,sylhet,cate_06,SPK_44,Female
sentence_57.wav,dataset/chunks/sylhet/syl_cate_06/sentence_57.wav,আমার পায়ের আঙুল ফোলা গেছে।,sylhet,cate_06,SPK_44,Female
sentence_58.wav,dataset/chunks/sylhet/syl_cate_06/sentence_58.wav,আমাকে ব্যথানাশক দিন।,sylhet,cate_06,SPK_44,Female
sentence_59.wav,dataset/chunks/sylhet/syl_cate_06/sentence_59.wav,কি খেলে সুস্থতা হবে?,sylhet,cate_06,SPK_44,Female
sentence_60.wav,dataset/chunks/sylhet/syl_cate_06/sentence_60.wav,আমি মাথা ঘোরাতে লাগছে।,sylhet,cate_06,SPK_44,Female
sentence_61.wav,dataset/chunks/sylhet/syl_cate_06/sentence_61.wav,হাসপাতালে কি ডাক্তার রাতেও থাকেন?,sylhet,cate_06,SPK_44,Female
sentence_62.wav,dataset/chunks/sylhet/syl_cate_06/sentence_62.wav,আমার গলার প্রদাহ আছে।,sylhet,cate_06,SPK_44,Female
sentence_63.wav,dataset/chunks/sylhet/syl_cate_06/sentence_63.wav,আমার শরীরে জ্বালা অনুভূত হচ্ছে।,sylhet,cate_06,SPK_44,Female
sentence_64.wav,dataset/chunks/sylhet/syl_cate_06/sentence_64.wav,আমাকে ওষুধের রিসিপি দিন।,sylhet,cate_06,SPK_44,Female
sentence_65.wav,dataset/chunks/sylhet/syl_cate_06/sentence_65.wav,কি ওষুধ বেশি কার্যকর?,sylhet,cate_06,SPK_44,Female
sentence_66.wav,dataset/chunks/sylhet/syl_cate_06/sentence_66.wav,আমার গায়ে র‍্যাশ হয়েছে।,sylhet,cate_06,SPK_44,Female
sentence_67.wav,dataset/chunks/sylhet/syl_cate_06/sentence_67.wav,আমি পায়ে ব্যথা অনুভব করছি।,sylhet,cate_06,SPK_44,Female
sentence_68.wav,dataset/chunks/sylhet/syl_cate_06/sentence_68.wav,হাসপাতালে কি অ্যাপয়েন্টমেন্ট লাগবে?,sylhet,cate_06,SPK_44,Female
sentence_69.wav,dataset/chunks/sylhet/syl_cate_06/sentence_69.wav,আমাকে দ্রুত দেখুন।,sylhet,cate_06,SPK_44,Female
sentence_70.wav,dataset/chunks/sylhet/syl_cate_06/sentence_70.wav,আমার পেট খুব ব্যথা করছে।,sylhet,cate_06,SPK_44,Female
sentence_01.wav,dataset/chunks/sylhet/syl_cate_07/sentence_01.wav,আপনার পরিবারে কয়জন সদস্য আছে?,sylhet,cate_07,SPK_37,Female
sentence_02.wav,dataset/chunks/sylhet/syl_cate_07/sentence_02.wav,আমার বাবা একজন শিক্ষক।,sylhet,cate_07,SPK_37,Female
sentence_03.wav,dataset/chunks/sylhet/syl_cate_07/sentence_03.wav,আপনি কোথায় বড় হয়েছেন?,sylhet,cate_07,SPK_37,Female
sentence_04.wav,dataset/chunks/sylhet/syl_cate_07/sentence_04.wav,আমার মা ঘরে থাকেন।,sylhet,cate_07,SPK_37,Female
sentence_05.wav,dataset/chunks/sylhet/syl_cate_07/sentence_05.wav,আপনার ভাইবোন আছে কি?,sylhet,cate_07,SPK_37,Female
sentence_06.wav,dataset/chunks/sylhet/syl_cate_07/sentence_06.wav,আমার এক ভাই ও দুই বোন আছে।,sylhet,cate_07,SPK_37,Female
sentence_07.wav,dataset/chunks/sylhet/syl_cate_07/sentence_07.wav,আমরা একসাথে ভ্রমণ করতে ভালোবাসি।,sylhet,cate_07,SPK_37,Female
sentence_08.wav,dataset/chunks/sylhet/syl_cate_07/sentence_08.wav,আপনার পছন্দের খাবার কী?,sylhet,cate_07,SPK_37,Female
sentence_09.wav,dataset/chunks/sylhet/syl_cate_07/sentence_09.wav,আমার ছোট বোন স্কুলে পড়ে।,sylhet,cate_07,SPK_37,Female
sentence_10.wav,dataset/chunks/sylhet/syl_cate_07/sentence_10.wav,আপনার বাবা কোথায় কাজ করেন?,sylhet,cate_07,SPK_37,Female
sentence_11.wav,dataset/chunks/sylhet/syl_cate_07/sentence_11.wav,আমার পরিবার সব সময় একসাথে খেতে বসে।,sylhet,cate_07,SPK_37,Female
sentence_12.wav,dataset/chunks/sylhet/syl_cate_07/sentence_12.wav,আপনার মা কি রান্না করতে ভালোবাসেন?,sylhet,cate_07,SPK_37,Female
sentence_13.wav,dataset/chunks/sylhet/syl_cate_07/sentence_13.wav,আমরা প্রতি বছর ঈদে মিলিত হই।,sylhet,cate_07,SPK_37,Female
sentence_14.wav,dataset/chunks/sylhet/syl_cate_07/sentence_14.wav,আপনার পছন্দের ছুটি কী?,sylhet,cate_07,SPK_37,Female
sentence_15.wav,dataset/chunks/sylhet/syl_cate_07/sentence_15.wav,আমার বাবা সকালবেলা হাঁটতে যান।,sylhet,cate_07,SPK_37,Female
sentence_16.wav,dataset/chunks/sylhet/syl_cate_07/sentence_16.wav,আপনার পরিবারে কারা রয়েছেন?,sylhet,cate_07,SPK_37,Female
sentence_17.wav,dataset/chunks/sylhet/syl_cate_07/sentence_17.wav,আমার দাদা আমাদের সঙ্গে থাকে।,sylhet,cate_07,SPK_37,Female
sentence_18.wav,dataset/chunks/sylhet/syl_cate_07/sentence_18.wav,আপনি কি বিবাহিত?,sylhet,cate_07,SPK_37,Female
sentence_19.wav,dataset/chunks/sylhet/syl_cate_07/sentence_19.wav,আমি বিবাহিত এবং আমার দুই সন্তান আছে।,sylhet,cate_07,SPK_37,Female
sentence_20.wav,dataset/chunks/sylhet/syl_cate_07/sentence_20.wav,আপনার বোন কি বিশ্ববিদ্যালয়ে পড়ে?,sylhet,cate_07,SPK_37,Female
sentence_21.wav,dataset/chunks/sylhet/syl_cate_07/sentence_21.wav,আমরা রোববার একসাথে সিনেমা দেখি।,sylhet,cate_07,SPK_37,Female
sentence_22.wav,dataset/chunks/sylhet/syl_cate_07/sentence_22.wav,আপনার পছন্দের পরিবারের অনুষ্ঠান কোনটি?,sylhet,cate_07,SPK_37,Female
sentence_23.wav,dataset/chunks/sylhet/syl_cate_07/sentence_23.wav,আমার বাবা মা আমাদের জন্য খুব যত্নশীল।,sylhet,cate_07,SPK_37,Female
sentence_24.wav,dataset/chunks/sylhet/syl_cate_07/sentence_24.wav,আপনার শিশুরা স্কুলে ভালো করছে কি?,sylhet,cate_07,SPK_37,Female
sentence_25.wav,dataset/chunks/sylhet/syl_cate_07/sentence_25.wav,আমার পরিবারের সবাই স্বাস্থ্যকর জীবনযাপন করে।,sylhet,cate_07,SPK_37,Female
sentence_26.wav,dataset/chunks/sylhet/syl_cate_07/sentence_26.wav,আপনি কোথায় বেড়ে উঠেছেন?,sylhet,cate_07,SPK_37,Female
sentence_27.wav,dataset/chunks/sylhet/syl_cate_07/sentence_27.wav,আমার পরিবার গ্রামে থাকে।,sylhet,cate_07,SPK_37,Female
sentence_28.wav,dataset/chunks/sylhet/syl_cate_07/sentence_28.wav,আপনার বাবা কি বিদেশে কাজ করেন?,sylhet,cate_07,SPK_37,Female
sentence_29.wav,dataset/chunks/sylhet/syl_cate_07/sentence_29.wav,আমি আমার পরিবারের সঙ্গে ছুটিতে যাই।,sylhet,cate_07,SPK_37,Female
sentence_30.wav,dataset/chunks/sylhet/syl_cate_07/sentence_30.wav,আপনার পরিবারে ছোট ছোট ভাইবোন আছে কি?,sylhet,cate_07,SPK_37,Female
sentence_31.wav,dataset/chunks/sylhet/syl_cate_07/sentence_31.wav,আমার ভাই ফুটবল খেলে।,sylhet,cate_07,SPK_37,Female
sentence_32.wav,dataset/chunks/sylhet/syl_cate_07/sentence_32.wav,আপনার মা কি কাজ করেন?,sylhet,cate_07,SPK_37,Female
sentence_33.wav,dataset/chunks/sylhet/syl_cate_07/sentence_33.wav,আমরা প্রতি সপ্তাহে একসাথে খাবার করি।,sylhet,cate_07,SPK_37,Female
sentence_34.wav,dataset/chunks/sylhet/syl_cate_07/sentence_34.wav,আপনার বাবা কি বাসায় থাকেন?,sylhet,cate_07,SPK_37,Female
sentence_35.wav,dataset/chunks/sylhet/syl_cate_07/sentence_35.wav,আমার পরিবারে সবাই একে অপরকে সাহায্য করে।,sylhet,cate_07,SPK_37,Female
sentence_36.wav,dataset/chunks/sylhet/syl_cate_07/sentence_36.wav,আপনি কত বছর ধরে বিবাহিত?,sylhet,cate_07,SPK_37,Female
sentence_37.wav,dataset/chunks/sylhet/syl_cate_07/sentence_37.wav,আমার বোন চিকিৎসা পড়াশোনা করছে।,sylhet,cate_07,SPK_37,Female
sentence_38.wav,dataset/chunks/sylhet/syl_cate_07/sentence_38.wav,আপনার বাবা মা কি এখনও কাজ করেন?,sylhet,cate_07,SPK_37,Female
sentence_39.wav,dataset/chunks/sylhet/syl_cate_07/sentence_39.wav,আমরা সবাই একসাথে হোলিডে যাই।,sylhet,cate_07,SPK_37,Female
sentence_40.wav,dataset/chunks/sylhet/syl_cate_07/sentence_40.wav,আপনার সন্তানদের নাম কী?,sylhet,cate_07,SPK_37,Female
sentence_41.wav,dataset/chunks/sylhet/syl_cate_07/sentence_41.wav,আমার ছেলে ফুটবল খেলতে ভালোবাসে।,sylhet,cate_07,SPK_37,Female
sentence_42.wav,dataset/chunks/sylhet/syl_cate_07/sentence_42.wav,আপনার পরিবারের বয়সী সদস্যরা কি সক্রিয়?,sylhet,cate_07,SPK_37,Female
sentence_43.wav,dataset/chunks/sylhet/syl_cate_07/sentence_43.wav,আমি আমার পরিবারের সঙ্গে সিনেমা দেখতে যাই।,sylhet,cate_07,SPK_37,Female
sentence_44.wav,dataset/chunks/sylhet/syl_cate_07/sentence_44.wav,আপনার মা কি রান্না ভালো করেন?,sylhet,cate_07,SPK_37,Female
sentence_45.wav,dataset/chunks/sylhet/syl_cate_07/sentence_45.wav,আমার বাবা সকালবেলা সংবাদ পড়েন।,sylhet,cate_07,SPK_37,Female
sentence_46.wav,dataset/chunks/sylhet/syl_cate_07/sentence_46.wav,আপনার বোনের পছন্দের কাজ কী?,sylhet,cate_07,SPK_37,Female
sentence_47.wav,dataset/chunks/sylhet/syl_cate_07/sentence_47.wav,আমরা বড়দিন একসাথে উদযাপন করি।,sylhet,cate_07,SPK_37,Female
sentence_48.wav,dataset/chunks/sylhet/syl_cate_07/sentence_48.wav,আমার পরিবারে কেউ বিদেশে থাকে।,sylhet,cate_07,SPK_37,Female
sentence_49.wav,dataset/chunks/sylhet/syl_cate_07/sentence_49.wav,আপনার পরিবারের সদস্যরা কি সুস্থ আছে?,sylhet,cate_07,SPK_37,Female
sentence_50.wav,dataset/chunks/sylhet/syl_cate_07/sentence_50.wav,আমি পরিবারকে খুব ভালোবাসি।,sylhet,cate_07,SPK_37,Female
sentence_51.wav,dataset/chunks/sylhet/syl_cate_07/sentence_51.wav,আপনার ভাইবোন কি আপনার সাথে থাকে?,sylhet,cate_07,SPK_37,Female
sentence_52.wav,dataset/chunks/sylhet/syl_cate_07/sentence_52.wav,আমার বাবা মা গ্রামের বাড়িতে থাকেন।,sylhet,cate_07,SPK_37,Female
sentence_53.wav,dataset/chunks/sylhet/syl_cate_07/sentence_53.wav,আমরা একসাথে খেলা করি।,sylhet,cate_07,SPK_37,Female
sentence_54.wav,dataset/chunks/sylhet/syl_cate_07/sentence_54.wav,আপনার পরিবারে কেউ চাকরিতে আছেন কি?,sylhet,cate_07,SPK_37,Female
sentence_55.wav,dataset/chunks/sylhet/syl_cate_07/sentence_55.wav,আমি আমার পরিবারের জন্য সব করি।,sylhet,cate_07,SPK_37,Female
sentence_56.wav,dataset/chunks/sylhet/syl_cate_07/sentence_56.wav,আপনার বাবা মা কি অবসরপ্রাপ্ত?,sylhet,cate_07,SPK_37,Female
sentence_57.wav,dataset/chunks/sylhet/syl_cate_07/sentence_57.wav,আমরা হোলিডেতে গ্রামের বাড়িতে যাই।,sylhet,cate_07,SPK_37,Female
sentence_58.wav,dataset/chunks/sylhet/syl_cate_07/sentence_58.wav,আমার ছোট ভাই স্কুলে ভালো করছে।,sylhet,cate_07,SPK_37,Female
sentence_59.wav,dataset/chunks/sylhet/syl_cate_07/sentence_59.wav,আপনার পরিবার কত ঘনিষ্ঠ?,sylhet,cate_07,SPK_37,Female
sentence_60.wav,dataset/chunks/sylhet/syl_cate_07/sentence_60.wav,আমরা প্রতি মাসে একসাথে বেড়াতে যাই।,sylhet,cate_07,SPK_37,Female
sentence_61.wav,dataset/chunks/sylhet/syl_cate_07/sentence_61.wav,আমার মা গল্প শুনাতে ভালোবাসেন।,sylhet,cate_07,SPK_37,Female
sentence_62.wav,dataset/chunks/sylhet/syl_cate_07/sentence_62.wav,আপনার বাবা কি কখনও ভ্রমণে যান?,sylhet,cate_07,SPK_37,Female
sentence_63.wav,dataset/chunks/sylhet/syl_cate_07/sentence_63.wav,আমি আমার পরিবারকে সব সময় সাহায্য করি।,sylhet,cate_07,SPK_37,Female
sentence_64.wav,dataset/chunks/sylhet/syl_cate_07/sentence_64.wav,আপনার ভাইবোন কি একে অপরকে সাহায্য করে?,sylhet,cate_07,SPK_37,Female
sentence_65.wav,dataset/chunks/sylhet/syl_cate_07/sentence_65.wav,আমরা পরিবারে জন্মদিন উদযাপন করি।,sylhet,cate_07,SPK_37,Female
sentence_66.wav,dataset/chunks/sylhet/syl_cate_07/sentence_66.wav,আমার পরিবারের সঙ্গে সময় কাটানো ভালো লাগে।,sylhet,cate_07,SPK_37,Female
sentence_67.wav,dataset/chunks/sylhet/syl_cate_07/sentence_67.wav,আপনার মা বাবা কি একসাথে আছেন?,sylhet,cate_07,SPK_37,Female
sentence_68.wav,dataset/chunks/sylhet/syl_cate_07/sentence_68.wav,আমার বাবা খুব কঠোর কিন্তু ভালো মানুষ।,sylhet,cate_07,SPK_37,Female
sentence_69.wav,dataset/chunks/sylhet/syl_cate_07/sentence_69.wav,আমরা পারিবারিক ছবি তুলি।,sylhet,cate_07,SPK_37,Female
sentence_70.wav,dataset/chunks/sylhet/syl_cate_07/sentence_70.wav,আমি আমার পরিবারের সুখের জন্য কাজ করি।,sylhet,cate_07,SPK_37,Female
sentence_01.wav,dataset/chunks/sylhet/syl_cate_08/sentence_01.wav,এই বছর ধানের ফলন কেমন হবে?,sylhet,cate_08,SPK_27,Male
sentence_02.wav,dataset/chunks/sylhet/syl_cate_08/sentence_02.wav,আমি মাছ চাষ শুরু করতে চাই।,sylhet,cate_08,SPK_27,Male
sentence_03.wav,dataset/chunks/sylhet/syl_cate_08/sentence_03.wav,বৃষ্টিপাত ঠিক আছে কি?,sylhet,cate_08,SPK_27,Male
sentence_04.wav,dataset/chunks/sylhet/syl_cate_08/sentence_04.wav,জমি প্রস্তুত করা হয়েছে।,sylhet,cate_08,SPK_27,Male
sentence_05.wav,dataset/chunks/sylhet/syl_cate_08/sentence_05.wav,ধানের বীজ কত লাগবে?,sylhet,cate_08,SPK_27,Male
sentence_06.wav,dataset/chunks/sylhet/syl_cate_08/sentence_06.wav,কীটনাশক প্রয়োগ করতে হবে।,sylhet,cate_08,SPK_27,Male
sentence_07.wav,dataset/chunks/sylhet/syl_cate_08/sentence_07.wav,আমি সবজি চাষ করি।,sylhet,cate_08,SPK_27,Male
sentence_08.wav,dataset/chunks/sylhet/syl_cate_08/sentence_08.wav,মাছের পুকুর কত বড়?,sylhet,cate_08,SPK_27,Male
sentence_09.wav,dataset/chunks/sylhet/syl_cate_08/sentence_09.wav,আমার ধান ভালোভাবে ফলন করছে।,sylhet,cate_08,SPK_27,Male
sentence_10.wav,dataset/chunks/sylhet/syl_cate_08/sentence_10.wav,সার দেওয়া হয়েছে।,sylhet,cate_08,SPK_27,Male
sentence_11.wav,dataset/chunks/sylhet/syl_cate_08/sentence_11.wav,কৃষকের জন্য কি সহায়তা আছে?,sylhet,cate_08,SPK_27,Male
sentence_12.wav,dataset/chunks/sylhet/syl_cate_08/sentence_12.wav,গবাদি পশুদের খাওয়ানো হয়েছে।,sylhet,cate_08,SPK_27,Male
sentence_13.wav,dataset/chunks/sylhet/syl_cate_08/sentence_13.wav,আবহাওয়া কেমন থাকবে?,sylhet,cate_08,SPK_27,Male
sentence_14.wav,dataset/chunks/sylhet/syl_cate_08/sentence_14.wav,বৃষ্টির অভাব ধানের জন্য ক্ষতিকর।,sylhet,cate_08,SPK_27,Male
sentence_15.wav,dataset/chunks/sylhet/syl_cate_08/sentence_15.wav,পুকুরে পানি পরীক্ষা করা হয়েছে।,sylhet,cate_08,SPK_27,Male
sentence_16.wav,dataset/chunks/sylhet/syl_cate_08/sentence_16.wav,আমি নতুন সার প্রয়োগ করব।,sylhet,cate_08,SPK_27,Male
sentence_17.wav,dataset/chunks/sylhet/syl_cate_08/sentence_17.wav,কীটপতঙ্গ ধ্বংস করতে হবে।,sylhet,cate_08,SPK_27,Male
sentence_18.wav,dataset/chunks/sylhet/syl_cate_08/sentence_18.wav,ধানের বীজ ভালো মানের কিনুন।,sylhet,cate_08,SPK_27,Male
sentence_19.wav,dataset/chunks/sylhet/syl_cate_08/sentence_19.wav,সবজি খুব দ্রুত বড় হচ্ছে।,sylhet,cate_08,SPK_27,Male
sentence_20.wav,dataset/chunks/sylhet/syl_cate_08/sentence_20.wav,মাছের পুকুরে খাবার দিন।,sylhet,cate_08,SPK_27,Male
sentence_21.wav,dataset/chunks/sylhet/syl_cate_08/sentence_21.wav,জমিতে আগাছা কাটা হয়েছে।,sylhet,cate_08,SPK_27,Male
sentence_22.wav,dataset/chunks/sylhet/syl_cate_08/sentence_22.wav,আমি নতুন পুকুর খনন করেছি।,sylhet,cate_08,SPK_27,Male
sentence_23.wav,dataset/chunks/sylhet/syl_cate_08/sentence_23.wav,এই ফসলের জন্য কত সার লাগবে?,sylhet,cate_08,SPK_27,Male
sentence_24.wav,dataset/chunks/sylhet/syl_cate_08/sentence_24.wav,গরু খুব ভালো অবস্থায় আছে।,sylhet,cate_08,SPK_27,Male
sentence_25.wav,dataset/chunks/sylhet/syl_cate_08/sentence_25.wav,ধান কেটে সংগ্রহ করা হয়েছে।,sylhet,cate_08,SPK_27,Male
sentence_26.wav,dataset/chunks/sylhet/syl_cate_08/sentence_26.wav,আমরা সবজি বাজারে বিক্রি করি।,sylhet,cate_08,SPK_27,Male
sentence_27.wav,dataset/chunks/sylhet/syl_cate_08/sentence_27.wav,মাটি পরীক্ষা করা হয়েছে।,sylhet,cate_08,SPK_27,Male
sentence_28.wav,dataset/chunks/sylhet/syl_cate_08/sentence_28.wav,পোকামাকড়ের আক্রমণ হয়েছে।,sylhet,cate_08,SPK_27,Male
sentence_29.wav,dataset/chunks/sylhet/syl_cate_08/sentence_29.wav,মাছের পুকুর পরিষ্কার করুন।,sylhet,cate_08,SPK_27,Male
sentence_30.wav,dataset/chunks/sylhet/syl_cate_08/sentence_30.wav,আমরা সার ও বীজ কিনব।,sylhet,cate_08,SPK_27,Male
sentence_31.wav,dataset/chunks/sylhet/syl_cate_08/sentence_31.wav,গবাদি পশুদের স্বাস্থ্য পরীক্ষা করা হয়েছে।,sylhet,cate_08,SPK_27,Male
sentence_32.wav,dataset/chunks/sylhet/syl_cate_08/sentence_32.wav,ধানের ফলন ভাল হয়েছে।,sylhet,cate_08,SPK_27,Male
sentence_33.wav,dataset/chunks/sylhet/syl_cate_08/sentence_33.wav,আমি নতুন চারা রোপণ করব।,sylhet,cate_08,SPK_27,Male
sentence_34.wav,dataset/chunks/sylhet/syl_cate_08/sentence_34.wav,আবহাওয়া পরিবর্তনশীল।,sylhet,cate_08,SPK_27,Male
sentence_35.wav,dataset/chunks/sylhet/syl_cate_08/sentence_35.wav,পুকুরে পানি কমে গেছে।,sylhet,cate_08,SPK_27,Male
sentence_36.wav,dataset/chunks/sylhet/syl_cate_08/sentence_36.wav,আমরা নতুন সার পরীক্ষা করব।,sylhet,cate_08,SPK_27,Male
sentence_37.wav,dataset/chunks/sylhet/syl_cate_08/sentence_37.wav,কি মাছের প্রজাতি ভালো ফলন দিচ্ছে?,sylhet,cate_08,SPK_27,Male
sentence_38.wav,dataset/chunks/sylhet/syl_cate_08/sentence_38.wav,জমি উর্বর।,sylhet,cate_08,SPK_27,Male
sentence_39.wav,dataset/chunks/sylhet/syl_cate_08/sentence_39.wav,ফসল রক্ষা করতে কী ব্যবস্থা নেওয়া হয়েছে?,sylhet,cate_08,SPK_27,Male
sentence_40.wav,dataset/chunks/sylhet/syl_cate_08/sentence_40.wav,আমরা গবাদি পশু বিক্রি করব।,sylhet,cate_08,SPK_27,Male
sentence_41.wav,dataset/chunks/sylhet/syl_cate_08/sentence_41.wav,ধানের ফসল শুকিয়ে গেছে।,sylhet,cate_08,SPK_27,Male
sentence_42.wav,dataset/chunks/sylhet/syl_cate_08/sentence_42.wav,পুকুরে নতুন মাছ ছাড়া হয়েছে।,sylhet,cate_08,SPK_27,Male
sentence_43.wav,dataset/chunks/sylhet/syl_cate_08/sentence_43.wav,আবহাওয়া খুব খারাপ।,sylhet,cate_08,SPK_27,Male
sentence_44.wav,dataset/chunks/sylhet/syl_cate_08/sentence_44.wav,আমরা সবজি রোপণ শুরু করেছি।,sylhet,cate_08,SPK_27,Male
sentence_45.wav,dataset/chunks/sylhet/syl_cate_08/sentence_45.wav,মাটির আর্দ্রতা ঠিক আছে কি?,sylhet,cate_08,SPK_27,Male
sentence_46.wav,dataset/chunks/sylhet/syl_cate_08/sentence_46.wav,সার দেওয়ার পর পানি দিন।,sylhet,cate_08,SPK_27,Male
sentence_47.wav,dataset/chunks/sylhet/syl_cate_08/sentence_47.wav,কীটনাশক কত দিন পর প্রয়োগ করতে হবে?,sylhet,cate_08,SPK_27,Male
sentence_48.wav,dataset/chunks/sylhet/syl_cate_08/sentence_48.wav,আমার ধান এখনও সবুজ।,sylhet,cate_08,SPK_27,Male
sentence_49.wav,dataset/chunks/sylhet/syl_cate_08/sentence_49.wav,গবাদি পশুদের জন্য খোরাক প্রস্তুত।,sylhet,cate_08,SPK_27,Male
sentence_50.wav,dataset/chunks/sylhet/syl_cate_08/sentence_50.wav,পুকুরের পানি পরীক্ষা করুন।,sylhet,cate_08,SPK_27,Male
sentence_51.wav,dataset/chunks/sylhet/syl_cate_08/sentence_51.wav,বৃষ্টি হলে ফসলের জন্য ভালো হবে।,sylhet,cate_08,SPK_27,Male
sentence_52.wav,dataset/chunks/sylhet/syl_cate_08/sentence_52.wav,আমরা নতুন সার প্রয়োগ করব।,sylhet,cate_08,SPK_27,Male
sentence_53.wav,dataset/chunks/sylhet/syl_cate_08/sentence_53.wav,কি সময়ে ধান কাটা উচিত?,sylhet,cate_08,SPK_27,Male
sentence_54.wav,dataset/chunks/sylhet/syl_cate_08/sentence_54.wav,পোকামাকড় ধ্বংস করা হয়েছে।,sylhet,cate_08,SPK_27,Male
sentence_55.wav,dataset/chunks/sylhet/syl_cate_08/sentence_55.wav,আমরা ফসল বিক্রি করব।,sylhet,cate_08,SPK_27,Male
sentence_56.wav,dataset/chunks/sylhet/syl_cate_08/sentence_56.wav,গবাদি পশুদের জন্য চিকিৎসা প্রয়োজন।,sylhet,cate_08,SPK_27,Male
sentence_57.wav,dataset/chunks/sylhet/syl_cate_08/sentence_57.wav,মাছের পুকুরে বেশি পানি ঢালুন।,sylhet,cate_08,SPK_27,Male
sentence_58.wav,dataset/chunks/sylhet/syl_cate_08/sentence_58.wav,আমরা কৃষি প্রদর্শনীতে যাব।,sylhet,cate_08,SPK_27,Male
sentence_59.wav,dataset/chunks/sylhet/syl_cate_08/sentence_59.wav,ধানের চারা ভালোভাবে জন্ম নিয়েছে।,sylhet,cate_08,SPK_27,Male
sentence_60.wav,dataset/chunks/sylhet/syl_cate_08/sentence_60.wav,ফসলের জন্য পানি দেওয়া হচ্ছে।,sylhet,cate_08,SPK_27,Male
sentence_61.wav,dataset/chunks/sylhet/syl_cate_08/sentence_61.wav,পোকামাকড়ের আক্রমণ কমে গেছে।,sylhet,cate_08,SPK_27,Male
sentence_62.wav,dataset/chunks/sylhet/syl_cate_08/sentence_62.wav,আমরা নতুন চারা কিনব।,sylhet,cate_08,SPK_27,Male
sentence_63.wav,dataset/chunks/sylhet/syl_cate_08/sentence_63.wav,কি মাছের খাদ্য ভালো ফলন দিচ্ছে?,sylhet,cate_08,SPK_27,Male
sentence_64.wav,dataset/chunks/sylhet/syl_cate_08/sentence_64.wav,জমি খুব উর্বর।,sylhet,cate_08,SPK_27,Male
sentence_65.wav,dataset/chunks/sylhet/syl_cate_08/sentence_65.wav,পুকুরের পানি পরিষ্কার রাখা হয়েছে।,sylhet,cate_08,SPK_27,Male
sentence_66.wav,dataset/chunks/sylhet/syl_cate_08/sentence_66.wav,আমি ধানের ক্ষেতে যাচ্ছি।,sylhet,cate_08,SPK_27,Male
sentence_67.wav,dataset/chunks/sylhet/syl_cate_08/sentence_67.wav,ফসল রক্ষা করতে কৃষক সতর্ক।,sylhet,cate_08,SPK_27,Male
sentence_68.wav,dataset/chunks/sylhet/syl_cate_08/sentence_68.wav,আমরা গবাদি পশু বিক্রির পরিকল্পনা করেছি।,sylhet,cate_08,SPK_27,Male
sentence_69.wav,dataset/chunks/sylhet/syl_cate_08/sentence_69.wav,ধানের ক্ষেতে জৈব সার প্রয়োগ করা হয়েছে।,sylhet,cate_08,SPK_27,Male
sentence_70.wav,dataset/chunks/sylhet/syl_cate_08/sentence_70.wav,আমাদের পুকুরে নতুন মাছ এসেছে।,sylhet,cate_08,SPK_27,Male
sentence_01.wav,dataset/chunks/sylhet/syl_cate_09/sentence_01.wav,আজ খুব গরম।,sylhet,cate_09,SPK_27,Male
sentence_02.wav,dataset/chunks/sylhet/syl_cate_09/sentence_02.wav,কাল বৃষ্টি হবে কি?,sylhet,cate_09,SPK_27,Male
sentence_03.wav,dataset/chunks/sylhet/syl_cate_09/sentence_03.wav,বাতাস কেমন চলছে?,sylhet,cate_09,SPK_27,Male
sentence_04.wav,dataset/chunks/sylhet/syl_cate_09/sentence_04.wav,আজ সূর্য ভালোভাবে উঠেছে।,sylhet,cate_09,SPK_27,Male
sentence_05.wav,dataset/chunks/sylhet/syl_cate_09/sentence_05.wav,তাপমাত্রা কত?,sylhet,cate_09,SPK_27,Male
sentence_06.wav,dataset/chunks/sylhet/syl_cate_09/sentence_06.wav,আজ মেঘলা দিন।,sylhet,cate_09,SPK_27,Male
sentence_07.wav,dataset/chunks/sylhet/syl_cate_09/sentence_07.wav,বাতাস খুব ঠান্ডা।,sylhet,cate_09,SPK_27,Male
sentence_08.wav,dataset/chunks/sylhet/syl_cate_09/sentence_08.wav,আজ দিনের আলো সুন্দর।,sylhet,cate_09,SPK_27,Male
sentence_09.wav,dataset/chunks/sylhet/syl_cate_09/sentence_09.wav,ঝড় আসছে কি?,sylhet,cate_09,SPK_27,Male
sentence_10.wav,dataset/chunks/sylhet/syl_cate_09/sentence_10.wav,আজ রাত খুব ঠান্ডা।,sylhet,cate_09,SPK_27,Male
sentence_11.wav,dataset/chunks/sylhet/syl_cate_09/sentence_11.wav,আকাশ পরিষ্কার।,sylhet,cate_09,SPK_27,Male
sentence_12.wav,dataset/chunks/sylhet/syl_cate_09/sentence_12.wav,বৃষ্টি শুরু হয়েছে।,sylhet,cate_09,SPK_27,Male
sentence_13.wav,dataset/chunks/sylhet/syl_cate_09/sentence_13.wav,তাপমাত্রা বেশি হলে গরম লাগবে।,sylhet,cate_09,SPK_27,Male
sentence_14.wav,dataset/chunks/sylhet/syl_cate_09/sentence_14.wav,ধুলোবালি কেটে গেছে।,sylhet,cate_09,SPK_27,Male
sentence_15.wav,dataset/chunks/sylhet/syl_cate_09/sentence_15.wav,জলবায়ু পরিবর্তন হচ্ছে।,sylhet,cate_09,SPK_27,Male
sentence_16.wav,dataset/chunks/sylhet/syl_cate_09/sentence_16.wav,আজ সূর্য ঝলমল করছে।,sylhet,cate_09,SPK_27,Male
sentence_17.wav,dataset/chunks/sylhet/syl_cate_09/sentence_17.wav,বাতাস কি বেশি তীব্র?,sylhet,cate_09,SPK_27,Male
sentence_18.wav,dataset/chunks/sylhet/syl_cate_09/sentence_18.wav,আজ দিনের তাপমাত্রা ৩৫°সেলসিয়াস।,sylhet,cate_09,SPK_27,Male
sentence_19.wav,dataset/chunks/sylhet/syl_cate_09/sentence_19.wav,আকাশে সবুজ মেঘ।,sylhet,cate_09,SPK_27,Male
sentence_20.wav,dataset/chunks/sylhet/syl_cate_09/sentence_20.wav,বৃষ্টির পর মাটি ভিজে গেছে।,sylhet,cate_09,SPK_27,Male
sentence_21.wav,dataset/chunks/sylhet/syl_cate_09/sentence_21.wav,আজ খুব আর্দ্রতা আছে।,sylhet,cate_09,SPK_27,Male
sentence_22.wav,dataset/chunks/sylhet/syl_cate_09/sentence_22.wav,কি ধরনের আবহাওয়া আপনার পছন্দ?,sylhet,cate_09,SPK_27,Male
sentence_23.wav,dataset/chunks/sylhet/syl_cate_09/sentence_23.wav,সূর্যাস্ত খুব সুন্দর হয়েছে।,sylhet,cate_09,SPK_27,Male
sentence_24.wav,dataset/chunks/sylhet/syl_cate_09/sentence_24.wav,আগামীকাল খুব ঠান্ডা হবে।,sylhet,cate_09,SPK_27,Male
sentence_25.wav,dataset/chunks/sylhet/syl_cate_09/sentence_25.wav,ঝড়ের পূর্বাভাস আছে।,sylhet,cate_09,SPK_27,Male
sentence_26.wav,dataset/chunks/sylhet/syl_cate_09/sentence_26.wav,বাতাসের দিক পরিবর্তিত হয়েছে।,sylhet,cate_09,SPK_27,Male
sentence_27.wav,dataset/chunks/sylhet/syl_cate_09/sentence_27.wav,আকাশে সূর্যোদয় দেখা যাচ্ছে।,sylhet,cate_09,SPK_27,Male
sentence_28.wav,dataset/chunks/sylhet/syl_cate_09/sentence_28.wav,আজ রাতের আকাশে তারা দেখা যাচ্ছে।,sylhet,cate_09,SPK_27,Male
sentence_29.wav,dataset/chunks/sylhet/syl_cate_09/sentence_29.wav,বাতাসে তীব্রতা আছে কি?,sylhet,cate_09,SPK_27,Male
sentence_30.wav,dataset/chunks/sylhet/syl_cate_09/sentence_30.wav,গ্রীষ্মকাল খুব গরম।,sylhet,cate_09,SPK_27,Male
sentence_31.wav,dataset/chunks/sylhet/syl_cate_09/sentence_31.wav,শীতকাল খুব ঠান্ডা।,sylhet,cate_09,SPK_27,Male
sentence_32.wav,dataset/chunks/sylhet/syl_cate_09/sentence_32.wav,আজকের আর্দ্রতা কেমন?,sylhet,cate_09,SPK_27,Male
sentence_33.wav,dataset/chunks/sylhet/syl_cate_09/sentence_33.wav,মেঘ কেটে গেছে।,sylhet,cate_09,SPK_27,Male
sentence_34.wav,dataset/chunks/sylhet/syl_cate_09/sentence_34.wav,ঝড়ের সময় বাইরে যাবেন না।,sylhet,cate_09,SPK_27,Male
sentence_35.wav,dataset/chunks/sylhet/syl_cate_09/sentence_35.wav,আজকের আকাশ নীল।,sylhet,cate_09,SPK_27,Male
sentence_36.wav,dataset/chunks/sylhet/syl_cate_09/sentence_36.wav,বাতাসে ধুলো আছে।,sylhet,cate_09,SPK_27,Male
sentence_37.wav,dataset/chunks/sylhet/syl_cate_09/sentence_37.wav,বৃষ্টির পর সবুজ গাছ আরও সুন্দর।,sylhet,cate_09,SPK_27,Male
sentence_38.wav,dataset/chunks/sylhet/syl_cate_09/sentence_38.wav,আজ খুব ধোঁয়া আছে।,sylhet,cate_09,SPK_27,Male
sentence_39.wav,dataset/chunks/sylhet/syl_cate_09/sentence_39.wav,আগামীকাল বৃষ্টি হবে কি?,sylhet,cate_09,SPK_27,Male
sentence_40.wav,dataset/chunks/sylhet/syl_cate_09/sentence_40.wav,আজ দুপুরে তাপমাত্রা কম।,sylhet,cate_09,SPK_27,Male
sentence_41.wav,dataset/chunks/sylhet/syl_cate_09/sentence_41.wav,সূর্য আকাশে উজ্জ্বল।,sylhet,cate_09,SPK_27,Male
sentence_42.wav,dataset/chunks/sylhet/syl_cate_09/sentence_42.wav,আজ বাতাস একটু ঠান্ডা।,sylhet,cate_09,SPK_27,Male
sentence_43.wav,dataset/chunks/sylhet/syl_cate_09/sentence_43.wav,ঝড়ের সময় কি precautions নিতে হবে?,sylhet,cate_09,SPK_27,Male
sentence_44.wav,dataset/chunks/sylhet/syl_cate_09/sentence_44.wav,আজকের আবহাওয়া স্বাভাবিক।,sylhet,cate_09,SPK_27,Male
sentence_45.wav,dataset/chunks/sylhet/syl_cate_09/sentence_45.wav,বৃষ্টি হলে রাস্তা ভিজে যাবে।,sylhet,cate_09,SPK_27,Male
sentence_46.wav,dataset/chunks/sylhet/syl_cate_09/sentence_46.wav,হাওয়া খুব নরম।,sylhet,cate_09,SPK_27,Male
sentence_47.wav,dataset/chunks/sylhet/syl_cate_09/sentence_47.wav,আজ সূর্য উঠার সময় দেরি হয়েছে।,sylhet,cate_09,SPK_27,Male
sentence_48.wav,dataset/chunks/sylhet/syl_cate_09/sentence_48.wav,আবহাওয়া রিপোর্ট কি হয়েছে?,sylhet,cate_09,SPK_27,Male
sentence_49.wav,dataset/chunks/sylhet/syl_cate_09/sentence_49.wav,আজকের তাপমাত্রা বেশী।,sylhet,cate_09,SPK_27,Male
sentence_50.wav,dataset/chunks/sylhet/syl_cate_09/sentence_50.wav,রাতে খুব ঠান্ডা হবে।,sylhet,cate_09,SPK_27,Male
sentence_51.wav,dataset/chunks/sylhet/syl_cate_09/sentence_51.wav,গ্রীষ্মের দিন দীর্ঘ।,sylhet,cate_09,SPK_27,Male
sentence_52.wav,dataset/chunks/sylhet/syl_cate_09/sentence_52.wav,শীতের রাত ছোট।,sylhet,cate_09,SPK_27,Male
sentence_53.wav,dataset/chunks/sylhet/syl_cate_09/sentence_53.wav,ঝড়ের কারণে বিদ্যুৎ চলে গেছে।,sylhet,cate_09,SPK_27,Male
sentence_54.wav,dataset/chunks/sylhet/syl_cate_09/sentence_54.wav,মেঘলা দিনে ছবি তোলা ভালো।,sylhet,cate_09,SPK_27,Male
sentence_55.wav,dataset/chunks/sylhet/syl_cate_09/sentence_55.wav,বাতাসে আর্দ্রতা বেশি।,sylhet,cate_09,SPK_27,Male
sentence_56.wav,dataset/chunks/sylhet/syl_cate_09/sentence_56.wav,কি ধরনের বাতাস চলছে?,sylhet,cate_09,SPK_27,Male
sentence_57.wav,dataset/chunks/sylhet/syl_cate_09/sentence_57.wav,আজ রাতের আকাশ পরিষ্কার।,sylhet,cate_09,SPK_27,Male
sentence_58.wav,dataset/chunks/sylhet/syl_cate_09/sentence_58.wav,বৃষ্টিপাত কম।,sylhet,cate_09,SPK_27,Male
sentence_59.wav,dataset/chunks/sylhet/syl_cate_09/sentence_59.wav,আগামীকাল তাপমাত্রা বাড়বে।,sylhet,cate_09,SPK_27,Male
sentence_60.wav,dataset/chunks/sylhet/syl_cate_09/sentence_60.wav,ঝড়ের সময় সড়ক নিরাপদ নয়।,sylhet,cate_09,SPK_27,Male
sentence_61.wav,dataset/chunks/sylhet/syl_cate_09/sentence_61.wav,আজ হালকা বৃষ্টি হচ্ছে।,sylhet,cate_09,SPK_27,Male
sentence_62.wav,dataset/chunks/sylhet/syl_cate_09/sentence_62.wav,বাতাসের তীব্রতা কমেছে।,sylhet,cate_09,SPK_27,Male
sentence_63.wav,dataset/chunks/sylhet/syl_cate_09/sentence_63.wav,আজকের সূর্যাস্ত সুন্দর।,sylhet,cate_09,SPK_27,Male
sentence_64.wav,dataset/chunks/sylhet/syl_cate_09/sentence_64.wav,কি সময়ে বৃষ্টি হবে?,sylhet,cate_09,SPK_27,Male
sentence_65.wav,dataset/chunks/sylhet/syl_cate_09/sentence_65.wav,আকাশে মেঘ অনেক।,sylhet,cate_09,SPK_27,Male
sentence_66.wav,dataset/chunks/sylhet/syl_cate_09/sentence_66.wav,আজ খুব শীতল দিন।,sylhet,cate_09,SPK_27,Male
sentence_67.wav,dataset/chunks/sylhet/syl_cate_09/sentence_67.wav,বাতাসের দিক পূর্ব।,sylhet,cate_09,SPK_27,Male
sentence_68.wav,dataset/chunks/sylhet/syl_cate_09/sentence_68.wav,হঠাৎ ঝড় এসেছে।,sylhet,cate_09,SPK_27,Male
sentence_69.wav,dataset/chunks/sylhet/syl_cate_09/sentence_69.wav,আজ খুব রৌদ্রজ্জ্বল।,sylhet,cate_09,SPK_27,Male
sentence_70.wav,dataset/chunks/sylhet/syl_cate_09/sentence_70.wav,আগামীকাল হালকা বাতাস থাকবে।,sylhet,cate_09,SPK_27,Male
sentence_01.wav,dataset/chunks/sylhet/syl_cate_10/sentence_01.wav,আপনি কিভাবে পহেলা বৈশাখ উদযাপন করেন?,sylhet,cate_10,SPK_23,Male
sentence_02.wav,dataset/chunks/sylhet/syl_cate_10/sentence_02.wav,আমি পহেলা বৈশাখে নতুন জামা পরি।,sylhet,cate_10,SPK_23,Male
sentence_03.wav,dataset/chunks/sylhet/syl_cate_10/sentence_03.wav,আমাদের গ্রামে ঈদ খুব বড় উৎসব।,sylhet,cate_10,SPK_23,Male
sentence_04.wav,dataset/chunks/sylhet/syl_cate_10/sentence_04.wav,আপনি পূজা কিভাবে পালন করেন?,sylhet,cate_10,SPK_23,Male
sentence_05.wav,dataset/chunks/sylhet/syl_cate_10/sentence_05.wav,আমরা দুর্গাপূজা দেখতে যাই।,sylhet,cate_10,SPK_23,Male
sentence_06.wav,dataset/chunks/sylhet/syl_cate_10/sentence_06.wav,আমার পরিবার নববর্ষ উদযাপন করে।,sylhet,cate_10,SPK_23,Male
sentence_07.wav,dataset/chunks/sylhet/syl_cate_10/sentence_07.wav,কি ধরনের খাবার উৎসবে থাকে?,sylhet,cate_10,SPK_23,Male
sentence_08.wav,dataset/chunks/sylhet/syl_cate_10/sentence_08.wav,আমরা ঈদের দিনে গিয়ে কার্ড দিই।,sylhet,cate_10,SPK_23,Male
sentence_09.wav,dataset/chunks/sylhet/syl_cate_10/sentence_09.wav,পহেলা বৈশাখে আমরা বাজারে যাই।,sylhet,cate_10,SPK_23,Male
sentence_10.wav,dataset/chunks/sylhet/syl_cate_10/sentence_10.wav,আমরা পহেলা বৈশাখে রঙিন পোশাক পরি।,sylhet,cate_10,SPK_23,Male
sentence_11.wav,dataset/chunks/sylhet/syl_cate_10/sentence_11.wav,হোলি আমাদের বন্ধুদের সঙ্গে খেলা হয়।,sylhet,cate_10,SPK_23,Male
sentence_12.wav,dataset/chunks/sylhet/syl_cate_10/sentence_12.wav,উৎসবে কি ধরনের গান বাজে?,sylhet,cate_10,SPK_23,Male
sentence_13.wav,dataset/chunks/sylhet/syl_cate_10/sentence_13.wav,আমরা লালবসন্ত উৎসব পালন করি।,sylhet,cate_10,SPK_23,Male
sentence_14.wav,dataset/chunks/sylhet/syl_cate_10/sentence_14.wav,আমাদের গ্রামে বর্ষবরণ খুব উৎসবমুখর।,sylhet,cate_10,SPK_23,Male
sentence_15.wav,dataset/chunks/sylhet/syl_cate_10/sentence_15.wav,পহেলা বৈশাখে নতুন বছরের জন্য শুভেচ্ছা বিনিময় করি।,sylhet,cate_10,SPK_23,Male
sentence_16.wav,dataset/chunks/sylhet/syl_cate_10/sentence_16.wav,আমরা ঈদে পরিবারের সঙ্গে ভ্রমণ করি।,sylhet,cate_10,SPK_23,Male
sentence_17.wav,dataset/chunks/sylhet/syl_cate_10/sentence_17.wav,দুর্গাপূজায় মন্দিরে ফুল সাজানো হয়।,sylhet,cate_10,SPK_23,Male
sentence_18.wav,dataset/chunks/sylhet/syl_cate_10/sentence_18.wav,কি ধরনের পোশাক উৎসবে পরা হয়?,sylhet,cate_10,SPK_23,Male
sentence_19.wav,dataset/chunks/sylhet/syl_cate_10/sentence_19.wav,নববর্ষে আমরা মিষ্টি খাই।,sylhet,cate_10,SPK_23,Male
sentence_20.wav,dataset/chunks/sylhet/syl_cate_10/sentence_20.wav,আমরা ঈদের সকালে নতুন জামা পরি।,sylhet,cate_10,SPK_23,Male
sentence_21.wav,dataset/chunks/sylhet/syl_cate_10/sentence_21.wav,পূজার সময় মন্দিরে ভিড় থাকে।,sylhet,cate_10,SPK_23,Male
sentence_22.wav,dataset/chunks/sylhet/syl_cate_10/sentence_22.wav,পহেলা বৈশাখে আমরা পার্কে যাই।,sylhet,cate_10,SPK_23,Male
sentence_23.wav,dataset/chunks/sylhet/syl_cate_10/sentence_23.wav,হোলিতে রঙ ব্যবহার করা হয়।,sylhet,cate_10,SPK_23,Male
sentence_24.wav,dataset/chunks/sylhet/syl_cate_10/sentence_24.wav,আমরা ভোরে পূজার অর্ঘ্য দিই।,sylhet,cate_10,SPK_23,Male
sentence_25.wav,dataset/chunks/sylhet/syl_cate_10/sentence_25.wav,ঈদে আমরা একে অপরকে শুভেচ্ছা জানাই।,sylhet,cate_10,SPK_23,Male
sentence_26.wav,dataset/chunks/sylhet/syl_cate_10/sentence_26.wav,উৎসবের জন্য নতুন সাজসজ্জা করা হয়েছে।,sylhet,cate_10,SPK_23,Male
sentence_27.wav,dataset/chunks/sylhet/syl_cate_10/sentence_27.wav,আমরা নববর্ষে গান গাই।,sylhet,cate_10,SPK_23,Male
sentence_28.wav,dataset/chunks/sylhet/syl_cate_10/sentence_28.wav,দুর্গাপূজায় কুমারী পূজা হয়।,sylhet,cate_10,SPK_23,Male
sentence_29.wav,dataset/chunks/sylhet/syl_cate_10/sentence_29.wav,কি ধরনের খেলাধুলা উৎসবে হয়?,sylhet,cate_10,SPK_23,Male
sentence_30.wav,dataset/chunks/sylhet/syl_cate_10/sentence_30.wav,আমরা হোলিতে একে অপরকে রঙ দিই।,sylhet,cate_10,SPK_23,Male
sentence_31.wav,dataset/chunks/sylhet/syl_cate_10/sentence_31.wav,উৎসবে আমরা নাচ গান করি।,sylhet,cate_10,SPK_23,Male
sentence_32.wav,dataset/chunks/sylhet/syl_cate_10/sentence_32.wav,ঈদের দিনে বাজারে ভিড় হয়।,sylhet,cate_10,SPK_23,Male
sentence_33.wav,dataset/chunks/sylhet/syl_cate_10/sentence_33.wav,পহেলা বৈশাখে আমরা মেলা দেখতে যাই।,sylhet,cate_10,SPK_23,Male
sentence_34.wav,dataset/chunks/sylhet/syl_cate_10/sentence_34.wav,নববর্ষে আমরা নতুন পরিকল্পনা করি।,sylhet,cate_10,SPK_23,Male
sentence_35.wav,dataset/chunks/sylhet/syl_cate_10/sentence_35.wav,দুর্গাপূজায় মন্দিরে আলোকসজ্জা করা হয়।,sylhet,cate_10,SPK_23,Male
sentence_36.wav,dataset/chunks/sylhet/syl_cate_10/sentence_36.wav,হোলিতে আমরা বন্ধুদের সঙ্গে মজা করি।,sylhet,cate_10,SPK_23,Male
sentence_37.wav,dataset/chunks/sylhet/syl_cate_10/sentence_37.wav,কি ধরনের খাবার পূজায় পরিবেশিত হয়?,sylhet,cate_10,SPK_23,Male
sentence_38.wav,dataset/chunks/sylhet/syl_cate_10/sentence_38.wav,আমরা নববর্ষে পরিবারকে উপহার দেই।,sylhet,cate_10,SPK_23,Male
sentence_39.wav,dataset/chunks/sylhet/syl_cate_10/sentence_39.wav,ঈদের সকালে আমরা মসজিদে যাই।,sylhet,cate_10,SPK_23,Male
sentence_40.wav,dataset/chunks/sylhet/syl_cate_10/sentence_40.wav,উৎসবে আমরা traditional পোশাক পরি।,sylhet,cate_10,SPK_23,Male
sentence_41.wav,dataset/chunks/sylhet/syl_cate_10/sentence_41.wav,পহেলা বৈশাখে আমরা রঙিন মিছিল করি।,sylhet,cate_10,SPK_23,Male
sentence_42.wav,dataset/chunks/sylhet/syl_cate_10/sentence_42.wav,হোলিতে আমরা বিভিন্ন রঙের জল ব্যবহার করি।,sylhet,cate_10,SPK_23,Male
sentence_43.wav,dataset/chunks/sylhet/syl_cate_10/sentence_43.wav,নববর্ষের অনুষ্ঠানে গান বাজানো হয়।,sylhet,cate_10,SPK_23,Male
sentence_44.wav,dataset/chunks/sylhet/syl_cate_10/sentence_44.wav,আমরা ঈদের দিনে প্রিয়জনের সঙ্গে খাবার খাই।,sylhet,cate_10,SPK_23,Male
sentence_45.wav,dataset/chunks/sylhet/syl_cate_10/sentence_45.wav,দুর্গাপূজায় প্রতিমা সাজানো হয়।,sylhet,cate_10,SPK_23,Male
sentence_46.wav,dataset/chunks/sylhet/syl_cate_10/sentence_46.wav,উৎসবে আমরা সবাই একসাথে আনন্দ করি।,sylhet,cate_10,SPK_23,Male
sentence_47.wav,dataset/chunks/sylhet/syl_cate_10/sentence_47.wav,পহেলা বৈশাখে নতুন বছরের শুরু হয়।,sylhet,cate_10,SPK_23,Male
sentence_48.wav,dataset/chunks/sylhet/syl_cate_10/sentence_48.wav,নববর্ষে আমরা খোলা আকাশের নিচে অনুষ্ঠান করি।,sylhet,cate_10,SPK_23,Male
sentence_49.wav,dataset/chunks/sylhet/syl_cate_10/sentence_49.wav,ঈদে আমরা একে অপরকে উপহার দেই।,sylhet,cate_10,SPK_23,Male
sentence_50.wav,dataset/chunks/sylhet/syl_cate_10/sentence_50.wav,হোলিতে শিশুদের আনন্দ বেশি।,sylhet,cate_10,SPK_23,Male
sentence_51.wav,dataset/chunks/sylhet/syl_cate_10/sentence_51.wav,আমরা পহেলা বৈশাখে রঙিন পুতুল তৈরি করি।,sylhet,cate_10,SPK_23,Male
sentence_52.wav,dataset/chunks/sylhet/syl_cate_10/sentence_52.wav,দুর্গাপূজায় মন্দিরে ভক্তদের ভিড় থাকে।,sylhet,cate_10,SPK_23,Male
sentence_53.wav,dataset/chunks/sylhet/syl_cate_10/sentence_53.wav,নববর্ষের দিনে আমরা traditional খাবার খাই।,sylhet,cate_10,SPK_23,Male
sentence_54.wav,dataset/chunks/sylhet/syl_cate_10/sentence_54.wav,হোলিতে আমরা গান বাজাই।,sylhet,cate_10,SPK_23,Male
sentence_55.wav,dataset/chunks/sylhet/syl_cate_10/sentence_55.wav,ঈদে আমরা পরিবারের সঙ্গে আনন্দ করি।,sylhet,cate_10,SPK_23,Male
sentence_56.wav,dataset/chunks/sylhet/syl_cate_10/sentence_56.wav,পহেলা বৈশাখে আমরা বাজার থেকে খাবার কিনি।,sylhet,cate_10,SPK_23,Male
sentence_57.wav,dataset/chunks/sylhet/syl_cate_10/sentence_57.wav,নববর্ষে আমরা cultural অনুষ্ঠানে অংশ নিই।,sylhet,cate_10,SPK_23,Male
sentence_58.wav,dataset/chunks/sylhet/syl_cate_10/sentence_58.wav,দুর্গাপূজায় আমরা মেলা দেখি।,sylhet,cate_10,SPK_23,Male
sentence_59.wav,dataset/chunks/sylhet/syl_cate_10/sentence_59.wav,হোলিতে আমরা একে অপরকে মিষ্টি দিই।,sylhet,cate_10,SPK_23,Male
sentence_60.wav,dataset/chunks/sylhet/syl_cate_10/sentence_60.wav,আমরা পহেলা বৈশাখে traditional নাচ করি।,sylhet,cate_10,SPK_23,Male
sentence_61.wav,dataset/chunks/sylhet/syl_cate_10/sentence_61.wav,নববর্ষে আমরা নতুন বছরের জন্য প্রার্থনা করি।,sylhet,cate_10,SPK_23,Male
sentence_62.wav,dataset/chunks/sylhet/syl_cate_10/sentence_62.wav,ঈদের সকালে আমরা মসজিদে যাওয়া শুরু করি।,sylhet,cate_10,SPK_23,Male
sentence_63.wav,dataset/chunks/sylhet/syl_cate_10/sentence_63.wav,হোলিতে আমরা বন্ধুদের সঙ্গে আনন্দ করি।,sylhet,cate_10,SPK_23,Male
sentence_64.wav,dataset/chunks/sylhet/syl_cate_10/sentence_64.wav,পহেলা বৈশাখে আমাদের গ্রামে মেলা হয়।,sylhet,cate_10,SPK_23,Male
sentence_65.wav,dataset/chunks/sylhet/syl_cate_10/sentence_65.wav,নববর্ষের অনুষ্ঠান সকাল থেকে শুরু হয়।,sylhet,cate_10,SPK_23,Male
sentence_66.wav,dataset/chunks/sylhet/syl_cate_10/sentence_66.wav,দুর্গাপূজায় শিশুদের জন্য খেলা হয়।,sylhet,cate_10,SPK_23,Male
sentence_67.wav,dataset/chunks/sylhet/syl_cate_10/sentence_67.wav,হোলিতে আমরা রঙিন পাউডার ব্যবহার করি।,sylhet,cate_10,SPK_23,Male
sentence_68.wav,dataset/chunks/sylhet/syl_cate_10/sentence_68.wav,ঈদে আমরা গ্রামের বাড়িতে যাই।,sylhet,cate_10,SPK_23,Male
sentence_69.wav,dataset/chunks/sylhet/syl_cate_10/sentence_69.wav,পহেলা বৈশাখে আমরা নতুন বছরের জন্য সুইট খাই।,sylhet,cate_10,SPK_23,Male
sentence_70.wav,dataset/chunks/sylhet/syl_cate_10/sentence_70.wav,নববর্ষে আমরা সকলের সঙ্গে আনন্দ ভাগ করি।,sylhet,cate_10,SPK_23,Male
sentence_01.wav,dataset/chunks/sylhet/syl_cate_11/sentence_01.wav,আপনার পরীক্ষা কবে?,sylhet,cate_11,SPK_23,Male
sentence_02.wav,dataset/chunks/sylhet/syl_cate_11/sentence_02.wav,আমি সকাল ৯টায় স্কুলে যাই।,sylhet,cate_11,SPK_23,Male
sentence_03.wav,dataset/chunks/sylhet/syl_cate_11/sentence_03.wav,আজ কোন বিষয়ের ক্লাস আছে?,sylhet,cate_11,SPK_23,Male
sentence_04.wav,dataset/chunks/sylhet/syl_cate_11/sentence_04.wav,আমি গণিত পড়াশোনা করছি।,sylhet,cate_11,SPK_23,Male
sentence_05.wav,dataset/chunks/sylhet/syl_cate_11/sentence_05.wav,আপনার শিক্ষক কে?,sylhet,cate_11,SPK_23,Male
sentence_06.wav,dataset/chunks/sylhet/syl_cate_11/sentence_06.wav,আমার ক্লাস খুব ছোট।,sylhet,cate_11,SPK_23,Male
sentence_07.wav,dataset/chunks/sylhet/syl_cate_11/sentence_07.wav,পরীক্ষা কঠিন হবে কি?,sylhet,cate_11,SPK_23,Male
sentence_08.wav,dataset/chunks/sylhet/syl_cate_11/sentence_08.wav,আমি আজ বাংলা পরীক্ষা দিচ্ছি।,sylhet,cate_11,SPK_23,Male
sentence_09.wav,dataset/chunks/sylhet/syl_cate_11/sentence_09.wav,আপনি কোন কলেজে পড়েন?,sylhet,cate_11,SPK_23,Male
sentence_10.wav,dataset/chunks/sylhet/syl_cate_11/sentence_10.wav,আমার বন্ধু বিজ্ঞান পড়ে।,sylhet,cate_11,SPK_23,Male
sentence_11.wav,dataset/chunks/sylhet/syl_cate_11/sentence_11.wav,আমরা স্কুলে প্রতিদিন ৬ ঘণ্টা পড়ি।,sylhet,cate_11,SPK_23,Male
sentence_12.wav,dataset/chunks/sylhet/syl_cate_11/sentence_12.wav,আপনার হোমওয়ার্ক শেষ হয়েছে কি?,sylhet,cate_11,SPK_23,Male
sentence_13.wav,dataset/chunks/sylhet/syl_cate_11/sentence_13.wav,আমি ইতিহাস পড়তে ভালোবাসি।,sylhet,cate_11,SPK_23,Male
sentence_14.wav,dataset/chunks/sylhet/syl_cate_11/sentence_14.wav,আপনার শিক্ষক ক্লাসে কঠোর কি?,sylhet,cate_11,SPK_23,Male
sentence_15.wav,dataset/chunks/sylhet/syl_cate_11/sentence_15.wav,আমরা লাইব্রেরিতে বই পড়ি।,sylhet,cate_11,SPK_23,Male
sentence_16.wav,dataset/chunks/sylhet/syl_cate_11/sentence_16.wav,পরীক্ষা কত নম্বরের?,sylhet,cate_11,SPK_23,Male
sentence_17.wav,dataset/chunks/sylhet/syl_cate_11/sentence_17.wav,আমার সহপাঠী খুব স্মার্ট।,sylhet,cate_11,SPK_23,Male
sentence_18.wav,dataset/chunks/sylhet/syl_cate_11/sentence_18.wav,আপনি কোন বিষয়ে দুর্বল?,sylhet,cate_11,SPK_23,Male
sentence_19.wav,dataset/chunks/sylhet/syl_cate_11/sentence_19.wav,আমি প্রতিদিন ইংরেজি অনুশীলন করি।,sylhet,cate_11,SPK_23,Male
sentence_20.wav,dataset/chunks/sylhet/syl_cate_11/sentence_20.wav,শিক্ষক আজ নতুন পাঠ শেখালেন।,sylhet,cate_11,SPK_23,Male
sentence_21.wav,dataset/chunks/sylhet/syl_cate_11/sentence_21.wav,আপনার ক্লাসের সময়সূচি কি?,sylhet,cate_11,SPK_23,Male
sentence_22.wav,dataset/chunks/sylhet/syl_cate_11/sentence_22.wav,আমি পরীক্ষার জন্য প্রস্তুতি নিচ্ছি।,sylhet,cate_11,SPK_23,Male
sentence_23.wav,dataset/chunks/sylhet/syl_cate_11/sentence_23.wav,আমরা বিজ্ঞান ল্যাবে পরীক্ষা করি।,sylhet,cate_11,SPK_23,Male
sentence_24.wav,dataset/chunks/sylhet/syl_cate_11/sentence_24.wav,আপনার স্কুলের নাম কি?,sylhet,cate_11,SPK_23,Male
sentence_25.wav,dataset/chunks/sylhet/syl_cate_11/sentence_25.wav,আমার প্রিয় শিক্ষক খুব সহায়ক।,sylhet,cate_11,SPK_23,Male
sentence_26.wav,dataset/chunks/sylhet/syl_cate_11/sentence_26.wav,আমরা গ্রুপ স্টাডি করি।,sylhet,cate_11,SPK_23,Male
sentence_27.wav,dataset/chunks/sylhet/syl_cate_11/sentence_27.wav,আপনি কোন বিষয়ে ভালো?,sylhet,cate_11,SPK_23,Male
sentence_28.wav,dataset/chunks/sylhet/syl_cate_11/sentence_28.wav,আমি নতুন বিষয় শিখতে ভালোবাসি।,sylhet,cate_11,SPK_23,Male
sentence_29.wav,dataset/chunks/sylhet/syl_cate_11/sentence_29.wav,পরীক্ষা শেষ হলে আমরা ছুটি পাই।,sylhet,cate_11,SPK_23,Male
sentence_30.wav,dataset/chunks/sylhet/syl_cate_11/sentence_30.wav,আমার স্কুলে বড় লাইব্রেরি আছে।,sylhet,cate_11,SPK_23,Male
sentence_31.wav,dataset/chunks/sylhet/syl_cate_11/sentence_31.wav,আপনার ক্লাসের সংখ্যা কত?,sylhet,cate_11,SPK_23,Male
sentence_32.wav,dataset/chunks/sylhet/syl_cate_11/sentence_32.wav,আমি প্রতিদিন সকালে পড়াশোনা করি।,sylhet,cate_11,SPK_23,Male
sentence_33.wav,dataset/chunks/sylhet/syl_cate_11/sentence_33.wav,শিক্ষক আজ গণিতের সমস্যা দেখালেন।,sylhet,cate_11,SPK_23,Male
sentence_34.wav,dataset/chunks/sylhet/syl_cate_11/sentence_34.wav,আপনার সহপাঠী কি সাহায্য করছে?,sylhet,cate_11,SPK_23,Male
sentence_35.wav,dataset/chunks/sylhet/syl_cate_11/sentence_35.wav,আমি পরীক্ষার জন্য নোট তৈরি করছি।,sylhet,cate_11,SPK_23,Male
sentence_36.wav,dataset/chunks/sylhet/syl_cate_11/sentence_36.wav,আমরা স্কুলে বিভিন্ন কার্যক্রম করি।,sylhet,cate_11,SPK_23,Male
sentence_37.wav,dataset/chunks/sylhet/syl_cate_11/sentence_37.wav,আপনার শিক্ষক কি ভালো ব্যাখ্যা করেন?,sylhet,cate_11,SPK_23,Male
sentence_38.wav,dataset/chunks/sylhet/syl_cate_11/sentence_38.wav,আমি ইংরেজি বলার অনুশীলন করি।,sylhet,cate_11,SPK_23,Male
sentence_39.wav,dataset/chunks/sylhet/syl_cate_11/sentence_39.wav,আজ ক্লাসে প্র্যাকটিক্যাল হয়েছে।,sylhet,cate_11,SPK_23,Male
sentence_40.wav,dataset/chunks/sylhet/syl_cate_11/sentence_40.wav,আপনার হোমওয়ার্ক কত পৃষ্ঠা?,sylhet,cate_11,SPK_23,Male
sentence_41.wav,dataset/chunks/sylhet/syl_cate_11/sentence_41.wav,আমি পরীক্ষার জন্য প্রশ্ন সমাধান করছি।,sylhet,cate_11,SPK_23,Male
sentence_42.wav,dataset/chunks/sylhet/syl_cate_11/sentence_42.wav,আমরা স্কুলে বার্ষিক ক্রীড়া প্রতিযোগিতা করি।,sylhet,cate_11,SPK_23,Male
sentence_43.wav,dataset/chunks/sylhet/syl_cate_11/sentence_43.wav,আপনার শিক্ষক কি কখনও দেরি করেন?,sylhet,cate_11,SPK_23,Male
sentence_44.wav,dataset/chunks/sylhet/syl_cate_11/sentence_44.wav,আমি নতুন বই কিনেছি।,sylhet,cate_11,SPK_23,Male
sentence_45.wav,dataset/chunks/sylhet/syl_cate_11/sentence_45.wav,ক্লাসে সবাই খুব মনোযোগী।,sylhet,cate_11,SPK_23,Male
sentence_46.wav,dataset/chunks/sylhet/syl_cate_11/sentence_46.wav,আপনার স্কুলের সময়সূচি কি?,sylhet,cate_11,SPK_23,Male
sentence_47.wav,dataset/chunks/sylhet/syl_cate_11/sentence_47.wav,আমরা পরীক্ষার জন্য গ্রুপ স্টাডি করি।,sylhet,cate_11,SPK_23,Male
sentence_48.wav,dataset/chunks/sylhet/syl_cate_11/sentence_48.wav,শিক্ষক আজ বিজ্ঞান পাঠ করলেন।,sylhet,cate_11,SPK_23,Male
sentence_49.wav,dataset/chunks/sylhet/syl_cate_11/sentence_49.wav,আপনার প্রিয় বিষয় কোনটি?,sylhet,cate_11,SPK_23,Male
sentence_50.wav,dataset/chunks/sylhet/syl_cate_11/sentence_50.wav,আমি প্রতিদিন রাতে পড়াশোনা করি।,sylhet,cate_11,SPK_23,Male
sentence_51.wav,dataset/chunks/sylhet/syl_cate_11/sentence_51.wav,আমরা লাইব্রেরিতে নতুন বই দেখেছি।,sylhet,cate_11,SPK_23,Male
sentence_52.wav,dataset/chunks/sylhet/syl_cate_11/sentence_52.wav,শিক্ষক আজ পরীক্ষা নেওয়ার পরিকল্পনা করেছেন।,sylhet,cate_11,SPK_23,Male
sentence_53.wav,dataset/chunks/sylhet/syl_cate_11/sentence_53.wav,আপনার স্কুলের ছুটি কখন?,sylhet,cate_11,SPK_23,Male
sentence_54.wav,dataset/chunks/sylhet/syl_cate_11/sentence_54.wav,আমি পরীক্ষার জন্য নোটগুলি পুনরায় পড়ছি।,sylhet,cate_11,SPK_23,Male
sentence_55.wav,dataset/chunks/sylhet/syl_cate_11/sentence_55.wav,আমরা ক্লাসে project কাজ করছি।,sylhet,cate_11,SPK_23,Male
sentence_56.wav,dataset/chunks/sylhet/syl_cate_11/sentence_56.wav,আপনার সহপাঠী কি সক্রিয়?,sylhet,cate_11,SPK_23,Male
sentence_57.wav,dataset/chunks/sylhet/syl_cate_11/sentence_57.wav,আমি আজ শিক্ষকের সঙ্গে কথা বলেছি।,sylhet,cate_11,SPK_23,Male
sentence_58.wav,dataset/chunks/sylhet/syl_cate_11/sentence_58.wav,স্কুলে আমরা বিভিন্ন cultural অনুষ্ঠান করি।,sylhet,cate_11,SPK_23,Male
sentence_59.wav,dataset/chunks/sylhet/syl_cate_11/sentence_59.wav,আপনার ক্লাসে কত শিক্ষক আছেন?,sylhet,cate_11,SPK_23,Male
sentence_60.wav,dataset/chunks/sylhet/syl_cate_11/sentence_60.wav,আমি প্রতিদিন নতুন শব্দ শিখি।,sylhet,cate_11,SPK_23,Male
sentence_61.wav,dataset/chunks/sylhet/syl_cate_11/sentence_61.wav,পরীক্ষা শেষ হলে আমরা আনন্দ করি।,sylhet,cate_11,SPK_23,Male
sentence_62.wav,dataset/chunks/sylhet/syl_cate_11/sentence_62.wav,শিক্ষক আজ হোমওয়ার্ক দেখেছেন।,sylhet,cate_11,SPK_23,Male
sentence_63.wav,dataset/chunks/sylhet/syl_cate_11/sentence_63.wav,আপনার স্কুলে কত লাইব্রেরি আছে?,sylhet,cate_11,SPK_23,Male
sentence_64.wav,dataset/chunks/sylhet/syl_cate_11/sentence_64.wav,আমরা প্রতিদিন ক্লাসে active থাকি।,sylhet,cate_11,SPK_23,Male
sentence_65.wav,dataset/chunks/sylhet/syl_cate_11/sentence_65.wav,আমি পরীক্ষার জন্য extra practice করি।,sylhet,cate_11,SPK_23,Male
sentence_66.wav,dataset/chunks/sylhet/syl_cate_11/sentence_66.wav,শিক্ষক নতুন প্রশ্ন দেখিয়েছেন।,sylhet,cate_11,SPK_23,Male
sentence_67.wav,dataset/chunks/sylhet/syl_cate_11/sentence_67.wav,আপনার স্কুলের বার্ষিক পরীক্ষা কখন?,sylhet,cate_11,SPK_23,Male
sentence_68.wav,dataset/chunks/sylhet/syl_cate_11/sentence_68.wav,আমি শিক্ষকের পরামর্শ অনুসরণ করি।,sylhet,cate_11,SPK_23,Male
sentence_69.wav,dataset/chunks/sylhet/syl_cate_11/sentence_69.wav,আমরা প্রতিদিন assignment করি।,sylhet,cate_11,SPK_23,Male
sentence_70.wav,dataset/chunks/sylhet/syl_cate_11/sentence_70.wav,আপনার প্রিয় শিক্ষক কে?,sylhet,cate_11,SPK_23,Male
sentence_01.wav,dataset/chunks/sylhet/syl_cate_12/sentence_01.wav,আজকের মিটিং কবে?,sylhet,cate_12,SPK_43,Male
sentence_02.wav,dataset/chunks/sylhet/syl_cate_12/sentence_02.wav,আমি আমার রিপোর্ট প্রস্তুত করেছি।,sylhet,cate_12,SPK_43,Male
sentence_03.wav,dataset/chunks/sylhet/syl_cate_12/sentence_03.wav,অফিসে সময়মতো পৌঁছানো উচিত।,sylhet,cate_12,SPK_43,Male
sentence_04.wav,dataset/chunks/sylhet/syl_cate_12/sentence_04.wav,আপনার সহকর্মী কি সাহায্য করছে?,sylhet,cate_12,SPK_43,Male
sentence_05.wav,dataset/chunks/sylhet/syl_cate_12/sentence_05.wav,আমরা নতুন প্রকল্প শুরু করছি।,sylhet,cate_12,SPK_43,Male
sentence_06.wav,dataset/chunks/sylhet/syl_cate_12/sentence_06.wav,আজ অফিসে কি কাজ আছে?,sylhet,cate_12,SPK_43,Male
sentence_07.wav,dataset/chunks/sylhet/syl_cate_12/sentence_07.wav,আমার কম্পিউটারে সমস্যা হয়েছে।,sylhet,cate_12,SPK_43,Male
sentence_08.wav,dataset/chunks/sylhet/syl_cate_12/sentence_08.wav,মিটিংটি কত সময়ের জন্য?,sylhet,cate_12,SPK_43,Male
sentence_09.wav,dataset/chunks/sylhet/syl_cate_12/sentence_09.wav,আমি প্রেজেন্টেশন প্রস্তুত করছি।,sylhet,cate_12,SPK_43,Male
sentence_10.wav,dataset/chunks/sylhet/syl_cate_12/sentence_10.wav,আপনি কোন দপ্তরে কাজ করেন?,sylhet,cate_12,SPK_43,Male
sentence_11.wav,dataset/chunks/sylhet/syl_cate_12/sentence_11.wav,অফিসের সময়সূচি কি?,sylhet,cate_12,SPK_43,Male
sentence_12.wav,dataset/chunks/sylhet/syl_cate_12/sentence_12.wav,আমি নতুন কর্মচারী প্রশিক্ষণ দিচ্ছি।,sylhet,cate_12,SPK_43,Male
sentence_13.wav,dataset/chunks/sylhet/syl_cate_12/sentence_13.wav,আজ অফিসে তদারকি করা হয়েছে।,sylhet,cate_12,SPK_43,Male
sentence_14.wav,dataset/chunks/sylhet/syl_cate_12/sentence_14.wav,আমরা ক্লায়েন্টের সঙ্গে মিটিং করেছি।,sylhet,cate_12,SPK_43,Male
sentence_15.wav,dataset/chunks/sylhet/syl_cate_12/sentence_15.wav,আমার ল্যাপটপ কাজ করছে না।,sylhet,cate_12,SPK_43,Male
sentence_16.wav,dataset/chunks/sylhet/syl_cate_12/sentence_16.wav,অফিসের কাজ শেষ হয়েছে।,sylhet,cate_12,SPK_43,Male
sentence_17.wav,dataset/chunks/sylhet/syl_cate_12/sentence_17.wav,কি ধরনের রিপোর্ট আজ জমা দিতে হবে?,sylhet,cate_12,SPK_43,Male
sentence_18.wav,dataset/chunks/sylhet/syl_cate_12/sentence_18.wav,আমি ইমেইল পাঠাচ্ছি।,sylhet,cate_12,SPK_43,Male
sentence_19.wav,dataset/chunks/sylhet/syl_cate_12/sentence_19.wav,অফিসে নতুন নীতি প্রয়োগ করা হয়েছে।,sylhet,cate_12,SPK_43,Male
sentence_20.wav,dataset/chunks/sylhet/syl_cate_12/sentence_20.wav,আপনার সহকর্মী punctual কি?,sylhet,cate_12,SPK_43,Male
sentence_21.wav,dataset/chunks/sylhet/syl_cate_12/sentence_21.wav,আমরা অফিসে কাজ ভাগ করেছি।,sylhet,cate_12,SPK_43,Male
sentence_22.wav,dataset/chunks/sylhet/syl_cate_12/sentence_22.wav,আজ অফিসে কি মিটিং আছে?,sylhet,cate_12,SPK_43,Male
sentence_23.wav,dataset/chunks/sylhet/syl_cate_12/sentence_23.wav,আমি ক্লায়েন্টের জন্য ডকুমেন্ট তৈরি করছি।,sylhet,cate_12,SPK_43,Male
sentence_24.wav,dataset/chunks/sylhet/syl_cate_12/sentence_24.wav,অফিসের বাতাস ভালো নেই।,sylhet,cate_12,SPK_43,Male
sentence_25.wav,dataset/chunks/sylhet/syl_cate_12/sentence_25.wav,আমরা নতুন সফটওয়্যার ব্যবহার করছি।,sylhet,cate_12,SPK_43,Male
sentence_26.wav,dataset/chunks/sylhet/syl_cate_12/sentence_26.wav,কি কাজ দ্রুত শেষ করতে হবে?,sylhet,cate_12,SPK_43,Male
sentence_27.wav,dataset/chunks/sylhet/syl_cate_12/sentence_27.wav,আমার ডেস্কে অনেক নথি আছে।,sylhet,cate_12,SPK_43,Male
sentence_28.wav,dataset/chunks/sylhet/syl_cate_12/sentence_28.wav,অফিসে আজ নতুন অতিথি এসেছেন।,sylhet,cate_12,SPK_43,Male
sentence_29.wav,dataset/chunks/sylhet/syl_cate_12/sentence_29.wav,আমরা টিম মিটিং করছি।,sylhet,cate_12,SPK_43,Male
sentence_30.wav,dataset/chunks/sylhet/syl_cate_12/sentence_30.wav,আপনার কাজের অগ্রগতি কেমন?,sylhet,cate_12,SPK_43,Male
sentence_31.wav,dataset/chunks/sylhet/syl_cate_12/sentence_31.wav,আমি নতুন প্রকল্পের পরিকল্পনা করছি।,sylhet,cate_12,SPK_43,Male
sentence_32.wav,dataset/chunks/sylhet/syl_cate_12/sentence_32.wav,আজ অফিসে অনেক কাজ হয়েছে।,sylhet,cate_12,SPK_43,Male
sentence_33.wav,dataset/chunks/sylhet/syl_cate_12/sentence_33.wav,আমি ইমেইল চেক করছি।,sylhet,cate_12,SPK_43,Male
sentence_34.wav,dataset/chunks/sylhet/syl_cate_12/sentence_34.wav,অফিসের কম্পিউটার আপডেট হয়েছে।,sylhet,cate_12,SPK_43,Male
sentence_35.wav,dataset/chunks/sylhet/syl_cate_12/sentence_35.wav,আপনি আজ কোন দপ্তরে কাজ করছেন?,sylhet,cate_12,SPK_43,Male
sentence_36.wav,dataset/chunks/sylhet/syl_cate_12/sentence_36.wav,আমরা নতুন টিম মিটিং শুরু করেছি।,sylhet,cate_12,SPK_43,Male
sentence_37.wav,dataset/chunks/sylhet/syl_cate_12/sentence_37.wav,কি ধরনের রিপোর্ট শেষ হয়েছে?,sylhet,cate_12,SPK_43,Male
sentence_38.wav,dataset/chunks/sylhet/syl_cate_12/sentence_38.wav,আমি অফিসের জন্য প্রেজেন্টেশন তৈরি করেছি।,sylhet,cate_12,SPK_43,Male
sentence_39.wav,dataset/chunks/sylhet/syl_cate_12/sentence_39.wav,আমাদের টিমে নতুন সদস্য যোগ হয়েছে।,sylhet,cate_12,SPK_43,Male
sentence_40.wav,dataset/chunks/sylhet/syl_cate_12/sentence_40.wav,অফিসের কাজের মান খুব ভালো।,sylhet,cate_12,SPK_43,Male
sentence_41.wav,dataset/chunks/sylhet/syl_cate_12/sentence_41.wav,আজ অফিসে কি মিটিং শিডিউল আছে?,sylhet,cate_12,SPK_43,Male
sentence_42.wav,dataset/chunks/sylhet/syl_cate_12/sentence_42.wav,আমি অফিসের ডকুমেন্ট স্ক্যান করছি।,sylhet,cate_12,SPK_43,Male
sentence_43.wav,dataset/chunks/sylhet/syl_cate_12/sentence_43.wav,আপনার সহকর্মী কি ব্যস্ত?,sylhet,cate_12,SPK_43,Male
sentence_44.wav,dataset/chunks/sylhet/syl_cate_12/sentence_44.wav,আমরা অফিসে নথি আপডেট করেছি।,sylhet,cate_12,SPK_43,Male
sentence_45.wav,dataset/chunks/sylhet/syl_cate_12/sentence_45.wav,আজ টিমের সঙ্গে আলোচনা হয়েছে।,sylhet,cate_12,SPK_43,Male
sentence_46.wav,dataset/chunks/sylhet/syl_cate_12/sentence_46.wav,আমি নতুন কর্মচারীর প্রশিক্ষণ দিচ্ছি।,sylhet,cate_12,SPK_43,Male
sentence_47.wav,dataset/chunks/sylhet/syl_cate_12/sentence_47.wav,অফিসে নতুন নীতি প্রয়োগ করা হয়েছে।,sylhet,cate_12,SPK_43,Male
sentence_48.wav,dataset/chunks/sylhet/syl_cate_12/sentence_48.wav,আমার কম্পিউটার হ্যাং করেছে।,sylhet,cate_12,SPK_43,Male
sentence_49.wav,dataset/chunks/sylhet/syl_cate_12/sentence_49.wav,আমরা ক্লায়েন্টের কাছে প্রজেক্ট প্রেজেন্ট করেছি।,sylhet,cate_12,SPK_43,Male
sentence_50.wav,dataset/chunks/sylhet/syl_cate_12/sentence_50.wav,আপনার অফিসের সময়সূচি কি?,sylhet,cate_12,SPK_43,Male
sentence_51.wav,dataset/chunks/sylhet/syl_cate_12/sentence_51.wav,আমি আজ নতুন কাজ শিখছি।,sylhet,cate_12,SPK_43,Male
sentence_52.wav,dataset/chunks/sylhet/syl_cate_12/sentence_52.wav,অফিসে নিরাপত্তা ব্যবস্থা ভালো।,sylhet,cate_12,SPK_43,Male
sentence_53.wav,dataset/chunks/sylhet/syl_cate_12/sentence_53.wav,আমরা অফিসে নতুন টুল ব্যবহার করছি।,sylhet,cate_12,SPK_43,Male
sentence_54.wav,dataset/chunks/sylhet/syl_cate_12/sentence_54.wav,আপনার টিম কি প্রস্তুত?,sylhet,cate_12,SPK_43,Male
sentence_55.wav,dataset/chunks/sylhet/syl_cate_12/sentence_55.wav,আমি অফিসে অনেক নথি সাজাচ্ছি।,sylhet,cate_12,SPK_43,Male
sentence_56.wav,dataset/chunks/sylhet/syl_cate_12/sentence_56.wav,আজ অফিসে নতুন প্রকল্পের আলোচনা হয়েছে।,sylhet,cate_12,SPK_43,Male
sentence_57.wav,dataset/chunks/sylhet/syl_cate_12/sentence_57.wav,আমি আজ টিম মিটিং নিয়ে ব্যস্ত।,sylhet,cate_12,SPK_43,Male
sentence_58.wav,dataset/chunks/sylhet/syl_cate_12/sentence_58.wav,অফিসে নতুন সফটওয়্যার ইনস্টল করা হয়েছে।,sylhet,cate_12,SPK_43,Male
sentence_59.wav,dataset/chunks/sylhet/syl_cate_12/sentence_59.wav,কি ধরনের অফিস কাজ শেষ করতে হবে?,sylhet,cate_12,SPK_43,Male
sentence_60.wav,dataset/chunks/sylhet/syl_cate_12/sentence_60.wav,আমি ক্লায়েন্টের জন্য ডকুমেন্ট প্রস্তুত করছি।,sylhet,cate_12,SPK_43,Male
sentence_61.wav,dataset/chunks/sylhet/syl_cate_12/sentence_61.wav,অফিসে আজ অনেক ইমেইল এসেছে।,sylhet,cate_12,SPK_43,Male
sentence_62.wav,dataset/chunks/sylhet/syl_cate_12/sentence_62.wav,আমাদের টিমের সদস্য সক্রিয়।,sylhet,cate_12,SPK_43,Male
sentence_63.wav,dataset/chunks/sylhet/syl_cate_12/sentence_63.wav,আমি অফিসে নতুন প্রকল্প পরিকল্পনা করছি।,sylhet,cate_12,SPK_43,Male
sentence_64.wav,dataset/chunks/sylhet/syl_cate_12/sentence_64.wav,আজ অফিসে অনেক visitors এসেছে।,sylhet,cate_12,SPK_43,Male
sentence_65.wav,dataset/chunks/sylhet/syl_cate_12/sentence_65.wav,অফিসে meeting room প্রস্তুত।,sylhet,cate_12,SPK_43,Male
sentence_66.wav,dataset/chunks/sylhet/syl_cate_12/sentence_66.wav,আমি অফিসের জন্য রিপোর্ট তৈরি করেছি।,sylhet,cate_12,SPK_43,Male
sentence_67.wav,dataset/chunks/sylhet/syl_cate_12/sentence_67.wav,আমরা নতুন guidelines মেনে চলছি।,sylhet,cate_12,SPK_43,Male
sentence_68.wav,dataset/chunks/sylhet/syl_cate_12/sentence_68.wav,অফিসে কাজের চাপ বেশি।,sylhet,cate_12,SPK_43,Male
sentence_69.wav,dataset/chunks/sylhet/syl_cate_12/sentence_69.wav,আমি ক্লায়েন্টের সাথে discussion করেছি।,sylhet,cate_12,SPK_43,Male
sentence_70.wav,dataset/chunks/sylhet/syl_cate_12/sentence_70.wav,আমাদের অফিসের পরিবেশ খুব ভালো।,sylhet,cate_12,SPK_43,Male
sentence_01.wav,dataset/chunks/sylhet/syl_cate_13/sentence_01.wav,এই ফোনের দাম কত?,sylhet,cate_13,SPK_43,Male
sentence_02.wav,dataset/chunks/sylhet/syl_cate_13/sentence_02.wav,আমি নতুন ল্যাপটপ কিনতে চাই।,sylhet,cate_13,SPK_43,Male
sentence_03.wav,dataset/chunks/sylhet/syl_cate_13/sentence_03.wav,এই চার্জার কি original?,sylhet,cate_13,SPK_43,Male
sentence_04.wav,dataset/chunks/sylhet/syl_cate_13/sentence_04.wav,SIM কার্ড কীভাবে নিতে হবে?,sylhet,cate_13,SPK_43,Male
sentence_05.wav,dataset/chunks/sylhet/syl_cate_13/sentence_05.wav,এই ফোনের warranty কত দিন?,sylhet,cate_13,SPK_43,Male
sentence_06.wav,dataset/chunks/sylhet/syl_cate_13/sentence_06.wav,আমি একটা হেডফোন চাই।,sylhet,cate_13,SPK_43,Male
sentence_07.wav,dataset/chunks/sylhet/syl_cate_13/sentence_07.wav,এই ফোনে camera ভালো কি?,sylhet,cate_13,SPK_43,Male
sentence_08.wav,dataset/chunks/sylhet/syl_cate_13/sentence_08.wav,আপনার দোকানে laptop আছে কি?,sylhet,cate_13,SPK_43,Male
sentence_09.wav,dataset/chunks/sylhet/syl_cate_13/sentence_09.wav,এই চার্জার কত voltage?,sylhet,cate_13,SPK_43,Male
sentence_10.wav,dataset/chunks/sylhet/syl_cate_13/sentence_10.wav,আমি ফোন comparison করতে চাই।,sylhet,cate_13,SPK_43,Male
sentence_11.wav,dataset/chunks/sylhet/syl_cate_13/sentence_11.wav,এই ফোনের color কোনটি আছে?,sylhet,cate_13,SPK_43,Male
sentence_12.wav,dataset/chunks/sylhet/syl_cate_13/sentence_12.wav,SIM card activate করতে কত সময় লাগে?,sylhet,cate_13,SPK_43,Male
sentence_13.wav,dataset/chunks/sylhet/syl_cate_13/sentence_13.wav,এই ফোনের storage কত GB?,sylhet,cate_13,SPK_43,Male
sentence_14.wav,dataset/chunks/sylhet/syl_cate_13/sentence_14.wav,আমি power bank চাই।,sylhet,cate_13,SPK_43,Male
sentence_15.wav,dataset/chunks/sylhet/syl_cate_13/sentence_15.wav,ফোনে নতুন app install করতে পারি কি?,sylhet,cate_13,SPK_43,Male
sentence_16.wav,dataset/chunks/sylhet/syl_cate_13/sentence_16.wav,এই দোকানে accessories পাওয়া যায়?,sylhet,cate_13,SPK_43,Male
sentence_17.wav,dataset/chunks/sylhet/syl_cate_13/sentence_17.wav,এই laptop lightweight কি?,sylhet,cate_13,SPK_43,Male
sentence_18.wav,dataset/chunks/sylhet/syl_cate_13/sentence_18.wav,ফোনের screen protector বিক্রি হয় কি?,sylhet,cate_13,SPK_43,Male
sentence_19.wav,dataset/chunks/sylhet/syl_cate_13/sentence_19.wav,SIM card recharge করা যায় কি?,sylhet,cate_13,SPK_43,Male
sentence_20.wav,dataset/chunks/sylhet/syl_cate_13/sentence_20.wav,আমি refurbished phone কিনতে চাই না।,sylhet,cate_13,SPK_43,Male
sentence_21.wav,dataset/chunks/sylhet/syl_cate_13/sentence_21.wav,ফোনের battery কতক্ষণ চলে?,sylhet,cate_13,SPK_43,Male
sentence_22.wav,dataset/chunks/sylhet/syl_cate_13/sentence_22.wav,আমি এই smartwatch কিনতে চাই।,sylhet,cate_13,SPK_43,Male
sentence_23.wav,dataset/chunks/sylhet/syl_cate_13/sentence_23.wav,ফোনের brand কোনটি?,sylhet,cate_13,SPK_43,Male
sentence_24.wav,dataset/chunks/sylhet/syl_cate_13/sentence_24.wav,এই charger fast charging support করে কি?,sylhet,cate_13,SPK_43,Male
sentence_25.wav,dataset/chunks/sylhet/syl_cate_13/sentence_25.wav,আমি laptop comparison দেখতে চাই।,sylhet,cate_13,SPK_43,Male
sentence_26.wav,dataset/chunks/sylhet/syl_cate_13/sentence_26.wav,ফোনের memory card slot আছে কি?,sylhet,cate_13,SPK_43,Male
sentence_27.wav,dataset/chunks/sylhet/syl_cate_13/sentence_27.wav,SIM card registration করতে কি লাগবে?,sylhet,cate_13,SPK_43,Male
sentence_28.wav,dataset/chunks/sylhet/syl_cate_13/sentence_28.wav,আমি wireless earphones চাই।,sylhet,cate_13,SPK_43,Male
sentence_29.wav,dataset/chunks/sylhet/syl_cate_13/sentence_29.wav,এই phone case waterproof কি?,sylhet,cate_13,SPK_43,Male
sentence_30.wav,dataset/chunks/sylhet/syl_cate_13/sentence_30.wav,আপনার দোকানে projector আছে কি?,sylhet,cate_13,SPK_43,Male
sentence_31.wav,dataset/chunks/sylhet/syl_cate_13/sentence_31.wav,ফোনের software update হয়েছে কি?,sylhet,cate_13,SPK_43,Male
sentence_32.wav,dataset/chunks/sylhet/syl_cate_13/sentence_32.wav,আমি gaming laptop দেখতে চাই।,sylhet,cate_13,SPK_43,Male
sentence_33.wav,dataset/chunks/sylhet/syl_cate_13/sentence_33.wav,ফোনে dual SIM support আছে কি?,sylhet,cate_13,SPK_43,Male
sentence_34.wav,dataset/chunks/sylhet/syl_cate_13/sentence_34.wav,এই power bank কত mAh?,sylhet,cate_13,SPK_43,Male
sentence_35.wav,dataset/chunks/sylhet/syl_cate_13/sentence_35.wav,আমি Bluetooth speaker কিনতে চাই।,sylhet,cate_13,SPK_43,Male
sentence_36.wav,dataset/chunks/sylhet/syl_cate_13/sentence_36.wav,ফোনের price negotiable কি?,sylhet,cate_13,SPK_43,Male
sentence_37.wav,dataset/chunks/sylhet/syl_cate_13/sentence_37.wav,আমি USB cable চাই।,sylhet,cate_13,SPK_43,Male
sentence_38.wav,dataset/chunks/sylhet/syl_cate_13/sentence_38.wav,এই tablet lightweight কি?,sylhet,cate_13,SPK_43,Male
sentence_39.wav,dataset/chunks/sylhet/syl_cate_13/sentence_39.wav,SIM card portability করতে পারি কি?,sylhet,cate_13,SPK_43,Male
sentence_40.wav,dataset/chunks/sylhet/syl_cate_13/sentence_40.wav,ফোনের warranty card আছে কি?,sylhet,cate_13,SPK_43,Male
sentence_41.wav,dataset/chunks/sylhet/syl_cate_13/sentence_41.wav,আমি refurbished laptop চাই না।,sylhet,cate_13,SPK_43,Male
sentence_42.wav,dataset/chunks/sylhet/syl_cate_13/sentence_42.wav,ফোনের charger original কি?,sylhet,cate_13,SPK_43,Male
sentence_43.wav,dataset/chunks/sylhet/syl_cate_13/sentence_43.wav,আমি tablet accessories চাই।,sylhet,cate_13,SPK_43,Male
sentence_44.wav,dataset/chunks/sylhet/syl_cate_13/sentence_44.wav,ফোনের camera resolution কত?,sylhet,cate_13,SPK_43,Male
sentence_45.wav,dataset/chunks/sylhet/syl_cate_13/sentence_45.wav,আমি portable hard drive চাই।,sylhet,cate_13,SPK_43,Male
sentence_46.wav,dataset/chunks/sylhet/syl_cate_13/sentence_46.wav,ফোনে earphone jack আছে কি?,sylhet,cate_13,SPK_43,Male
sentence_47.wav,dataset/chunks/sylhet/syl_cate_13/sentence_47.wav,SIM card online recharge করা যায় কি?,sylhet,cate_13,SPK_43,Male
sentence_48.wav,dataset/chunks/sylhet/syl_cate_13/sentence_48.wav,আমি laptop bag কিনতে চাই।,sylhet,cate_13,SPK_43,Male
sentence_49.wav,dataset/chunks/sylhet/syl_cate_13/sentence_49.wav,ফোনের display কত inch?,sylhet,cate_13,SPK_43,Male
sentence_50.wav,dataset/chunks/sylhet/syl_cate_13/sentence_50.wav,আমি smart home device কিনতে চাই।,sylhet,cate_13,SPK_43,Male
sentence_51.wav,dataset/chunks/sylhet/syl_cate_13/sentence_51.wav,এই charger compatible কি?,sylhet,cate_13,SPK_43,Male
sentence_52.wav,dataset/chunks/sylhet/syl_cate_13/sentence_52.wav,ফোনের processor কত GHz?,sylhet,cate_13,SPK_43,Male
sentence_53.wav,dataset/chunks/sylhet/syl_cate_13/sentence_53.wav,আমি wireless mouse চাই।,sylhet,cate_13,SPK_43,Male
sentence_54.wav,dataset/chunks/sylhet/syl_cate_13/sentence_54.wav,ফোনের screen size বড় কি?,sylhet,cate_13,SPK_43,Male
sentence_55.wav,dataset/chunks/sylhet/syl_cate_13/sentence_55.wav,SIM card balance check করতে পারি কি?,sylhet,cate_13,SPK_43,Male
sentence_56.wav,dataset/chunks/sylhet/syl_cate_13/sentence_56.wav,আমি laptop stand চাই।,sylhet,cate_13,SPK_43,Male
sentence_57.wav,dataset/chunks/sylhet/syl_cate_13/sentence_57.wav,ফোনে fingerprint sensor আছে কি?,sylhet,cate_13,SPK_43,Male
sentence_58.wav,dataset/chunks/sylhet/syl_cate_13/sentence_58.wav,আমি external keyboard চাই।,sylhet,cate_13,SPK_43,Male
sentence_59.wav,dataset/chunks/sylhet/syl_cate_13/sentence_59.wav,ফোনের battery replace করতে হয় কি?,sylhet,cate_13,SPK_43,Male
sentence_60.wav,dataset/chunks/sylhet/syl_cate_13/sentence_60.wav,আমি smartwatch strap চাই।,sylhet,cate_13,SPK_43,Male
sentence_61.wav,dataset/chunks/sylhet/syl_cate_13/sentence_61.wav,ফোনের price range কি?,sylhet,cate_13,SPK_43,Male
sentence_62.wav,dataset/chunks/sylhet/syl_cate_13/sentence_62.wav,আমি gaming console কিনতে চাই।,sylhet,cate_13,SPK_43,Male
sentence_63.wav,dataset/chunks/sylhet/syl_cate_13/sentence_63.wav,ফোনে dual camera আছে কি?,sylhet,cate_13,SPK_43,Male
sentence_64.wav,dataset/chunks/sylhet/syl_cate_13/sentence_64.wav,আমি USB hub চাই।,sylhet,cate_13,SPK_43,Male
sentence_65.wav,dataset/chunks/sylhet/syl_cate_13/sentence_65.wav,ফোনের warranty কত বছর?,sylhet,cate_13,SPK_43,Male
sentence_66.wav,dataset/chunks/sylhet/syl_cate_13/sentence_66.wav,আমি laptop charger চাই।,sylhet,cate_13,SPK_43,Male
sentence_67.wav,dataset/chunks/sylhet/syl_cate_13/sentence_67.wav,ফোনের weight কত?,sylhet,cate_13,SPK_43,Male
sentence_68.wav,dataset/chunks/sylhet/syl_cate_13/sentence_68.wav,আমি HDMI cable চাই।,sylhet,cate_13,SPK_43,Male
sentence_69.wav,dataset/chunks/sylhet/syl_cate_13/sentence_69.wav,ফোনের software version আপডেট হয়েছে কি?,sylhet,cate_13,SPK_43,Male
sentence_70.wav,dataset/chunks/sylhet/syl_cate_13/sentence_70.wav,আমি smart speaker কিনতে চাই।,sylhet,cate_13,SPK_43,Male
sentence_01.wav,dataset/chunks/sylhet/syl_cate_14/sentence_01.wav,অনুগ্রহ করে দরজা বন্ধ করবেন।,sylhet,cate_14,SPK_47,Female
sentence_02.wav,dataset/chunks/sylhet/syl_cate_14/sentence_02.wav,দয়া করে আমাকে সাহায্য করুন।,sylhet,cate_14,SPK_47,Female
sentence_03.wav,dataset/chunks/sylhet/syl_cate_14/sentence_03.wav,আপনি কি আমাকে বইটা দিতে পারেন?,sylhet,cate_14,SPK_47,Female
sentence_04.wav,dataset/chunks/sylhet/syl_cate_14/sentence_04.wav,অনুগ্রহ করে ধীরে কথা বলুন।,sylhet,cate_14,SPK_47,Female
sentence_05.wav,dataset/chunks/sylhet/syl_cate_14/sentence_05.wav,দয়া করে এখানে বসুন।,sylhet,cate_14,SPK_47,Female
sentence_06.wav,dataset/chunks/sylhet/syl_cate_14/sentence_06.wav,আপনি কি আমার জন্য অপেক্ষা করতে পারেন?,sylhet,cate_14,SPK_47,Female
sentence_07.wav,dataset/chunks/sylhet/syl_cate_14/sentence_07.wav,অনুগ্রহ করে আবার বলুন।,sylhet,cate_14,SPK_47,Female
sentence_08.wav,dataset/chunks/sylhet/syl_cate_14/sentence_08.wav,আপনি কি আমাকে রাস্তা দেখাতে পারেন?,sylhet,cate_14,SPK_47,Female
sentence_09.wav,dataset/chunks/sylhet/syl_cate_14/sentence_09.wav,দয়া করে ফোন ব্যবহার করবেন না।,sylhet,cate_14,SPK_47,Female
sentence_10.wav,dataset/chunks/sylhet/syl_cate_14/sentence_10.wav,আপনি কি আমার জন্য এটি কিনতে পারবেন?,sylhet,cate_14,SPK_47,Female
sentence_11.wav,dataset/chunks/sylhet/syl_cate_14/sentence_11.wav,অনুগ্রহ করে আমাকে মনে করিয়ে দিন।,sylhet,cate_14,SPK_47,Female
sentence_12.wav,dataset/chunks/sylhet/syl_cate_14/sentence_12.wav,আপনি কি আমাকে ছবি তুলতে সাহায্য করবেন?,sylhet,cate_14,SPK_47,Female
sentence_13.wav,dataset/chunks/sylhet/syl_cate_14/sentence_13.wav,দয়া করে আমাকে অপেক্ষা করতে দিন।,sylhet,cate_14,SPK_47,Female
sentence_14.wav,dataset/chunks/sylhet/syl_cate_14/sentence_14.wav,অনুগ্রহ করে দরজা খুলে দিন।,sylhet,cate_14,SPK_47,Female
sentence_15.wav,dataset/chunks/sylhet/syl_cate_14/sentence_15.wav,আপনি কি আমার জন্য কাজটি করতে পারেন?,sylhet,cate_14,SPK_47,Female
sentence_16.wav,dataset/chunks/sylhet/syl_cate_14/sentence_16.wav,দয়া করে শব্দ কমান।,sylhet,cate_14,SPK_47,Female
sentence_17.wav,dataset/chunks/sylhet/syl_cate_14/sentence_17.wav,আপনি কি আমাকে জিজ্ঞাসা করতে পারবেন?,sylhet,cate_14,SPK_47,Female
sentence_18.wav,dataset/chunks/sylhet/syl_cate_14/sentence_18.wav,অনুগ্রহ করে আমাকে আসতে দিন।,sylhet,cate_14,SPK_47,Female
sentence_19.wav,dataset/chunks/sylhet/syl_cate_14/sentence_19.wav,আপনি কি আমার সঙ্গে কথা বলবেন?,sylhet,cate_14,SPK_47,Female
sentence_20.wav,dataset/chunks/sylhet/syl_cate_14/sentence_20.wav,দয়া করে আমার দিকে তাকান।,sylhet,cate_14,SPK_47,Female
sentence_21.wav,dataset/chunks/sylhet/syl_cate_14/sentence_21.wav,অনুগ্রহ করে আমাকে সময় দিন।,sylhet,cate_14,SPK_47,Female
sentence_22.wav,dataset/chunks/sylhet/syl_cate_14/sentence_22.wav,আপনি কি আমাকে সাহায্য করতে পারেন?,sylhet,cate_14,SPK_47,Female
sentence_23.wav,dataset/chunks/sylhet/syl_cate_14/sentence_23.wav,দয়া করে আমাকে এটি বোঝান।,sylhet,cate_14,SPK_47,Female
sentence_24.wav,dataset/chunks/sylhet/syl_cate_14/sentence_24.wav,অনুগ্রহ করে এটিকে ধরুন।,sylhet,cate_14,SPK_47,Female
sentence_25.wav,dataset/chunks/sylhet/syl_cate_14/sentence_25.wav,আপনি কি আমাকে তথ্য দিতে পারেন?,sylhet,cate_14,SPK_47,Female
sentence_26.wav,dataset/chunks/sylhet/syl_cate_14/sentence_26.wav,দয়া করে এখানে আসুন।,sylhet,cate_14,SPK_47,Female
sentence_27.wav,dataset/chunks/sylhet/syl_cate_14/sentence_27.wav,অনুগ্রহ করে আমাকে অপেক্ষা করতে বলুন।,sylhet,cate_14,SPK_47,Female
sentence_28.wav,dataset/chunks/sylhet/syl_cate_14/sentence_28.wav,আপনি কি আমাকে রাস্তা দেখাবেন?,sylhet,cate_14,SPK_47,Female
sentence_29.wav,dataset/chunks/sylhet/syl_cate_14/sentence_29.wav,দয়া করে আমার জন্য অপেক্ষা করুন।,sylhet,cate_14,SPK_47,Female
sentence_30.wav,dataset/chunks/sylhet/syl_cate_14/sentence_30.wav,অনুগ্রহ করে আমাকে সাহায্য করতে বলুন।,sylhet,cate_14,SPK_47,Female
sentence_31.wav,dataset/chunks/sylhet/syl_cate_14/sentence_31.wav,আপনি কি আমার জন্য এটি আনবেন?,sylhet,cate_14,SPK_47,Female
sentence_32.wav,dataset/chunks/sylhet/syl_cate_14/sentence_32.wav,দয়া করে আমাকে বসতে দিন।,sylhet,cate_14,SPK_47,Female
sentence_33.wav,dataset/chunks/sylhet/syl_cate_14/sentence_33.wav,অনুগ্রহ করে আমাকে এটি দেখান।,sylhet,cate_14,SPK_47,Female
sentence_34.wav,dataset/chunks/sylhet/syl_cate_14/sentence_34.wav,আপনি কি আমার সঙ্গে খাবেন?,sylhet,cate_14,SPK_47,Female
sentence_35.wav,dataset/chunks/sylhet/syl_cate_14/sentence_35.wav,দয়া করে ধৈর্য ধরুন।,sylhet,cate_14,SPK_47,Female
sentence_36.wav,dataset/chunks/sylhet/syl_cate_14/sentence_36.wav,অনুগ্রহ করে আমাকে ফোন দিন।,sylhet,cate_14,SPK_47,Female
sentence_37.wav,dataset/chunks/sylhet/syl_cate_14/sentence_37.wav,আপনি কি আমার জন্য অপেক্ষা করবেন?,sylhet,cate_14,SPK_47,Female
sentence_38.wav,dataset/chunks/sylhet/syl_cate_14/sentence_38.wav,দয়া করে এটি খুলুন।,sylhet,cate_14,SPK_47,Female
sentence_39.wav,dataset/chunks/sylhet/syl_cate_14/sentence_39.wav,অনুগ্রহ করে এটি বন্ধ করুন।,sylhet,cate_14,SPK_47,Female
sentence_40.wav,dataset/chunks/sylhet/syl_cate_14/sentence_40.wav,আপনি কি আমাকে নির্দেশ দিতে পারেন?,sylhet,cate_14,SPK_47,Female
sentence_41.wav,dataset/chunks/sylhet/syl_cate_14/sentence_41.wav,দয়া করে আমার কথা শোনুন।,sylhet,cate_14,SPK_47,Female
sentence_42.wav,dataset/chunks/sylhet/syl_cate_14/sentence_42.wav,অনুগ্রহ করে আমাকে সময় দিন।,sylhet,cate_14,SPK_47,Female
sentence_43.wav,dataset/chunks/sylhet/syl_cate_14/sentence_43.wav,আপনি কি আমার জন্য এটি আনবেন?,sylhet,cate_14,SPK_47,Female
sentence_44.wav,dataset/chunks/sylhet/syl_cate_14/sentence_44.wav,দয়া করে আমাকে সাহায্য করতে বলুন।,sylhet,cate_14,SPK_47,Female
sentence_45.wav,dataset/chunks/sylhet/syl_cate_14/sentence_45.wav,অনুগ্রহ করে আমাকে অনুমতি দিন।,sylhet,cate_14,SPK_47,Female
sentence_46.wav,dataset/chunks/sylhet/syl_cate_14/sentence_46.wav,আপনি কি আমাকে রাস্তা দেখাবেন?,sylhet,cate_14,SPK_47,Female
sentence_47.wav,dataset/chunks/sylhet/syl_cate_14/sentence_47.wav,দয়া করে এখানে বসুন।,sylhet,cate_14,SPK_47,Female
sentence_48.wav,dataset/chunks/sylhet/syl_cate_14/sentence_48.wav,অনুগ্রহ করে এটি নিন।,sylhet,cate_14,SPK_47,Female
sentence_49.wav,dataset/chunks/sylhet/syl_cate_14/sentence_49.wav,আপনি কি আমাকে এটি দেবেন?,sylhet,cate_14,SPK_47,Female
sentence_50.wav,dataset/chunks/sylhet/syl_cate_14/sentence_50.wav,দয়া করে আমাকে সঙ্গে নিয়ে যান।,sylhet,cate_14,SPK_47,Female
sentence_51.wav,dataset/chunks/sylhet/syl_cate_14/sentence_51.wav,অনুগ্রহ করে আমাকে বলুন।,sylhet,cate_14,SPK_47,Female
sentence_52.wav,dataset/chunks/sylhet/syl_cate_14/sentence_52.wav,আপনি কি আমার জন্য অপেক্ষা করতে পারবেন?,sylhet,cate_14,SPK_47,Female
sentence_53.wav,dataset/chunks/sylhet/syl_cate_14/sentence_53.wav,দয়া করে এটি পরীক্ষা করুন।,sylhet,cate_14,SPK_47,Female
sentence_54.wav,dataset/chunks/sylhet/syl_cate_14/sentence_54.wav,অনুগ্রহ করে আমাকে এটি লিখে দিন।,sylhet,cate_14,SPK_47,Female
sentence_55.wav,dataset/chunks/sylhet/syl_cate_14/sentence_55.wav,আপনি কি আমার জন্য এটি করতে পারেন?,sylhet,cate_14,SPK_47,Female
sentence_56.wav,dataset/chunks/sylhet/syl_cate_14/sentence_56.wav,দয়া করে আমার সঙ্গে যোগাযোগ করুন।,sylhet,cate_14,SPK_47,Female
sentence_57.wav,dataset/chunks/sylhet/syl_cate_14/sentence_57.wav,অনুগ্রহ করে আমাকে সহায়তা করুন।,sylhet,cate_14,SPK_47,Female
sentence_58.wav,dataset/chunks/sylhet/syl_cate_14/sentence_58.wav,আপনি কি আমাকে এটি দেখাবেন?,sylhet,cate_14,SPK_47,Female
sentence_59.wav,dataset/chunks/sylhet/syl_cate_14/sentence_59.wav,দয়া করে আমার জন্য অপেক্ষা করুন।,sylhet,cate_14,SPK_47,Female
sentence_60.wav,dataset/chunks/sylhet/syl_cate_14/sentence_60.wav,অনুগ্রহ করে আমাকে সাহায্য করুন।,sylhet,cate_14,SPK_47,Female
sentence_61.wav,dataset/chunks/sylhet/syl_cate_14/sentence_61.wav,আপনি কি আমাকে সাহায্য করবেন?,sylhet,cate_14,SPK_47,Female
sentence_62.wav,dataset/chunks/sylhet/syl_cate_14/sentence_62.wav,দয়া করে আমাকে এটি বুঝতে দিন।,sylhet,cate_14,SPK_47,Female
sentence_63.wav,dataset/chunks/sylhet/syl_cate_14/sentence_63.wav,অনুগ্রহ করে এটি রাখুন।,sylhet,cate_14,SPK_47,Female
sentence_64.wav,dataset/chunks/sylhet/syl_cate_14/sentence_64.wav,আপনি কি আমাকে অনুমতি দেবেন?,sylhet,cate_14,SPK_47,Female
sentence_65.wav,dataset/chunks/sylhet/syl_cate_14/sentence_65.wav,দয়া করে আমাকে এটি আনতে দিন।,sylhet,cate_14,SPK_47,Female
sentence_66.wav,dataset/chunks/sylhet/syl_cate_14/sentence_66.wav,অনুগ্রহ করে আমাকে নির্দেশ দিন।,sylhet,cate_14,SPK_47,Female
sentence_67.wav,dataset/chunks/sylhet/syl_cate_14/sentence_67.wav,আপনি কি আমাকে এটি আনবেন?,sylhet,cate_14,SPK_47,Female
sentence_68.wav,dataset/chunks/sylhet/syl_cate_14/sentence_68.wav,দয়া করে আমাকে সাহায্য করতে বলুন।,sylhet,cate_14,SPK_47,Female
sentence_69.wav,dataset/chunks/sylhet/syl_cate_14/sentence_69.wav,অনুগ্রহ করে এটি আমার জন্য রাখুন।,sylhet,cate_14,SPK_47,Female
sentence_70.wav,dataset/chunks/sylhet/syl_cate_14/sentence_70.wav,আপনি কি আমার জন্য অপেক্ষা করতে পারবেন?,sylhet,cate_14,SPK_47,Female
sentence_01.wav,dataset/chunks/sylhet/syl_cate_15/sentence_01.wav,আমি সকাল ৬টায় উঠি।,sylhet,cate_15,SPK_47,Female
sentence_02.wav,dataset/chunks/sylhet/syl_cate_15/sentence_02.wav,তুমি কি বাজারে যাচ্ছো?,sylhet,cate_15,SPK_47,Female
sentence_03.wav,dataset/chunks/sylhet/syl_cate_15/sentence_03.wav,আমি ভাত রান্না করছি।,sylhet,cate_15,SPK_47,Female
sentence_04.wav,dataset/chunks/sylhet/syl_cate_15/sentence_04.wav,আমরা প্রতিদিন হাঁটতে যাই।,sylhet,cate_15,SPK_47,Female
sentence_05.wav,dataset/chunks/sylhet/syl_cate_15/sentence_05.wav,তুমি কি আজ শপিং করতে যাবে?,sylhet,cate_15,SPK_47,Female
sentence_06.wav,dataset/chunks/sylhet/syl_cate_15/sentence_06.wav,আমি ব্যাগ প্যাক করছি।,sylhet,cate_15,SPK_47,Female
sentence_07.wav,dataset/chunks/sylhet/syl_cate_15/sentence_07.wav,তুমি কি সকালে নাশতা করেছো?,sylhet,cate_15,SPK_47,Female
sentence_08.wav,dataset/chunks/sylhet/syl_cate_15/sentence_08.wav,আমি লন্ড্রি করছি।,sylhet,cate_15,SPK_47,Female
sentence_09.wav,dataset/chunks/sylhet/syl_cate_15/sentence_09.wav,তুমি কি সিনেমা দেখতে যাবে?,sylhet,cate_15,SPK_47,Female
sentence_10.wav,dataset/chunks/sylhet/syl_cate_15/sentence_10.wav,আমি বই পড়ছি।,sylhet,cate_15,SPK_47,Female
sentence_11.wav,dataset/chunks/sylhet/syl_cate_15/sentence_11.wav,তুমি কি চা খাবে?,sylhet,cate_15,SPK_47,Female
sentence_12.wav,dataset/chunks/sylhet/syl_cate_15/sentence_12.wav,আমি বাসায় ক্লিনিং করছি।,sylhet,cate_15,SPK_47,Female
sentence_13.wav,dataset/chunks/sylhet/syl_cate_15/sentence_13.wav,তুমি কি বাজারে নতুন সবজি পেয়েছো?,sylhet,cate_15,SPK_47,Female
sentence_14.wav,dataset/chunks/sylhet/syl_cate_15/sentence_14.wav,আমি শুতে যাচ্ছি।,sylhet,cate_15,SPK_47,Female
sentence_15.wav,dataset/chunks/sylhet/syl_cate_15/sentence_15.wav,আমরা সকালে দৌড়াচ্ছি।,sylhet,cate_15,SPK_47,Female
sentence_16.wav,dataset/chunks/sylhet/syl_cate_15/sentence_16.wav,তুমি কি কাজ শেষ করেছো?,sylhet,cate_15,SPK_47,Female
sentence_17.wav,dataset/chunks/sylhet/syl_cate_15/sentence_17.wav,আমি দুপুরের খাবার খাচ্ছি।,sylhet,cate_15,SPK_47,Female
sentence_18.wav,dataset/chunks/sylhet/syl_cate_15/sentence_18.wav,তুমি কি কুকিং করতে জানো?,sylhet,cate_15,SPK_47,Female
sentence_19.wav,dataset/chunks/sylhet/syl_cate_15/sentence_19.wav,আমি দোকান যাচ্ছি।,sylhet,cate_15,SPK_47,Female
sentence_20.wav,dataset/chunks/sylhet/syl_cate_15/sentence_20.wav,তুমি কি আজ বাড়িতে থাকছো?,sylhet,cate_15,SPK_47,Female
sentence_21.wav,dataset/chunks/sylhet/syl_cate_15/sentence_21.wav,আমি টিভি দেখছি।,sylhet,cate_15,SPK_47,Female
sentence_22.wav,dataset/chunks/sylhet/syl_cate_15/sentence_22.wav,তুমি কি সাইকেল চালাচ্ছো?,sylhet,cate_15,SPK_47,Female
sentence_23.wav,dataset/chunks/sylhet/syl_cate_15/sentence_23.wav,আমি জামাকাপড় ধরছি।,sylhet,cate_15,SPK_47,Female
sentence_24.wav,dataset/chunks/sylhet/syl_cate_15/sentence_24.wav,তুমি কি বাজার থেকে দুধ এনেছো?,sylhet,cate_15,SPK_47,Female
sentence_25.wav,dataset/chunks/sylhet/syl_cate_15/sentence_25.wav,আমি রাতে ঘুমাতে যাচ্ছি।,sylhet,cate_15,SPK_47,Female
sentence_26.wav,dataset/chunks/sylhet/syl_cate_15/sentence_26.wav,তুমি কি সকাল ৭টায় উঠে আসবে?,sylhet,cate_15,SPK_47,Female
sentence_27.wav,dataset/chunks/sylhet/syl_cate_15/sentence_27.wav,আমি রান্নাঘরে কাজ করছি।,sylhet,cate_15,SPK_47,Female
sentence_28.wav,dataset/chunks/sylhet/syl_cate_15/sentence_28.wav,তুমি কি বাজারে কোন মাংস কিনেছো?,sylhet,cate_15,SPK_47,Female
sentence_29.wav,dataset/chunks/sylhet/syl_cate_15/sentence_29.wav,আমি দুপুরে বিশ্রাম নিচ্ছি।,sylhet,cate_15,SPK_47,Female
sentence_30.wav,dataset/chunks/sylhet/syl_cate_15/sentence_30.wav,তুমি কি সন্ধ্যায় হাঁটবে?,sylhet,cate_15,SPK_47,Female
sentence_31.wav,dataset/chunks/sylhet/syl_cate_15/sentence_31.wav,আমি কফি বানাচ্ছি।,sylhet,cate_15,SPK_47,Female
sentence_32.wav,dataset/chunks/sylhet/syl_cate_15/sentence_32.wav,তুমি কি নিত্যদিন সকালে জগিং করো?,sylhet,cate_15,SPK_47,Female
sentence_33.wav,dataset/chunks/sylhet/syl_cate_15/sentence_33.wav,আমি দুধ ফুটাচ্ছি।,sylhet,cate_15,SPK_47,Female
sentence_34.wav,dataset/chunks/sylhet/syl_cate_15/sentence_34.wav,তুমি কি চা খেতে চাও?,sylhet,cate_15,SPK_47,Female
sentence_35.wav,dataset/chunks/sylhet/syl_cate_15/sentence_35.wav,আমি বাজারে যাচ্ছি।,sylhet,cate_15,SPK_47,Female
sentence_36.wav,dataset/chunks/sylhet/syl_cate_15/sentence_36.wav,তুমি কি বই পড়ছো?,sylhet,cate_15,SPK_47,Female
sentence_37.wav,dataset/chunks/sylhet/syl_cate_15/sentence_37.wav,আমি বাড়ি ঝাড়ু দিচ্ছি।,sylhet,cate_15,SPK_47,Female
sentence_38.wav,dataset/chunks/sylhet/syl_cate_15/sentence_38.wav,তুমি কি দুপুরের খাবার খেয়েছো?,sylhet,cate_15,SPK_47,Female
sentence_39.wav,dataset/chunks/sylhet/syl_cate_15/sentence_39.wav,আমি সবজি কাটছি।,sylhet,cate_15,SPK_47,Female
sentence_40.wav,dataset/chunks/sylhet/syl_cate_15/sentence_40.wav,তুমি কি রাতে শুবে?,sylhet,cate_15,SPK_47,Female
sentence_41.wav,dataset/chunks/sylhet/syl_cate_15/sentence_41.wav,আমি কলম ও কাগজ সাজাচ্ছি।,sylhet,cate_15,SPK_47,Female
sentence_42.wav,dataset/chunks/sylhet/syl_cate_15/sentence_42.wav,তুমি কি আজ রান্না করছো?,sylhet,cate_15,SPK_47,Female
sentence_43.wav,dataset/chunks/sylhet/syl_cate_15/sentence_43.wav,আমি কাপড় ধুয়ে শুকাচ্ছি।,sylhet,cate_15,SPK_47,Female
sentence_44.wav,dataset/chunks/sylhet/syl_cate_15/sentence_44.wav,তুমি কি বাজারে নতুন ফল এনেছো?,sylhet,cate_15,SPK_47,Female
sentence_45.wav,dataset/chunks/sylhet/syl_cate_15/sentence_45.wav,আমি সকালের নাশতা খাচ্ছি।,sylhet,cate_15,SPK_47,Female
sentence_46.wav,dataset/chunks/sylhet/syl_cate_15/sentence_46.wav,তুমি কি আজ ঘুম বেশি করেছো?,sylhet,cate_15,SPK_47,Female
sentence_47.wav,dataset/chunks/sylhet/syl_cate_15/sentence_47.wav,আমি খাবার টেবিলে বসছি।,sylhet,cate_15,SPK_47,Female
sentence_48.wav,dataset/chunks/sylhet/syl_cate_15/sentence_48.wav,তুমি কি বাইরে যাচ্ছো?,sylhet,cate_15,SPK_47,Female
sentence_49.wav,dataset/chunks/sylhet/syl_cate_15/sentence_49.wav,আমি ফ্রিজে খাবার রাখছি।,sylhet,cate_15,SPK_47,Female
sentence_50.wav,dataset/chunks/sylhet/syl_cate_15/sentence_50.wav,তুমি কি বাজারে যাবার আগে তালিকা লিখেছো?,sylhet,cate_15,SPK_47,Female
sentence_51.wav,dataset/chunks/sylhet/syl_cate_15/sentence_51.wav,আমি সকালে ব্যায়াম করছি।,sylhet,cate_15,SPK_47,Female
sentence_52.wav,dataset/chunks/sylhet/syl_cate_15/sentence_52.wav,তুমি কি দুপুরে ঘুমাবে?,sylhet,cate_15,SPK_47,Female
sentence_53.wav,dataset/chunks/sylhet/syl_cate_15/sentence_53.wav,আমি কাপড় ধরছি।,sylhet,cate_15,SPK_47,Female
sentence_54.wav,dataset/chunks/sylhet/syl_cate_15/sentence_54.wav,তুমি কি রান্না শেষ করেছো?,sylhet,cate_15,SPK_47,Female
sentence_55.wav,dataset/chunks/sylhet/syl_cate_15/sentence_55.wav,আমি বাজার থেকে শাক-সবজি এনেছি।,sylhet,cate_15,SPK_47,Female
sentence_56.wav,dataset/chunks/sylhet/syl_cate_15/sentence_56.wav,তুমি কি ঘরে কাজ করছো?,sylhet,cate_15,SPK_47,Female
sentence_57.wav,dataset/chunks/sylhet/syl_cate_15/sentence_57.wav,আমি দুপুরে চা খাচ্ছি।,sylhet,cate_15,SPK_47,Female
sentence_58.wav,dataset/chunks/sylhet/syl_cate_15/sentence_58.wav,তুমি কি রাতের খাবার খাবে?,sylhet,cate_15,SPK_47,Female
sentence_59.wav,dataset/chunks/sylhet/syl_cate_15/sentence_59.wav,আমি সকালের লিস্ট অনুযায়ী কাজ করছি।,sylhet,cate_15,SPK_47,Female
sentence_60.wav,dataset/chunks/sylhet/syl_cate_15/sentence_60.wav,তুমি কি বাজার থেকে দুধ এনেছো?,sylhet,cate_15,SPK_47,Female
sentence_61.wav,dataset/chunks/sylhet/syl_cate_15/sentence_61.wav,আমি সকালে উঠে হাঁটতে যাই।,sylhet,cate_15,SPK_47,Female
sentence_62.wav,dataset/chunks/sylhet/syl_cate_15/sentence_62.wav,তুমি কি ফ্রিজ খোলেছো?,sylhet,cate_15,SPK_47,Female
sentence_63.wav,dataset/chunks/sylhet/syl_cate_15/sentence_63.wav,আমি বালিশ ধরছি।,sylhet,cate_15,SPK_47,Female
sentence_64.wav,dataset/chunks/sylhet/syl_cate_15/sentence_64.wav,তুমি কি রান্না করতে চাও?,sylhet,cate_15,SPK_47,Female
sentence_65.wav,dataset/chunks/sylhet/syl_cate_15/sentence_65.wav,আমি কাপড় লন্ড্রি করছি।,sylhet,cate_15,SPK_47,Female
sentence_66.wav,dataset/chunks/sylhet/syl_cate_15/sentence_66.wav,তুমি কি বাজারে নতুন রুটি কিনেছো?,sylhet,cate_15,SPK_47,Female
sentence_67.wav,dataset/chunks/sylhet/syl_cate_15/sentence_67.wav,আমি রাতের খাবার প্রস্তুত করছি।,sylhet,cate_15,SPK_47,Female
sentence_68.wav,dataset/chunks/sylhet/syl_cate_15/sentence_68.wav,তুমি কি শপিং করতে যাচ্ছো?,sylhet,cate_15,SPK_47,Female
sentence_69.wav,dataset/chunks/sylhet/syl_cate_15/sentence_69.wav,আমি খোলা আকাশের নিচে হাঁটছি।,sylhet,cate_15,SPK_47,Female
sentence_70.wav,dataset/chunks/sylhet/syl_cate_15/sentence_70.wav,তুমি কি আজ সকাল থেকে ব্যস্ত?,sylhet,cate_15,SPK_47,Female
sentence_01.wav,dataset/chunks/sylhet/syl_cate_16/sentence_01.wav,আমার ফোন কাজ করছে না।,sylhet,cate_16,SPK_47,Female
sentence_02.wav,dataset/chunks/sylhet/syl_cate_16/sentence_02.wav,বাস ধীর গতিতে চলছে।,sylhet,cate_16,SPK_47,Female
sentence_03.wav,dataset/chunks/sylhet/syl_cate_16/sentence_03.wav,আমি বিল ঠিকমত পাইনি।,sylhet,cate_16,SPK_47,Female
sentence_04.wav,dataset/chunks/sylhet/syl_cate_16/sentence_04.wav,পানির চাপ খুব কম।,sylhet,cate_16,SPK_47,Female
sentence_05.wav,dataset/chunks/sylhet/syl_cate_16/sentence_05.wav,ইন্টারনেট সংযোগ স্থিতিশীল নয়।,sylhet,cate_16,SPK_47,Female
sentence_06.wav,dataset/chunks/sylhet/syl_cate_16/sentence_06.wav,দোকানে সব পণ্য শেষ।,sylhet,cate_16,SPK_47,Female
sentence_07.wav,dataset/chunks/sylhet/syl_cate_16/sentence_07.wav,বাতি জ্বলে না।,sylhet,cate_16,SPK_47,Female
sentence_08.wav,dataset/chunks/sylhet/syl_cate_16/sentence_08.wav,আমি চা খুব গরম পেয়েছি।,sylhet,cate_16,SPK_47,Female
sentence_09.wav,dataset/chunks/sylhet/syl_cate_16/sentence_09.wav,রিকশা খুব দেরি করছে।,sylhet,cate_16,SPK_47,Female
sentence_10.wav,dataset/chunks/sylhet/syl_cate_16/sentence_10.wav,লিফট বন্ধ।,sylhet,cate_16,SPK_47,Female
sentence_11.wav,dataset/chunks/sylhet/syl_cate_16/sentence_11.wav,আমার অ্যাপ্লিকেশন ক্র্যাশ করছে।,sylhet,cate_16,SPK_47,Female
sentence_12.wav,dataset/chunks/sylhet/syl_cate_16/sentence_12.wav,এই গাড়ি তেল টপ আপ করছে না।,sylhet,cate_16,SPK_47,Female
sentence_13.wav,dataset/chunks/sylhet/syl_cate_16/sentence_13.wav,বাসে অনেক ভিড়।,sylhet,cate_16,SPK_47,Female
sentence_14.wav,dataset/chunks/sylhet/syl_cate_16/sentence_14.wav,আমি খাবার ঠিকমত পাইনি।,sylhet,cate_16,SPK_47,Female
sentence_15.wav,dataset/chunks/sylhet/syl_cate_16/sentence_15.wav,রাস্তায় অনেক ধুলো।,sylhet,cate_16,SPK_47,Female
sentence_16.wav,dataset/chunks/sylhet/syl_cate_16/sentence_16.wav,আমার কম্পিউটার হ্যাং করেছে।,sylhet,cate_16,SPK_47,Female
sentence_17.wav,dataset/chunks/sylhet/syl_cate_16/sentence_17.wav,ফোনের ব্যাটারি দ্রুত শেষ হচ্ছে।,sylhet,cate_16,SPK_47,Female
sentence_18.wav,dataset/chunks/sylhet/syl_cate_16/sentence_18.wav,দোকানের হেডফোন খারাপ।,sylhet,cate_16,SPK_47,Female
sentence_19.wav,dataset/chunks/sylhet/syl_cate_16/sentence_19.wav,রিকশাচালক দেরি করছে।,sylhet,cate_16,SPK_47,Female
sentence_20.wav,dataset/chunks/sylhet/syl_cate_16/sentence_20.wav,পানির ট্যাংক ফাঁকা।,sylhet,cate_16,SPK_47,Female
sentence_21.wav,dataset/chunks/sylhet/syl_cate_16/sentence_21.wav,বাসে এয়ার কন্ডিশনার কাজ করছে না।,sylhet,cate_16,SPK_47,Female
sentence_22.wav,dataset/chunks/sylhet/syl_cate_16/sentence_22.wav,আমার Wi-Fi কানেকশন গড়বড়।,sylhet,cate_16,SPK_47,Female
sentence_23.wav,dataset/chunks/sylhet/syl_cate_16/sentence_23.wav,দোকানের কাস্টমার সার্ভিস খারাপ।,sylhet,cate_16,SPK_47,Female
sentence_24.wav,dataset/chunks/sylhet/syl_cate_16/sentence_24.wav,বাতি ঠিকমত জ্বলে না।,sylhet,cate_16,SPK_47,Female
sentence_25.wav,dataset/chunks/sylhet/syl_cate_16/sentence_25.wav,খাবারের স্বাদ খারাপ।,sylhet,cate_16,SPK_47,Female
sentence_26.wav,dataset/chunks/sylhet/syl_cate_16/sentence_26.wav,লিফট খুব ধীরে চলছে।,sylhet,cate_16,SPK_47,Female
sentence_27.wav,dataset/chunks/sylhet/syl_cate_16/sentence_27.wav,আমার মোবাইল চার্জ হচ্ছে না।,sylhet,cate_16,SPK_47,Female
sentence_28.wav,dataset/chunks/sylhet/syl_cate_16/sentence_28.wav,বাসের ভাড়া বেশি।,sylhet,cate_16,SPK_47,Female
sentence_29.wav,dataset/chunks/sylhet/syl_cate_16/sentence_29.wav,দোকানে পণ্য ভালো মানের নয়।,sylhet,cate_16,SPK_47,Female
sentence_30.wav,dataset/chunks/sylhet/syl_cate_16/sentence_30.wav,রাস্তায় যানজট বেশি।,sylhet,cate_16,SPK_47,Female
sentence_31.wav,dataset/chunks/sylhet/syl_cate_16/sentence_31.wav,আমি আমার টিকেট হারিয়েছি।,sylhet,cate_16,SPK_47,Female
sentence_32.wav,dataset/chunks/sylhet/syl_cate_16/sentence_32.wav,খাবারের পরিমাণ কম।,sylhet,cate_16,SPK_47,Female
sentence_33.wav,dataset/chunks/sylhet/syl_cate_16/sentence_33.wav,আমার কম্পিউটার ধীরগতিতে চলছে।,sylhet,cate_16,SPK_47,Female
sentence_34.wav,dataset/chunks/sylhet/syl_cate_16/sentence_34.wav,রিকশা খুব পুরোনো।,sylhet,cate_16,SPK_47,Female
sentence_35.wav,dataset/chunks/sylhet/syl_cate_16/sentence_35.wav,দোকানে নতুন পণ্য নেই।,sylhet,cate_16,SPK_47,Female
sentence_36.wav,dataset/chunks/sylhet/syl_cate_16/sentence_36.wav,ফোনের সিম কাজ করছে না।,sylhet,cate_16,SPK_47,Female
sentence_37.wav,dataset/chunks/sylhet/syl_cate_16/sentence_37.wav,বাসে বসার জায়গা নেই।,sylhet,cate_16,SPK_47,Female
sentence_38.wav,dataset/chunks/sylhet/syl_cate_16/sentence_38.wav,পানির স্বাদ খারাপ।,sylhet,cate_16,SPK_47,Female
sentence_39.wav,dataset/chunks/sylhet/syl_cate_16/sentence_39.wav,লিফটে শব্দ করছে।,sylhet,cate_16,SPK_47,Female
sentence_40.wav,dataset/chunks/sylhet/syl_cate_16/sentence_40.wav,দোকানের দাম বেশি।,sylhet,cate_16,SPK_47,Female
sentence_41.wav,dataset/chunks/sylhet/syl_cate_16/sentence_41.wav,খাবারের স্বাদ পরিবর্তন হয়েছে।,sylhet,cate_16,SPK_47,Female
sentence_42.wav,dataset/chunks/sylhet/syl_cate_16/sentence_42.wav,আমার ল্যাপটপ হ্যাং করছে।,sylhet,cate_16,SPK_47,Female
sentence_43.wav,dataset/chunks/sylhet/syl_cate_16/sentence_43.wav,বাসে লোকজন অনেক।,sylhet,cate_16,SPK_47,Female
sentence_44.wav,dataset/chunks/sylhet/syl_cate_16/sentence_44.wav,রাস্তায় খোলা গর্ত।,sylhet,cate_16,SPK_47,Female
sentence_45.wav,dataset/chunks/sylhet/syl_cate_16/sentence_45.wav,দোকানে কোনো বিক্রয়কর্মী নেই।,sylhet,cate_16,SPK_47,Female
sentence_46.wav,dataset/chunks/sylhet/syl_cate_16/sentence_46.wav,আমার ফোন ব্যাটারি নষ্ট।,sylhet,cate_16,SPK_47,Female
sentence_47.wav,dataset/chunks/sylhet/syl_cate_16/sentence_47.wav,খাবার খুব ঠান্ডা।,sylhet,cate_16,SPK_47,Female
sentence_48.wav,dataset/chunks/sylhet/syl_cate_16/sentence_48.wav,লিফট খুব দ্রুত চলেছে।,sylhet,cate_16,SPK_47,Female
sentence_49.wav,dataset/chunks/sylhet/syl_cate_16/sentence_49.wav,রিকশা বাসার সামনে দাঁড়ায় না।,sylhet,cate_16,SPK_47,Female
sentence_50.wav,dataset/chunks/sylhet/syl_cate_16/sentence_50.wav,দোকানে পরিষ্কার নেই।,sylhet,cate_16,SPK_47,Female
sentence_51.wav,dataset/chunks/sylhet/syl_cate_16/sentence_51.wav,বাস স্ট্যান্ড দূরে।,sylhet,cate_16,SPK_47,Female
sentence_52.wav,dataset/chunks/sylhet/syl_cate_16/sentence_52.wav,আমার কম্পিউটার হঠাৎ বন্ধ হয়ে গেছে।,sylhet,cate_16,SPK_47,Female
sentence_53.wav,dataset/chunks/sylhet/syl_cate_16/sentence_53.wav,ফোনে নেটওয়ার্ক নেই।,sylhet,cate_16,SPK_47,Female
sentence_54.wav,dataset/chunks/sylhet/syl_cate_16/sentence_54.wav,খাবারের স্বাদ ভালো নয়।,sylhet,cate_16,SPK_47,Female
sentence_55.wav,dataset/chunks/sylhet/syl_cate_16/sentence_55.wav,লিফট লক হয়ে গেছে।,sylhet,cate_16,SPK_47,Female
sentence_56.wav,dataset/chunks/sylhet/syl_cate_16/sentence_56.wav,দোকানের হেডফোন ব্রেক।,sylhet,cate_16,SPK_47,Female
sentence_57.wav,dataset/chunks/sylhet/syl_cate_16/sentence_57.wav,রিকশাচালক রাস্তায় নেই।,sylhet,cate_16,SPK_47,Female
sentence_58.wav,dataset/chunks/sylhet/syl_cate_16/sentence_58.wav,বাসে শীত নেই।,sylhet,cate_16,SPK_47,Female
sentence_59.wav,dataset/chunks/sylhet/syl_cate_16/sentence_59.wav,আমার ফোন হ্যাং করছে।,sylhet,cate_16,SPK_47,Female
sentence_60.wav,dataset/chunks/sylhet/syl_cate_16/sentence_60.wav,দোকানে সঠিক দাম নেই।,sylhet,cate_16,SPK_47,Female
sentence_61.wav,dataset/chunks/sylhet/syl_cate_16/sentence_61.wav,খাবারের স্বাদ খুব ঝাল।,sylhet,cate_16,SPK_47,Female
sentence_62.wav,dataset/chunks/sylhet/syl_cate_16/sentence_62.wav,লিফট বেজে যাচ্ছে।,sylhet,cate_16,SPK_47,Female
sentence_63.wav,dataset/chunks/sylhet/syl_cate_16/sentence_63.wav,আমার ল্যাপটপ কাজ করছে না।,sylhet,cate_16,SPK_47,Female
sentence_64.wav,dataset/chunks/sylhet/syl_cate_16/sentence_64.wav,দোকানের পণ্য ভাঙা।,sylhet,cate_16,SPK_47,Female
sentence_65.wav,dataset/chunks/sylhet/syl_cate_16/sentence_65.wav,রিকশা দূরে গেছে।,sylhet,cate_16,SPK_47,Female
sentence_66.wav,dataset/chunks/sylhet/syl_cate_16/sentence_66.wav,বাস সময়মতো আসেনি।,sylhet,cate_16,SPK_47,Female
sentence_67.wav,dataset/chunks/sylhet/syl_cate_16/sentence_67.wav,আমার মোবাইল নেটওয়ার্ক নেই।,sylhet,cate_16,SPK_47,Female
sentence_68.wav,dataset/chunks/sylhet/syl_cate_16/sentence_68.wav,দোকানের সার্ভিস খারাপ।,sylhet,cate_16,SPK_47,Female
sentence_69.wav,dataset/chunks/sylhet/syl_cate_16/sentence_69.wav,খাবারের পরিমাণ কম।,sylhet,cate_16,SPK_47,Female
sentence_70.wav,dataset/chunks/sylhet/syl_cate_16/sentence_70.wav,লিফট খুব ধীরে চলছে।,sylhet,cate_16,SPK_47,Female
sentence_01.wav,dataset/chunks/sylhet/syl_cate_17/sentence_01.wav,আমি একটি নতুন ব্যাংক অ্যাকাউন্ট খুলতে চাই।,sylhet,cate_17,SPK_46,Female
sentence_02.wav,dataset/chunks/sylhet/syl_cate_17/sentence_02.wav,আমার অ্যাকাউন্ট ব্যালেন্স কত?,sylhet,cate_17,SPK_46,Female
sentence_03.wav,dataset/chunks/sylhet/syl_cate_17/sentence_03.wav,আমি টাকা পাঠাতে চাই।,sylhet,cate_17,SPK_46,Female
sentence_04.wav,dataset/chunks/sylhet/syl_cate_17/sentence_04.wav,ATM কার্ড কোথায় পাব?,sylhet,cate_17,SPK_46,Female
sentence_05.wav,dataset/chunks/sylhet/syl_cate_17/sentence_05.wav,আমি বিকাশে টাকা পাঠাতে চাই।,sylhet,cate_17,SPK_46,Female
sentence_06.wav,dataset/chunks/sylhet/syl_cate_17/sentence_06.wav,চেক জমা দিতে হবে কি?,sylhet,cate_17,SPK_46,Female
sentence_07.wav,dataset/chunks/sylhet/syl_cate_17/sentence_07.wav,ব্যাংকের সময়সূচি কী?,sylhet,cate_17,SPK_46,Female
sentence_08.wav,dataset/chunks/sylhet/syl_cate_17/sentence_08.wav,আমি একটি লোন নিতে চাই।,sylhet,cate_17,SPK_46,Female
sentence_09.wav,dataset/chunks/sylhet/syl_cate_17/sentence_09.wav,ATM কাজ করছে না।,sylhet,cate_17,SPK_46,Female
sentence_10.wav,dataset/chunks/sylhet/syl_cate_17/sentence_10.wav,আমি অনলাইন ব্যাংকিং করতে চাই।,sylhet,cate_17,SPK_46,Female
sentence_11.wav,dataset/chunks/sylhet/syl_cate_17/sentence_11.wav,আমার অ্যাকাউন্টে টাকা ঢুকেনি।,sylhet,cate_17,SPK_46,Female
sentence_12.wav,dataset/chunks/sylhet/syl_cate_17/sentence_12.wav,ব্যাংক খোলা আছে কি?,sylhet,cate_17,SPK_46,Female
sentence_13.wav,dataset/chunks/sylhet/syl_cate_17/sentence_13.wav,আমি একটি ডেবিট কার্ড চাই।,sylhet,cate_17,SPK_46,Female
sentence_14.wav,dataset/chunks/sylhet/syl_cate_17/sentence_14.wav,বিকাশে ট্রান্সফার সফল হয়েছে কি?,sylhet,cate_17,SPK_46,Female
sentence_15.wav,dataset/chunks/sylhet/syl_cate_17/sentence_15.wav,আমি ক্রেডিট কার্ড আবেদন করতে চাই।,sylhet,cate_17,SPK_46,Female
sentence_16.wav,dataset/chunks/sylhet/syl_cate_17/sentence_16.wav,ATM থেকে কত টাকা তুলতে পারি?,sylhet,cate_17,SPK_46,Female
sentence_17.wav,dataset/chunks/sylhet/syl_cate_17/sentence_17.wav,আমার পিন ভুল হয়েছে।,sylhet,cate_17,SPK_46,Female
sentence_18.wav,dataset/chunks/sylhet/syl_cate_17/sentence_18.wav,ব্যাংক ফি কত?,sylhet,cate_17,SPK_46,Female
sentence_19.wav,dataset/chunks/sylhet/syl_cate_17/sentence_19.wav,আমি চেকবই চাই।,sylhet,cate_17,SPK_46,Female
sentence_20.wav,dataset/chunks/sylhet/syl_cate_17/sentence_20.wav,বিকাশে লেনদেন কতক্ষণ সময় নেয়?,sylhet,cate_17,SPK_46,Female
sentence_21.wav,dataset/chunks/sylhet/syl_cate_17/sentence_21.wav,আমি টাকা তুলতে চাই।,sylhet,cate_17,SPK_46,Female
sentence_22.wav,dataset/chunks/sylhet/syl_cate_17/sentence_22.wav,আমার অ্যাকাউন্ট ব্লক হয়েছে।,sylhet,cate_17,SPK_46,Female
sentence_23.wav,dataset/chunks/sylhet/syl_cate_17/sentence_23.wav,ব্যাংকিং সেবা ভালো কি?,sylhet,cate_17,SPK_46,Female
sentence_24.wav,dataset/chunks/sylhet/syl_cate_17/sentence_24.wav,আমি ফান্ড ট্রান্সফার করতে চাই।,sylhet,cate_17,SPK_46,Female
sentence_25.wav,dataset/chunks/sylhet/syl_cate_17/sentence_25.wav,ATM কোথায় আছে?,sylhet,cate_17,SPK_46,Female
sentence_26.wav,dataset/chunks/sylhet/syl_cate_17/sentence_26.wav,আমার ডেবিট কার্ড হারিয়েছে।,sylhet,cate_17,SPK_46,Female
sentence_27.wav,dataset/chunks/sylhet/syl_cate_17/sentence_27.wav,আমি বিকাশ ব্যালেন্স চেক করতে চাই।,sylhet,cate_17,SPK_46,Female
sentence_28.wav,dataset/chunks/sylhet/syl_cate_17/sentence_28.wav,ব্যাংক অ্যাকাউন্ট কতদিনে খোলা হয়?,sylhet,cate_17,SPK_46,Female
sentence_29.wav,dataset/chunks/sylhet/syl_cate_17/sentence_29.wav,আমি মোবাইল ব্যাংকিং ব্যবহার করতে চাই।,sylhet,cate_17,SPK_46,Female
sentence_30.wav,dataset/chunks/sylhet/syl_cate_17/sentence_30.wav,আমি টাকা পাঠিয়েছি কিন্তু পাওয়া যায়নি।,sylhet,cate_17,SPK_46,Female
sentence_31.wav,dataset/chunks/sylhet/syl_cate_17/sentence_31.wav,আমি লোন পরিশোধ করতে চাই।,sylhet,cate_17,SPK_46,Female
sentence_32.wav,dataset/chunks/sylhet/syl_cate_17/sentence_32.wav,ATM থেকে টাকা তুলতে সমস্যা।,sylhet,cate_17,SPK_46,Female
sentence_33.wav,dataset/chunks/sylhet/syl_cate_17/sentence_33.wav,ব্যাংকের চেক অনুমোদিত হয়েছে কি?,sylhet,cate_17,SPK_46,Female
sentence_34.wav,dataset/chunks/sylhet/syl_cate_17/sentence_34.wav,আমি বিকাশে টাকা জমা দিতে চাই।,sylhet,cate_17,SPK_46,Female
sentence_35.wav,dataset/chunks/sylhet/syl_cate_17/sentence_35.wav,আমার ক্রেডিট কার্ড লিমিট কত?,sylhet,cate_17,SPK_46,Female
sentence_36.wav,dataset/chunks/sylhet/syl_cate_17/sentence_36.wav,আমি ব্যাংক খোলা আছে কিনা জানতে চাই।,sylhet,cate_17,SPK_46,Female
sentence_37.wav,dataset/chunks/sylhet/syl_cate_17/sentence_37.wav,আমার অ্যাকাউন্ট নম্বর ভুল।,sylhet,cate_17,SPK_46,Female
sentence_38.wav,dataset/chunks/sylhet/syl_cate_17/sentence_38.wav,আমি ফান্ড রিসিভ করতে পারছি না।,sylhet,cate_17,SPK_46,Female
sentence_39.wav,dataset/chunks/sylhet/syl_cate_17/sentence_39.wav,ব্যাংক সেবা ধীর।,sylhet,cate_17,SPK_46,Female
sentence_40.wav,dataset/chunks/sylhet/syl_cate_17/sentence_40.wav,আমি বিকাশের পিন পরিবর্তন করতে চাই।,sylhet,cate_17,SPK_46,Female
sentence_41.wav,dataset/chunks/sylhet/syl_cate_17/sentence_41.wav,আমি একটি ট্রান্সফার করতে চাই।,sylhet,cate_17,SPK_46,Female
sentence_42.wav,dataset/chunks/sylhet/syl_cate_17/sentence_42.wav,ব্যাংকের কনসাল্ট্যান্ট কোথায় আছে?,sylhet,cate_17,SPK_46,Female
sentence_43.wav,dataset/chunks/sylhet/syl_cate_17/sentence_43.wav,আমার অ্যাকাউন্টে লেনদেন দেখা যায় না।,sylhet,cate_17,SPK_46,Female
sentence_44.wav,dataset/chunks/sylhet/syl_cate_17/sentence_44.wav,আমি নতুন ATM কার্ড চাই।,sylhet,cate_17,SPK_46,Female
sentence_45.wav,dataset/chunks/sylhet/syl_cate_17/sentence_45.wav,বিকাশে লেনদেন বাতিল হয়েছে।,sylhet,cate_17,SPK_46,Female
sentence_46.wav,dataset/chunks/sylhet/syl_cate_17/sentence_46.wav,ব্যাংকের চেক যাচাই হয়েছে কি?,sylhet,cate_17,SPK_46,Female
sentence_47.wav,dataset/chunks/sylhet/syl_cate_17/sentence_47.wav,আমি ফান্ড ট্রান্সফার করতে পারছি না।,sylhet,cate_17,SPK_46,Female
sentence_48.wav,dataset/chunks/sylhet/syl_cate_17/sentence_48.wav,আমার অ্যাকাউন্টে টাকা কমেছে।,sylhet,cate_17,SPK_46,Female
sentence_49.wav,dataset/chunks/sylhet/syl_cate_17/sentence_49.wav,আমি লোন স্ট্যাটাস জানতে চাই।,sylhet,cate_17,SPK_46,Female
sentence_50.wav,dataset/chunks/sylhet/syl_cate_17/sentence_50.wav,ATM খুব ব্যস্ত।,sylhet,cate_17,SPK_46,Female
sentence_51.wav,dataset/chunks/sylhet/syl_cate_17/sentence_51.wav,আমি বিকাশে নতুন নাম্বার রেজিস্টার করতে চাই।,sylhet,cate_17,SPK_46,Female
sentence_52.wav,dataset/chunks/sylhet/syl_cate_17/sentence_52.wav,ব্যাংকের ফি খুব বেশি।,sylhet,cate_17,SPK_46,Female
sentence_53.wav,dataset/chunks/sylhet/syl_cate_17/sentence_53.wav,আমি অনলাইন পেমেন্ট করতে চাই।,sylhet,cate_17,SPK_46,Female
sentence_54.wav,dataset/chunks/sylhet/syl_cate_17/sentence_54.wav,আমার অ্যাকাউন্টে লেনদেন বন্ধ।,sylhet,cate_17,SPK_46,Female
sentence_55.wav,dataset/chunks/sylhet/syl_cate_17/sentence_55.wav,আমি চেক জমা দিতে পারছি না।,sylhet,cate_17,SPK_46,Female
sentence_56.wav,dataset/chunks/sylhet/syl_cate_17/sentence_56.wav,বিকাশে টাকা স্থানান্তর করতে সমস্যা।,sylhet,cate_17,SPK_46,Female
sentence_57.wav,dataset/chunks/sylhet/syl_cate_17/sentence_57.wav,ব্যাংকের সময়সূচি পরিবর্তন হয়েছে।,sylhet,cate_17,SPK_46,Female
sentence_58.wav,dataset/chunks/sylhet/syl_cate_17/sentence_58.wav,আমি ক্রেডিট কার্ড একটিভ করতে চাই।,sylhet,cate_17,SPK_46,Female
sentence_59.wav,dataset/chunks/sylhet/syl_cate_17/sentence_59.wav,আমার লোন অ্যাপ্লিকেশন পেন্ডিং আছে।,sylhet,cate_17,SPK_46,Female
sentence_60.wav,dataset/chunks/sylhet/syl_cate_17/sentence_60.wav,ATM থেকে লেনদেন বাতিল হয়েছে।,sylhet,cate_17,SPK_46,Female
sentence_61.wav,dataset/chunks/sylhet/syl_cate_17/sentence_61.wav,আমি বিকাশে টাকা রিফান্ড চাই।,sylhet,cate_17,SPK_46,Female
sentence_62.wav,dataset/chunks/sylhet/syl_cate_17/sentence_62.wav,ব্যাংকের সার্ভিস খারাপ।,sylhet,cate_17,SPK_46,Female
sentence_63.wav,dataset/chunks/sylhet/syl_cate_17/sentence_63.wav,আমি আমার অ্যাকাউন্ট বন্ধ করতে চাই।,sylhet,cate_17,SPK_46,Female
sentence_64.wav,dataset/chunks/sylhet/syl_cate_17/sentence_64.wav,আমার ডেবিট কার্ড ব্লক হয়েছে।,sylhet,cate_17,SPK_46,Female
sentence_65.wav,dataset/chunks/sylhet/syl_cate_17/sentence_65.wav,আমি ফান্ড রিসিভ করতে পারছি না।,sylhet,cate_17,SPK_46,Female
sentence_66.wav,dataset/chunks/sylhet/syl_cate_17/sentence_66.wav,ব্যাংকের লাইন অনেক লম্বা।,sylhet,cate_17,SPK_46,Female
sentence_67.wav,dataset/chunks/sylhet/syl_cate_17/sentence_67.wav,আমি ক্রেডিট কার্ড বন্ধ করতে চাই।,sylhet,cate_17,SPK_46,Female
sentence_68.wav,dataset/chunks/sylhet/syl_cate_17/sentence_68.wav,আমার অ্যাকাউন্টে টাকা জমা হয়নি।,sylhet,cate_17,SPK_46,Female
sentence_69.wav,dataset/chunks/sylhet/syl_cate_17/sentence_69.wav,আমি বিকাশে লেনদেনের হিস্ট্রি দেখতে চাই।,sylhet,cate_17,SPK_46,Female
sentence_70.wav,dataset/chunks/sylhet/syl_cate_17/sentence_70.wav,ব্যাংকের লোন প্রক্রিয়া ধীর।,sylhet,cate_17,SPK_46,Female
sentence_01.wav,dataset/chunks/sylhet/syl_cate_18/sentence_01.wav,আমি খুব খুশি।,sylhet,cate_18,SPK_46,Female
sentence_02.wav,dataset/chunks/sylhet/syl_cate_18/sentence_02.wav,তুমি কীভাবে অনুভব করছো?,sylhet,cate_18,SPK_46,Female
sentence_03.wav,dataset/chunks/sylhet/syl_cate_18/sentence_03.wav,আমি দুঃখিত।,sylhet,cate_18,SPK_46,Female
sentence_04.wav,dataset/chunks/sylhet/syl_cate_18/sentence_04.wav,এটা সত্যিই দুঃখজনক।,sylhet,cate_18,SPK_46,Female
sentence_05.wav,dataset/chunks/sylhet/syl_cate_18/sentence_05.wav,আমি রাগান্বিত।,sylhet,cate_18,SPK_46,Female
sentence_06.wav,dataset/chunks/sylhet/syl_cate_18/sentence_06.wav,তুমি কেন রাগ করছো?,sylhet,cate_18,SPK_46,Female
sentence_07.wav,dataset/chunks/sylhet/syl_cate_18/sentence_07.wav,আমি উত্তেজিত।,sylhet,cate_18,SPK_46,Female
sentence_08.wav,dataset/chunks/sylhet/syl_cate_18/sentence_08.wav,এটা আমার জন্য আশ্চর্যজনক।,sylhet,cate_18,SPK_46,Female
sentence_09.wav,dataset/chunks/sylhet/syl_cate_18/sentence_09.wav,আমি ভীত।,sylhet,cate_18,SPK_46,Female
sentence_10.wav,dataset/chunks/sylhet/syl_cate_18/sentence_10.wav,তুমি কেন ভয় পাচ্ছো?,sylhet,cate_18,SPK_46,Female
sentence_11.wav,dataset/chunks/sylhet/syl_cate_18/sentence_11.wav,আমি দারুণ খুশি।,sylhet,cate_18,SPK_46,Female
sentence_12.wav,dataset/chunks/sylhet/syl_cate_18/sentence_12.wav,এটা সত্যিই আমাকে কষ্ট দিচ্ছে।,sylhet,cate_18,SPK_46,Female
sentence_13.wav,dataset/chunks/sylhet/syl_cate_18/sentence_13.wav,আমি হতাশ।,sylhet,cate_18,SPK_46,Female
sentence_14.wav,dataset/chunks/sylhet/syl_cate_18/sentence_14.wav,তুমি খুব আনন্দিত দেখাচ্ছো।,sylhet,cate_18,SPK_46,Female
sentence_15.wav,dataset/chunks/sylhet/syl_cate_18/sentence_15.wav,আমি অবাক।,sylhet,cate_18,SPK_46,Female
sentence_16.wav,dataset/chunks/sylhet/syl_cate_18/sentence_16.wav,এটা আমার জন্য দুঃসংবাদ।,sylhet,cate_18,SPK_46,Female
sentence_17.wav,dataset/chunks/sylhet/syl_cate_18/sentence_17.wav,আমি খুব দুঃখিত।,sylhet,cate_18,SPK_46,Female
sentence_18.wav,dataset/chunks/sylhet/syl_cate_18/sentence_18.wav,তুমি কি খুশি?,sylhet,cate_18,SPK_46,Female
sentence_19.wav,dataset/chunks/sylhet/syl_cate_18/sentence_19.wav,আমি উত্তেজিত অনুভব করছি।,sylhet,cate_18,SPK_46,Female
sentence_20.wav,dataset/chunks/sylhet/syl_cate_18/sentence_20.wav,আমি রাগান্বিত হয়ে যাচ্ছি।,sylhet,cate_18,SPK_46,Female
sentence_21.wav,dataset/chunks/sylhet/syl_cate_18/sentence_21.wav,এটা সত্যিই অবাক করা।,sylhet,cate_18,SPK_46,Female
sentence_22.wav,dataset/chunks/sylhet/syl_cate_18/sentence_22.wav,"আমি দুঃখিত, এটা আমার দোষ।",sylhet,cate_18,SPK_46,Female
sentence_23.wav,dataset/chunks/sylhet/syl_cate_18/sentence_23.wav,তুমি কেমন অনুভব করছো?,sylhet,cate_18,SPK_46,Female
sentence_24.wav,dataset/chunks/sylhet/syl_cate_18/sentence_24.wav,আমি শান্ত।,sylhet,cate_18,SPK_46,Female
sentence_25.wav,dataset/chunks/sylhet/syl_cate_18/sentence_25.wav,এটা আমাকে আনন্দিত করছে।,sylhet,cate_18,SPK_46,Female
sentence_26.wav,dataset/chunks/sylhet/syl_cate_18/sentence_26.wav,আমি চিন্তিত।,sylhet,cate_18,SPK_46,Female
sentence_27.wav,dataset/chunks/sylhet/syl_cate_18/sentence_27.wav,আমি হতাশ হয়ে যাচ্ছি।,sylhet,cate_18,SPK_46,Female
sentence_28.wav,dataset/chunks/sylhet/syl_cate_18/sentence_28.wav,তুমি রাগান্বিত না তো?,sylhet,cate_18,SPK_46,Female
sentence_29.wav,dataset/chunks/sylhet/syl_cate_18/sentence_29.wav,আমি সত্যিই আনন্দিত।,sylhet,cate_18,SPK_46,Female
sentence_30.wav,dataset/chunks/sylhet/syl_cate_18/sentence_30.wav,এটা আমাকে বিরক্ত করছে।,sylhet,cate_18,SPK_46,Female
sentence_31.wav,dataset/chunks/sylhet/syl_cate_18/sentence_31.wav,আমি অবাক হয়ে গেলাম।,sylhet,cate_18,SPK_46,Female
sentence_32.wav,dataset/chunks/sylhet/syl_cate_18/sentence_32.wav,আমি খুব ভীত।,sylhet,cate_18,SPK_46,Female
sentence_33.wav,dataset/chunks/sylhet/syl_cate_18/sentence_33.wav,তুমি আনন্দিত দেখাচ্ছো।,sylhet,cate_18,SPK_46,Female
sentence_34.wav,dataset/chunks/sylhet/syl_cate_18/sentence_34.wav,আমি হতাশ অনুভব করছি।,sylhet,cate_18,SPK_46,Female
sentence_35.wav,dataset/chunks/sylhet/syl_cate_18/sentence_35.wav,আমি রাগান্বিত হয়ে গিয়েছি।,sylhet,cate_18,SPK_46,Female
sentence_36.wav,dataset/chunks/sylhet/syl_cate_18/sentence_36.wav,এটা আমাকে আনন্দ দিচ্ছে।,sylhet,cate_18,SPK_46,Female
sentence_37.wav,dataset/chunks/sylhet/syl_cate_18/sentence_37.wav,আমি উদ্বিগ্ন।,sylhet,cate_18,SPK_46,Female
sentence_38.wav,dataset/chunks/sylhet/syl_cate_18/sentence_38.wav,তুমি কেন দুঃখিত?,sylhet,cate_18,SPK_46,Female
sentence_39.wav,dataset/chunks/sylhet/syl_cate_18/sentence_39.wav,আমি খুব খুশি অনুভব করছি।,sylhet,cate_18,SPK_46,Female
sentence_40.wav,dataset/chunks/sylhet/syl_cate_18/sentence_40.wav,এটা সত্যিই বিরক্তিকর।,sylhet,cate_18,SPK_46,Female
sentence_41.wav,dataset/chunks/sylhet/syl_cate_18/sentence_41.wav,আমি আশ্চর্য।,sylhet,cate_18,SPK_46,Female
sentence_42.wav,dataset/chunks/sylhet/syl_cate_18/sentence_42.wav,তুমি ভয় পাচ্ছো কেন?,sylhet,cate_18,SPK_46,Female
sentence_43.wav,dataset/chunks/sylhet/syl_cate_18/sentence_43.wav,আমি খুব আনন্দিত।,sylhet,cate_18,SPK_46,Female
sentence_44.wav,dataset/chunks/sylhet/syl_cate_18/sentence_44.wav,এটা আমাকে দুঃখিত করছে।,sylhet,cate_18,SPK_46,Female
sentence_45.wav,dataset/chunks/sylhet/syl_cate_18/sentence_45.wav,আমি রাগ অনুভব করছি।,sylhet,cate_18,SPK_46,Female
sentence_46.wav,dataset/chunks/sylhet/syl_cate_18/sentence_46.wav,তুমি উত্তেজিত নাকি?,sylhet,cate_18,SPK_46,Female
sentence_47.wav,dataset/chunks/sylhet/syl_cate_18/sentence_47.wav,আমি অবাক হয়ে যাচ্ছি।,sylhet,cate_18,SPK_46,Female
sentence_48.wav,dataset/chunks/sylhet/syl_cate_18/sentence_48.wav,এটা সত্যিই দারুণ।,sylhet,cate_18,SPK_46,Female
sentence_49.wav,dataset/chunks/sylhet/syl_cate_18/sentence_49.wav,আমি শান্ত অনুভব করছি।,sylhet,cate_18,SPK_46,Female
sentence_50.wav,dataset/chunks/sylhet/syl_cate_18/sentence_50.wav,তুমি দুঃখিত নাকি?,sylhet,cate_18,SPK_46,Female
sentence_51.wav,dataset/chunks/sylhet/syl_cate_18/sentence_51.wav,আমি খুব চিন্তিত।,sylhet,cate_18,SPK_46,Female
sentence_52.wav,dataset/chunks/sylhet/syl_cate_18/sentence_52.wav,এটা আমাকে বিরক্ত করছে।,sylhet,cate_18,SPK_46,Female
sentence_53.wav,dataset/chunks/sylhet/syl_cate_18/sentence_53.wav,আমি আনন্দ অনুভব করছি।,sylhet,cate_18,SPK_46,Female
sentence_54.wav,dataset/chunks/sylhet/syl_cate_18/sentence_54.wav,তুমি রাগান্বিত নাকি?,sylhet,cate_18,SPK_46,Female
sentence_55.wav,dataset/chunks/sylhet/syl_cate_18/sentence_55.wav,আমি আশ্চর্য অনুভব করছি।,sylhet,cate_18,SPK_46,Female
sentence_56.wav,dataset/chunks/sylhet/syl_cate_18/sentence_56.wav,এটা আমাকে উত্তেজিত করছে।,sylhet,cate_18,SPK_46,Female
sentence_57.wav,dataset/chunks/sylhet/syl_cate_18/sentence_57.wav,"আমি দুঃখিত, আমি কিছু করতে পারিনি।",sylhet,cate_18,SPK_46,Female
sentence_58.wav,dataset/chunks/sylhet/syl_cate_18/sentence_58.wav,তুমি খুশি নাকি?,sylhet,cate_18,SPK_46,Female
sentence_59.wav,dataset/chunks/sylhet/syl_cate_18/sentence_59.wav,আমি খুব ভীত অনুভব করছি।,sylhet,cate_18,SPK_46,Female
sentence_60.wav,dataset/chunks/sylhet/syl_cate_18/sentence_60.wav,এটা সত্যিই দুঃখজনক।,sylhet,cate_18,SPK_46,Female
sentence_61.wav,dataset/chunks/sylhet/syl_cate_18/sentence_61.wav,আমি রাগান্বিত হয়ে যাচ্ছি।,sylhet,cate_18,SPK_46,Female
sentence_62.wav,dataset/chunks/sylhet/syl_cate_18/sentence_62.wav,তুমি উদ্বিগ্ন নাকি?,sylhet,cate_18,SPK_46,Female
sentence_63.wav,dataset/chunks/sylhet/syl_cate_18/sentence_63.wav,আমি খুব আনন্দিত অনুভব করছি।,sylhet,cate_18,SPK_46,Female
sentence_64.wav,dataset/chunks/sylhet/syl_cate_18/sentence_64.wav,এটা আমাকে হতাশ করছে।,sylhet,cate_18,SPK_46,Female
sentence_65.wav,dataset/chunks/sylhet/syl_cate_18/sentence_65.wav,আমি শান্ত অনুভব করছি।,sylhet,cate_18,SPK_46,Female
sentence_66.wav,dataset/chunks/sylhet/syl_cate_18/sentence_66.wav,তুমি দারুণ খুশি দেখাচ্ছো।,sylhet,cate_18,SPK_46,Female
sentence_67.wav,dataset/chunks/sylhet/syl_cate_18/sentence_67.wav,আমি বিরক্ত অনুভব করছি।,sylhet,cate_18,SPK_46,Female
sentence_68.wav,dataset/chunks/sylhet/syl_cate_18/sentence_68.wav,এটা আমাকে অবাক করছে।,sylhet,cate_18,SPK_46,Female
sentence_69.wav,dataset/chunks/sylhet/syl_cate_18/sentence_69.wav,আমি উত্তেজিত হয়ে যাচ্ছি।,sylhet,cate_18,SPK_46,Female
sentence_70.wav,dataset/chunks/sylhet/syl_cate_18/sentence_70.wav,আমি সত্যিই খুশি।,sylhet,cate_18,SPK_46,Female
sentence_01.wav,dataset/chunks/sylhet/syl_cate_19/sentence_01.wav,আমি লোকসংগীত শুনতে ভালোবাসি।,sylhet,cate_19,SPK_46,Female
sentence_02.wav,dataset/chunks/sylhet/syl_cate_19/sentence_02.wav,তুমি কি আজ রাতে নাচ দেখতে যাবে?,sylhet,cate_19,SPK_46,Female
sentence_03.wav,dataset/chunks/sylhet/syl_cate_19/sentence_03.wav,মেলা খুব সুন্দর।,sylhet,cate_19,SPK_46,Female
sentence_04.wav,dataset/chunks/sylhet/syl_cate_19/sentence_04.wav,তুমি কি পহেলা বৈশাখ উদযাপন করছো?,sylhet,cate_19,SPK_46,Female
sentence_05.wav,dataset/chunks/sylhet/syl_cate_19/sentence_05.wav,আমি একটি লোকনৃত্য শিখছি।,sylhet,cate_19,SPK_46,Female
sentence_06.wav,dataset/chunks/sylhet/syl_cate_19/sentence_06.wav,আজ রাতে আমরা মেলায় যাচ্ছি।,sylhet,cate_19,SPK_46,Female
sentence_07.wav,dataset/chunks/sylhet/syl_cate_19/sentence_07.wav,তুমি কি বাঁশি বাজাতে পারো?,sylhet,cate_19,SPK_46,Female
sentence_08.wav,dataset/chunks/sylhet/syl_cate_19/sentence_08.wav,আমরা পুতুলনাচ দেখেছি।,sylhet,cate_19,SPK_46,Female
sentence_09.wav,dataset/chunks/sylhet/syl_cate_19/sentence_09.wav,মেলায় অনেক লোক আছে।,sylhet,cate_19,SPK_46,Female
sentence_10.wav,dataset/chunks/sylhet/syl_cate_19/sentence_10.wav,তুমি কি ঢাক বাজাতে চাও?,sylhet,cate_19,SPK_46,Female
sentence_11.wav,dataset/chunks/sylhet/syl_cate_19/sentence_11.wav,আমি নাটক দেখতে যাচ্ছি।,sylhet,cate_19,SPK_46,Female
sentence_12.wav,dataset/chunks/sylhet/syl_cate_19/sentence_12.wav,আজকে কাব্য অনুষ্ঠানে যাচ্ছি।,sylhet,cate_19,SPK_46,Female
sentence_13.wav,dataset/chunks/sylhet/syl_cate_19/sentence_13.wav,তুমি কি গান গাইতে পারো?,sylhet,cate_19,SPK_46,Female
sentence_14.wav,dataset/chunks/sylhet/syl_cate_19/sentence_14.wav,লোকনৃত্য খুব সুন্দর।,sylhet,cate_19,SPK_46,Female
sentence_15.wav,dataset/chunks/sylhet/syl_cate_19/sentence_15.wav,আমরা মেলায় পিঠা খেয়েছি।,sylhet,cate_19,SPK_46,Female
sentence_16.wav,dataset/chunks/sylhet/syl_cate_19/sentence_16.wav,তুমি কি আজকে শিল্প প্রদর্শনী দেখেছো?,sylhet,cate_19,SPK_46,Female
sentence_17.wav,dataset/chunks/sylhet/syl_cate_19/sentence_17.wav,আমি রবীন্দ্রনাথের গান শুনতে ভালোবাসি।,sylhet,cate_19,SPK_46,Female
sentence_18.wav,dataset/chunks/sylhet/syl_cate_19/sentence_18.wav,মেলায় খেলার স্টল আছে।,sylhet,cate_19,SPK_46,Female
sentence_19.wav,dataset/chunks/sylhet/syl_cate_19/sentence_19.wav,তুমি কি আজকে ঢোল বাজাচ্ছো?,sylhet,cate_19,SPK_46,Female
sentence_20.wav,dataset/chunks/sylhet/syl_cate_19/sentence_20.wav,আমরা একটি রাস্তানাটক দেখেছি।,sylhet,cate_19,SPK_46,Female
sentence_21.wav,dataset/chunks/sylhet/syl_cate_19/sentence_21.wav,মেলায় অনেক খাবার বিক্রি হচ্ছে।,sylhet,cate_19,SPK_46,Female
sentence_22.wav,dataset/chunks/sylhet/syl_cate_19/sentence_22.wav,তুমি কি আজকে লোকগীতি শোনাচ্ছো?,sylhet,cate_19,SPK_46,Female
sentence_23.wav,dataset/chunks/sylhet/syl_cate_19/sentence_23.wav,আমি নৃত্য প্রতিযোগিতায় অংশ নিচ্ছি।,sylhet,cate_19,SPK_46,Female
sentence_24.wav,dataset/chunks/sylhet/syl_cate_19/sentence_24.wav,মেলায় সাজানো হয়েছে অনেক আলোকসজ্জা।,sylhet,cate_19,SPK_46,Female
sentence_25.wav,dataset/chunks/sylhet/syl_cate_19/sentence_25.wav,তুমি কি আজকে মেলায় গিয়েছো?,sylhet,cate_19,SPK_46,Female
sentence_26.wav,dataset/chunks/sylhet/syl_cate_19/sentence_26.wav,আমরা একটি লোককাহিনী শোনেছি।,sylhet,cate_19,SPK_46,Female
sentence_27.wav,dataset/chunks/sylhet/syl_cate_19/sentence_27.wav,তুমি কি আজকে নাটক দেখেছো?,sylhet,cate_19,SPK_46,Female
sentence_28.wav,dataset/chunks/sylhet/syl_cate_19/sentence_28.wav,আমি পটচিত্র দেখতে ভালোবাসি।,sylhet,cate_19,SPK_46,Female
sentence_29.wav,dataset/chunks/sylhet/syl_cate_19/sentence_29.wav,মেলায় অনেক শিশু খেলছে।,sylhet,cate_19,SPK_46,Female
sentence_30.wav,dataset/chunks/sylhet/syl_cate_19/sentence_30.wav,তুমি কি লোকনৃত্য শিখছো?,sylhet,cate_19,SPK_46,Female
sentence_31.wav,dataset/chunks/sylhet/syl_cate_19/sentence_31.wav,আমরা পুতুলনাচ প্রদর্শনীতে গিয়েছি।,sylhet,cate_19,SPK_46,Female
sentence_32.wav,dataset/chunks/sylhet/syl_cate_19/sentence_32.wav,মেলায় গান বাজানো হচ্ছে।,sylhet,cate_19,SPK_46,Female
sentence_33.wav,dataset/chunks/sylhet/syl_cate_19/sentence_33.wav,তুমি কি শিল্পকর্ম তৈরি করছো?,sylhet,cate_19,SPK_46,Female
sentence_34.wav,dataset/chunks/sylhet/syl_cate_19/sentence_34.wav,আমি লোকসংগীত শোনাচ্ছি।,sylhet,cate_19,SPK_46,Female
sentence_35.wav,dataset/chunks/sylhet/syl_cate_19/sentence_35.wav,মেলায় খেলনা বিক্রি হচ্ছে।,sylhet,cate_19,SPK_46,Female
sentence_36.wav,dataset/chunks/sylhet/syl_cate_19/sentence_36.wav,তুমি কি আজকে পিঠা খেয়েছো?,sylhet,cate_19,SPK_46,Female
sentence_37.wav,dataset/chunks/sylhet/syl_cate_19/sentence_37.wav,আমরা নৃত্য প্রদর্শনীতে অংশ নিয়েছি।,sylhet,cate_19,SPK_46,Female
sentence_38.wav,dataset/chunks/sylhet/syl_cate_19/sentence_38.wav,মেলায় বিভিন্ন খাবার রয়েছে।,sylhet,cate_19,SPK_46,Female
sentence_39.wav,dataset/chunks/sylhet/syl_cate_19/sentence_39.wav,তুমি কি আজকে কাব্য শোনাচ্ছো?,sylhet,cate_19,SPK_46,Female
sentence_40.wav,dataset/chunks/sylhet/syl_cate_19/sentence_40.wav,আমি রবীন্দ্রনাথের গান গাইছি।,sylhet,cate_19,SPK_46,Female
sentence_41.wav,dataset/chunks/sylhet/syl_cate_19/sentence_41.wav,মেলায় রঙিন বাতি জ্বলে।,sylhet,cate_19,SPK_46,Female
sentence_42.wav,dataset/chunks/sylhet/syl_cate_19/sentence_42.wav,তুমি কি আজকে নাটক মঞ্চস্থ করছো?,sylhet,cate_19,SPK_46,Female
sentence_43.wav,dataset/chunks/sylhet/syl_cate_19/sentence_43.wav,আমরা লোকনৃত্য দেখতে যাচ্ছি।,sylhet,cate_19,SPK_46,Female
sentence_44.wav,dataset/chunks/sylhet/syl_cate_19/sentence_44.wav,মেলায় অনেক ছবি তোলা হচ্ছে।,sylhet,cate_19,SPK_46,Female
sentence_45.wav,dataset/chunks/sylhet/syl_cate_19/sentence_45.wav,তুমি কি পুতুলনাচ পছন্দ করো?,sylhet,cate_19,SPK_46,Female
sentence_46.wav,dataset/chunks/sylhet/syl_cate_19/sentence_46.wav,আমি নৃত্য প্রশিক্ষণ নিচ্ছি।,sylhet,cate_19,SPK_46,Female
sentence_47.wav,dataset/chunks/sylhet/syl_cate_19/sentence_47.wav,মেলায় লোকশিল্প প্রদর্শিত হচ্ছে।,sylhet,cate_19,SPK_46,Female
sentence_48.wav,dataset/chunks/sylhet/syl_cate_19/sentence_48.wav,তুমি কি আজকে গান শোনাচ্ছো?,sylhet,cate_19,SPK_46,Female
sentence_49.wav,dataset/chunks/sylhet/syl_cate_19/sentence_49.wav,আমরা মেলায় হস্তশিল্প কিনেছি।,sylhet,cate_19,SPK_46,Female
sentence_50.wav,dataset/chunks/sylhet/syl_cate_19/sentence_50.wav,মেলায় অনেক লোক আনন্দ করছে।,sylhet,cate_19,SPK_46,Female
sentence_51.wav,dataset/chunks/sylhet/syl_cate_19/sentence_51.wav,তুমি কি আজকে মেলার খেলা খেলেছো?,sylhet,cate_19,SPK_46,Female
sentence_52.wav,dataset/chunks/sylhet/syl_cate_19/sentence_52.wav,আমি লোকনৃত্য প্রদর্শনীতে গিয়েছি।,sylhet,cate_19,SPK_46,Female
sentence_53.wav,dataset/chunks/sylhet/syl_cate_19/sentence_53.wav,মেলায় মিষ্টি বিক্রি হচ্ছে।,sylhet,cate_19,SPK_46,Female
sentence_54.wav,dataset/chunks/sylhet/syl_cate_19/sentence_54.wav,তুমি কি আজকে রাস্তানাটক দেখেছো?,sylhet,cate_19,SPK_46,Female
sentence_55.wav,dataset/chunks/sylhet/syl_cate_19/sentence_55.wav,আমি পুতুলনাচ তৈরি করছি।,sylhet,cate_19,SPK_46,Female
sentence_56.wav,dataset/chunks/sylhet/syl_cate_19/sentence_56.wav,মেলায় বিভিন্ন নাচ প্রদর্শিত হচ্ছে।,sylhet,cate_19,SPK_46,Female
sentence_57.wav,dataset/chunks/sylhet/syl_cate_19/sentence_57.wav,তুমি কি আজকে শিল্প প্রদর্শনীতে গিয়েছো?,sylhet,cate_19,SPK_46,Female
sentence_58.wav,dataset/chunks/sylhet/syl_cate_19/sentence_58.wav,আমরা মেলায় গান শুনেছি।,sylhet,cate_19,SPK_46,Female
sentence_59.wav,dataset/chunks/sylhet/syl_cate_19/sentence_59.wav,মেলায় লোকসংগীত বাজানো হয়েছে।,sylhet,cate_19,SPK_46,Female
sentence_60.wav,dataset/chunks/sylhet/syl_cate_19/sentence_60.wav,তুমি কি আজকে পিঠা খেয়েছো?,sylhet,cate_19,SPK_46,Female
sentence_61.wav,dataset/chunks/sylhet/syl_cate_19/sentence_61.wav,আমি নৃত্য প্রশিক্ষণে অংশ নিচ্ছি।,sylhet,cate_19,SPK_46,Female
sentence_62.wav,dataset/chunks/sylhet/syl_cate_19/sentence_62.wav,মেলায় খেলা প্রদর্শনী হয়েছে।,sylhet,cate_19,SPK_46,Female
sentence_63.wav,dataset/chunks/sylhet/syl_cate_19/sentence_63.wav,তুমি কি আজকে রঙিন লাইট দেখেছো?,sylhet,cate_19,SPK_46,Female
sentence_64.wav,dataset/chunks/sylhet/syl_cate_19/sentence_64.wav,আমরা মেলায় হস্তশিল্প শিখেছি।,sylhet,cate_19,SPK_46,Female
sentence_65.wav,dataset/chunks/sylhet/syl_cate_19/sentence_65.wav,মেলায় লোককাহিনী বলা হয়েছে।,sylhet,cate_19,SPK_46,Female
sentence_66.wav,dataset/chunks/sylhet/syl_cate_19/sentence_66.wav,তুমি কি আজকে কাব্য শোনেছো?,sylhet,cate_19,SPK_46,Female
sentence_67.wav,dataset/chunks/sylhet/syl_cate_19/sentence_67.wav,আমি মেলায় গিয়েছি।,sylhet,cate_19,SPK_46,Female
sentence_68.wav,dataset/chunks/sylhet/syl_cate_19/sentence_68.wav,মেলায় নাটক প্রদর্শিত হয়েছে।,sylhet,cate_19,SPK_46,Female
sentence_69.wav,dataset/chunks/sylhet/syl_cate_19/sentence_69.wav,তুমি কি আজকে গান গেয়েছো?,sylhet,cate_19,SPK_46,Female
sentence_70.wav,dataset/chunks/sylhet/syl_cate_19/sentence_70.wav,আমরা মেলায় নাচ উপভোগ করেছি।,sylhet,cate_19,SPK_46,Female
